asset,split,entry_time,exit_time,direction,entry_price,exit_price,units,fees,funding,pnl,is_win
BTC,train,2020-03-27 01:00:00+00:00,2020-03-27 06:00:00+00:00,1,6808.5,6653.0,1.4687522949254608,3.954321803627818,0.6199878827935669,-232.9652915473307,False
BTC,train,2020-03-28 00:00:00+00:00,2020-03-28 20:00:00+00:00,-1,6354.0,6212.5,1.5371474202789848,3.8633126113871725,-2.3838178265400267,216.02686518462906,True
BTC,train,2020-03-29 20:00:00+00:00,2020-03-30 05:00:00+00:00,-1,5897.0,6023.5,1.6929051337353398,4.036055129338424,-1.130596112908061,-217.05795843395572,False
BTC,train,2020-04-01 01:00:00+00:00,2020-04-01 21:00:00+00:00,-1,6302.5,6330.0,1.5495444054269485,3.9149239403111853,-0.3485116639692753,-46.17888342558581,False
BTC,train,2020-04-01 23:00:00+00:00,2020-04-03 01:00:00+00:00,1,6511.5,6738.0,1.4927166907437237,3.955549958801793,-23.267675095170034,357.41245558982155,True
BTC,train,2020-04-04 10:00:00+00:00,2020-04-04 12:00:00+00:00,1,6832.5,6698.0,1.4748975027248559,3.9912201321237326,-0.5293076907728649,-201.83562655784408,False
BTC,train,2020-04-07 21:00:00+00:00,2020-04-08 04:00:00+00:00,-1,7121.0,7345.0,1.3867998259808643,4.012289256527836,-0.2787495732918013,-314.3767007029528,False
BTC,train,2020-04-09 12:00:00+00:00,2020-04-09 14:00:00+00:00,-1,7186.5,7326.0,1.3304146469222544,3.8615285126918435,-0.24323305782356117,-189.2111387005225,False
BTC,train,2020-04-12 15:00:00+00:00,2020-04-13 00:00:00+00:00,1,6958.5,6901.0,1.3468152218734295,3.733237113510959,1.0699436826367994,-82.24505605386912,False
BTC,train,2020-04-15 11:00:00+00:00,2020-04-16 08:00:00+00:00,-1,6782.5,6885.0,1.3696378422930173,3.7439050419079627,11.598450648684025,-155.73023452561756,False
BTC,train,2020-04-16 08:00:00+00:00,2020-04-17 05:00:00+00:00,1,6885.0,7038.0,1.3266286755013468,3.6941302098010507,-18.196387272600372,217.47644441450757,True
BTC,train,2020-04-18 14:00:00+00:00,2020-04-19 06:00:00+00:00,1,7230.0,7117.5,1.2934045470596514,3.71142434778767,-3.91672778051562,-145.3027081114833,False
BTC,train,2020-04-20 11:00:00+00:00,2020-04-21 18:00:00+00:00,-1,7070.5,6889.5,1.302031280267279,3.6352713345062435,-0.6413165763888372,232.67370697025217,True
BTC,train,2020-04-22 14:00:00+00:00,2020-04-23 07:00:00+00:00,1,7055.5,7036.0,1.3377770355183969,3.7702570192014977,-2.0031706559222786,-27.853738555888413,False
BTC,train,2020-04-23 14:00:00+00:00,2020-04-24 12:00:00+00:00,1,7230.0,7497.0,1.301636533270285,3.8338402450942977,-5.086253450979965,348.78936758905365,True
BTC,train,2020-04-26 11:00:00+00:00,2020-04-26 16:00:00+00:00,1,7639.5,7549.5,1.2775209769138314,3.8808532236688364,0.6094254130245318,-119.4671665589376,False
BTC,train,2020-05-02 17:00:00+00:00,2020-05-03 13:00:00+00:00,1,8983.0,8966.0,1.0731553307997637,3.8524130065049915,2.419227476663542,-24.515281106763723,False
BTC,train,2020-05-06 11:00:00+00:00,2020-05-07 00:00:00+00:00,1,9230.0,9149.5,1.0417810460961552,3.829482947344857,1.566682426171703,-89.25953958425634,False
BTC,train,2020-05-07 14:00:00+00:00,2020-05-08 13:00:00+00:00,1,9491.0,9829.0,1.0037276910634556,3.8784037982691926,2.83884930193284,332.5427064792457,True
BTC,train,2020-05-09 07:00:00+00:00,2020-05-09 18:00:00+00:00,-1,9704.5,9778.0,1.015912434681076,3.9585028017348125,-1.3532334597114937,-77.27483329108145,False
BTC,train,2020-05-10 01:00:00+00:00,2020-05-10 21:00:00+00:00,-1,8705.5,8667.0,1.1236169535433256,3.9040071050862846,-2.429294966590468,41.784540572924016,True
BTC,train,2020-05-14 10:00:00+00:00,2020-05-15 03:00:00+00:00,1,9803.5,9487.5,1.0020331442489259,3.8660442771412056,2.061025610041251,-322.56954346984276,False
BTC,train,2020-05-17 13:00:00+00:00,2020-05-18 08:00:00+00:00,1,9772.0,9778.0,0.9722536211803624,3.801511658815217,2.25951133903803,-0.22750127077233628,False
BTC,train,2020-05-20 16:00:00+00:00,2020-05-22 08:00:00+00:00,-1,9414.0,9082.0,1.0092027708629414,3.733242889976193,-4.682259330591796,336.0043363671157,True
BTC,train,2020-05-24 07:00:00+00:00,2020-05-24 12:00:00+00:00,1,9270.0,9119.0,1.0611261295869305,3.9026096793948133,0.6123294651164481,-164.7449847121352,False
BTC,train,2020-05-24 17:00:00+00:00,2020-05-25 18:00:00+00:00,-1,8939.5,8888.0,1.0819278747758498,3.8576138375132927,-2.988000784063768,54.849672497512074,True
BTC,train,2020-05-26 16:00:00+00:00,2020-05-27 01:00:00+00:00,-1,8723.0,8882.0,1.1150686586101366,3.9261567469662912,-1.1071447019548883,-180.11492876402008,False
BTC,train,2020-05-27 11:00:00+00:00,2020-05-28 08:00:00+00:00,1,9124.0,9146.0,1.0463205809176022,3.8232554026729186,2.5162113515015423,16.679586026013567,True
BTC,train,2020-05-28 13:00:00+00:00,2020-05-29 09:00:00+00:00,1,9420.0,9447.0,1.01521322360066,3.83080557793473,2.271684137672302,21.3082673216104,True
BTC,train,2020-05-30 05:00:00+00:00,2020-05-30 21:00:00+00:00,1,9515.0,9438.5,1.0073165353273594,3.818434790465421,1.9200145693457509,-82.79816431235304,False
BTC,train,2020-05-30 23:00:00+00:00,2020-05-31 05:00:00+00:00,1,9720.5,9558.0,0.977503077961779,3.768958617697231,0.7060443638175556,-163.31925315030458,False
BTC,train,2020-06-01 21:00:00+00:00,2020-06-02 15:00:00+00:00,1,9663.0,9584.0,0.9664182361768776,3.720130358339273,1.935656974244231,-82.0028279905564,False
BTC,train,2020-06-04 14:00:00+00:00,2020-06-05 08:00:00+00:00,1,9752.5,9773.5,0.9491408959945257,3.7065850270378218,2.0908684119169405,14.134505376930974,True
BTC,train,2020-06-05 11:00:00+00:00,2020-06-06 10:00:00+00:00,-1,9702.0,9673.0,0.9555381461104455,3.7027103161779764,-2.653684706697451,26.661580627725925,True
BTC,train,2020-06-07 12:00:00+00:00,2020-06-07 20:00:00+00:00,-1,9574.0,9764.5,0.9710980440976884,3.7559159051566295,-0.9248434303847604,-187.82524987537545,False
BTC,train,2020-06-09 22:00:00+00:00,2020-06-10 08:00:00+00:00,1,9810.0,9746.0,0.9285899515102848,3.631901018347026,1.133796723419664,-64.19545463842405,False
BTC,train,2020-06-10 19:00:00+00:00,2020-06-11 07:00:00+00:00,1,9819.0,9832.0,0.9212009338708086,3.620503910299052,1.3655940218759235,6.98951420814592,True
BTC,train,2020-06-11 14:00:00+00:00,2020-06-12 08:00:00+00:00,-1,9636.5,9432.0,0.9393723326815353,3.5824842651475715,-1.9777603803047838,190.49691814852486,True
BTC,train,2020-06-14 15:00:00+00:00,2020-06-15 16:00:00+00:00,-1,9351.0,9290.0,0.9884245965173928,3.685044580736144,-2.8553300861508033,59.46418589298264,True
BTC,train,2020-06-17 20:00:00+00:00,2020-06-18 00:00:00+00:00,-1,9298.5,9462.0,1.00040034284316,3.7536021263818204,-0.47128860151341273,-166.8477695797228,False
BTC,train,2020-06-18 21:00:00+00:00,2020-06-19 10:00:00+00:00,-1,9348.0,9363.5,0.977254473507424,3.657179416206833,-1.4816216151250647,-17.32300214044517,False
BTC,train,2020-06-20 23:00:00+00:00,2020-06-21 13:00:00+00:00,1,9368.0,9342.0,0.9733189385361822,3.6421594680023937,1.594886495928754,-30.543338365871023,False
BTC,train,2020-06-21 19:00:00+00:00,2020-06-22 02:00:00+00:00,-1,9316.5,9388.0,0.9754208638266606,3.648951909489155,-0.7965225810204521,-72.59502109207642,False
BTC,train,2020-06-24 08:00:00+00:00,2020-06-25 09:00:00+00:00,-1,9515.0,9299.0,0.947442297083448,3.5650358754655977,-2.7507447502085154,203.83324504476695,True
BTC,train,2020-06-26 08:00:00+00:00,2020-06-26 21:00:00+00:00,-1,9140.5,9197.5,1.0085604399971309,3.6989962697334766,-1.502313810403226,-59.684627539169014,False
BTC,train,2020-06-27 17:00:00+00:00,2020-06-28 09:00:00+00:00,-1,9101.5,9050.5,1.0063244601719064,3.6533603202080887,-1.8122331145727015,49.48142026313326,True
BTC,train,2020-06-28 15:00:00+00:00,2020-06-29 04:00:00+00:00,1,9154.0,9102.5,1.005958432872814,3.6730560259485054,1.492402207568874,-56.97231752646803,False
BTC,train,2020-06-29 14:00:00+00:00,2020-06-29 16:00:00+00:00,-1,9047.5,9128.0,1.0115027551247604,3.6769136651540166,-0.23004101408424865,-84.87284443861427,False
BTC,train,2020-07-01 14:00:00+00:00,2020-07-02 06:00:00+00:00,1,9209.0,9209.0,0.9845475439844343,3.6266793330210625,1.8200222829653256,-5.446701615986967,False
BTC,train,2020-07-02 16:00:00+00:00,2020-07-03 12:00:00+00:00,-1,9046.5,9093.0,1.0016306451043684,3.6338158173741384,-2.275836289699295,-47.933804525020605,False
BTC,train,2020-07-04 00:00:00+00:00,2020-07-04 05:00:00+00:00,-1,9062.0,9086.5,0.9946278775559091,3.6102008071646834,-0.5644451040887437,-27.414138703194112,False
BTC,train,2020-07-04 18:00:00+00:00,2020-07-05 06:00:00+00:00,1,9166.0,9076.0,0.980351700600966,3.5767151444725647,1.3415745390836493,-93.14994273764205,False
BTC,train,2020-07-06 07:00:00+00:00,2020-07-07 07:00:00+00:00,1,9223.0,9269.5,0.964193184969187,3.5660684946085386,2.6811440418586305,38.58777056460167,True
BTC,train,2020-07-08 03:00:00+00:00,2020-07-09 05:00:00+00:00,1,9300.0,9382.5,0.9603593027457434,3.5883825347094707,2.922253313342454,72.71900662847293,True
BTC,train,2020-07-09 15:00:00+00:00,2020-07-10 16:00:00+00:00,-1,9299.0,9243.0,0.9682826671861369,3.59077944299307,-2.7837460987267746,53.41679601814394,True
BTC,train,2020-07-16 08:00:00+00:00,2020-07-16 23:00:00+00:00,-1,9125.5,9130.5,0.9925458679723884,3.6239834731407843,-1.6951132572049687,-6.891599555794528,False
BTC,train,2020-07-17 13:00:00+00:00,2020-07-18 03:00:00+00:00,1,9159.5,9138.5,0.9881091455457434,3.6160842290392026,1.5820615529332898,-25.948437838433165,False
BTC,train,2020-07-19 11:00:00+00:00,2020-07-19 17:00:00+00:00,-1,9126.0,9150.5,0.9888929740069914,3.6147004878877556,-0.6772062697621628,-27.16537208129739,False
BTC,train,2020-07-21 08:00:00+00:00,2020-07-22 04:00:00+00:00,1,9314.0,9353.0,0.9660158802562279,3.6065236873486013,2.0501385187498165,32.01795712389321,True
BTC,train,2020-07-22 08:00:00+00:00,2020-07-22 18:00:00+00:00,-1,9302.5,9358.5,0.9706519608525019,3.6226672482937077,2.2940480472727067,-60.27322510330487,False
BTC,train,2020-07-22 23:00:00+00:00,2020-07-24 05:00:00+00:00,1,9493.0,9535.5,0.9448242537371847,3.595717662447604,1.9211582168198966,34.638154904561816,True
BTC,train,2020-07-25 18:00:00+00:00,2020-07-28 09:00:00+00:00,1,9685.0,10732.0,0.9296700873135422,3.796214834536118,2.749264929670015,966.8191016530709,True
BTC,train,2020-08-01 06:00:00+00:00,2020-08-02 05:00:00+00:00,1,11608.5,11178.5,0.8589114784239761,3.914403171769429,2.8914449691632136,-376.13778386324157,False
BTC,train,2020-08-02 05:00:00+00:00,2020-08-03 03:00:00+00:00,-1,11178.5,11179.5,0.8583026446680221,3.8379861058975275,-2.6389587688624174,-2.0573299817024235,False
BTC,train,2020-08-03 16:00:00+00:00,2020-08-03 22:00:00+00:00,1,11379.0,11200.0,0.842998399107108,3.8068121706878784,0.7183031296591835,-155.42182874052196,False
BTC,train,2020-08-05 10:00:00+00:00,2020-08-06 05:00:00+00:00,1,11389.5,11615.5,0.8285751749154274,3.812274379785882,2.2898348176117453,181.1558803334883,True
BTC,train,2020-08-06 14:00:00+00:00,2020-08-06 22:00:00+00:00,1,11870.5,11740.0,0.8102618116366412,3.8261373007293833,0.9585397231661468,-110.52384344247548,False
BTC,train,2020-08-07 15:00:00+00:00,2020-08-08 10:00:00+00:00,-1,11636.5,11745.5,0.8170574478228225,3.820887448998647,-2.248557416235554,-90.63159184545475,False
BTC,train,2020-08-08 10:00:00+00:00,2020-08-09 02:00:00+00:00,1,11745.5,11707.5,0.8017587501379098,3.7607295933968796,1.8817829074877463,-36.109345006125295,False
BTC,train,2020-08-10 02:00:00+00:00,2020-08-10 11:00:00+00:00,1,11855.0,11690.5,0.7913073011167182,3.726345211688738,1.0640264167759632,-134.960422662165,False
BTC,train,2020-08-13 09:00:00+00:00,2020-08-13 12:00:00+00:00,-1,11427.0,11556.0,0.8091351738931066,3.7192707403170537,-0.34811523728299865,-107.74959293524807,False
BTC,train,2020-08-13 22:00:00+00:00,2020-08-14 15:00:00+00:00,1,11703.0,11711.5,0.780845769387446,3.656622653464471,2.427272787744701,0.5532935985829681,True
BTC,train,2020-08-15 01:00:00+00:00,2020-08-15 13:00:00+00:00,1,11926.5,11769.5,0.766259282500303,3.631455991625436,8.438134622258394,-132.3722979664326,False
BTC,train,2020-08-16 12:00:00+00:00,2020-08-16 16:00:00+00:00,-1,11771.5,11869.5,0.7651037705282616,3.6175636478117266,-2.254238245871516,-76.34349491371177,False
BTC,train,2020-08-17 14:00:00+00:00,2020-08-18 06:00:00+00:00,1,12127.0,12246.5,0.7363796107742822,3.589629688641393,16.087765908691132,68.3199678901965,True
BTC,train,2020-08-18 15:00:00+00:00,2020-08-20 01:00:00+00:00,-1,11948.5,11788.0,0.7530983393522129,3.5751837464067604,-57.59680513901456,174.89390485863441,True
BTC,train,2020-08-21 11:00:00+00:00,2020-08-22 10:00:00+00:00,-1,11770.0,11582.0,0.7793788795759176,3.6400111191713656,-2.6742953744524707,145.55751361555485,True
BTC,train,2020-08-25 03:00:00+00:00,2020-08-26 08:00:00+00:00,-1,11694.0,11353.0,0.7968913054749535,3.67319078345625,-7.272716937622738,275.33946132112396,True
BTC,train,2020-08-27 18:00:00+00:00,2020-08-28 01:00:00+00:00,-1,11198.5,11344.5,0.856738526369177,3.8626913199880715,-0.8517099386773483,-128.09480623120908,False
BTC,train,2020-08-30 02:00:00+00:00,2020-08-30 22:00:00+00:00,1,11617.0,11608.5,0.81484820360799,3.7850513905794747,2.365764067938896,-13.077025189184496,False
BTC,train,2020-08-31 00:00:00+00:00,2020-08-31 08:00:00+00:00,1,11710.0,11628.0,0.8072599962531883,3.767966758511382,0.9424508187507145,-70.90573727002266,False
BTC,train,2020-09-01 07:00:00+00:00,2020-09-02 00:00:00+00:00,1,11870.5,11927.5,0.7903718309131724,3.7618537664143354,2.7889443854736675,38.50039621016185,True
BTC,train,2020-09-02 12:00:00+00:00,2020-09-03 08:00:00+00:00,-1,11415.5,11406.5,0.825247182783494,3.7667582410969795,-15.142480543349542,18.802946947305827,True
BTC,train,2020-09-03 13:00:00+00:00,2020-09-04 10:00:00+00:00,-1,10831.0,10518.0,0.8715180649997489,3.721207833935928,-7.092901216622436,276.1568477275978,True
BTC,train,2020-09-05 13:00:00+00:00,2020-09-06 07:00:00+00:00,-1,10007.0,10155.5,0.9708772868731766,3.9150626593160847,-2.217149984150973,-145.8731897758389,False
BTC,train,2020-09-07 06:00:00+00:00,2020-09-07 17:00:00+00:00,-1,10105.5,10201.5,0.946978954031373,3.8460603239030178,-1.3136669608877087,-93.44237295002677,False
BTC,train,2020-09-07 23:00:00+00:00,2020-09-08 09:00:00+00:00,1,10386.0,10181.5,0.9124064555183914,3.753183954774903,1.174113139662801,-191.51441724794677,False
BTC,train,2020-09-12 19:00:00+00:00,2020-09-13 11:00:00+00:00,1,10450.0,10455.0,0.8884917731833556,3.7147841036796097,1.861573516247349,-1.1338987540093513,False
BTC,train,2020-09-14 12:00:00+00:00,2020-09-15 09:00:00+00:00,1,10464.0,10636.5,0.887194679951458,3.7440502688631474,2.0210636894927902,147.2759683332697,True
BTC,train,2020-09-15 11:00:00+00:00,2020-09-15 23:00:00+00:00,1,10843.0,10775.0,0.8697667711284078,3.7605236116507843,-1.5471064358558988,-61.35755761252767,False
BTC,train,2020-09-19 12:00:00+00:00,2020-09-20 02:00:00+00:00,1,11128.0,10944.5,0.8419773132398274,3.716908849297218,-1.8559890166693445,-156.36375681213394,False
BTC,train,2020-09-21 10:00:00+00:00,2020-09-22 09:00:00+00:00,-1,10700.0,10455.0,0.8610429705533331,3.6430728084111523,1.4705306125790556,205.8419243645767,True
BTC,train,2020-09-22 22:00:00+00:00,2020-09-23 04:00:00+00:00,1,10544.5,10474.0,0.893262052186945,3.755005688778261,0.7037006789372229,-67.4336810468958,False
BTC,train,2020-09-23 20:00:00+00:00,2020-09-24 11:00:00+00:00,-1,10287.5,10363.0,0.9090224085772389,3.7543534496648547,-1.753083803281527,-70.63246149396582,False
BTC,train,2020-09-24 16:00:00+00:00,2020-09-25 09:00:00+00:00,1,10530.5,10600.5,0.8813385467683756,3.7247129663525094,0.36082051607918625,57.608164791354284,True
BTC,train,2020-09-28 01:00:00+00:00,2020-09-28 19:00:00+00:00,1,10879.0,10867.5,0.8584009312929253,3.73344317047232,2.1014888749389544,-15.70654275527886,False
BTC,train,2020-09-29 00:00:00+00:00,2020-09-29 15:00:00+00:00,-1,10688.0,10754.5,0.8722714435610456,3.7407360857115437,-1.7534182490603245,-59.99336883345677,False
BTC,train,2020-09-30 00:00:00+00:00,2020-09-30 04:00:00+00:00,1,10834.0,10739.5,0.8549791231259921,3.688978422551718,0.46069481325740175,-84.94520037121583,False
BTC,train,2020-10-01 17:00:00+00:00,2020-10-02 17:00:00+00:00,-1,10523.0,10547.0,0.8721751040174648,3.6753458883295966,11.59156156255,-36.19910994730162,False
BTC,train,2020-10-04 07:00:00+00:00,2020-10-05 07:00:00+00:00,1,10609.0,10631.0,0.8616928560305854,3.6604712524179273,2.748067771809942,12.54870380844477,True
BTC,train,2020-10-06 19:00:00+00:00,2020-10-07 13:00:00+00:00,-1,10607.5,10624.0,0.8629977104347797,3.6645471778192054,7.734641103793963,-25.63865050378081,False
BTC,train,2020-10-08 14:00:00+00:00,2020-10-09 10:00:00+00:00,1,10721.5,10867.0,0.8514302628301212,3.676220445821614,1.164791916878908,119.04209087908202,True
BTC,train,2020-10-09 11:00:00+00:00,2020-10-10 23:00:00+00:00,1,10970.0,11356.0,0.842994681295554,3.7641398509209076,-11.02398318210521,332.6557903112698,True
BTC,train,2020-10-12 11:00:00+00:00,2020-10-12 14:00:00+00:00,-1,11277.0,11499.0,0.849543978373991,3.869842730289204,-0.36168803914286185,-192.10691789016892,False
BTC,train,2020-10-12 14:00:00+00:00,2020-10-13 04:00:00+00:00,1,11499.0,11469.0,0.8164362576079075,3.750381592947684,2.2221962392618737,-30.465665560446723,False
BTC,train,2020-10-14 14:00:00+00:00,2020-10-14 15:00:00+00:00,1,11532.0,11389.5,0.8114581044634825,3.719967388291943,0.3101418405760042,-119.66288911491574,False
BTC,train,2020-10-15 20:00:00+00:00,2020-10-16 05:00:00+00:00,1,11515.5,11279.0,0.8022293405894634,3.6572833408133043,1.035888663902902,-194.42041105412318,False
BTC,train,2020-10-19 14:00:00+00:00,2020-10-22 08:00:00+00:00,1,11634.5,12762.5,0.7773132975636119,3.792822504131888,-16.165255008068133,889.1818321556912,True
BTC,train,2020-10-24 15:00:00+00:00,2020-10-25 06:00:00+00:00,1,13067.0,12962.5,0.7601464293762557,3.957246296689849,10.96985974920426,-94.36240791571436,False
BTC,train,2020-10-26 14:00:00+00:00,2020-10-26 16:00:00+00:00,1,13207.5,12990.5,0.7449154635429732,3.9030590627797626,0.24368512673314227,-165.79339977833843,False
BTC,train,2020-10-26 17:00:00+00:00,2020-10-27 01:00:00+00:00,-1,12848.0,13078.0,0.7528547310838637,3.90370235161605,-1.204114170500934,-175.85617633040783,False
BTC,train,2020-10-27 12:00:00+00:00,2020-10-28 10:00:00+00:00,1,13436.5,13601.5,0.7067927963855969,3.8220527257347534,2.652756810669309,110.14600186721873,True
BTC,train,2020-10-28 12:00:00+00:00,2020-10-29 06:00:00+00:00,-1,13333.5,13272.5,0.7205135493683047,3.8339966988986234,-3.120550492211536,43.23788030477772,True
BTC,train,2020-10-29 15:00:00+00:00,2020-10-30 06:00:00+00:00,1,13418.5,13186.5,0.7191716876556299,3.826712550015606,1.8159040165074174,-172.49044810262785,False
BTC,train,2020-10-31 10:00:00+00:00,2020-11-01 01:00:00+00:00,1,13877.0,13720.5,0.6829800996400116,3.769708659963044,1.76891845806763,-112.42501271169203,False
BTC,train,2020-11-02 09:00:00+00:00,2020-11-02 21:00:00+00:00,-1,13445.0,13638.5,0.6965630219407029,3.7730729209462046,-1.4084286627696656,-137.14958900369493,False
BTC,train,2020-11-07 15:00:00+00:00,2020-11-08 10:00:00+00:00,-1,15309.5,15037.0,0.6027721506900326,3.658405014183015,-17.62403498941649,178.22104103826314,True
BTC,train,2020-11-09 12:00:00+00:00,2020-11-09 14:00:00+00:00,1,15804.0,15291.0,0.5951886409786964,3.701478158246513,0.2296684168376545,-309.2629193971534,False
BTC,train,2020-11-10 16:00:00+00:00,2020-11-10 18:00:00+00:00,-1,15173.0,15311.5,0.5995583182383288,3.655447110467267,-0.2662096546785323,-86.42806453179946,False
BTC,train,2020-11-11 11:00:00+00:00,2020-11-12 01:00:00+00:00,1,15588.0,15609.0,0.578051725564432,3.6066959364867164,6.390504697379286,2.141885602988623,True
BTC,train,2020-11-12 10:00:00+00:00,2020-11-12 11:00:00+00:00,1,16053.5,15715.0,0.5614235016477,3.567116502418992,0.7852817015415834,-194.39425351170757,False
BTC,train,2020-11-14 09:00:00+00:00,2020-11-14 23:00:00+00:00,-1,15948.5,16021.5,0.5529308668645732,3.535439962732081,-6.659572779023003,-37.239820464821605,False
BTC,train,2020-11-16 07:00:00+00:00,2020-11-17 10:00:00+00:00,1,16235.5,16654.0,0.5408628074112176,3.5577414608702487,4.851512364015116,217.9418310767105,True
BTC,train,2020-11-17 12:00:00+00:00,2020-11-18 15:00:00+00:00,1,17002.0,17724.0,0.5292977261970082,3.676078567983461,17.191868966365302,361.2850107798913,True
BTC,train,2020-11-19 10:00:00+00:00,2020-11-19 12:00:00+00:00,-1,17447.0,17783.0,0.5365051270465654,3.7802151251700997,-6.06473668019523,-177.98120113262485,False
BTC,train,2020-11-22 09:00:00+00:00,2020-11-22 17:00:00+00:00,-1,18261.0,18554.5,0.5028434231667926,3.702486409119411,-24.328965108232026,-126.95806600033757,False
BTC,train,2020-11-24 10:00:00+00:00,2020-11-25 03:00:00+00:00,1,18991.5,18989.0,0.4768167698416904,3.621947865394465,25.41629893006539,-30.23028872006398,False
BTC,train,2020-11-26 03:00:00+00:00,2020-11-27 00:00:00+00:00,-1,18431.0,17154.0,0.4896769245145895,3.485030671770333,-6.854003111148463,628.6864050445092,True
BTC,train,2020-11-28 16:00:00+00:00,2020-12-01 07:00:00+00:00,1,17500.0,19350.5,0.5516526743298805,4.065735375078653,5.538418656975726,1011.2291198153889,True
BTC,train,2020-12-01 13:00:00+00:00,2020-12-02 07:00:00+00:00,-1,18574.0,18926.0,0.5741978529443468,4.306483897082601,-11.22803055007104,-195.19609758341903,False
BTC,train,2020-12-03 09:00:00+00:00,2020-12-04 02:00:00+00:00,1,19405.5,19342.0,0.5395354318623523,4.1811298292173,2.247625985337751,-40.689255737815984,False
BTC,train,2020-12-04 11:00:00+00:00,2020-12-05 06:00:00+00:00,-1,18989.0,18965.5,0.5492266874120313,4.169124861475988,-2.4642256764119503,11.2019279691267,True
BTC,train,2020-12-07 19:00:00+00:00,2020-12-08 01:00:00+00:00,-1,18952.5,19230.5,0.5508754779177517,4.206815674666703,-0.7892427401844999,-156.56095579561406,False
BTC,train,2020-12-08 10:00:00+00:00,2020-12-09 14:00:00+00:00,-1,18797.5,18475.0,0.5470890564937133,4.078275371632385,-3.535395481567071,175.8933408291632,True
BTC,train,2020-12-12 01:00:00+00:00,2020-12-13 23:00:00+00:00,1,18324.0,19113.5,0.5708251408136726,4.274053241842374,-14.869978567623548,461.26237399817546,True
BTC,train,2020-12-15 01:00:00+00:00,2020-12-15 05:00:00+00:00,1,19413.0,19200.5,0.5625643771837384,4.3445159156768565,0.545870279290811,-124.43531634651117,False
BTC,train,2020-12-16 11:00:00+00:00,2020-12-18 00:00:00+00:00,1,19811.5,22799.5,0.5449676671590441,4.644323453062806,15.902009441608751,1607.8170565765522,True
BTC,train,2020-12-19 16:00:00+00:00,2020-12-20 03:00:00+00:00,1,23581.0,23436.0,0.526035536851616,4.946522567230486,7.462524259913887,-88.68419967062982,False
BTC,train,2020-12-20 21:00:00+00:00,2020-12-20 22:00:00+00:00,1,24209.0,23414.5,0.5087264981960149,4.845467277367583,0.699462666953602,-409.72813276105444,False
BTC,train,2020-12-21 11:00:00+00:00,2020-12-22 05:00:00+00:00,-1,22476.5,22944.5,0.5297102156504024,4.811993541011386,-8.073155108721144,-244.64321935668158,False
BTC,train,2020-12-22 14:00:00+00:00,2020-12-23 09:00:00+00:00,1,23492.5,23520.0,0.4963877170462739,4.66728550952759,2.7766718946508258,6.20670481459274,True
BTC,train,2020-12-25 12:00:00+00:00,2020-12-27 17:00:00+00:00,1,24594.5,27096.5,0.47439855038826495,4.90442709362396,26.463921052470493,1155.5768249253451,True
BTC,train,2021-01-02 07:00:00+00:00,2021-01-03 17:00:00+00:00,1,29734.5,32732.0,0.43125567850306973,5.387806568242401,45.29430119306345,1242.0067885516455,True
BTC,train,2021-01-04 10:00:00+00:00,2021-01-05 00:00:00+00:00,-1,31119.0,32024.0,0.45198042228224466,5.707879960833555,-40.142225647417604,-374.6079364788511,False
BTC,train,2021-01-10 12:00:00+00:00,2021-01-11 23:00:00+00:00,-1,39233.0,34373.5,0.3489554921755237,5.137078486963537,-69.33913250712706,1759.951268247125,True
BTC,train,2021-01-13 22:00:00+00:00,2021-01-15 04:00:00+00:00,1,37342.5,38773.0,0.41375167952786895,6.298583192620701,35.02439121825657,550.5488031537407,True
BTC,train,2021-01-15 16:00:00+00:00,2021-01-16 01:00:00+00:00,-1,35678.5,37129.5,0.44847936140597805,6.53057706904929,-17.29100657615182,-639.983123892971,False
BTC,train,2021-01-20 04:00:00+00:00,2021-01-20 19:00:00+00:00,-1,35086.5,35235.5,0.4378062152688417,6.1574817340270975,-57.406623599194894,-13.983984209891787,False
BTC,train,2021-01-21 09:00:00+00:00,2021-01-22 06:00:00+00:00,-1,33276.5,31771.0,0.4611994587117132,5.999974358110032,-3.8141195235458687,692.1499302559205,True
BTC,train,2021-01-27 15:00:00+00:00,2021-01-27 21:00:00+00:00,-1,29597.0,31533.0,0.5419216041516453,6.6255335323580145,-1.2426431733698524,-1054.5431159965774,False
BTC,train,2021-01-29 09:00:00+00:00,2021-01-29 20:00:00+00:00,1,36369.0,34329.0,0.4120187687887945,5.825780583166039,4.68522996731805,-851.0292988796245,False
BTC,train,2021-01-31 18:00:00+00:00,2021-02-01 02:00:00+00:00,-1,32349.5,33402.5,0.4369057111609157,5.745484864050505,-8.27714299619336,-457.53005572029724,False
BTC,train,2021-02-02 09:00:00+00:00,2021-02-04 12:00:00+00:00,1,34682.5,37369.0,0.3943242628841561,5.682330925439555,78.81998528446276,974.8498160283834,True
BTC,train,2021-02-06 01:00:00+00:00,2021-02-07 00:00:00+00:00,1,38758.5,39319.0,0.3780074322666803,5.902775058560346,13.15717625719479,192.81321446971924,True
BTC,train,2021-02-08 13:00:00+00:00,2021-02-09 13:00:00+00:00,1,43463.5,45397.5,0.34152367568138436,6.069627068944699,65.66629891567128,588.7708627831798,True
BTC,train,2021-02-10 15:00:00+00:00,2021-02-11 04:00:00+00:00,-1,44986.0,45441.0,0.3430530640812926,6.204251885135809,-57.42269443160653,-104.87070161051633,False
BTC,train,2021-02-11 11:00:00+00:00,2021-02-12 05:00:00+00:00,1,46274.5,47354.5,0.3312345771245613,6.20263244431911,57.46138191373174,294.06932893647536,True
BTC,train,2021-02-14 06:00:00+00:00,2021-02-15 00:00:00+00:00,1,48953.0,48689.5,0.3191180064160927,6.231895988296667,40.115437857949914,-130.43492853688622,False
BTC,train,2021-02-15 02:00:00+00:00,2021-02-15 16:00:00+00:00,-1,48158.0,47911.0,0.3216775787937643,6.180648663427629,-61.43803703178489,134.711750330418,True
BTC,train,2021-02-16 04:00:00+00:00,2021-02-16 17:00:00+00:00,1,49701.0,48223.0,0.3144013317615444,6.1574872022834946,20.430537023166778,-491.2731925690132,False
BTC,train,2021-02-17 08:00:00+00:00,2021-02-18 09:00:00+00:00,1,51098.5,51860.0,0.2961884868892728,6.0990244654778385,77.96981808010555,141.47869022059785,True
BTC,train,2021-02-20 13:00:00+00:00,2021-02-20 23:00:00+00:00,1,57349.5,55533.5,0.2663713909891473,6.013760345805583,20.98148298554698,-510.7256893676458,False
BTC,train,2021-02-22 14:00:00+00:00,2021-02-22 22:00:00+00:00,-1,52194.5,54818.0,0.2828945654841881,6.054650937775337,-26.60485878882313,-721.6236846967186,False
BTC,train,2021-02-23 09:00:00+00:00,2021-02-23 23:00:00+00:00,-1,46594.5,48558.5,0.30140717710175535,5.735959424552665,-6.404464756786699,-591.2951904956153,False
BTC,train,2021-02-27 23:00:00+00:00,2021-02-28 21:00:00+00:00,-1,45883.0,44900.0,0.2931940266105556,5.323406663557213,-4.726561873596961,287.6128833682178,True
BTC,train,2021-03-02 17:00:00+00:00,2021-03-03 00:00:00+00:00,-1,47600.0,48466.5,0.2886603866878223,5.546118607549136,-1.3652626417383549,-254.30508103080865,False
BTC,train,2021-03-03 09:00:00+00:00,2021-03-03 23:00:00+00:00,1,50858.0,50620.5,0.26516829850386436,5.38177623594488,2.3768990211102827,-70.73614615172119,False
BTC,train,2021-03-06 14:00:00+00:00,2021-03-06 19:00:00+00:00,-1,47402.5,48489.5,0.2830060266685895,5.427602781860877,-0.8472333732500896,-312.2079203973608,False
BTC,train,2021-03-09 02:00:00+00:00,2021-03-10 03:00:00+00:00,1,53544.5,54064.5,0.244712066762421,5.2666441584474715,16.777685410875385,105.20594514713594,True
BTC,train,2021-03-13 11:00:00+00:00,2021-03-14 08:00:00+00:00,1,59520.0,60651.0,0.2219118145817807,5.333472934021433,12.97239427402316,232.6763950839504,True
BTC,train,2021-03-15 08:00:00+00:00,2021-03-16 09:00:00+00:00,-1,57926.0,55879.0,0.23203514136987774,5.281351852719787,-67.51487052197746,537.2094530533941,True
BTC,train,2021-03-21 05:00:00+00:00,2021-03-21 19:00:00+00:00,-1,57029.5,57384.5,0.24510257063528404,5.608633103333077,-23.05283708112915,-69.56720859773486,False
BTC,train,2021-03-22 20:00:00+00:00,2021-03-23 13:00:00+00:00,-1,55616.5,55069.0,0.2500788406938084,5.536020304322907,-20.809483451275128,152.19162842680817,True
BTC,train,2021-03-27 17:00:00+00:00,2021-03-28 12:00:00+00:00,1,56135.0,55844.5,0.250480118854084,5.60972769384418,3.3354057866669256,-81.70960800762077,False
BTC,train,2021-03-28 19:00:00+00:00,2021-03-29 08:00:00+00:00,-1,55271.5,55939.5,0.2529150079854244,5.625386190613407,-2.276323592121614,-172.2962879327515,False
BTC,train,2021-03-29 09:00:00+00:00,2021-03-30 02:00:00+00:00,1,57085.5,57505.0,0.24186205791247495,5.543018829443892,3.3087717256838323,92.609342739157,True
BTC,train,2021-03-30 10:00:00+00:00,2021-03-31 03:00:00+00:00,1,58979.5,58728.5,0.23566332231831041,5.547891668688736,35.039692901282,-99.73907847186638,False
BTC,train,2021-03-31 07:00:00+00:00,2021-03-31 08:00:00+00:00,1,59750.5,58263.0,0.23095314416115217,5.451117775692426,2.231345020319665,-351.22526473572543,False
BTC,train,2021-04-02 03:00:00+00:00,2021-04-02 14:00:00+00:00,1,59781.5,59317.5,0.22495823248772945,5.3584601062112185,14.38164223081844,-124.1207222113353,False
BTC,train,2021-04-03 18:00:00+00:00,2021-04-04 13:00:00+00:00,-1,58357.5,57752.0,0.22832060751838001,5.302038315731069,-37.230218084091476,170.17630762074805,True
BTC,train,2021-04-05 06:00:00+00:00,2021-04-05 13:00:00+00:00,-1,57040.0,57985.0,0.2365777728063571,5.442471663410245,-1.191498816350857,-227.81696814907082,False
BTC,train,2021-04-05 15:00:00+00:00,2021-04-06 08:00:00+00:00,1,59149.5,58671.0,0.22428894906508998,5.285167224664686,24.237064539675934,-136.84449389198562,False
BTC,train,2021-04-06 15:00:00+00:00,2021-04-07 06:00:00+00:00,-1,58041.0,58271.0,0.22621482570654458,5.262299761515923,-32.230298788702974,-25.061410885316945,False
BTC,train,2021-04-07 11:00:00+00:00,2021-04-08 04:00:00+00:00,-1,56920.0,56550.0,0.23022967828440333,5.224832318986249,-28.353538270509702,108.31368691675198,True
BTC,train,2021-04-09 11:00:00+00:00,2021-04-09 23:00:00+00:00,1,58615.0,58086.0,0.22541989209016444,5.261345365362857,1.9728269938460499,-126.48129527490528,False
BTC,train,2021-04-10 04:00:00+00:00,2021-04-10 20:00:00+00:00,1,59198.0,59670.0,0.2210633075372493,5.25547064806755,3.647783906343885,95.43862660317063,True
BTC,train,2021-04-12 07:00:00+00:00,2021-04-12 11:00:00+00:00,1,60772.0,59896.0,0.21690818643772222,5.234775408213412,8.798910009830882,-204.04525673748867,False
BTC,train,2021-04-13 09:00:00+00:00,2021-04-14 15:00:00+00:00,1,62721.5,63207.5,0.2069130848186948,5.211271571626684,45.79075041365752,49.55773723660059,True
BTC,train,2021-04-15 20:00:00+00:00,2021-04-16 03:00:00+00:00,1,63440.5,62925.0,0.20534921362051634,5.189811210752671,10.712981950562835,-121.76031278269147,False
BTC,train,2021-04-16 05:00:00+00:00,2021-04-16 21:00:00+00:00,-1,61809.0,61879.5,0.2087996323174566,5.165222664379546,-40.206895007247496,20.321298264479992,True
BTC,train,2021-04-18 04:00:00+00:00,2021-04-18 21:00:00+00:00,-1,54771.0,56131.0,0.23600112782629776,5.2345994156384155,-48.31808476175178,-277.8780484976505,False
BTC,train,2021-04-19 16:00:00+00:00,2021-04-20 09:00:00+00:00,-1,54618.5,55222.0,0.231572447498128,5.087206683883625,-1.9552400284695133,-142.88593872053025,False
BTC,train,2021-04-21 23:00:00+00:00,2021-04-22 12:00:00+00:00,-1,54060.0,54845.5,0.2313217496292263,5.038442160849141,-2.034100335906833,-184.7075761586948,False
BTC,train,2021-04-22 21:00:00+00:00,2021-04-23 18:00:00+00:00,-1,51683.5,49850.0,0.23838451747264175,4.840802880961694,-8.705962183388879,440.94317208851317,True
BTC,train,2021-04-25 21:00:00+00:00,2021-04-26 01:00:00+00:00,-1,48132.5,50850.0,0.26513248596864475,5.248695258478276,-1.4566305378845679,-724.2895953403877,False
BTC,train,2021-04-27 07:00:00+00:00,2021-04-28 04:00:00+00:00,1,54666.0,54836.5,0.22019536431320025,4.8223885761412415,2.7733920267330516,29.947529012526502,True
BTC,train,2021-04-28 07:00:00+00:00,2021-04-28 12:00:00+00:00,-1,54175.0,54812.0,0.22274383598630237,4.855236490527828,-0.6338595616533448,-146.10920045215244,False
BTC,train,2021-04-29 05:00:00+00:00,2021-04-29 10:00:00+00:00,-1,53623.5,54588.0,0.22230995951599167,4.811298836832947,-0.7540753826782437,-218.47517940733087,False
BTC,train,2021-04-30 14:00:00+00:00,2021-05-01 11:00:00+00:00,1,55875.5,57431.5,0.20943996804858028,4.746202891936097,3.711546170130962,317.4308412215232,True
BTC,train,2021-05-02 04:00:00+00:00,2021-05-02 21:00:00+00:00,-1,56560.0,57015.5,0.21251757029561477,4.827357861021919,-14.125696377025266,-87.50341475364985,False
BTC,train,2021-05-03 01:00:00+00:00,2021-05-03 16:00:00+00:00,1,57431.0,57678.5,0.20777089657443404,4.783280803846964,9.304335459752634,37.33568063857274,True
BTC,train,2021-05-03 21:00:00+00:00,2021-05-05 03:00:00+00:00,-1,56825.0,55064.5,0.21064366109643456,4.713762783649903,-24.24771530424391,390.3721178808628,True
BTC,train,2021-05-05 16:00:00+00:00,2021-05-06 07:00:00+00:00,1,57514.0,56676.0,0.21490764265545356,4.908060742965248,7.496344136408723,-192.4970094246455,False
BTC,train,2021-05-06 11:00:00+00:00,2021-05-06 16:00:00+00:00,1,58050.5,57183.5,0.20960544956996255,4.8307348751490125,1.6704833523785627,-188.2291430046862,False
BTC,train,2021-05-06 19:00:00+00:00,2021-05-07 11:00:00+00:00,-1,55828.5,56449.0,0.21457628285295907,4.818417719604622,-22.839394943613275,-115.12360628625356,False
BTC,train,2021-05-07 13:00:00+00:00,2021-05-08 16:00:00+00:00,1,57435.5,57650.5,0.2065682095736987,4.754621793399737,15.846467506956268,23.811075757988874,True
BTC,train,2021-05-09 13:00:00+00:00,2021-05-09 22:00:00+00:00,-1,56550.5,58008.0,0.21022200469895333,4.816543505061009,-4.628294212268426,-306.5868211415145,False
BTC,train,2021-05-12 17:00:00+00:00,2021-05-14 00:00:00+00:00,-1,55070.0,49715.5,0.210306385610798,4.407411953884054,-17.708354588655414,1139.3864843877855,True
BTC,train,2021-05-16 00:00:00+00:00,2021-05-16 04:00:00+00:00,-1,46800.0,48399.5,0.2718153662387699,5.175337391649554,-0.6521598128325246,-439.29185587772736,False
BTC,train,2021-05-16 19:00:00+00:00,2021-05-17 12:00:00+00:00,-1,45431.5,45750.0,0.2703337394560317,4.9298871728420295,-7.837983246393846,-83.19319994319267,False
BTC,train,2021-05-19 13:00:00+00:00,2021-05-19 20:00:00+00:00,-1,35082.0,39331.5,0.3477131886481247,5.174911072693446,-4.190613088765947,-1478.5914931441403,False
BTC,train,2021-05-21 15:00:00+00:00,2021-05-22 10:00:00+00:00,-1,37790.0,37165.5,0.2836698224665089,4.252522675577682,-2.0223845191728462,174.92166597393043,True
BTC,train,2021-05-23 08:00:00+00:00,2021-05-24 00:00:00+00:00,-1,35914.5,34658.0,0.30335391713606763,4.281688863417027,-2.048596401469417,378.93110441952194,True
BTC,train,2021-05-31 02:00:00+00:00,2021-05-31 08:00:00+00:00,-1,34812.0,35821.0,0.3238462415662077,4.57484631610919,0.2956151689115803,-331.63131922532193,False
BTC,train,2021-06-03 06:00:00+00:00,2021-06-04 01:00:00+00:00,1,38778.5,38713.5,0.28216934750383593,4.373173415353451,2.5393242662802633,-25.253505269382003,False
BTC,train,2021-06-04 02:00:00+00:00,2021-06-04 22:00:00+00:00,-1,37916.0,37179.0,0.2879219996019654,4.324300512021918,-4.387396826999949,212.2616100216237,True
BTC,train,2021-06-05 01:00:00+00:00,2021-06-05 10:00:00+00:00,1,37660.0,36353.5,0.29551545796414613,4.374426669605866,1.2456013492621005,-391.7109738490253,False
BTC,train,2021-06-05 12:00:00+00:00,2021-06-06 02:00:00+00:00,-1,35866.5,36220.5,0.2993713123131813,4.31615595814406,0.15497631981025733,-110.44857683682312,False
BTC,train,2021-06-07 02:00:00+00:00,2021-06-07 15:00:00+00:00,1,36644.5,36069.5,0.29000129886460163,4.217430889128129,1.7105509112554378,-172.6787286475319,False
BTC,train,2021-06-07 21:00:00+00:00,2021-06-08 20:00:00+00:00,-1,34467.5,32835.5,0.3033081560193331,4.082709764913835,-0.9741332024619578,491.89033406109775,True
BTC,train,2021-06-09 16:00:00+00:00,2021-06-10 09:00:00+00:00,1,36321.0,36402.0,0.3013728752418012,4.383347921241901,-24.201732234261367,44.22958720760471,True
BTC,train,2021-06-12 02:00:00+00:00,2021-06-12 19:00:00+00:00,-1,36243.0,35877.5,0.30324183397801135,4.373990537482234,-1.949199295851001,108.41009907733314,True
BTC,train,2021-06-13 04:00:00+00:00,2021-06-13 09:00:00+00:00,-1,34886.5,35585.0,0.3181403662718358,4.483965764345134,-0.3044975608985099,-226.40051404432234,False
BTC,train,2021-06-13 17:00:00+00:00,2021-06-15 09:00:00+00:00,1,36992.5,39830.5,0.2939083158450517,4.515783709632881,-1.4008600488702372,830.9968767074952,True
BTC,train,2021-06-16 12:00:00+00:00,2021-06-17 07:00:00+00:00,-1,39086.5,39210.5,0.2994230808746133,4.688785792647919,-2.3711069628623265,-39.446140858235594,False
BTC,train,2021-06-17 18:00:00+00:00,2021-06-19 12:00:00+00:00,-1,37731.5,35899.0,0.30913041118819384,4.5522853481984615,-5.9558050372703075,567.8849981914482,True
BTC,train,2021-06-20 11:00:00+00:00,2021-06-20 20:00:00+00:00,-1,34099.5,35470.5,0.35871021885771887,4.9910939851863,-1.3890537579325555,-495.39375028117865,False
BTC,train,2021-06-22 13:00:00+00:00,2021-06-22 17:00:00+00:00,-1,29814.0,32504.0,0.39365550941361793,4.906364807127568,-0.5794436638089782,-1063.2602414659505,False
BTC,train,2021-06-25 12:00:00+00:00,2021-06-26 12:00:00+00:00,-1,33291.5,31761.5,0.3205979038550878,4.1711710878970045,-0.887881883596398,487.2315036939817,True
BTC,train,2021-06-27 23:00:00+00:00,2021-06-28 18:00:00+00:00,1,34399.5,34186.5,0.32443543132561914,4.450345698579783,-12.133122321425288,-61.421970249512015,False
BTC,train,2021-06-29 07:00:00+00:00,2021-06-30 02:00:00+00:00,1,35290.0,35840.5,0.31450820769725485,4.474225213521917,2.252684262338919,166.4098588614761,True
BTC,train,2021-07-01 07:00:00+00:00,2021-07-01 23:00:00+00:00,-1,33553.5,33519.0,0.3357445425513762,4.503845166055436,-2.2405450398420084,9.319886591812974,True
BTC,train,2021-07-03 08:00:00+00:00,2021-07-04 01:00:00+00:00,1,34449.0,34489.5,0.32728742184357784,4.512540786152698,1.842757388439419,6.899842410071869,True
BTC,train,2021-07-04 06:00:00+00:00,2021-07-04 23:00:00+00:00,1,35151.5,35368.5,0.32094289681804433,4.526578616721697,-5.396553481101675,70.51458347389416,True
BTC,train,2021-07-05 01:00:00+00:00,2021-07-05 20:00:00+00:00,-1,34843.0,34095.0,0.32580830643094394,4.4921146057472825,-1.2873759562552132,240.49987456086455,True
BTC,train,2021-07-09 14:00:00+00:00,2021-07-10 11:00:00+00:00,1,33385.0,33626.0,0.34724093741303713,4.653792491397006,-4.556097005215452,83.58737043036126,True
BTC,train,2021-07-10 18:00:00+00:00,2021-07-11 01:00:00+00:00,-1,33400.0,33699.5,0.34958760676540734,4.69143072403109,-0.9988198405049195,-108.39409910976428,False
BTC,train,2021-07-11 22:00:00+00:00,2021-07-12 10:00:00+00:00,1,34410.5,34082.0,0.33617157457330876,4.60504631429247,-3.799176011125062,-111.23823255049865,False
BTC,train,2021-07-13 13:00:00+00:00,2021-07-14 11:00:00+00:00,-1,32376.5,32416.0,0.3538552263000739,4.5854329500095075,-3.793959487444069,-14.76875490142993,False
BTC,train,2021-07-15 11:00:00+00:00,2021-07-16 03:00:00+00:00,-1,31888.5,31895.5,0.3588072496167243,4.577232321910628,-1.27276178089669,-5.8161212883278495,False
BTC,train,2021-07-18 02:00:00+00:00,2021-07-18 08:00:00+00:00,1,32177.5,31715.5,0.35540389583139104,4.541564223271013,0.8532647794837485,-169.5914288768563,False
BTC,train,2021-07-19 13:00:00+00:00,2021-07-20 21:00:00+00:00,-1,30743.0,29827.5,0.3664709829632023,4.439466134714529,-2.8396834870265453,333.9044022551334,True
BTC,train,2021-07-21 05:00:00+00:00,2021-07-22 10:00:00+00:00,1,30630.0,31879.0,0.37872418646728245,4.734734034376672,-5.270609862968105,473.5623847262268,True
BTC,train,2021-07-22 16:00:00+00:00,2021-07-23 09:00:00+00:00,1,32455.5,32313.5,0.3720135020634126,4.8189885030290345,-7.944543657138249,-49.7003621388958,False
BTC,train,2021-07-23 23:00:00+00:00,2021-07-25 02:00:00+00:00,1,33099.0,33893.0,0.3632793695906279,4.867362305523068,-9.421473288747519,292.9979304381832,True
BTC,train,2021-07-26 00:00:00+00:00,2021-07-26 21:00:00+00:00,1,35348.5,37763.5,0.3484499139855546,5.095174022262373,-13.66954179531611,850.0809100481674,True
BTC,train,2021-07-30 09:00:00+00:00,2021-07-30 20:00:00+00:00,-1,38732.5,39861.0,0.339953855149204,5.343632662933793,-1.8212135410748838,-387.1603446577392,False
BTC,train,2021-07-31 00:00:00+00:00,2021-07-31 14:00:00+00:00,1,42209.5,41386.0,0.30277786635493914,5.062173425374863,2.209498771385192,-256.60924514005455,False
BTC,train,2021-08-01 04:00:00+00:00,2021-08-01 11:00:00+00:00,1,42423.0,41505.0,0.29520526848098316,4.955197554614392,1.07914499932737,-277.0327790194842,False
BTC,train,2021-08-01 23:00:00+00:00,2021-08-02 17:00:00+00:00,-1,40283.5,39804.5,0.3040068595268352,4.869460273157035,-2.715611574309721,143.46543701450537,True
BTC,train,2021-08-02 21:00:00+00:00,2021-08-04 01:00:00+00:00,-1,38868.5,38413.0,0.3187652150909804,4.92693079401072,-4.298969297129272,144.56959397705577,True
BTC,train,2021-08-04 13:00:00+00:00,2021-08-05 07:00:00+00:00,1,38820.0,39103.5,0.3228875671494288,5.032105867753703,2.8659036309305526,83.6406157881811,True
BTC,train,2021-08-05 09:00:00+00:00,2021-08-05 17:00:00+00:00,-1,38496.0,39723.0,0.32777784633543766,5.127691072502319,0.6886993019642679,-407.9998078280478,False
BTC,train,2021-08-06 16:00:00+00:00,2021-08-07 14:00:00+00:00,1,42210.0,43171.5,0.28927117187161716,4.939681312231296,3.4327846124901282,269.76176582984044,True
BTC,train,2021-08-09 10:00:00+00:00,2021-08-10 05:00:00+00:00,1,44852.0,45461.0,0.2782461859121288,5.025849557656418,3.0284732243954973,161.39760443843625,True
BTC,train,2021-08-15 08:00:00+00:00,2021-08-15 20:00:00+00:00,-1,45819.5,46340.0,0.2758933540298178,5.085238712142199,-1.9049591172362204,-146.78277036742293,False
BTC,train,2021-08-19 16:00:00+00:00,2021-08-21 10:00:00+00:00,1,45773.0,48812.0,0.27296687489572047,5.163714372402344,8.258055343947232,816.1245630917438,True
BTC,train,2021-08-22 15:00:00+00:00,2021-08-22 23:00:00+00:00,-1,48277.5,49299.5,0.2757109901650574,5.380610257467161,-1.3419215762007932,-285.81532062995393,False
BTC,train,2021-08-24 14:00:00+00:00,2021-08-25 06:00:00+00:00,-1,48693.0,48524.0,0.2674885919344383,5.2008876884180575,-4.284360580619432,44.28904492911715,True
BTC,train,2021-08-25 09:00:00+00:00,2021-08-25 15:00:00+00:00,-1,47322.0,48413.0,0.2761741061661113,5.287905610762534,-8.385680288334754,-298.20817514964983,False
BTC,train,2021-08-27 15:00:00+00:00,2021-08-28 12:00:00+00:00,1,48109.5,48716.5,0.2654549075929509,5.140587376519012,4.476628687102695,151.51391284529927,True
BTC,train,2021-08-29 01:00:00+00:00,2021-08-29 03:00:00+00:00,1,49568.0,48580.5,0.26070079062476537,5.117478309726956,0.31914827850289634,-262.8786573301859,False
BTC,train,2021-08-31 00:00:00+00:00,2021-08-31 08:00:00+00:00,-1,47027.0,47743.5,0.2691972299393579,5.102391215993583,-10.802185306255664,-187.18002116128991,False
BTC,train,2021-09-01 17:00:00+00:00,2021-09-02 18:00:00+00:00,1,48470.5,49589.0,0.25731853624775675,5.046505401037381,10.50613967231363,272.2581377197621,True
BTC,train,2021-09-03 01:00:00+00:00,2021-09-03 05:00:00+00:00,-1,48648.5,49697.5,0.26197346781332737,5.152808533113898,-0.6444367201448732,-279.3185395491455,False
BTC,train,2021-09-05 20:00:00+00:00,2021-09-06 13:00:00+00:00,1,50653.5,51401.5,0.24608956359121306,5.0229340824602495,0.8224407902792107,178.22961869348728,True
BTC,train,2021-09-06 23:00:00+00:00,2021-09-07 09:00:00+00:00,1,52550.0,51300.0,0.2405999491543482,4.997260943935812,-0.07995785674624281,-305.66723953012297,False
BTC,train,2021-09-07 15:00:00+00:00,2021-09-08 17:00:00+00:00,-1,47205.5,46416.0,0.2613648852047087,4.893874520038526,-10.584748916054565,212.03845126513988,True
BTC,train,2021-09-10 15:00:00+00:00,2021-09-11 10:00:00+00:00,-1,45165.5,45472.0,0.2778647095636274,5.036992522614656,-2.9864412720656937,-87.21608473179913,False
BTC,train,2021-09-13 04:00:00+00:00,2021-09-13 14:00:00+00:00,-1,44659.0,46140.0,0.27906317774836464,5.067731495274752,-1.5639084192887758,-416.79638932131456,False
BTC,train,2021-09-15 16:00:00+00:00,2021-09-16 04:00:00+00:00,1,48226.5,47616.5,0.2497773229602584,4.787881592896009,-5.048865428350419,-152.10318317030215,False
BTC,train,2021-09-18 05:00:00+00:00,2021-09-18 20:00:00+00:00,1,48281.5,48246.5,0.24634244757459067,4.755788755896018,0.852736318766474,-14.23051073977149,False
BTC,train,2021-09-19 12:00:00+00:00,2021-09-21 08:00:00+00:00,-1,47370.0,43250.5,0.25078219066567087,4.545201501843685,-6.207541033056227,1034.7595739784483,True
BTC,train,2021-09-21 21:00:00+00:00,2021-09-22 07:00:00+00:00,-1,40959.5,42270.0,0.3152946678013959,5.248363510755256,2.227956647667445,-420.66998231215257,False
BTC,train,2021-09-23 18:00:00+00:00,2021-09-24 05:00:00+00:00,1,44780.0,44249.0,0.2790004904756392,4.967826933311136,-2.0004494955915484,-151.11663788028454,False
BTC,train,2021-09-24 10:00:00+00:00,2021-09-24 23:00:00+00:00,-1,42382.5,43001.0,0.2912174913140763,4.973033733923087,4.139155583318826,-189.23020769499817,False
BTC,train,2021-09-26 03:00:00+00:00,2021-09-26 10:00:00+00:00,-1,42068.5,43235.5,0.288892998750225,4.928745673077839,-1.063698604654602,-341.0031766099328,False
BTC,train,2021-09-28 00:00:00+00:00,2021-09-29 03:00:00+00:00,-1,42170.0,41690.0,0.28011126254005,4.698026095321719,-3.95677991612972,133.7121598400281,True
BTC,train,2021-10-01 08:00:00+00:00,2021-10-02 10:00:00+00:00,1,44729.0,47699.5,0.26707514366862517,4.937070983315104,-7.399088379564576,795.8087316639012,True
BTC,train,2021-10-03 01:00:00+00:00,2021-10-03 04:00:00+00:00,-1,47263.0,47874.0,0.26959382250000713,5.129669498236636,-0.4819545614446534,-169.3695404842947,False
BTC,train,2021-10-03 18:00:00+00:00,2021-10-03 22:00:00+00:00,1,48915.0,47790.0,0.2570263373675466,4.9711463910257185,0.6229049350248578,-294.7486808645408,False
BTC,train,2021-10-04 17:00:00+00:00,2021-10-06 09:00:00+00:00,1,48555.5,50685.5,0.25285898840438265,5.018795773647868,-9.826459211349695,543.3973087390368,True
BTC,train,2021-10-06 13:00:00+00:00,2021-10-07 09:00:00+00:00,1,52715.0,54630.0,0.2432152503122079,5.221588208952792,1.8746907271875883,458.6609254117393,True
BTC,train,2021-10-08 08:00:00+00:00,2021-10-08 14:00:00+00:00,1,54810.0,54227.0,0.2422870433428166,5.283650468994139,8.079470505001447,-154.61646724285856,False
BTC,train,2021-10-10 05:00:00+00:00,2021-10-10 10:00:00+00:00,1,55919.5,55029.5,0.23471483790765152,5.208275310203206,0.9962372142640931,-215.10071826227613,False
BTC,train,2021-10-11 04:00:00+00:00,2021-10-12 01:00:00+00:00,1,56536.5,56933.0,0.22834868907899575,5.1821223150898215,6.145043476147652,79.21308942858377,True
BTC,train,2021-10-12 17:00:00+00:00,2021-10-13 15:00:00+00:00,-1,55990.5,55785.0,0.23199022601232758,5.186164701528185,-5.591803818418507,48.07963056242261,True
BTC,train,2021-10-15 03:00:00+00:00,2021-10-16 10:00:00+00:00,1,59118.0,61528.0,0.22053060624692394,5.3212271042532775,8.577658263050733,517.5798756877812,True
BTC,train,2021-10-17 21:00:00+00:00,2021-10-17 23:00:00+00:00,-1,59441.0,61340.0,0.22803970753845715,5.508572783240478,-3.1191895683849262,-435.43678783038195,False
BTC,train,2021-10-18 01:00:00+00:00,2021-10-18 10:00:00+00:00,1,62467.0,61272.5,0.21002243533326476,5.197614227384102,10.691711511253311,-266.7611247442219,False
BTC,train,2021-10-20 14:00:00+00:00,2021-10-21 02:00:00+00:00,1,66150.0,65150.5,0.19429645265636927,5.102244276401523,5.70212289748987,-205.00367160393216,False
BTC,train,2021-10-21 15:00:00+00:00,2021-10-22 08:00:00+00:00,-1,63714.5,63361.0,0.1985059393327248,5.045048298735135,-38.78690076188506,103.91370201727295,True
BTC,train,2021-10-22 15:00:00+00:00,2021-10-23 09:00:00+00:00,-1,61643.5,61110.0,0.20686074563631474,5.078576107893472,-15.303307772377151,120.58493946145245,True
BTC,train,2021-10-24 12:00:00+00:00,2021-10-24 21:00:00+00:00,-1,60363.0,61186.0,0.2132466132083167,5.183982517771537,-8.080646871167026,-172.60529831704844,False
BTC,train,2021-10-25 01:00:00+00:00,2021-10-25 21:00:00+00:00,1,61827.5,62610.0,0.20540374452754148,5.111985691929188,20.597709152231545,135.01873524864095,True
BTC,train,2021-10-26 22:00:00+00:00,2021-10-28 06:00:00+00:00,-1,60884.5,59058.5,0.21080272893799262,5.05686234340193,-31.93392056033664,411.80284125770595,True
BTC,train,2021-10-28 09:00:00+00:00,2021-10-29 06:00:00+00:00,1,60559.0,61000.0,0.2187358046084466,5.317861134479632,14.597999397024939,76.5466293008194,True
BTC,train,2021-10-29 16:00:00+00:00,2021-10-30 04:00:00+00:00,1,62325.0,61749.0,0.2137660364313476,5.304561440836604,8.70750327085319,-137.1413016961469,False
BTC,train,2021-10-31 01:00:00+00:00,2021-10-31 05:00:00+00:00,1,62354.5,61470.0,0.21146552243843814,5.236922516635676,3.2542435687176408,-195.53242068215332,False
BTC,train,2021-11-02 10:00:00+00:00,2021-11-03 05:00:00+00:00,1,63116.5,62811.5,0.2058145571792707,5.18356311129424,11.644427613373688,-79.60143066434284,False
BTC,train,2021-11-03 13:00:00+00:00,2021-11-03 19:00:00+00:00,-1,62496.5,63214.5,0.20658265770948925,5.193942496663521,-7.391922032152068,-146.12836869992316,False
BTC,train,2021-11-06 11:00:00+00:00,2021-11-06 20:00:00+00:00,-1,60549.5,61198.0,0.21081205788389948,5.1331682034440105,-14.189937317949587,-127.65485042320688,False
BTC,train,2021-11-08 00:00:00+00:00,2021-11-09 15:00:00+00:00,1,63264.0,67429.0,0.1997488279024084,5.221154713009891,6.9140581386075155,819.8186553619125,True
BTC,train,2021-11-10 14:00:00+00:00,2021-11-10 20:00:00+00:00,1,68028.5,66676.0,0.19781016050302266,5.329183753095883,6.013803401675701,-278.88122923511037,False
BTC,train,2021-11-10 22:00:00+00:00,2021-11-11 15:00:00+00:00,-1,64275.0,65167.0,0.20502290586611852,5.307714996224423,-14.54602167339774,-173.64212535540355,False
BTC,train,2021-11-12 10:00:00+00:00,2021-11-12 22:00:00+00:00,-1,63832.5,64134.5,0.20372388907201447,5.213986982575696,-3.8267714141843174,-62.91183006814572,False
BTC,train,2021-11-13 15:00:00+00:00,2021-11-13 20:00:00+00:00,1,64705.5,63950.5,0.20000298767680055,5.146316876509291,1.610851349406564,-157.75942392190154,False
BTC,train,2021-11-14 17:00:00+00:00,2021-11-14 23:00:00+00:00,-1,63774.0,64566.5,0.20045055814594218,5.145184971545858,-0.9662957190462942,-163.03595658315498,False
BTC,train,2021-11-15 00:00:00+00:00,2021-11-15 15:00:00+00:00,1,65529.5,64940.0,0.19259261765489072,5.025492505824953,3.1774562325415774,-121.73629684592561,False
BTC,train,2021-11-18 16:00:00+00:00,2021-11-19 12:00:00+00:00,-1,58145.5,57036.0,0.2149566456866006,4.951805777030238,-10.011840822705917,243.55443343495972,True
BTC,train,2021-11-20 19:00:00+00:00,2021-11-21 04:00:00+00:00,1,59458.0,58729.0,0.2143078488211039,5.065680345723962,1.764606905627221,-163.0607090419344,False
BTC,train,2021-11-23 15:00:00+00:00,2021-11-24 03:00:00+00:00,1,57686.5,56271.5,0.21806237795954445,4.969990493502753,1.8770735108228904,-315.4053288170817,False
BTC,train,2021-11-26 08:00:00+00:00,2021-11-27 04:00:00+00:00,-1,57024.5,54375.5,0.21506282452886355,4.79159973050308,-9.19754554585921,574.1073679923156,True
BTC,train,2021-11-27 09:00:00+00:00,2021-11-27 21:00:00+00:00,1,55080.5,54264.5,0.23307626846776072,5.09714491512146,12.222285884982949,-207.50966586979666,False
BTC,train,2021-11-28 22:00:00+00:00,2021-11-30 02:00:00+00:00,1,56314.5,57294.5,0.22428411402869064,5.0961387821371025,8.52780699285102,206.17448597312796,True
BTC,train,2021-12-01 15:00:00+00:00,2021-12-01 21:00:00+00:00,1,58577.5,56788.5,0.21913912723215956,5.056240910453064,3.9107820954424573,-401.00692162423,False
BTC,train,2021-12-03 17:00:00+00:00,2021-12-04 20:00:00+00:00,-1,55033.0,49249.5,0.22596651652313332,4.71287065186473,-11.053779420560385,1313.218257080236,True
BTC,train,2021-12-05 16:00:00+00:00,2021-12-05 18:00:00+00:00,-1,47930.0,49245.5,0.2868523588753981,5.57500427997925,-0.17478371020731243,-382.7544986703597,False
BTC,train,2021-12-06 10:00:00+00:00,2021-12-06 16:00:00+00:00,-1,47438.0,48941.5,0.28175890767375256,5.431156528428486,-1.0210942814096793,-428.03457993450866,False
BTC,train,2021-12-06 23:00:00+00:00,2021-12-07 18:00:00+00:00,1,50720.5,50989.0,0.2550851131651495,5.188915863494154,2.860425147065734,60.441011874283504,True
BTC,train,2021-12-08 11:00:00+00:00,2021-12-08 15:00:00+00:00,-1,49206.0,50710.0,0.2641646444370046,5.278854922713551,-0.6542450176739352,-401.9282351382899,False
BTC,train,2021-12-10 14:00:00+00:00,2021-12-10 16:00:00+00:00,1,49595.0,47975.0,0.25398845163885386,4.956330645280595,0.3055004844868589,-416.72312278470963,False
BTC,train,2021-12-12 00:00:00+00:00,2021-12-12 10:00:00+00:00,1,49353.0,48820.5,0.2467901472300417,4.8456505038177,1.5140529259410453,-137.77545682975688,False
BTC,train,2021-12-14 22:00:00+00:00,2021-12-15 13:00:00+00:00,1,48267.0,47572.5,0.24948844302348377,4.7821695270298346,1.483363337207618,-179.5352565440462,False
BTC,train,2021-12-15 16:00:00+00:00,2021-12-15 20:00:00+00:00,-1,46608.5,48688.5,0.2545141642161933,4.850887261462114,-0.606391131239765,-533.6339576999035,False
BTC,train,2021-12-16 18:00:00+00:00,2021-12-18 06:00:00+00:00,-1,48132.0,46586.0,0.23537125956059465,4.45877899261208,-4.983781942413848,364.40897023049183,True
BTC,train,2021-12-19 04:00:00+00:00,2021-12-19 17:00:00+00:00,1,47701.0,47190.0,0.24513738570262747,4.652266333341605,1.8877846219920065,-131.80525504937577,False
BTC,train,2021-12-21 04:00:00+00:00,2021-12-22 01:00:00+00:00,1,47939.5,48632.5,0.24116841394573696,4.658023214313543,3.0822589436438403,159.3894287064395,True
BTC,train,2021-12-23 18:00:00+00:00,2021-12-24 15:00:00+00:00,1,50050.5,50733.5,0.2341811292406289,4.7203421858775085,3.132371657553267,152.09299742791882,True
BTC,train,2021-12-24 19:00:00+00:00,2021-12-24 22:00:00+00:00,1,51580.0,50864.0,0.23018564572481612,4.716227658126613,0.44037103615671735,-169.9695210332502,False
BTC,train,2021-12-26 00:00:00+00:00,2021-12-26 17:00:00+00:00,-1,50406.0,50239.0,0.23217486183098768,4.673447793795951,-2.4663224536791466,36.56607658565554,True
BTC,train,2021-12-26 22:00:00+00:00,2021-12-27 22:00:00+00:00,1,50765.0,50967.5,0.23125326823674622,4.705194622178956,3.5407028913106307,38.58288930445087,True
BTC,train,2021-12-29 13:00:00+00:00,2021-12-29 15:00:00+00:00,-1,46832.0,47809.5,0.25149801527465987,4.760429882523344,-0.2992810663142498,-250.30045874719326,False
BTC,train,2021-12-30 00:00:00+00:00,2021-12-30 12:00:00+00:00,-1,46450.0,47475.5,0.2481777092055044,4.66204308519632,-1.7422075186226407,-257.4260763568127,False
BTC,train,2021-12-31 09:00:00+00:00,2021-12-31 17:00:00+00:00,1,48419.5,47476.5,0.2327663134943332,4.4642716797705155,1.1161406594155958,-225.0790459643431,False
BTC,train,2021-12-31 20:00:00+00:00,2022-01-01 06:00:00+00:00,-1,45692.0,47183.5,0.24173486540914216,4.4902492984613565,-1.4069679262979213,-363.6308331298969,False
BTC,train,2022-01-03 17:00:00+00:00,2022-01-04 08:00:00+00:00,-1,46500.0,46512.0,0.22971437929343283,4.273238769368154,-1.9932086976911874,-5.0366026232004515,False
BTC,train,2022-01-04 15:00:00+00:00,2022-01-04 19:00:00+00:00,1,47298.0,45737.0,0.22573220927991514,4.200199218071381,0.5247836509602547,-357.0929615549776,False
BTC,train,2022-01-05 20:00:00+00:00,2022-01-06 19:00:00+00:00,-1,44665.5,43357.0,0.23104161092938505,4.06737203960636,-2.8666675597372335,301.11724342122034,True
BTC,train,2022-01-07 04:00:00+00:00,2022-01-08 01:00:00+00:00,-1,41791.5,41982.0,0.25413556145119626,4.2579650914463585,-2.792937113570574,-49.877852434326996,False
BTC,train,2022-01-08 17:00:00+00:00,2022-01-08 22:00:00+00:00,-1,41349.0,41782.0,0.255648950735286,4.250470584715012,-0.6557060047112244,-114.29076024838469,False
BTC,train,2022-01-09 20:00:00+00:00,2022-01-10 00:00:00+00:00,1,42683.0,41856.0,0.24498132051882382,4.142095171068169,0.5168064692334978,-207.25845370936804,False
BTC,train,2022-01-10 13:00:00+00:00,2022-01-10 17:00:00+00:00,-1,40968.0,41899.0,0.2501776813609546,4.146294784267645,-0.5143184045628675,-236.54739772675748,False
BTC,train,2022-01-11 17:00:00+00:00,2022-01-13 12:00:00+00:00,1,42671.0,43619.0,0.2346495711904767,4.049582299605246,1.4283473604825152,216.96986382848263,True
BTC,train,2022-01-13 15:00:00+00:00,2022-01-13 16:00:00+00:00,1,44122.0,43197.5,0.23185036299572354,4.049011554321016,0.11413750144758039,-218.5088096453146,False
BTC,train,2022-01-13 16:00:00+00:00,2022-01-14 15:00:00+00:00,-1,43197.5,42951.5,0.23175398822737425,3.993074866360013,-2.8396946539118546,55.85810089147708,True
BTC,train,2022-01-15 13:00:00+00:00,2022-01-15 15:00:00+00:00,-1,42696.5,43154.0,0.23578164503749666,4.048394423458322,-0.17129147929086758,-111.74720554882333,False
BTC,train,2022-01-17 22:00:00+00:00,2022-01-18 22:00:00+00:00,-1,41753.0,42357.0,0.23843325753346234,4.010924258227904,-2.9982654289103783,-145.02634637952542,False
BTC,train,2022-01-20 15:00:00+00:00,2022-01-20 22:00:00+00:00,1,42940.0,41322.5,0.2284647753939247,3.8502026273261163,0.8547209944649815,-374.2466978214652,False
BTC,train,2022-01-21 02:00:00+00:00,2022-01-23 01:00:00+00:00,-1,39770.0,35383.0,0.23726504293672773,3.56623595436478,-4.549168828950153,1041.8646762380085,True
BTC,train,2022-01-24 11:00:00+00:00,2022-01-24 18:00:00+00:00,-1,33270.5,35322.5,0.3149305070206841,4.320405653613957,-0.9353160494320675,-649.6224900106208,False
BTC,train,2022-01-25 18:00:00+00:00,2022-01-26 20:00:00+00:00,1,37229.0,37549.5,0.26399508296814445,3.948231262346678,-3.1565535858635645,83.81874641480681,True
BTC,train,2022-01-29 21:00:00+00:00,2022-01-30 01:00:00+00:00,1,38305.0,37806.5,0.25876756794767936,3.939037549569959,0.06140451494944224,-132.9960746864399,False
BTC,train,2022-01-30 20:00:00+00:00,2022-01-31 15:00:00+00:00,-1,37517.5,37470.0,0.26065424443391527,3.9091620308976447,-1.0485684983795456,9.520483078091274,True
BTC,train,2022-01-31 17:00:00+00:00,2022-02-01 10:00:00+00:00,1,38278.5,38235.5,0.25572099477846594,3.9132472388959085,-4.012687768623122,-10.896562245747191,False
BTC,train,2022-02-01 14:00:00+00:00,2022-02-01 19:00:00+00:00,1,38844.0,38502.5,0.2517176278545402,3.893895500570239,-1.5054322042392947,-88.3500332086569,False
BTC,train,2022-02-02 15:00:00+00:00,2022-02-03 16:00:00+00:00,-1,37710.0,36867.0,0.2569442986786822,3.8324269925120165,-2.504307487753267,215.27592428136631,True
BTC,train,2022-02-04 16:00:00+00:00,2022-02-05 17:00:00+00:00,1,39479.5,41270.0,0.2508807210692757,4.051698557196696,-3.8078654812250217,448.9580979985658,True
BTC,train,2022-02-06 15:00:00+00:00,2022-02-06 17:00:00+00:00,-1,41283.0,41618.5,0.2507958124519302,4.158269809196739,0.0877925088575928,-88.38805739567579,False
BTC,train,2022-02-07 00:00:00+00:00,2022-02-08 09:00:00+00:00,1,42350.0,43989.5,0.24238997563299552,4.1855658602330035,-4.5713449948693725,397.7841441849323,True
BTC,train,2022-02-14 02:00:00+00:00,2022-02-14 07:00:00+00:00,-1,41674.0,42179.5,0.2558669581091878,4.291067994361756,0.4238976560090066,-134.05571297456663,False
BTC,train,2022-02-15 02:00:00+00:00,2022-02-16 02:00:00+00:00,1,43419.5,44000.0,0.24249343956673214,4.239731048040788,0.5373420687377637,135.99036855170925,True
BTC,train,2022-02-16 14:00:00+00:00,2022-02-16 20:00:00+00:00,-1,43637.5,44202.0,0.2443983790964064,4.293566284127758,-0.8012967456244329,-141.455154538422,False
BTC,train,2022-02-17 14:00:00+00:00,2022-02-19 05:00:00+00:00,-1,42234.5,40204.0,0.24916783940335538,4.108204585730702,-4.561889747140942,506.3889830699245,True
BTC,train,2022-02-20 05:00:00+00:00,2022-02-20 23:00:00+00:00,-1,39549.5,38819.0,0.27888767484673477,4.371201749245267,-2.4096662047863706,201.76591093107163,True
BTC,train,2022-02-21 02:00:00+00:00,2022-02-21 11:00:00+00:00,1,39122.5,38277.5,0.28708886209424267,4.444135585218877,0.18058723741847219,-247.21481129227323,False
BTC,train,2022-02-23 09:00:00+00:00,2022-02-23 18:00:00+00:00,1,38644.5,38069.0,0.28424275630399504,4.361051337145305,-1.8050924077202972,-166.1376651823739,False
BTC,train,2022-02-24 04:00:00+00:00,2022-02-24 17:00:00+00:00,-1,34902.0,36115.0,0.30996165064487313,4.402509308769391,0.15751473798815638,-380.54350627898384,False
BTC,train,2022-02-24 21:00:00+00:00,2022-02-25 19:00:00+00:00,1,38398.0,38625.5,0.271830252214396,4.187463486287106,-0.5987964248667674,58.25271531735598,True
BTC,train,2022-02-27 02:00:00+00:00,2022-02-27 10:00:00+00:00,-1,38214.5,39068.5,0.2746598997722261,4.24530820681939,0.5005506535273907,-239.30541326582897,False
BTC,train,2022-02-27 20:00:00+00:00,2022-02-28 08:00:00+00:00,-1,37567.0,38325.0,0.27302380617509797,4.144064539648108,0.16648759630322224,-211.26259721668066,False
BTC,train,2022-02-28 15:00:00+00:00,2022-03-01 17:00:00+00:00,1,39795.0,43371.0,0.25242926823377876,4.198706504386088,-1.0122008085957668,899.5005575082032,True
BTC,train,2022-03-02 15:00:00+00:00,2022-03-02 18:00:00+00:00,1,44803.0,43741.0,0.24428996466467487,4.3260821262537945,0.12804133225810987,-263.8900659323972,False
BTC,train,2022-03-03 16:00:00+00:00,2022-03-05 15:00:00+00:00,-1,42519.5,39120.5,0.25120317080255017,4.10164537286404,-5.92008801701274,855.658020202025,True
BTC,train,2022-03-06 10:00:00+00:00,2022-03-06 17:00:00+00:00,-1,38686.5,39201.0,0.29820974348005264,4.645362279060519,1.0836209451277818,-159.15789624467834,False
BTC,train,2022-03-09 04:00:00+00:00,2022-03-09 23:00:00+00:00,1,41194.5,41889.5,0.2761905920668142,4.589403830255838,1.6930017912548074,185.6700558649245,True
BTC,train,2022-03-10 02:00:00+00:00,2022-03-10 21:00:00+00:00,-1,40923.5,39585.0,0.2825565604301026,4.549640969077382,-2.6420309904736525,376.2943461570849,True
BTC,train,2022-03-11 02:00:00+00:00,2022-03-11 08:00:00+00:00,-1,38650.0,39099.5,0.3089132664144473,4.803570401418014,0.5835697915375053,-144.2436534462522,False
BTC,train,2022-03-13 12:00:00+00:00,2022-03-13 19:00:00+00:00,-1,38740.0,38980.0,0.30447222750315267,4.732716304309005,0.29800338391630077,-78.10405428898048,False
BTC,train,2022-03-13 23:00:00+00:00,2022-03-14 07:00:00+00:00,-1,37722.0,38658.5,0.31061847301795115,4.745038855669524,-1.0135661274970416,-294.62567270947875,False
BTC,train,2022-03-16 03:00:00+00:00,2022-03-16 04:00:00+00:00,1,40866.0,39143.5,0.2795116812625086,4.472717972394536,0.04567894844370834,-485.9772678955087,False
BTC,train,2022-03-18 01:00:00+00:00,2022-03-18 16:00:00+00:00,-1,40315.5,40897.0,0.27127400375979877,4.4061680060685315,-2.062796347452409,-160.08920484493683,False
BTC,train,2022-03-18 17:00:00+00:00,2022-03-19 12:00:00+00:00,1,41379.5,41711.0,0.2604298721283058,4.327849658015399,0.007933131752750427,81.99671982076688,True
BTC,train,2022-03-19 21:00:00+00:00,2022-03-20 03:00:00+00:00,1,42165.5,41810.0,0.2575198826897344,4.3250721817623585,0.8111264695005246,-96.68451694746364,False
BTC,train,2022-03-22 03:00:00+00:00,2022-03-22 20:00:00+00:00,1,41822.0,42268.0,0.2573231814979325,4.327661266432228,0.8892250471989249,109.5492526344442,True
BTC,train,2022-03-24 00:00:00+00:00,2022-03-25 17:00:00+00:00,1,42851.5,44150.5,0.2536975216559742,4.414438355822614,-2.369094933311883,327.507737208598,True
BTC,train,2022-03-27 21:00:00+00:00,2022-03-29 00:00:00+00:00,1,46099.5,47122.5,0.2429273004360042,4.529233760249037,0.9302165299788208,243.0551780558053,True
BTC,train,2022-03-30 02:00:00+00:00,2022-03-30 06:00:00+00:00,-1,46866.0,47456.0,0.2441403632591939,4.605561468666737,0.1709852536998831,-148.81936104528722,False
BTC,train,2022-03-31 15:00:00+00:00,2022-04-01 14:00:00+00:00,-1,46700.0,45410.5,0.24182147544882426,4.454859402865786,-3.078084128660462,310.4520173170549,True
BTC,train,2022-04-02 19:00:00+00:00,2022-04-03 05:00:00+00:00,-1,45837.0,46361.0,0.25314734648378273,4.66793581022236,-1.4568123495448728,-135.86033301817588,False
BTC,train,2022-04-03 22:00:00+00:00,2022-04-04 00:00:00+00:00,1,46994.0,46411.5,0.24402380277820515,4.558633062079928,0.2839643986979279,-146.9864625790815,False
BTC,train,2022-04-05 15:00:00+00:00,2022-04-07 12:00:00+00:00,-1,45818.0,43739.5,0.24707905463311125,4.425556487060972,-6.184353219852671,515.31261178772,True
BTC,train,2022-04-08 13:00:00+00:00,2022-04-08 15:00:00+00:00,-1,43158.0,43734.5,0.274247665252505,4.766013050590658,-0.2970684990973291,-162.57272356955946,False
BTC,train,2022-04-10 00:00:00+00:00,2022-04-10 10:00:00+00:00,1,42726.5,42508.0,0.2732123626648111,4.657423825110769,1.4575247744579007,-65.81184984182983,False
BTC,train,2022-04-10 18:00:00+00:00,2022-04-10 22:00:00+00:00,1,43077.0,42700.0,0.26946157261546116,4.622721062847282,-0.11323180214679925,-106.09650213673012,False
BTC,train,2022-04-13 16:00:00+00:00,2022-04-14 10:00:00+00:00,1,41140.0,41172.0,0.2795697535590542,4.602389110990575,0.02601073129608325,4.317832271601219,True
BTC,train,2022-04-14 14:00:00+00:00,2022-04-15 08:00:00+00:00,-1,40602.5,40225.5,0.2833770702220576,4.580960366381695,-2.0965959761858506,104.3487910835247,True
BTC,train,2022-04-16 16:00:00+00:00,2022-04-16 22:00:00+00:00,-1,40058.5,40464.5,0.2898302803343764,4.667600732672998,-0.12403253661342542,-122.21466201181829,False
BTC,train,2022-04-18 00:00:00+00:00,2022-04-18 17:00:00+00:00,-1,39662.0,39433.5,0.2896463018194443,4.581943813111971,-0.27794004667546324,61.880176199305424,True
BTC,train,2022-04-18 19:00:00+00:00,2022-04-20 08:00:00+00:00,1,40633.0,41323.0,0.28424757706696785,4.659158885220084,-0.09200770027419891,191.5636769912635,True
BTC,train,2022-04-20 11:00:00+00:00,2022-04-20 16:00:00+00:00,1,41791.5,41245.5,0.28095175995007043,4.6658782581948,0.7322112089363745,-158.79775039986816,False
BTC,train,2022-04-21 11:00:00+00:00,2022-04-21 17:00:00+00:00,1,42223.0,41814.5,0.2743196297172986,4.610627176473496,0.5153125621261602,-117.18550847811639,False
BTC,train,2022-04-22 16:00:00+00:00,2022-04-23 09:00:00+00:00,-1,39416.5,39600.0,0.29087849547969463,4.596840127614258,1.7183978194730536,-59.69144186761514,False
BTC,train,2022-04-25 01:00:00+00:00,2022-04-25 15:00:00+00:00,-1,38837.0,39056.0,0.29368181824568756,4.575151573722268,-0.05571987986825419,-68.83574988965847,False
BTC,train,2022-04-25 20:00:00+00:00,2022-04-26 13:00:00+00:00,1,40211.0,40279.5,0.2819349189355676,4.538616518516661,1.5588425222713536,13.215082906299358,True
BTC,train,2022-04-26 14:00:00+00:00,2022-04-27 08:00:00+00:00,-1,39796.5,39103.5,0.28520347538663976,4.500510841601176,-2.466455697839151,195.61195329917427,True
BTC,train,2022-04-28 18:00:00+00:00,2022-04-29 03:00:00+00:00,1,40249.5,39509.5,0.28685355250434375,4.575830498838791,-0.6846091920076413,-216.16285016004622,False
BTC,train,2022-04-29 11:00:00+00:00,2022-05-01 16:00:00+00:00,-1,38791.0,38467.0,0.29206643838425245,4.512893779338115,-2.4548439992745608,92.57147625642756,True
BTC,train,2022-05-03 17:00:00+00:00,2022-05-04 06:00:00+00:00,-1,38149.5,38070.5,0.2994042041866857,4.564117688621836,-1.842653234246538,20.93146767637154,True
BTC,train,2022-05-04 09:00:00+00:00,2022-05-05 09:00:00+00:00,1,38950.0,39479.0,0.2937882453221139,4.608303658473615,2.8242930336432086,147.98138508328157,True
BTC,train,2022-05-05 14:00:00+00:00,2022-05-07 09:00:00+00:00,-1,39005.5,35996.5,0.2971640804599253,4.457580072531064,-2.2274716535215493,891.9366096849117,True
BTC,train,2022-05-07 22:00:00+00:00,2022-05-08 20:00:00+00:00,-1,34986.5,34581.0,0.35679391051018333,4.964252073883436,-2.5101826543174974,142.22586129231786,True
BTC,train,2022-05-09 03:00:00+00:00,2022-05-10 06:00:00+00:00,-1,33505.5,31819.0,0.3768096584547865,4.92298050674594,-4.076783766874756,634.6432922441254,True
BTC,train,2022-05-11 13:00:00+00:00,2022-05-11 14:00:00+00:00,-1,29294.0,31211.5,0.45264693464876676,5.477525820878192,-0.1765973725098748,-873.2514256373815,False
BTC,train,2022-05-14 23:00:00+00:00,2022-05-15 09:00:00+00:00,1,30221.5,29571.5,0.40986012864892846,4.901353334461076,0.3834100457832329,-271.6938470020468,False
BTC,train,2022-05-15 21:00:00+00:00,2022-05-16 04:00:00+00:00,1,31049.5,30313.0,0.3901800038957646,4.7884840978107714,0.40457398029838165,-292.5606309473387,False
BTC,train,2022-05-19 16:00:00+00:00,2022-05-20 07:00:00+00:00,1,30378.0,30003.5,0.3891741852661204,4.6997842135292505,-2.2540791305835457,-148.1914374651078,False
BTC,train,2022-05-20 15:00:00+00:00,2022-05-21 08:00:00+00:00,-1,29487.5,29407.5,0.3959013806714404,4.663322362928897,-2.454336173032752,29.463124263824284,True
BTC,train,2022-05-21 16:00:00+00:00,2022-05-21 22:00:00+00:00,1,29529.5,29336.5,0.3963360397843825,4.666143463589492,-0.9644425908404628,-80.19455655113416,False
BTC,train,2022-05-22 10:00:00+00:00,2022-05-23 15:00:00+00:00,1,30125.5,30246.5,0.3858329498352488,4.658701369490728,1.603070344624895,40.42401521594729,True
BTC,train,2022-05-25 03:00:00+00:00,2022-05-25 12:00:00+00:00,1,30099.0,29403.5,0.3875156830950442,4.611630386672573,0.7565698078239074,-274.88535778709957,False
BTC,train,2022-05-26 09:00:00+00:00,2022-05-26 17:00:00+00:00,-1,29000.0,29567.5,0.39272238578243573,4.60015366586256,-1.1448618445180456,-226.3252457528797,False
BTC,train,2022-05-27 18:00:00+00:00,2022-05-28 04:00:00+00:00,-1,28374.0,28802.0,0.39341030316267556,4.498725498725827,-1.411524203160548,-171.46681104919116,False
BTC,train,2022-05-29 11:00:00+00:00,2022-05-31 14:00:00+00:00,1,29131.0,31387.5,0.37730105835325134,4.566738819990248,4.228172390980323,842.5849269631399,True
BTC,train,2022-05-31 17:00:00+00:00,2022-05-31 19:00:00+00:00,1,32138.5,31667.0,0.36821077703849603,4.698774546865952,0.29353763145508904,-178.60369355197327,False
BTC,train,2022-06-01 15:00:00+00:00,2022-06-02 11:00:00+00:00,-1,31166.0,30008.5,0.37396965809856036,4.575481369870076,-2.723406714749393,431.0178045939647,True
BTC,train,2022-06-03 11:00:00+00:00,2022-06-04 05:00:00+00:00,-1,29814.5,29703.0,0.405378462455976,4.82542252784471,0.0909856552067248,40.283290380793915,True
BTC,train,2022-06-05 16:00:00+00:00,2022-06-07 00:00:00+00:00,1,29951.5,31370.5,0.4048691871617278,4.965477659026295,1.9450580015063916,567.5988409219608,True
BTC,train,2022-06-07 01:00:00+00:00,2022-06-07 17:00:00+00:00,-1,30200.0,29904.5,0.4203323940462401,5.052773675590448,-1.5239339163111256,120.67938268138641,True
BTC,train,2022-06-07 20:00:00+00:00,2022-06-08 04:00:00+00:00,1,31049.5,30014.5,0.41271897076854175,5.040454246202047,0.13249522922443024,-432.33708422086784,False
BTC,train,2022-06-10 01:00:00+00:00,2022-06-11 05:00:00+00:00,-1,29735.0,29369.5,0.41642443580484173,4.922511613205454,-4.09559290144282,151.376212574909,True
BTC,train,2022-06-11 12:00:00+00:00,2022-06-12 16:00:00+00:00,-1,28734.0,28071.5,0.43619951316321703,4.955706288998625,-2.4884832704744126,286.5149544520973,True
BTC,train,2022-06-13 00:00:00+00:00,2022-06-14 08:00:00+00:00,-1,26567.5,22866.0,0.4825546914720608,4.7708734681768235,-2.38831466674381,1783.7936316823889,True
BTC,train,2022-06-18 07:00:00+00:00,2022-06-18 23:00:00+00:00,-1,19422.5,19184.5,0.7519148100072784,5.805835013990199,-2.8346812379869393,175.98457100572887,True
BTC,train,2022-06-19 11:00:00+00:00,2022-06-20 05:00:00+00:00,1,19884.0,19843.0,0.7433137179829056,5.905924814861377,-0.684016418970397,-35.69777083319059,False
BTC,train,2022-06-27 14:00:00+00:00,2022-06-28 07:00:00+00:00,-1,20726.5,20856.0,0.7113768459478881,5.916165539325611,-1.1428074601968614,-96.89665962937943,False
BTC,train,2022-06-28 09:00:00+00:00,2022-06-28 15:00:00+00:00,1,21105.0,20845.5,0.6940277440374093,5.822962175248268,-0.836386933513102,-185.08677481944324,False
BTC,train,2022-06-30 07:00:00+00:00,2022-07-01 00:00:00+00:00,-1,19409.5,19925.5,0.7451180485375759,5.86184368784511,0.4555333578695026,-390.79829009109744,False
BTC,train,2022-07-01 01:00:00+00:00,2022-07-01 11:00:00+00:00,1,20280.5,19060.0,0.6938473150562847,5.459260059594354,-2.3367553151748433,-849.9631527706151,False
BTC,train,2022-07-03 06:00:00+00:00,2022-07-03 17:00:00+00:00,-1,19036.0,19154.5,0.6945580647314755,5.305103954225483,-0.8282912059840059,-86.78194341892231,False
BTC,train,2022-07-03 20:00:00+00:00,2022-07-04 03:00:00+00:00,1,19480.0,19069.5,0.6742723499388832,5.198572390793796,0.6504629365152366,-282.63783497722034,False
BTC,train,2022-07-04 12:00:00+00:00,2022-07-05 09:00:00+00:00,1,19791.5,19890.5,0.6493791547801948,5.153732723997538,-1.1807573115554895,60.31556091079801,True
BTC,train,2022-07-07 15:00:00+00:00,2022-07-08 09:00:00+00:00,1,20902.0,21429.5,0.6177639987916479,5.230175342969728,-1.2396520854054516,321.8799861050302,True
BTC,train,2022-07-09 18:00:00+00:00,2022-07-09 23:00:00+00:00,1,21869.5,21620.5,0.605152522410117,5.263616639923198,0.8197055670273588,-156.7663002870704,False
BTC,train,2022-07-12 20:00:00+00:00,2022-07-13 08:00:00+00:00,-1,19387.5,19699.0,0.6745385835492448,5.273070469179512,-1.5770061870345464,-213.81483305773327,False
BTC,train,2022-07-14 18:00:00+00:00,2022-07-16 00:00:00+00:00,1,20721.5,20822.5,0.6207949210000845,5.158060839605502,2.547261297920097,54.99496488348086,True
BTC,train,2022-07-16 17:00:00+00:00,2022-07-17 14:00:00+00:00,1,21447.5,21114.0,0.6023451180970617,5.127342348777618,3.259348672783237,-209.2687879069308,False
BTC,train,2022-07-18 06:00:00+00:00,2022-07-18 19:00:00+00:00,1,21849.0,21831.5,0.5816983904288434,5.081775308625419,2.0975571328921867,-17.359054274022128,False
BTC,train,2022-07-19 16:00:00+00:00,2022-07-20 18:00:00+00:00,1,23113.5,23510.0,0.5491236324315131,5.120413135334131,4.199131257090267,208.4079758666703,True
BTC,train,2022-07-23 12:00:00+00:00,2022-07-23 23:00:00+00:00,-1,22225.0,22453.0,0.5804534107569156,5.186699497159495,-1.54372718760488,-135.98634996212786,False
BTC,train,2022-07-25 01:00:00+00:00,2022-07-25 21:00:00+00:00,-1,22320.5,22157.5,0.571877453646214,5.087193076655261,-2.545208016435054,90.67403988411206,True
BTC,train,2022-07-25 23:00:00+00:00,2022-07-26 23:00:00+00:00,-1,21649.5,21098.5,0.59379037594376,5.076670198168771,-3.5497771857177707,325.6516041325576,True
BTC,train,2022-07-27 19:00:00+00:00,2022-07-28 14:00:00+00:00,1,22547.0,22840.5,0.5845973454617904,5.306682403429402,1.6167564926189113,164.65588199698868,True
BTC,train,2022-07-28 16:00:00+00:00,2022-07-29 12:00:00+00:00,1,23731.5,23719.5,0.562356877151633,5.336879235544427,3.3601245177467933,-15.445286279111315,False
BTC,train,2022-07-29 13:00:00+00:00,2022-07-29 15:00:00+00:00,-1,23507.0,24022.0,0.5670705297930347,5.390459042106629,-0.3381902313961323,-297.0935916541239,False
BTC,train,2022-07-30 13:00:00+00:00,2022-07-30 20:00:00+00:00,1,24363.0,23914.0,0.5349519087218628,5.165174659473074,0.9805223406883689,-246.3391040162769,False
BTC,train,2022-07-31 23:00:00+00:00,2022-08-01 15:00:00+00:00,-1,23377.5,23417.5,0.5469658538412776,5.119053426100518,-2.539364979756498,-24.458322599994062,False
BTC,train,2022-08-01 18:00:00+00:00,2022-08-02 00:00:00+00:00,-1,22957.5,23250.0,0.5559070423859075,5.137414932209364,-0.5016343972192326,-167.2385904328712,False
BTC,train,2022-08-07 00:00:00+00:00,2022-08-07 13:00:00+00:00,-1,22950.0,23104.5,0.5488016268035556,5.05495690432487,-2.048707342949181,-87.79610090252754,False
BTC,train,2022-08-08 07:00:00+00:00,2022-08-08 22:00:00+00:00,1,23709.0,23834.5,0.5275296821561042,5.016121488717747,-1.1726458293766193,62.36149945124998,True
BTC,train,2022-08-09 10:00:00+00:00,2022-08-10 09:00:00+00:00,-1,23470.0,23090.5,0.5355587019041467,4.987176188001604,-3.5486989871059356,201.8060501717282,True
BTC,train,2022-08-10 13:00:00+00:00,2022-08-11 16:00:00+00:00,1,23969.0,24337.0,0.5328286029397159,5.1477636987211834,4.356313412629603,186.5768487704645,True
BTC,train,2022-08-14 08:00:00+00:00,2022-08-14 13:00:00+00:00,1,24859.5,24519.0,0.5212472347646782,5.1476813163655315,0.8017205984058997,-183.4340853521444,False
BTC,train,2022-08-16 15:00:00+00:00,2022-08-16 21:00:00+00:00,-1,23707.0,23964.5,0.5388497721044574,5.1375553821755275,-0.9647162182429126,-142.92665548082914,False
BTC,train,2022-08-17 07:00:00+00:00,2022-08-17 08:00:00+00:00,1,24388.0,23778.5,0.5179426312858596,4.989496749966071,0.15394873572538514,-320.82947925442386,False
BTC,train,2022-08-19 01:00:00+00:00,2022-08-20 07:00:00+00:00,-1,22928.0,21295.0,0.536931063003538,4.748940479841092,-3.1668489475149704,875.2263343524446,True
BTC,train,2022-08-20 21:00:00+00:00,2022-08-21 02:00:00+00:00,-1,20811.5,21244.5,0.6335911273525485,5.3292616903877565,0.5328770795862118,-280.20709691362936,False
BTC,train,2022-08-22 08:00:00+00:00,2022-08-22 16:00:00+00:00,-1,21094.5,21387.5,0.6118075635821628,5.198161783219488,0.3295227290266079,-184.78730064181582,False
BTC,train,2022-08-26 12:00:00+00:00,2022-08-26 13:00:00+00:00,-1,21182.5,21628.5,0.6005423037574469,5.1419633132320115,-0.16236036521022423,-272.8214704238435,False
BTC,train,2022-08-26 16:00:00+00:00,2022-08-28 06:00:00+00:00,-1,20769.0,20042.5,0.5993627944974854,4.892178937526825,-3.3172415940069477,433.8621328588979,True
BTC,train,2022-08-29 00:00:00+00:00,2022-08-29 08:00:00+00:00,-1,19548.0,19877.5,0.6589946803651101,5.19623895414693,0.2744469250455803,-222.60943305949513,False
BTC,train,2022-08-30 15:00:00+00:00,2022-08-31 02:00:00+00:00,-1,19825.0,20222.0,0.6385583141850026,5.11446896163336,-1.1485707764981914,-257.47354891658324,False
BTC,train,2022-09-01 15:00:00+00:00,2022-09-01 21:00:00+00:00,-1,19690.0,20058.5,0.6298600827730367,5.00719870002081,-0.8855599967502303,-236.22507920513635,False
BTC,train,2022-09-02 18:00:00+00:00,2022-09-04 00:00:00+00:00,-1,19790.5,19821.5,0.6147252444655747,4.87009927675407,-3.070415022132647,-20.856166833056704,False
BTC,train,2022-09-04 08:00:00+00:00,2022-09-04 10:00:00+00:00,-1,19631.0,19760.5,0.6186574185605879,4.873968740645879,-0.3053770350192382,-84.68472740922152,False
BTC,train,2022-09-06 01:00:00+00:00,2022-09-06 02:00:00+00:00,1,20087.5,19764.5,0.6003822803411912,4.7852869272314305,0.1483281947475434,-198.85709167218556,False
BTC,train,2022-09-06 18:00:00+00:00,2022-09-07 14:00:00+00:00,-1,19097.5,18826.5,0.6210929160718154,4.710865549821506,-2.61315666857742,166.21847137421355,True
BTC,train,2022-09-07 19:00:00+00:00,2022-09-08 13:00:00+00:00,1,19063.0,19135.5,0.6309363917565812,4.8201647521027535,-0.35586122989390373,41.27858488014317,True
BTC,train,2022-09-09 04:00:00+00:00,2022-09-10 08:00:00+00:00,1,19930.0,21266.0,0.6055604124905093,4.989333350591805,-4.248204749771681,808.2875824864986,True
BTC,train,2022-09-12 00:00:00+00:00,2022-09-13 01:00:00+00:00,1,21810.0,22208.0,0.5904221276213824,5.197840242727602,-3.5637446770004324,233.353911227583,True
BTC,train,2022-09-13 13:00:00+00:00,2022-09-14 13:00:00+00:00,-1,21391.5,20302.5,0.6128817761564141,5.110698555013107,-3.1227126891955383,665.4402683685166,True
BTC,train,2022-09-14 19:00:00+00:00,2022-09-14 23:00:00+00:00,-1,19772.0,20286.5,0.6967378506483132,5.58205463803909,0.0603271905005659,-364.1140059870977,False
BTC,train,2022-09-15 15:00:00+00:00,2022-09-16 11:00:00+00:00,-1,19700.0,19785.0,0.6808013592401702,5.376288333919623,-1.510079292404738,-61.73432457693343,False
BTC,train,2022-09-16 14:00:00+00:00,2022-09-16 21:00:00+00:00,-1,19525.0,19743.0,0.6837414828401751,5.369832109633599,-0.4076095158477812,-154.0178658529403,False
BTC,train,2022-09-17 17:00:00+00:00,2022-09-18 10:00:00+00:00,1,20116.5,19826.0,0.6559806420899003,5.240301359335168,0.8687452713711994,-196.67142315782075,False
BTC,train,2022-09-18 10:00:00+00:00,2022-09-19 14:00:00+00:00,-1,19826.0,19095.5,0.6556725090004871,5.103951511812491,-3.31159290922831,477.17640922226565,True
BTC,train,2022-09-20 14:00:00+00:00,2022-09-21 10:00:00+00:00,-1,18911.5,18988.0,0.712610822656369,5.401518774653011,-2.92999079058043,-56.98625591728705,False
BTC,train,2022-09-21 18:00:00+00:00,2022-09-21 20:00:00+00:00,1,19902.0,18993.0,0.6742816459023533,5.2452369234744065,0.049351707000215586,-618.2166047557148,False
BTC,train,2022-09-23 14:00:00+00:00,2022-09-23 22:00:00+00:00,-1,18629.5,19003.5,0.6871540681173902,5.17193380909235,-0.188498429886864,-261.97905685510887,False
BTC,train,2022-09-24 23:00:00+00:00,2022-09-25 04:00:00+00:00,-1,18878.0,19041.5,0.6642312562314764,5.037463424133894,-0.7212323171143483,-112.91804150086318,False
BTC,train,2022-09-25 22:00:00+00:00,2022-09-26 08:00:00+00:00,-1,18732.0,18899.5,0.6633802911401318,4.992799085207974,-0.5294990052576127,-115.57949884592381,False
BTC,train,2022-09-26 09:00:00+00:00,2022-09-26 12:00:00+00:00,1,19263.5,18866.0,0.6390770168863926,4.873537423073941,0.45004975636331046,-259.3567013917782,False
BTC,train,2022-09-27 02:00:00+00:00,2022-09-27 16:00:00+00:00,1,19754.5,19879.0,0.6100637026196182,4.835791951554928,-1.0445090306104037,72.16164805519838,True
BTC,train,2022-09-29 13:00:00+00:00,2022-09-29 17:00:00+00:00,-1,19204.5,19435.5,0.6312929293371057,4.878631757917153,0.03598976882652101,-150.74328820361734,False
BTC,train,2022-09-30 15:00:00+00:00,2022-09-30 20:00:00+00:00,1,19975.5,19464.5,0.5993803295662601,4.727912039618659,0.2625677875697026,-311.2738282355458,False
BTC,train,2022-10-02 11:00:00+00:00,2022-10-02 20:00:00+00:00,-1,19095.0,19248.0,0.6107173576860583,4.683347129151306,-0.9486322429330459,-97.17447061218263,False
BTC,train,2022-10-03 15:00:00+00:00,2022-10-05 05:00:00+00:00,1,19405.5,20109.5,0.595937928649254,4.709697450115055,-0.5816672652845787,415.4122715842441,True
BTC,train,2022-10-07 13:00:00+00:00,2022-10-08 12:00:00+00:00,-1,19612.5,19528.0,0.6108291011338353,4.7816312865857755,-3.426606185449297,50.26003394467807,True
BTC,train,2022-10-08 22:00:00+00:00,2022-10-09 11:00:00+00:00,-1,19310.5,19476.5,0.6229846860481096,4.832741403549607,-1.5791250026254258,-106.66907428490595,False
BTC,train,2022-10-10 09:00:00+00:00,2022-10-11 12:00:00+00:00,-1,19229.5,19150.0,0.6200617127666926,4.759531701025856,-4.011152092187801,48.54652655611608,True
BTC,train,2022-10-13 11:00:00+00:00,2022-10-13 16:00:00+00:00,-1,18685.5,18946.0,0.6407119548421627,4.822190385728569,-0.7440067353118727,-170.9836478868001,False
BTC,train,2022-10-16 20:00:00+00:00,2022-10-16 22:00:00+00:00,1,19366.5,19138.5,0.6093532431939912,4.692629325836926,0.04283212955665355,-143.66800090362267,False
BTC,train,2022-10-18 19:00:00+00:00,2022-10-19 16:00:00+00:00,-1,19213.0,19262.0,0.6067439537507318,4.668894724111881,-2.5713242239334244,-31.828024233964243,False
BTC,train,2022-10-20 01:00:00+00:00,2022-10-20 05:00:00+00:00,-1,18968.5,19171.5,0.6128868154666338,4.675100628379482,-0.5845369697087053,-128.50658719839703,False
BTC,train,2022-10-21 13:00:00+00:00,2022-10-21 14:00:00+00:00,-1,18874.0,19052.5,0.6091468142407782,4.620561330060575,-0.14507212097903036,-113.20819555106027,False
BTC,train,2022-10-23 18:00:00+00:00,2022-10-24 05:00:00+00:00,1,19462.5,19328.0,0.5849109197908484,4.537797406829381,0.4428052164831281,-83.65112133518232,False
BTC,train,2022-10-25 14:00:00+00:00,2022-10-27 03:00:00+00:00,1,19463.0,20675.5,0.5805979373731801,4.660866061850678,-4.622953866027566,703.9370868691567,True
BTC,train,2022-10-28 17:00:00+00:00,2022-10-29 23:00:00+00:00,1,20695.5,20750.0,0.580035019301943,4.807968278495736,1.42838620359786,25.3755540698603,True
BTC,train,2022-11-02 20:00:00+00:00,2022-11-03 05:00:00+00:00,-1,20240.0,20346.0,0.5943424059304951,4.824396177419016,-0.8916968780912513,-66.93299432795902,False
BTC,train,2022-11-04 07:00:00+00:00,2022-11-05 14:00:00+00:00,1,20592.5,21266.0,0.5809181644630454,4.8632725974352775,-4.34168290837012,390.72679407679607,True
BTC,train,2022-11-06 02:00:00+00:00,2022-11-06 17:00:00+00:00,-1,21180.5,21249.0,0.5832385494101678,4.9493040064397436,0.018009056208544122,-44.919153697248476,False
BTC,train,2022-11-06 22:00:00+00:00,2022-11-07 20:00:00+00:00,-1,21114.5,20835.5,0.5829342367607478,4.890818246422675,-3.1596484479044613,160.90748225772586,True
BTC,train,2022-11-07 23:00:00+00:00,2022-11-08 17:00:00+00:00,-1,20456.0,20355.5,0.6095655271970344,4.975456702640354,-2.3329148445165266,58.61879362516629,True
BTC,train,2022-11-08 20:00:00+00:00,2022-11-10 07:00:00+00:00,-1,18250.5,16678.0,0.686440986162993,4.79527079703882,10.208175212064802,1064.4250047322057,True
BTC,train,2022-11-10 14:00:00+00:00,2022-11-11 02:00:00+00:00,1,17629.5,17244.0,0.770998396023705,5.3774825127465355,-11.778726543490627,-290.8186376363956,False
BTC,train,2022-11-13 07:00:00+00:00,2022-11-14 07:00:00+00:00,-1,16673.0,16634.5,0.7977866961592702,5.314456076464979,3.81373889605722,21.586592829611618,True
BTC,train,2022-11-16 14:00:00+00:00,2022-11-17 01:00:00+00:00,-1,16495.0,16681.5,0.8077044060559639,5.359361045503137,1.9177064617489339,-157.91393923668875,False
BTC,train,2022-11-18 01:00:00+00:00,2022-11-18 14:00:00+00:00,1,16941.0,16748.0,0.7771188382419241,5.236071308306435,-10.107619738636552,-145.11238735036204,False
BTC,train,2022-11-19 23:00:00+00:00,2022-11-20 09:00:00+00:00,1,16721.0,16607.5,0.7786650231030485,5.19034744449799,-1.5155891431105162,-92.05323842358302,False
BTC,train,2022-11-20 12:00:00+00:00,2022-11-22 13:00:00+00:00,-1,16524.0,15830.0,0.7823774275528014,5.0626078582086675,-3.2879516549322596,541.1952785183585,True
BTC,train,2022-11-22 14:00:00+00:00,2022-11-23 17:00:00+00:00,1,16155.0,16328.5,0.8337480588920365,5.416611014203894,-4.721195284281025,143.95987248784695,True
BTC,train,2022-11-25 05:00:00+00:00,2022-11-25 12:00:00+00:00,-1,16382.0,16511.0,0.8309827715717676,5.46670326106203,0.38628035012266987,-113.0497611439423,False
BTC,train,2022-11-26 02:00:00+00:00,2022-11-26 15:00:00+00:00,1,16613.5,16557.0,0.8125987903057607,5.390861634767447,-4.3859668186674226,-46.91672646837469,False
BTC,train,2022-11-28 00:00:00+00:00,2022-11-28 17:00:00+00:00,-1,16426.0,16295.0,0.8190182196685973,5.359819033155235,0.28272735606252275,101.64884038737,True
BTC,train,2022-11-29 05:00:00+00:00,2022-11-29 18:00:00+00:00,1,16428.5,16376.0,0.8250809335401131,5.4132734968633285,0.6845105990001429,-49.41453310671932,False
BTC,train,2022-11-30 01:00:00+00:00,2022-11-30 18:00:00+00:00,1,16828.5,16786.5,0.8025330590104305,5.3954297557271245,0.37029694929627777,-39.47211518346194,False
BTC,train,2022-11-30 20:00:00+00:00,2022-12-01 14:00:00+00:00,1,17043.5,17076.5,0.7900933181784004,5.391596803249405,-4.945167268637089,25.626649965275647,True
BTC,train,2022-12-01 16:00:00+00:00,2022-12-02 01:00:00+00:00,-1,16969.5,17035.5,0.7950488887909982,5.407127492667579,1.1202934610223967,-59.00064761389149,False
BTC,train,2022-12-05 01:00:00+00:00,2022-12-05 15:00:00+00:00,1,17201.0,17196.0,0.780918636749314,5.372251669653231,-4.746197147834954,-4.5306477055655705,False
BTC,train,2022-12-07 00:00:00+00:00,2022-12-07 07:00:00+00:00,1,17081.5,16944.5,0.7861166070321334,5.349680734175074,1.0888676894762184,-114.1365235870544,False
BTC,train,2022-12-07 08:00:00+00:00,2022-12-08 02:00:00+00:00,-1,16765.0,16817.0,0.7941493766437419,5.333824873290028,-2.6493113843653346,-43.98028107440041,False
BTC,train,2022-12-08 15:00:00+00:00,2022-12-09 14:00:00+00:00,1,16892.5,17144.0,0.7855518140214848,5.347486863588454,-6.821166044872542,199.03996040768834,True
BTC,train,2022-12-10 16:00:00+00:00,2022-12-10 22:00:00+00:00,1,17200.0,17114.5,0.7830798824863733,5.374198925515731,-0.32380288830376186,-72.0037259897963,False
BTC,train,2022-12-11 21:00:00+00:00,2022-12-12 15:00:00+00:00,-1,17095.5,17004.5,0.7836547777354171,5.344525584155544,-0.783083837720766,66.75114302748261,True
BTC,train,2022-12-12 21:00:00+00:00,2022-12-14 20:00:00+00:00,1,17107.0,17768.5,0.7870299524056413,5.489612621024589,-17.22195938651255,532.3526602818201,True
BTC,train,2022-12-16 09:00:00+00:00,2022-12-17 19:00:00+00:00,-1,17217.5,16692.0,0.8128981592034341,5.51299402590177,0.12173490944849183,421.5432537260549,True
BTC,train,2022-12-18 00:00:00+00:00,2022-12-18 10:00:00+00:00,1,16770.5,16688.5,0.859701100731116,5.752947825872482,1.587336078964404,-77.83577416478875,False
BTC,train,2022-12-19 17:00:00+00:00,2022-12-20 03:00:00+00:00,-1,16625.5,16713.0,0.8625173098942223,5.751006667181706,-0.9212017235324929,-80.30006955938734,False
BTC,train,2022-12-22 15:00:00+00:00,2022-12-22 21:00:00+00:00,-1,16670.5,16787.0,0.8553721523701752,5.723722757585027,-1.020188367432027,-104.35439014127769,False
BTC,train,2022-12-25 16:00:00+00:00,2022-12-25 22:00:00+00:00,-1,16788.5,16823.5,0.8431442401611655,5.667952840059419,-1.061977058043495,-34.116024187656876,False
BTC,train,2022-12-26 03:00:00+00:00,2022-12-26 14:00:00+00:00,1,16883.0,16830.5,0.8364041374020061,5.639622177260507,1.3418328871139837,-50.892672277981546,False
BTC,train,2022-12-27 00:00:00+00:00,2022-12-27 09:00:00+00:00,1,16911.0,16841.5,0.8320098385358695,5.616482415036387,1.5499713205672463,-64.9911375138472,False
BTC,train,2022-12-27 15:00:00+00:00,2022-12-28 12:00:00+00:00,-1,16770.0,16674.0,0.8351298295746119,5.586016404058665,-3.626823478793105,78.21327071389351,True
BTC,train,2022-12-30 06:00:00+00:00,2022-12-30 16:00:00+00:00,-1,16563.0,16563.5,0.8502892297699773,5.633421233995032,-1.754125423784719,-4.3044404250995285,False
BTC,train,2023-01-02 04:00:00+00:00,2023-01-02 23:00:00+00:00,1,16664.5,16695.0,0.8448519950946645,5.636768026072092,3.3523674362106592,16.77885038810382,True
BTC,train,2023-01-03 17:00:00+00:00,2023-01-04 02:00:00+00:00,-1,16621.5,16698.5,0.8480471030077393,5.651385894443575,-1.5894363819290742,-69.36157644410378,False
BTC,train,2023-01-04 04:00:00+00:00,2023-01-04 21:00:00+00:00,1,16853.5,16801.5,0.8322575931527004,5.6019258595108266,2.9798410945737146,-51.859161798023706,False
BTC,train,2023-01-06 20:00:00+00:00,2023-01-07 12:00:00+00:00,1,16930.5,16914.0,0.8254094199463107,5.587113822674582,0.9619551978811003,-20.168324449668944,False
BTC,train,2023-01-08 16:00:00+00:00,2023-01-08 17:00:00+00:00,1,16990.0,16930.0,0.8213317163008442,5.571914363384927,0.17381432446216616,-55.02563166589789,False
BTC,train,2023-01-09 00:00:00+00:00,2023-01-09 21:00:00+00:00,1,17119.5,17211.0,0.8119045666220068,5.574617944883361,-2.0420311396098034,70.75668104064061,True
BTC,train,2023-01-10 19:00:00+00:00,2023-01-11 13:00:00+00:00,1,17417.5,17408.0,0.8020758954687002,5.586538819529044,-8.8686737883602,-4.337586038122026,False
BTC,train,2023-01-11 16:00:00+00:00,2023-01-11 19:00:00+00:00,-1,17328.5,17478.0,0.8059450802601473,5.610425487214964,-0.08943490953707478,-126.00978007657068,False
BTC,train,2023-01-11 20:00:00+00:00,2023-01-12 15:00:00+00:00,1,17536.0,17987.0,0.7892227157397008,5.607111706244279,-5.953342689102604,356.2856757814625,True
BTC,train,2023-01-12 18:00:00+00:00,2023-01-13 14:00:00+00:00,1,18833.5,18841.0,0.7537682968642502,5.679568740042439,-9.802961550445191,9.776655036885131,True
BTC,train,2023-01-13 16:00:00+00:00,2023-01-14 19:00:00+00:00,1,19237.0,20763.5,0.7384660744414275,5.907802442138864,-9.198737636956047,1130.5593978296583,True
BTC,train,2023-01-16 02:00:00+00:00,2023-01-16 09:00:00+00:00,1,21192.5,20750.0,0.7236725856722613,6.070527484911764,1.335845317707069,-327.63149196259474,False
BTC,train,2023-01-18 17:00:00+00:00,2023-01-19 15:00:00+00:00,-1,20848.0,20786.5,0.7199155688745589,5.994664950461564,-2.9682506003299443,41.248393135654624,True
BTC,train,2023-01-19 19:00:00+00:00,2023-01-20 07:00:00+00:00,1,20962.5,20927.5,0.7179510160063188,6.014993612100939,-2.566159942176905,-28.57711923014722,False
BTC,train,2023-01-20 17:00:00+00:00,2023-01-21 23:00:00+00:00,1,21299.5,22739.0,0.7052499379704834,6.2116298786626265,3.3216226668795463,1005.6740331629662,True
BTC,train,2023-01-22 21:00:00+00:00,2023-01-23 07:00:00+00:00,-1,22457.5,22776.0,0.7136655944323846,6.456318533151454,-2.0256461211870547,-231.73316423868164,False
BTC,train,2023-01-25 00:00:00+00:00,2023-01-25 19:00:00+00:00,-1,22631.0,22726.0,0.6979546605420263,6.331425907640937,-3.7497439648955226,-68.88737469424086,False
BTC,train,2023-01-25 21:00:00+00:00,2023-01-26 11:00:00+00:00,1,22938.0,22937.0,0.6856101032362174,6.290472697192294,2.7736228174526825,-9.749705617883592,False
BTC,train,2023-01-27 02:00:00+00:00,2023-01-27 06:00:00+00:00,-1,22646.0,23028.0,0.694019908258168,6.339733057956712,-0.7925880857285341,-270.662749926847,False
BTC,train,2023-01-29 01:00:00+00:00,2023-01-30 08:00:00+00:00,1,23108.0,23646.5,0.6684313697631826,6.250434895518545,6.092208834903477,347.60764888705125,True
BTC,train,2023-01-30 10:00:00+00:00,2023-01-31 08:00:00+00:00,-1,23193.0,22970.5,0.6809692468147578,6.287184765066614,-4.297452210682988,149.52592486190042,True
BTC,train,2023-02-01 20:00:00+00:00,2023-02-02 15:00:00+00:00,1,23381.0,23612.0,0.6818889554012478,6.408801536234168,3.8553490121669998,147.25219814928823,True
BTC,train,2023-02-02 22:00:00+00:00,2023-02-03 16:00:00+00:00,-1,23447.0,23603.5,0.6862497489822095,6.457678762897489,-3.628867227313268,-110.22689725130294,False
BTC,train,2023-02-04 14:00:00+00:00,2023-02-05 00:00:00+00:00,1,23503.0,23323.5,0.6799247316144561,6.367699088988866,1.9900546988440613,-130.40424311262723,False
BTC,train,2023-02-05 13:00:00+00:00,2023-02-06 13:00:00+00:00,-1,23161.5,22890.0,0.6843195269745886,6.302788139294053,-4.7067625375223505,184.19672597182034,True
BTC,train,2023-02-07 18:00:00+00:00,2023-02-07 19:00:00+00:00,1,23284.0,22926.0,0.688630108658038,6.364319464217587,0.1973441733886772,-253.0912425371862,False
BTC,train,2023-02-08 16:00:00+00:00,2023-02-11 08:00:00+00:00,-1,22879.5,21685.0,0.6897428793223876,6.147609309112509,-11.499625136820836,829.2498851783021,True
BTC,train,2023-02-11 22:00:00+00:00,2023-02-12 22:00:00+00:00,1,21814.0,21725.2,0.7614477900721954,6.630565524302266,4.99220685670054,-79.23933613941335,False
BTC,train,2023-02-14 15:00:00+00:00,2023-02-15 09:00:00+00:00,1,22233.4,22086.2,0.743520233364913,6.59050386692792,2.068035043339358,-118.10471726158357,False
BTC,train,2023-02-15 12:00:00+00:00,2023-02-16 15:00:00+00:00,1,22427.3,24450.1,0.7318258568456245,6.861218684339015,3.518884223939149,1469.9572403190505,True
BTC,train,2023-02-16 23:00:00+00:00,2023-02-17 16:00:00+00:00,-1,24003.8,24128.4,0.7450001782864765,7.171699516264069,-3.8716173493067623,-96.12710438147406,False
BTC,train,2023-02-17 18:00:00+00:00,2023-02-18 11:00:00+00:00,1,24295.5,24461.2,0.7320988732551893,7.1389450267282575,3.8247718626928617,110.3450664089687,True
BTC,train,2023-02-19 16:00:00+00:00,2023-02-19 18:00:00+00:00,1,24924.9,24358.4,0.7180391191772251,7.077467464429388,0.4410061637651671,-414.28763464208896,False
BTC,train,2023-02-19 18:00:00+00:00,2023-02-20 10:00:00+00:00,-1,24358.4,24888.3,0.7177304587714435,7.069171316795929,-3.510988475239707,-383.8835529445387,False
BTC,train,2023-02-24 16:00:00+00:00,2023-02-25 23:00:00+00:00,-1,23345.0,23121.5,0.7324430093807578,6.806812619078197,-6.546895146108055,163.44109512363502,True
BTC,train,2023-02-26 19:00:00+00:00,2023-02-27 06:00:00+00:00,1,23477.1,23384.7,0.7352834527738702,6.89134122143971,2.3774857364939828,-77.20901799423882,False
BTC,train,2023-02-27 15:00:00+00:00,2023-02-27 17:00:00+00:00,1,23795.0,23387.9,0.7222153448675431,6.81524287907016,0.4237408954482282,-301.252850670091,False
BTC,train,2023-03-01 05:00:00+00:00,2023-03-01 20:00:00+00:00,1,23778.7,23350.1,0.7100413933668828,6.692679763941829,3.154973075837639,-314.17139403682813,False
BTC,train,2023-03-03 02:00:00+00:00,2023-03-04 00:00:00+00:00,-1,22146.1,22345.8,0.7481990005651681,6.6577590226490795,-4.597498614469069,-151.47560082103155,False
BTC,train,2023-03-04 20:00:00+00:00,2023-03-05 00:00:00+00:00,-1,22233.9,22336.6,0.7384315970475371,6.582453099241452,-0.17571384826094757,-82.24366426776396,False
BTC,train,2023-03-05 02:00:00+00:00,2023-03-05 09:00:00+00:00,1,22575.7,22332.5,0.7236085977988489,6.499191926334053,1.293765515938722,-183.7745684269521,False
BTC,train,2023-03-06 16:00:00+00:00,2023-03-06 20:00:00+00:00,1,22538.9,22386.6,0.716636395427484,6.439049676555486,0.26798789695175207,-115.85076059711537,False
BTC,train,2023-03-07 17:00:00+00:00,2023-03-08 16:00:00+00:00,-1,22229.9,22128.1,0.721386299187284,6.39985069186991,-3.916417400406615,70.95369196580032,True
BTC,train,2023-03-08 23:00:00+00:00,2023-03-10 14:00:00+00:00,-1,21800.1,20168.6,0.7388635366016306,6.20182842171457,-6.656401938884727,1205.9104334827225,True
BTC,train,2023-03-11 02:00:00+00:00,2023-03-11 08:00:00+00:00,1,20571.3,19850.1,0.841619606818817,6.803888555013225,1.019511387157721,-614.7994603798979,False
BTC,train,2023-03-12 18:00:00+00:00,2023-03-14 21:00:00+00:00,1,20776.5,24576.4,0.8037162157905341,7.290172232625302,10.078952026787903,3036.6721241230407,True
BTC,train,2023-03-15 17:00:00+00:00,2023-03-16 07:00:00+00:00,-1,24106.1,24569.5,0.8186758572102112,7.9699077110442715,-3.4881066411950092,-383.8561933010533,False
BTC,train,2023-03-16 11:00:00+00:00,2023-03-18 16:00:00+00:00,1,24928.5,27220.0,0.776269165340635,8.09625451375322,13.520457624309413,1757.2040802400006,True
BTC,train,2023-03-19 16:00:00+00:00,2023-03-20 03:00:00+00:00,1,27546.0,27427.0,0.7662974649108407,8.425134107708729,2.9425037197674753,-102.55703615186576,False
BTC,train,2023-03-22 15:00:00+00:00,2023-03-22 19:00:00+00:00,1,28540.9,28011.6,0.7359919600391772,8.324437064023115,0.6909243094092528,-398.57590582217017,False
BTC,train,2023-03-22 20:00:00+00:00,2023-03-23 10:00:00+00:00,-1,26642.6,27617.4,0.7734716966985198,8.393714852572337,-0.9844773502517865,-761.3894474440385,False
BTC,train,2023-03-23 16:00:00+00:00,2023-03-24 09:00:00+00:00,1,28567.9,28023.0,0.6946925597966929,7.862655436439734,4.1649189598172045,-390.5655502294794,False
BTC,train,2023-03-24 12:00:00+00:00,2023-03-25 14:00:00+00:00,-1,27562.3,27555.0,0.7058678712874639,7.7811062444225065,-5.685155895143168,3.0568851111238473,True
BTC,train,2023-03-25 20:00:00+00:00,2023-03-26 01:00:00+00:00,-1,27175.6,27514.9,0.7160246292224491,7.831948996898071,-0.45565958082155233,-250.32344611125882,False
BTC,train,2023-03-26 14:00:00+00:00,2023-03-27 06:00:00+00:00,1,28139.7,27703.8,0.6825970236991272,7.623721378588442,1.7294129644823544,-306.89717697351807,False
BTC,train,2023-03-27 15:00:00+00:00,2023-03-28 12:00:00+00:00,-1,26936.7,27044.1,0.7016887105997694,7.575543589828808,-1.985479166960077,-80.95143194128104,False
BTC,train,2023-03-28 19:00:00+00:00,2023-03-30 14:00:00+00:00,1,27322.7,28501.1,0.6888128500796601,7.6904301560553865,5.161647211995522,798.8449851658188,True
BTC,train,2023-03-30 18:00:00+00:00,2023-03-31 13:00:00+00:00,-1,27829.9,28094.1,0.7049637923254252,7.884879024401415,-3.5645542029549993,-190.57175875381654,False
BTC,train,2023-04-02 16:00:00+00:00,2023-04-03 09:00:00+00:00,-1,28117.9,28318.0,0.6909655445564402,7.799052475206562,-2.827977564661818,-143.23328037626197,False
BTC,train,2023-04-05 01:00:00+00:00,2023-04-05 14:00:00+00:00,1,28657.2,28399.2,0.6729640999437234,7.679381774405812,0.052287113506082006,-181.35640667339612,False
BTC,train,2023-04-08 04:00:00+00:00,2023-04-08 18:00:00+00:00,1,28011.7,27925.6,0.6819975366805254,7.62982016171191,1.6173053402355284,-67.96711341014452,False
BTC,train,2023-04-09 22:00:00+00:00,2023-04-10 14:00:00+00:00,1,28417.5,28199.9,0.6698669230165823,7.58522470543981,0.12625579092828726,-153.47452294477625,False
BTC,train,2023-04-10 17:00:00+00:00,2023-04-12 03:00:00+00:00,1,29029.1,29909.3,0.6504669025866787,7.6674956982829405,4.485139826486926,560.3883321320245,True
BTC,train,2023-04-12 03:00:00+00:00,2023-04-12 13:00:00+00:00,-1,29909.3,30133.2,0.6500605863062987,7.806252550659188,-2.435534869321302,-150.91928295531034,False
BTC,train,2023-04-14 01:00:00+00:00,2023-04-14 15:00:00+00:00,1,30739.9,30583.6,0.6275862254286991,7.697156779015366,3.3750457548349666,-109.16392956835625,False
BTC,train,2023-04-15 18:00:00+00:00,2023-04-15 23:00:00+00:00,-1,30247.0,30353.3,0.6342041816208983,7.686592733496184,-1.2012334563245108,-73.90126378346758,False
BTC,train,2023-04-16 19:00:00+00:00,2023-04-17 00:00:00+00:00,1,30495.9,30295.9,0.6266046457951345,7.618484861249732,1.1876813275004356,-134.1270953477797,False
BTC,train,2023-04-17 01:00:00+00:00,2023-04-18 05:00:00+00:00,-1,29836.4,29493.4,0.6359596171909501,7.546271379203127,-6.593214347385554,217.18109166468275,True
BTC,train,2023-04-18 07:00:00+00:00,2023-04-19 05:00:00+00:00,1,29709.5,30195.1,0.6459861867086537,7.739508824061443,5.361754793196896,300.58962864846035,True
BTC,train,2023-04-19 09:00:00+00:00,2023-04-21 13:00:00+00:00,-1,29156.9,28207.5,0.6685387075673068,7.670064367274803,-12.46189912110192,639.5024837182245,True
BTC,train,2023-04-21 20:00:00+00:00,2023-04-22 15:00:00+00:00,-1,27273.2,27470.4,0.7381612251729694,8.081920569275795,-4.783731326662071,-148.8635828467377,False
BTC,train,2023-04-22 15:00:00+00:00,2023-04-23 11:00:00+00:00,1,27470.4,27519.6,0.7274431804247733,8.000420098311658,5.022445941231839,22.76733843735201,True
BTC,train,2023-04-24 09:00:00+00:00,2023-04-24 14:00:00+00:00,-1,27174.9,27608.1,0.7361912088720859,8.066152599127896,-1.2632912310783442,-325.72089305144254,False
BTC,train,2023-04-25 18:00:00+00:00,2023-04-26 20:00:00+00:00,1,27609.6,27871.8,0.712802850781127,7.909460017065604,2.029218752371493,176.95822870537813,True
BTC,train,2023-04-27 19:00:00+00:00,2023-04-28 09:00:00+00:00,1,29752.0,29238.1,0.6674226881430486,7.87426622316545,1.9459820482436865,-352.8087677081203,False
BTC,train,2023-04-29 18:00:00+00:00,2023-04-30 06:00:00+00:00,-1,29140.0,29243.5,0.669332568631567,7.815595604140219,-0.16840547359110355,-76.92311098390928,False
BTC,train,2023-04-30 15:00:00+00:00,2023-05-01 00:00:00+00:00,1,29373.4,29217.0,0.6613952739192587,7.750282731407786,-0.7060103665793129,-110.48649320579716,False
BTC,train,2023-05-01 02:00:00+00:00,2023-05-02 12:00:00+00:00,-1,28489.5,28072.9,0.6780372223357432,7.670282516928648,-4.667819202382575,279.467843510527,True
BTC,train,2023-05-02 15:00:00+00:00,2023-05-03 11:00:00+00:00,1,28352.0,28562.8,0.6911826075495444,7.867703974432162,0.9332683333276957,136.9003213636861,True
BTC,train,2023-05-03 13:00:00+00:00,2023-05-03 18:00:00+00:00,-1,28297.3,28558.2,0.6973566245051072,7.929711912910024,-1.2367968413910329,-188.63325840489415,False
BTC,train,2023-05-03 22:00:00+00:00,2023-05-04 14:00:00+00:00,1,28911.6,28744.6,0.6760150372931099,7.795291638635799,3.9303218511642584,-124.62012471775233,False
BTC,train,2023-05-06 14:00:00+00:00,2023-05-07 06:00:00+00:00,-1,28941.2,28865.2,0.6710176574394193,7.75782302260121,-3.8093016553467276,47.04882059813826,True
BTC,train,2023-05-07 15:00:00+00:00,2023-05-07 19:00:00+00:00,1,29029.4,28843.5,0.6705996351314136,7.761909124799358,0.2195125783971364,-132.64589387412707,False
BTC,train,2023-05-08 00:00:00+00:00,2023-05-09 08:00:00+00:00,-1,28413.9,27654.1,0.680457774336143,7.630381298295773,-6.559137602656663,515.9405732449595,True
BTC,train,2023-05-09 16:00:00+00:00,2023-05-09 17:00:00+00:00,-1,27381.9,27692.2,0.7249460310444013,7.985150041668492,-0.20968703577287273,-232.7262164389722,False
BTC,train,2023-05-10 13:00:00+00:00,2023-05-10 18:00:00+00:00,1,28156.9,27482.2,0.6967270371033644,7.75305305801956,0.29056617420943737,-478.12535116586514,False
BTC,train,2023-05-11 18:00:00+00:00,2023-05-12 20:00:00+00:00,-1,26897.2,26447.0,0.711581434493176,7.5917484715781764,-2.741045613425772,315.50325895068454,True
BTC,train,2023-05-14 16:00:00+00:00,2023-05-15 01:00:00+00:00,1,27064.4,26794.8,0.7188428865520957,7.743260559077326,1.7971287987393543,-203.34043157226552,False
BTC,train,2023-05-15 02:00:00+00:00,2023-05-15 21:00:00+00:00,1,27195.7,27330.4,0.7078954021124029,7.719755097024219,2.1535580082823538,85.48019755923815,True
BTC,train,2023-05-17 08:00:00+00:00,2023-05-17 18:00:00+00:00,-1,26836.5,27067.8,0.7205556307561535,7.768209377393784,-2.3001840163046245,-172.13254275498184,False
BTC,train,2023-05-18 16:00:00+00:00,2023-05-19 09:00:00+00:00,-1,27070.6,26880.0,0.7079657873128978,7.639035801000645,-3.468615104479609,130.76785836531053,True
BTC,train,2023-05-20 18:00:00+00:00,2023-05-21 08:00:00+00:00,1,27124.8,27042.7,0.7113721207307645,7.706649869936737,0.06916888196175719,-66.17946986389506,False
BTC,train,2023-05-24 04:00:00+00:00,2023-05-25 10:00:00+00:00,-1,26772.5,26267.8,0.718261164647827,7.619357530254026,-6.909208830973822,361.7962610984723,True
BTC,train,2023-05-26 15:00:00+00:00,2023-05-27 09:00:00+00:00,1,26755.1,26680.6,0.7322507967315547,7.825666779781667,1.768812925787892,-64.14716406206935,False
BTC,train,2023-05-28 00:00:00+00:00,2023-05-29 13:00:00+00:00,1,26838.5,27869.8,0.7275852274743503,7.960990180046998,1.3427994052204517,741.0548555090281,True
BTC,train,2023-05-30 12:00:00+00:00,2023-05-30 15:00:00+00:00,1,28014.5,27611.6,0.7234950109079005,8.049041165252792,0.7532858223507968,-300.2984668823956,False
BTC,train,2023-05-31 05:00:00+00:00,2023-05-31 23:00:00+00:00,-1,27244.4,27170.2,0.7329231884789895,7.976344426361765,-4.463751411721129,50.87030757049797,True
BTC,train,2023-06-01 03:00:00+00:00,2023-06-01 17:00:00+00:00,-1,26711.6,27087.0,0.7494467880534106,8.063837594354041,-3.524106768910822,-285.8820550606979,False
BTC,train,2023-06-03 16:00:00+00:00,2023-06-03 18:00:00+00:00,1,27286.9,27149.8,0.7231690213511531,7.873387012917264,0.49166273046856185,-107.51152257062859,False
BTC,train,2023-06-05 03:00:00+00:00,2023-06-06 11:00:00+00:00,-1,26920.4,25731.1,0.7290207146303975,7.676806831272474,-7.254082671300831,866.6016117499748,True
BTC,train,2023-06-06 15:00:00+00:00,2023-06-07 10:00:00+00:00,1,26014.3,26475.8,0.7877256300529374,8.269559418808337,4.7890338525108636,350.4767849981108,True
BTC,train,2023-06-08 15:00:00+00:00,2023-06-09 01:00:00+00:00,1,26631.3,26441.5,0.7826357572812532,8.3073342038073,1.5524075828244472,-158.4040085186134,False
BTC,train,2023-06-10 05:00:00+00:00,2023-06-10 18:00:00+00:00,-1,25755.4,26008.3,0.8031016266245379,8.314302334020919,-3.2080464115500926,-208.2106572958146,False
BTC,train,2023-06-11 18:00:00+00:00,2023-06-12 03:00:00+00:00,1,25933.3,25766.0,0.7895637260614659,8.163978388553907,2.3052408502034405,-142.56323060883733,False
BTC,train,2023-06-13 03:00:00+00:00,2023-06-13 15:00:00+00:00,1,26117.9,25973.7,0.7785246802561068,8.110919246805803,2.265415317495973,-122.6395934572356,False
BTC,train,2023-06-14 21:00:00+00:00,2023-06-15 18:00:00+00:00,-1,24924.0,25134.4,0.8108967321859949,8.118438595691881,-3.415207099840817,-175.3159039477723,False
BTC,train,2023-06-15 19:00:00+00:00,2023-06-16 12:00:00+00:00,1,25383.2,25462.7,0.7893202688808332,8.026739891897591,4.283591766699476,50.44062971742824,True
BTC,train,2023-06-16 16:00:00+00:00,2023-06-17 16:00:00+00:00,1,25834.0,26397.2,0.7774992211339086,8.121943463777882,2.4156317866702004,427.3499860921693,True
BTC,train,2023-06-19 18:00:00+00:00,2023-06-20 14:00:00+00:00,1,26657.2,26799.3,0.7695206122498073,8.227175721746365,1.7873074051426847,99.33439587380417,True
BTC,train,2023-06-20 17:00:00+00:00,2023-06-22 12:00:00+00:00,1,27363.8,29917.0,0.7532798537023135,8.629694528790296,2.459986066539716,1912.1844418774199,True
BTC,train,2023-06-23 16:00:00+00:00,2023-06-24 08:00:00+00:00,1,31228.8,30560.6,0.7212823964614967,8.9135213015836,4.4374411018025794,-495.31185971895684,False
BTC,train,2023-06-25 05:00:00+00:00,2023-06-25 11:00:00+00:00,1,30883.3,30612.0,0.7133134037780234,8.773084351870136,1.6446260834516675,-203.93963688029908,False
BTC,train,2023-06-28 08:00:00+00:00,2023-06-29 05:00:00+00:00,-1,30179.9,30209.7,0.7231810644176266,8.734523041550942,-4.499053409420197,-25.78626535177318,False
BTC,train,2023-06-29 11:00:00+00:00,2023-06-29 21:00:00+00:00,1,30685.0,30385.1,0.7104365631632966,8.677286391207769,2.1908690418768986,-223.92808072576372,False
BTC,train,2023-06-30 05:00:00+00:00,2023-06-30 14:00:00+00:00,1,30869.2,30118.1,0.6989432139459394,8.52533189437704,2.415693651793078,-535.9172735409666,False
BTC,train,2023-07-02 23:00:00+00:00,2023-07-03 10:00:00+00:00,1,30633.0,30598.0,0.6868377431658351,8.41115237035745,2.8950356827460375,-35.34550906390723,False
BTC,train,2023-07-03 16:00:00+00:00,2023-07-04 06:00:00+00:00,1,31055.7,30962.5,0.6763510427179268,8.389214847497787,3.5745287588710903,-74.9996607876783,False
BTC,train,2023-07-05 11:00:00+00:00,2023-07-06 04:00:00+00:00,-1,30415.2,30482.0,0.6881281535728005,8.38101555875071,-3.391530378878846,-50.956445838543004,False
BTC,train,2023-07-06 07:00:00+00:00,2023-07-06 13:00:00+00:00,1,30675.8,30586.4,0.6806211727390614,8.339270081714986,1.0394964170129803,-70.22629934159704,False
BTC,train,2023-07-09 21:00:00+00:00,2023-07-10 11:00:00+00:00,-1,30180.2,30171.7,0.6894709999061405,8.322176967847081,-3.633832773520316,1.1721593048678187,True
BTC,train,2023-07-10 19:00:00+00:00,2023-07-11 10:00:00+00:00,1,30514.7,30434.3,0.6819514801283372,8.312852152468405,1.6192264599836401,-64.76097761476922,False
BTC,train,2023-07-12 20:00:00+00:00,2023-07-13 09:00:00+00:00,-1,30273.8,30400.0,0.6852388485442,8.315208969760217,-1.0558765001869057,-93.73647515585253,False
BTC,train,2023-07-13 16:00:00+00:00,2023-07-14 08:00:00+00:00,1,30905.8,31088.0,0.6681932639796268,8.284767913700037,1.8977281351036888,111.56231664828374,True
BTC,train,2023-07-14 18:00:00+00:00,2023-07-15 13:00:00+00:00,-1,30675.8,30337.0,0.6768400398538859,8.259181196719434,-3.8167394400797674,224.8709637458669,True
BTC,train,2023-07-16 04:00:00+00:00,2023-07-16 09:00:00+00:00,-1,30178.7,30280.7,0.6954401832516212,8.409179243056613,-0.6196181023171212,-78.72445983240323,False
BTC,train,2023-07-17 18:00:00+00:00,2023-07-17 22:00:00+00:00,-1,30015.0,30224.7,0.6966102348313609,8.392718312634145,-0.7940999543296136,-153.6777846024379,False
BTC,train,2023-07-23 18:00:00+00:00,2023-07-23 22:00:00+00:00,1,30101.6,29934.2,0.689500837625271,8.278946877500648,0.43405379988742837,-124.13544089585776,False
BTC,train,2023-07-24 10:00:00+00:00,2023-07-25 07:00:00+00:00,-1,29158.2,29124.2,0.7075520084561118,8.247565835528498,-3.459831602315383,19.26903405428311,True
BTC,train,2023-07-25 14:00:00+00:00,2023-07-26 01:00:00+00:00,1,29260.0,29160.4,0.7057488724203446,8.2460262852691,-0.1397573004647402,-78.39885667787166,False
BTC,train,2023-07-26 21:00:00+00:00,2023-07-27 14:00:00+00:00,1,29560.0,29429.0,0.695934139050792,8.210491785693435,1.0508861505129432,-100.42875015185928,False
BTC,train,2023-07-28 15:00:00+00:00,2023-07-29 08:00:00+00:00,1,29472.9,29279.9,0.6945833087408959,8.161742844358422,2.8870682449485003,-145.10338967630014,False
BTC,train,2023-07-30 20:00:00+00:00,2023-07-31 01:00:00+00:00,-1,29192.2,29444.6,0.6962915097359312,8.165661199616771,-0.7693493553764709,-183.14028890158443,False
BTC,train,2023-08-01 03:00:00+00:00,2023-08-01 19:00:00+00:00,-1,28919.0,29264.0,0.6965365580279977,8.1053173111486,-4.028637721700006,-244.38179210911767,False
BTC,train,2023-08-02 00:00:00+00:00,2023-08-02 13:00:00+00:00,1,29700.1,29444.0,0.6699896272909031,7.92518670309118,3.223829289013276,-182.7333595413038,False
BTC,train,2023-08-03 15:00:00+00:00,2023-08-04 00:00:00+00:00,1,29380.7,29177.6,0.6710536362292677,7.859152029280866,2.2078226639363248,-146.35796821138138,False
BTC,train,2023-08-04 19:00:00+00:00,2023-08-05 15:00:00+00:00,-1,29054.1,29060.2,0.6735595871752994,7.8286887833963,-4.621688453391423,-7.315713811774913,False
BTC,train,2023-08-07 16:00:00+00:00,2023-08-07 19:00:00+00:00,-1,28852.2,29079.6,0.6780194192449134,7.855777078362495,-0.7371172868748481,-161.30027572777544,False
BTC,train,2023-08-08 13:00:00+00:00,2023-08-09 15:00:00+00:00,1,29559.9,29750.0,0.6563300827205205,7.785374314629159,1.4284148824221194,115.5545595281219,True
BTC,train,2023-08-09 17:00:00+00:00,2023-08-10 13:00:00+00:00,-1,29507.0,29550.0,0.6614229224163228,7.812330705828154,-4.883595478194594,-31.369920891527727,False
BTC,train,2023-08-13 23:00:00+00:00,2023-08-14 04:00:00+00:00,-1,29312.5,29388.0,0.6647415352101291,7.804132097520437,-1.2174707980296753,-56.77464720785429,False
BTC,train,2023-08-14 16:00:00+00:00,2023-08-14 19:00:00+00:00,1,29587.4,29320.5,0.6566464644963415,7.736332853180807,0.7259070711471737,-183.72118129840237,False
BTC,train,2023-08-15 17:00:00+00:00,2023-08-19 16:00:00+00:00,-1,29280.1,26203.6,0.6572634800543937,7.293481949658792,-13.544937315408625,2028.3225517531137,True
BTC,train,2023-08-19 16:00:00+00:00,2023-08-20 07:00:00+00:00,1,26203.6,26048.0,0.811837418297248,8.483960809180097,1.2145101774818718,-136.02037327371363,False
BTC,train,2023-08-20 21:00:00+00:00,2023-08-21 03:00:00+00:00,1,26219.1,26082.9,0.8061696473494534,8.432856979134222,-0.17670947844199733,-118.05645346968959,False
BTC,train,2023-08-22 18:00:00+00:00,2023-08-23 00:00:00+00:00,-1,25822.0,26044.0,0.8139952810529921,8.443735849418896,0.05930188994918125,-189.2099901331385,False
BTC,train,2023-08-23 17:00:00+00:00,2023-08-24 12:00:00+00:00,1,26384.6,26433.0,0.7894671951523702,8.339552505335966,0.16733096731358452,29.70332877272449,True
BTC,train,2023-08-24 15:00:00+00:00,2023-08-25 09:00:00+00:00,-1,26105.1,26082.5,0.7990576357106447,8.340180053882568,-2.993614042713209,12.712136555892357,True
BTC,train,2023-08-25 15:00:00+00:00,2023-08-25 19:00:00+00:00,-1,25826.0,26039.9,0.808185225065664,8.383450812946645,-0.004542930377877863,-181.24972752411486,False
BTC,train,2023-08-27 15:00:00+00:00,2023-08-27 22:00:00+00:00,1,26133.4,26056.3,0.7917432058217349,8.264168077774919,0.5050064492600416,-69.8125756958907,False
BTC,train,2023-08-29 15:00:00+00:00,2023-08-30 08:00:00+00:00,1,27481.7,27430.6,0.7503585775016042,8.240783063068267,2.3198085117972247,-48.90391488519526,False
BTC,train,2023-08-31 16:00:00+00:00,2023-09-01 13:00:00+00:00,-1,26911.4,26050.0,0.7644427790616853,8.09719195979951,-0.8327154882611993,651.2265334121948,True
BTC,train,2023-09-01 15:00:00+00:00,2023-09-02 06:00:00+00:00,-1,25704.6,25809.4,0.8256674656618985,8.506686765221408,-1.3279067774543245,-93.70873038914942,False
BTC,train,2023-09-02 16:00:00+00:00,2023-09-02 19:00:00+00:00,1,25880.1,25796.1,0.8164475101511851,8.438180964814933,0.18503258683570256,-77.20480440435131,False
BTC,train,2023-09-04 22:00:00+00:00,2023-09-05 12:00:00+00:00,-1,25664.7,25768.2,0.8202916224642928,8.437995397808745,-1.0458781027935564,-92.29230022005868,False
BTC,train,2023-09-06 15:00:00+00:00,2023-09-06 18:00:00+00:00,-1,25607.4,25846.3,0.8185230090848455,8.423207470509784,-0.35022542692271014,-203.6181289139604,False
BTC,train,2023-09-07 18:00:00+00:00,2023-09-08 10:00:00+00:00,1,25917.2,26033.4,0.800882347395757,8.321263695323603,1.3913245073131528,83.34994056474898,True
BTC,train,2023-09-10 18:00:00+00:00,2023-09-10 21:00:00+00:00,-1,25686.9,25806.2,0.8113076281875221,8.35534896580458,-0.7400482577421126,-104.40430075082622,False
BTC,train,2023-09-11 15:00:00+00:00,2023-09-12 04:00:00+00:00,-1,25138.2,25785.6,0.8248631013254425,8.401032719855312,-0.3997087388708439,-542.0176957790754,False
BTC,train,2023-09-14 01:00:00+00:00,2023-09-14 05:00:00+00:00,1,26512.7,26198.3,0.7616559580110724,8.029529440544328,-0.2857899153565313,-247.20837272387143,False
BTC,train,2023-09-14 15:00:00+00:00,2023-09-15 01:00:00+00:00,1,26716.1,26468.7,0.7466040157521604,7.9415970513950995,0.17635615330544663,-192.82778670178595,False
BTC,train,2023-09-15 13:00:00+00:00,2023-09-15 23:00:00+00:00,-1,26349.0,26761.3,0.7496876450163006,7.963227146621845,-1.3989873665930626,-315.66045582024526,False
BTC,train,2023-09-18 03:00:00+00:00,2023-09-18 18:00:00+00:00,1,26650.3,26748.9,0.7293673730770108,7.789526845682783,2.203133614225041,61.9229625254884,True
BTC,train,2023-09-21 10:00:00+00:00,2023-09-22 05:00:00+00:00,-1,26736.1,26631.1,0.729342808608576,7.784596707115119,-1.1082112944306017,69.90460949124463,True
BTC,train,2023-09-24 18:00:00+00:00,2023-09-24 20:00:00+00:00,1,26657.1,26438.5,0.7341266257293927,7.795778733815508,0.30499330905243294,-168.5808524273125,False
BTC,train,2023-09-24 20:00:00+00:00,2023-09-25 16:00:00+00:00,-1,26438.5,26227.5,0.7338202251377226,7.72947519542066,-0.7940427362366143,147.9006350448799,True
BTC,train,2023-09-26 16:00:00+00:00,2023-09-27 01:00:00+00:00,-1,26113.8,26245.5,0.7486082706212256,7.839321004787587,-0.950935507068862,-105.48009473853017,False
BTC,train,2023-09-27 10:00:00+00:00,2023-09-27 15:00:00+00:00,1,26383.6,26182.9,0.7369550236741775,7.74782925039373,0.2829261464979814,-155.9376286482984,False
BTC,train,2023-09-28 15:00:00+00:00,2023-09-29 11:00:00+00:00,1,26777.3,27015.1,0.720296255931768,7.749292863516808,-1.1845316087460265,164.72168840580343,True
BTC,train,2023-10-01 10:00:00+00:00,2023-10-01 18:00:00+00:00,1,27209.0,27058.2,0.7149219237152242,7.759362203727763,1.5827728398319747,-117.15236113981518,False
BTC,train,2023-10-01 23:00:00+00:00,2023-10-02 16:00:00+00:00,1,27980.4,28021.7,0.6910250840312404,7.739771171685186,-0.1854408632367164,20.985005662041658,True
BTC,train,2023-10-02 22:00:00+00:00,2023-10-04 04:00:00+00:00,-1,27460.9,27418.5,0.7048619406825618,7.736480077498916,-5.911340007471199,28.06100621490623,True
BTC,train,2023-10-05 14:00:00+00:00,2023-10-05 16:00:00+00:00,1,27975.3,27537.3,0.6929042502888143,7.692983296916567,0.3720050637635167,-311.5570499871792,False
BTC,train,2023-10-06 16:00:00+00:00,2023-10-07 14:00:00+00:00,1,27931.0,27919.1,0.6828487065668071,7.627433709325366,1.3261000558501803,-17.07943337332108,False
BTC,train,2023-10-09 09:00:00+00:00,2023-10-10 02:00:00+00:00,-1,27732.3,27580.0,0.6871254021391723,7.601297276148507,0.02687694832602419,97.02102452132021,True
BTC,train,2023-10-10 13:00:00+00:00,2023-10-12 07:00:00+00:00,-1,27411.0,26858.0,0.6987190841000142,7.5837571950047336,-7.379308337482317,386.1872046497956,True
BTC,train,2023-10-13 21:00:00+00:00,2023-10-14 15:00:00+00:00,1,26971.7,26875.0,0.7244176681082498,7.8015001698649,4.338803282738128,-82.19149195867067,False
BTC,train,2023-10-15 18:00:00+00:00,2023-10-17 05:00:00+00:00,1,26970.0,28170.1,0.7214158148667635,7.955788034666965,2.8633564276061687,854.9519749593273,True
BTC,train,2023-10-18 05:00:00+00:00,2023-10-18 10:00:00+00:00,1,28714.4,28246.0,0.707364127473182,8.058348729304688,0.12252749021169133,-339.5102335279553,False
BTC,train,2023-10-19 11:00:00+00:00,2023-10-21 02:00:00+00:00,1,28461.7,29524.2,0.7017158591506475,8.137925127424706,3.3147288907923063,734.120446329347,True
BTC,train,2023-10-21 10:00:00+00:00,2023-10-22 03:00:00+00:00,1,29824.6,29850.0,0.6942640207988483,8.285985547112592,1.645307737918753,7.703012843259785,True
BTC,train,2023-10-23 02:00:00+00:00,2023-10-24 16:00:00+00:00,1,30332.9,33676.1,0.6828839223272615,8.742143396849135,9.732217690483623,2264.5431680371657,True
BTC,train,2023-10-25 15:00:00+00:00,2023-10-26 06:00:00+00:00,1,34787.9,34537.5,0.6605283128788388,9.15827790033013,4.293505866166478,-178.8480733113538,False
BTC,train,2023-10-26 11:00:00+00:00,2023-10-27 06:00:00+00:00,-1,34291.3,34104.3,0.6648784042100009,9.094951476597108,-5.383044219731361,120.62035433042547,True
BTC,train,2023-10-27 18:00:00+00:00,2023-10-28 03:00:00+00:00,-1,33613.6,34119.6,0.6818717773941747,9.237071494519022,-2.597437967172916,-351.66675288879924,False
BTC,train,2023-10-29 13:00:00+00:00,2023-10-30 03:00:00+00:00,1,34446.0,34346.2,0.6551848813716551,9.014321879259032,3.957448539442173,-78.3592215795943,False
BTC,train,2023-11-01 13:00:00+00:00,2023-11-01 15:00:00+00:00,1,34824.9,34192.5,0.6458062823482174,8.91437410226797,0.6626565589600155,-417.98492361824174,False
BTC,train,2023-11-01 21:00:00+00:00,2023-11-02 14:00:00+00:00,1,35500.2,34951.5,0.6217473219455156,8.760631160301777,7.032298604017273,-356.94568531582627,False
BTC,train,2023-11-02 16:00:00+00:00,2023-11-03 15:00:00+00:00,-1,34654.3,34725.3,0.6266237838656203,8.69498149501664,-6.597373678721077,-46.587896470777196,False
BTC,train,2023-11-04 23:00:00+00:00,2023-11-05 14:00:00+00:00,1,35169.3,34851.5,0.6161231726745653,8.62828748984224,4.054823662774122,-208.4870554285917,False
BTC,train,2023-11-05 22:00:00+00:00,2023-11-06 00:00:00+00:00,-1,34656.8,35035.8,0.6192185557037867,8.630990223048347,-0.54201129008586,-242.7728115446953,False
BTC,train,2023-11-07 11:00:00+00:00,2023-11-07 18:00:00+00:00,-1,34665.9,34875.9,0.6120527904877792,8.51265054910861,-1.884991428270055,-135.15874512328082,False
BTC,train,2023-11-07 19:00:00+00:00,2023-11-08 15:00:00+00:00,1,35408.9,35328.1,0.5953927426338299,8.423259287137846,8.64014458568831,-65.17113747764233,False
BTC,train,2023-11-08 19:00:00+00:00,2023-11-09 17:00:00+00:00,1,35622.2,36360.0,0.5899981176673361,8.493872501110744,10.587360752316355,416.2193779615336,True
BTC,train,2023-11-13 04:00:00+00:00,2023-11-14 07:00:00+00:00,-1,36947.3,36677.5,0.5801032910424012,8.541997756467715,-21.003724209677426,168.97359437644263,True
BTC,train,2023-11-14 19:00:00+00:00,2023-11-15 09:00:00+00:00,-1,35253.5,35813.9,0.6127682051287775,8.709568628233775,-4.057945819979308,-348.04692496242205,False
BTC,train,2023-11-15 19:00:00+00:00,2023-11-16 11:00:00+00:00,1,37427.3,37317.9,0.5678789812394945,8.489245605708454,5.072433947516411,-75.68764010082668,False
BTC,train,2023-11-16 14:00:00+00:00,2023-11-17 09:00:00+00:00,-1,36802.9,36425.0,0.5754570795900352,8.427902695702228,-6.368239548263262,215.40556722962356,True
BTC,train,2023-11-19 19:00:00+00:00,2023-11-20 14:00:00+00:00,1,36854.9,37119.3,0.5804898377603448,8.58825427129026,5.125790572530594,139.7674682600191,True
BTC,train,2023-11-22 19:00:00+00:00,2023-11-23 13:00:00+00:00,1,37209.6,37314.9,0.5787125470290934,8.625652642213932,4.872732880529665,47.44004567942102,True
BTC,train,2023-11-23 16:00:00+00:00,2023-11-23 23:00:00+00:00,-1,36951.1,37308.3,0.5840449252015006,8.674165143701664,-1.9030118311879622,-215.39200059448922,False
BTC,train,2023-11-24 16:00:00+00:00,2023-11-25 09:00:00+00:00,1,38235.5,37773.2,0.5587924948024396,8.49461821993804,4.48692631664649,-271.3113148837547,False
BTC,train,2023-11-26 14:00:00+00:00,2023-11-26 21:00:00+00:00,-1,37536.0,37611.7,0.56197781117154,8.446267992115107,-1.8378732669042772,-49.15011503088681,False
BTC,train,2023-11-28 17:00:00+00:00,2023-11-29 11:00:00+00:00,1,37893.3,37982.4,0.5553817958611164,8.427996505643861,4.7542715811538905,36.30224992442891,True
BTC,train,2023-12-01 05:00:00+00:00,2023-12-02 12:00:00+00:00,1,38194.8,38750.1,0.5519482038138298,8.493919869526952,8.261451704915153,289.7414660033719,True
BTC,train,2023-12-02 20:00:00+00:00,2023-12-05 03:00:00+00:00,1,39434.7,41761.9,0.5419413034974742,8.800758248712603,21.707861193672517,1230.6971820569415,True
BTC,train,2023-12-05 17:00:00+00:00,2023-12-06 16:00:00+00:00,1,42736.7,43801.2,0.5288660543066915,9.153391544197408,6.674064176194799,547.15045908908,True
BTC,train,2023-12-07 10:00:00+00:00,2023-12-07 17:00:00+00:00,-1,43392.0,43722.0,0.5334886698510753,9.294866397081316,-2.3503836461454464,-182.9957438017882,False
BTC,train,2023-12-08 15:00:00+00:00,2023-12-09 09:00:00+00:00,1,44012.8,43874.5,0.521806034116804,9.172024692446758,13.244229047070759,-94.58202825787157,False
BTC,train,2023-12-11 02:00:00+00:00,2023-12-12 03:00:00+00:00,-1,43264.4,41892.2,0.5286462447212535,9.00354336064598,-13.08316024820666,729.4879938940467,True
BTC,train,2023-12-12 18:00:00+00:00,2023-12-13 00:00:00+00:00,-1,40716.9,41526.0,0.5796377077825731,9.534217207478276,-1.7948851140526088,-476.7242014603107,False
BTC,train,2023-12-13 16:00:00+00:00,2023-12-14 14:00:00+00:00,1,41974.9,42590.2,0.5509084329575994,9.317525344780538,8.392626987703794,321.2638064663224,True
BTC,train,2023-12-15 14:00:00+00:00,2023-12-16 04:00:00+00:00,-1,42307.6,42360.0,0.5541697044743323,9.384043774110197,-5.18966180758394,-33.23287448097108,False
BTC,train,2023-12-18 00:00:00+00:00,2023-12-18 14:00:00+00:00,-1,41395.2,41386.4,0.5655814518238176,9.363947502459707,-4.838207768117723,0.45137704169610515,True
BTC,train,2023-12-18 22:00:00+00:00,2023-12-19 15:00:00+00:00,1,42648.3,42396.0,0.548974019868998,9.337422247589005,6.6468325472132594,-154.4904000077513,False
BTC,train,2023-12-19 18:00:00+00:00,2023-12-20 05:00:00+00:00,-1,41880.6,42838.0,0.5553482588972277,9.409665401242135,-3.9350033602498247,-537.1650851091981,False
BTC,train,2023-12-20 14:00:00+00:00,2023-12-21 03:00:00+00:00,1,43807.4,43421.3,0.5186601625858197,9.04841034482994,6.105844948642541,-215.4089440678581,False
BTC,train,2023-12-24 23:00:00+00:00,2023-12-25 13:00:00+00:00,-1,43003.4,43684.5,0.5233480204447597,9.073588172302657,-3.95541919975473,-361.57050569746934,False
BTC,train,2023-12-26 06:00:00+00:00,2023-12-27 06:00:00+00:00,-1,42807.5,42495.4,0.5172965895391394,8.825379849559651,-21.567911378769637,174.1907971243636,True
BTC,train,2023-12-27 11:00:00+00:00,2023-12-28 07:00:00+00:00,1,43244.8,43071.3,0.5160936009374786,8.9094373735759,21.292636878674447,-119.74431401490438,False
BTC,train,2023-12-31 10:00:00+00:00,2023-12-31 23:00:00+00:00,1,42784.3,42300.7,0.5188496770966492,8.829264955153679,15.184864686550876,-274.92983348564303,False
BTC,train,2024-01-01 19:00:00+00:00,2024-01-02 18:00:00+00:00,1,43153.8,45014.4,0.5080361499177483,8.958526574635602,33.686611533526424,902.6069224287967,True
BTC,train,2024-01-03 12:00:00+00:00,2024-01-04 05:00:00+00:00,-1,43736.2,43188.5,0.5219085638155424,9.073349067419375,-7.578625226277815,284.3545965606245,True
BTC,train,2024-01-04 16:00:00+00:00,2024-01-05 02:00:00+00:00,1,44089.9,43389.5,0.5241711123252706,9.170834880709455,2.8874391611466295,-379.1877211144747,False
BTC,train,2024-01-07 14:00:00+00:00,2024-01-07 17:00:00+00:00,1,44426.7,43922.8,0.5116622257380241,9.041020362568313,0.8468182521965486,-267.7144341641542,False
BTC,train,2024-01-08 03:00:00+00:00,2024-01-08 08:00:00+00:00,-1,43363.0,43979.0,0.5180395676044397,9.049322382741394,-1.4161446919270122,-326.7455513351524,False
BTC,train,2024-01-08 13:00:00+00:00,2024-01-09 11:00:00+00:00,1,45118.0,46474.8,0.49064684202970354,8.987943614531646,6.261744166905428,650.4599474844654,True
BTC,train,2024-01-09 22:00:00+00:00,2024-01-10 18:00:00+00:00,-1,45455.6,46426.0,0.50131258120409,9.212280412232342,-5.729162477948506,-489.956846734749,False
BTC,train,2024-01-11 15:00:00+00:00,2024-01-11 16:00:00+00:00,1,48578.2,46822.3,0.45900233683927943,8.757810487127134,0.5328013063092198,-815.2528150495236,False
BTC,val,2024-01-12 16:00:00+00:00,2024-01-13 16:00:00+00:00,-1,44501.5,43169.3,0.2247115265777558,3.940127860858623,-2.9013592238463874,298.3219270698828,True
BTC,val,2024-01-14 23:00:00+00:00,2024-01-15 06:00:00+00:00,-1,42275.4,42752.4,0.2436008157715807,4.142568288652562,-0.9032492918055623,-119.43690811989472,False
BTC,val,2024-01-18 17:00:00+00:00,2024-01-19 11:00:00+00:00,-1,41967.6,41494.1,0.2425415086626347,4.048585326709643,-2.2527021878383424,113.04752121288038,True
BTC,val,2024-01-19 17:00:00+00:00,2024-01-19 18:00:00+00:00,-1,40411.4,41256.1,0.2546789406000007,4.159798476290112,-0.1313382480160961,-219.15576135309493,False
BTC,val,2024-01-20 21:00:00+00:00,2024-01-21 06:00:00+00:00,1,41744.8,41634.7,0.24129416786784877,4.0237974139474595,1.1317103656910383,-31.721995661890105,False
BTC,val,2024-01-22 02:00:00+00:00,2024-01-23 23:00:00+00:00,-1,41375.5,39471.9,0.24268117081721993,3.9240283379056216,-5.46190559110654,463.50575402085815,True
BTC,val,2024-01-26 11:00:00+00:00,2024-01-27 07:00:00+00:00,1,40669.8,41693.3,0.25828896471506474,4.25469596594467,2.6940384916140694,257.41002092830786,True
BTC,val,2024-01-27 21:00:00+00:00,2024-01-28 15:00:00+00:00,1,42039.9,42277.5,0.2559941997506428,4.31695306761097,0.529324894375537,55.97794389876435,True
BTC,val,2024-01-29 16:00:00+00:00,2024-01-30 14:00:00+00:00,1,42637.6,43271.5,0.2537185137530211,4.3593458339719335,2.8220157576169473,153.6508042764508,True
BTC,val,2024-01-31 00:00:00+00:00,2024-01-31 16:00:00+00:00,-1,42919.0,43330.0,0.2556350172714244,4.409652920928616,-1.2361759749769035,-108.23946904451259,False
BTC,val,2024-02-01 20:00:00+00:00,2024-02-02 14:00:00+00:00,1,43201.1,42679.0,0.25146025997550414,4.319086454544459,2.1422062001956856,-137.7486943879503,False
BTC,val,2024-02-02 14:00:00+00:00,2024-02-02 16:00:00+00:00,-1,42679.0,43222.7,0.25130886719088547,4.317571783354257,-0.27017933589216503,-140.68402353914644,False
BTC,val,2024-02-04 07:00:00+00:00,2024-02-04 12:00:00+00:00,-1,42731.8,43039.3,0.2477060905297847,4.249204772287843,-0.6461151317003612,-79.77271247849967,False
BTC,val,2024-02-04 20:00:00+00:00,2024-02-05 06:00:00+00:00,-1,42617.8,42762.6,0.24649687235901793,4.209200312152379,-1.1837283453089646,-38.71821908443417,False
BTC,val,2024-02-07 18:00:00+00:00,2024-02-10 08:00:00+00:00,1,43488.7,47142.5,0.2406702473915689,4.362446665078952,5.675396882943527,869.3231063712938,True
BTC,val,2024-02-10 21:00:00+00:00,2024-02-11 21:00:00+00:00,1,47865.8,48035.6,0.23682377175580507,4.5423462529324325,3.4182805741358147,32.252049617065495,True
BTC,val,2024-02-12 01:00:00+00:00,2024-02-12 03:00:00+00:00,1,48635.0,48172.8,0.23374136617098962,4.525597485601586,0.2824624165356707,-112.84331934636975,False
BTC,val,2024-02-12 15:00:00+00:00,2024-02-13 11:00:00+00:00,1,48827.1,49875.1,0.23051068001949146,4.55038224828397,2.8793622097182223,234.14544820242554,True
BTC,val,2024-02-13 15:00:00+00:00,2024-02-14 00:00:00+00:00,-1,48706.6,49710.4,0.23588822608398322,4.643082309301475,-1.3047246107562283,-240.12295904164966,False
BTC,val,2024-02-14 09:00:00+00:00,2024-02-15 08:00:00+00:00,1,50816.1,51817.3,0.22137059934824765,4.5440034542296885,3.4299802083498956,213.662260404888,True
BTC,val,2024-02-17 14:00:00+00:00,2024-02-17 22:00:00+00:00,-1,51215.8,51845.1,0.22381477540027442,4.613310437210028,-1.1476972688588438,-144.31225132774125,False
BTC,val,2024-02-18 23:00:00+00:00,2024-02-19 15:00:00+00:00,1,52278.1,52130.1,0.2165063482149817,4.52100762113989,3.4447732761573726,-40.00872043311392,False
BTC,val,2024-02-20 14:00:00+00:00,2024-02-20 16:00:00+00:00,1,52887.3,51706.3,0.21325595752070003,4.461041663707418,0.27665908625117935,-256.5929865819053,False
BTC,val,2024-02-24 18:00:00+00:00,2024-02-25 16:00:00+00:00,1,51568.6,51538.5,0.21373352806945728,4.407488850402068,3.0891520265576267,-13.930020071849867,False
BTC,val,2024-02-25 17:00:00+00:00,2024-02-25 20:00:00+00:00,-1,51393.0,51690.9,0.21419276546476687,4.415965123178696,-0.41468013909031376,-67.8093098160407,False
BTC,val,2024-02-26 10:00:00+00:00,2024-02-26 15:00:00+00:00,-1,50977.2,51725.7,0.21460965854763941,4.408206860170472,-0.6882547845347187,-164.35528149854508,False
BTC,val,2024-02-26 16:00:00+00:00,2024-02-28 02:00:00+00:00,1,52899.2,56813.3,0.2037052394784076,4.4698022172549585,16.047851949119416,776.805023676061,True
BTC,val,2024-02-28 08:00:00+00:00,2024-02-29 17:00:00+00:00,1,58330.0,62250.1,0.1980567328628877,4.776340130856057,26.054659521682176,745.5711988432668,True
BTC,val,2024-03-03 17:00:00+00:00,2024-03-05 08:00:00+00:00,1,62911.0,66241.8,0.19548601082061176,5.0495131316624615,41.07279115778306,605.0025005518492,True
BTC,val,2024-03-08 15:00:00+00:00,2024-03-09 02:00:00+00:00,1,68504.0,67966.1,0.18835721895491292,5.141025701299773,10.711801661878262,-117.1701754390233,False
BTC,val,2024-03-10 02:00:00+00:00,2024-03-10 19:00:00+00:00,1,69036.7,69301.2,0.1852066039055797,5.124218530085939,13.938312722848648,29.924615480091234,True
BTC,val,2024-03-10 23:00:00+00:00,2024-03-11 07:00:00+00:00,-1,68474.0,69409.8,0.18716560106505278,5.161420860826706,-5.7723189128932715,-174.53867142461058,False
BTC,val,2024-03-11 08:00:00+00:00,2024-03-12 04:00:00+00:00,1,71202.1,71679.8,0.17754305976795365,5.073537942291756,22.66680828480359,57.071973424055614,True
BTC,val,2024-03-12 17:00:00+00:00,2024-03-13 02:00:00+00:00,-1,70580.4,72084.7,0.17991553844024502,5.1335336566262795,-7.330928586481267,-268.449549545805,False
BTC,val,2024-03-14 14:00:00+00:00,2024-03-15 19:00:00+00:00,-1,71957.6,70278.5,0.1727414633031405,4.914014409706365,-15.250994380922226,300.38717100352915,True
BTC,val,2024-03-19 02:00:00+00:00,2024-03-20 10:00:00+00:00,-1,65877.0,63248.4,0.1932457199141672,4.990586176440961,-5.109687478881301,508.084800668812,True
BTC,val,2024-03-20 21:00:00+00:00,2024-03-21 14:00:00+00:00,1,67082.3,66757.4,0.19734763255664167,5.282589587418231,2.819436307980804,-72.2202717130549,False
BTC,val,2024-03-21 18:00:00+00:00,2024-03-22 05:00:00+00:00,-1,65767.2,66163.3,0.20019573312747616,5.282384633874899,-1.805646896837957,-82.77426762882897,False
BTC,val,2024-03-22 14:00:00+00:00,2024-03-23 02:00:00+00:00,-1,63077.9,64130.0,0.2074187401944662,5.2770604721567285,-1.9762912013148042,-221.526025829442,False
BTC,val,2024-03-25 15:00:00+00:00,2024-03-26 14:00:00+00:00,1,69431.0,70447.8,0.18524884455478213,5.182477215541892,7.113322042554055,176.06522588520602,True
BTC,val,2024-03-27 16:00:00+00:00,2024-03-28 01:00:00+00:00,-1,68908.0,69760.0,0.18920992848679813,5.247472472681464,-6.148721891418294,-160.30560965201585,False
BTC,val,2024-03-29 16:00:00+00:00,2024-03-30 01:00:00+00:00,-1,69236.4,69983.1,0.18599713651368746,5.178885669373463,-5.312984762806125,-138.74996274133446,False
BTC,val,2024-04-01 06:00:00+00:00,2024-04-01 21:00:00+00:00,-1,69178.7,69787.0,0.18414659685387172,5.118012146883216,-7.860933556882203,-109.27345345621507,False
BTC,val,2024-04-02 03:00:00+00:00,2024-04-03 02:00:00+00:00,-1,67031.6,65831.8,0.18841484801673716,5.006687463597391,-4.708198299824674,225.7616454867075,True
BTC,val,2024-04-04 14:00:00+00:00,2024-04-05 05:00:00+00:00,1,67229.1,67651.8,0.19121943283199427,5.158369839573788,2.440289099385009,73.2297953191246,True
BTC,val,2024-04-06 23:00:00+00:00,2024-04-07 20:00:00+00:00,1,69049.6,69070.0,0.18723845130347677,5.172259999731138,3.4097921811976275,-4.762387774340823,False
BTC,val,2024-04-08 08:00:00+00:00,2024-04-09 01:00:00+00:00,1,70697.1,71473.2,0.18280774995509305,5.197966530688113,4.459789231097081,132.2193389783606,True
BTC,val,2024-04-09 08:00:00+00:00,2024-04-10 07:00:00+00:00,-1,70434.8,69410.8,0.1853657157872042,5.184515948738209,-5.51550868675849,190.14548570412626,True
BTC,val,2024-04-10 13:00:00+00:00,2024-04-10 17:00:00+00:00,-1,68016.9,69548.0,0.19475075465116315,5.3581736177023584,-0.6701794616053457,-302.8708746024895,False
BTC,val,2024-04-12 15:00:00+00:00,2024-04-13 11:00:00+00:00,-1,69283.3,67423.6,0.1868195038260332,5.107903045519029,-3.143894355380197,345.46422257513586,True
BTC,val,2024-04-13 20:00:00+00:00,2024-04-14 13:00:00+00:00,-1,64708.0,64506.2,0.2053677435866561,5.30728573867098,-2.4401695844663487,38.57609450158634,True
BTC,val,2024-04-14 23:00:00+00:00,2024-04-15 15:00:00+00:00,1,65299.0,64198.7,0.20409978784524924,5.2860906192895465,0.8223135358733091,-230.67940072129022,False
BTC,val,2024-04-16 15:00:00+00:00,2024-04-16 19:00:00+00:00,-1,62059.5,62992.9,0.2110367090580111,5.278129391161206,-0.4265983154698707,-201.83319531044071,False
BTC,val,2024-04-17 15:00:00+00:00,2024-04-18 04:00:00+00:00,-1,61256.5,61966.3,0.21050826362059863,5.18788353329366,-1.0516337097771915,-153.55501534141513,False
BTC,val,2024-04-18 15:00:00+00:00,2024-04-19 02:00:00+00:00,1,63776.0,60990.7,0.19978431439936314,4.985285923874205,-0.836220158659276,-560.6083166617627,False
BTC,val,2024-04-20 16:00:00+00:00,2024-04-21 14:00:00+00:00,1,64774.9,64844.5,0.18804870587946906,4.874952085374651,-0.635910674812339,8.84914851864778,True
BTC,val,2024-04-22 04:00:00+00:00,2024-04-23 05:00:00+00:00,1,65691.3,66208.9,0.18556011628618507,4.895083290034213,-0.3008460149123764,91.45167891460733,True
BTC,val,2024-04-24 15:00:00+00:00,2024-04-25 16:00:00+00:00,-1,65210.1,64103.2,0.1883318220015807,4.870761879607401,-1.7944471785733132,205.38817907251905,True
BTC,val,2024-04-26 16:00:00+00:00,2024-04-27 18:00:00+00:00,-1,63479.1,63396.2,0.19670293253965157,4.991348715369611,-3.5612835645608008,14.876607956717635,True
BTC,val,2024-04-28 23:00:00+00:00,2024-04-29 15:00:00+00:00,-1,63118.3,62815.0,0.19806302978588639,4.988546189786994,0.27856765291548574,54.80540309135358,True
BTC,val,2024-04-29 23:00:00+00:00,2024-04-30 08:00:00+00:00,1,63846.0,63114.8,0.19666395915211393,4.993722717023942,0.3357280932057706,-149.1301377422551,False
BTC,val,2024-05-01 08:00:00+00:00,2024-05-01 19:00:00+00:00,-1,57474.0,58887.7,0.21587286422179788,5.023866692943516,-1.475585088699434,-308.7277497545947,False
BTC,val,2024-05-03 13:00:00+00:00,2024-05-05 01:00:00+00:00,1,60597.9,63488.2,0.19964964542548533,4.954749173446263,-2.5374264246625273,574.6300474244963,True
BTC,val,2024-05-06 09:00:00+00:00,2024-05-06 11:00:00+00:00,1,65130.3,64010.0,0.19457885647622555,5.025594379799342,0.2270133990358285,-223.2393006891507,False
BTC,val,2024-05-07 09:00:00+00:00,2024-05-07 12:00:00+00:00,1,64211.1,63473.8,0.19388766109386638,4.9513053236008435,0.464475099680279,-148.3691529477892,False
BTC,val,2024-05-08 21:00:00+00:00,2024-05-09 15:00:00+00:00,-1,61537.1,61519.8,0.19990169901273497,4.919856677048045,-2.1851327174452373,0.7235754333178193,True
BTC,val,2024-05-09 16:00:00+00:00,2024-05-10 15:00:00+00:00,1,62123.7,61039.3,0.19802578432626988,4.877889934995276,1.271722654673581,-220.88877311307442,False
BTC,val,2024-05-10 15:00:00+00:00,2024-05-11 10:00:00+00:00,-1,61039.3,60894.1,0.1979250359135314,4.826734514811798,-2.7243205267666877,26.636301226601063,True
BTC,val,2024-05-12 16:00:00+00:00,2024-05-13 03:00:00+00:00,1,61397.1,60998.1,0.197205437160117,4.82739978445999,1.2033602720594347,-84.71572948340508,False
BTC,val,2024-05-13 08:00:00+00:00,2024-05-14 02:00:00+00:00,1,62311.2,62614.6,0.1929528915568953,4.820958868011678,1.1367882355560779,52.584160194794094,True
BTC,val,2024-05-14 07:00:00+00:00,2024-05-15 02:00:00+00:00,-1,62025.6,61664.5,0.19468913443118338,4.816223701341302,-2.487838714911883,67.9738614566686,True
BTC,val,2024-05-15 10:00:00+00:00,2024-05-16 15:00:00+00:00,1,62611.0,65582.0,0.19395448464377626,4.972721449987922,0.6289849777186676,570.6370674489517,True
BTC,val,2024-05-16 17:00:00+00:00,2024-05-17 06:00:00+00:00,-1,65133.5,65675.8,0.19520402412706866,5.106900350648992,-1.2868368359437374,-109.6792057988132,False
BTC,val,2024-05-19 20:00:00+00:00,2024-05-20 05:00:00+00:00,-1,66006.3,67116.7,0.1909611976384317,5.084265502644188,-0.6078140560211588,-216.51976530433421,False
BTC,val,2024-05-20 17:00:00+00:00,2024-05-21 14:00:00+00:00,1,68171.1,70617.4,0.1817210274497152,5.044157763640959,2.940599403132824,436.5593922834614,True
BTC,val,2024-05-23 14:00:00+00:00,2024-05-24 15:00:00+00:00,-1,68056.1,67883.7,0.18844279537999886,5.1233751830795935,-4.19536274415427,31.55952548458481,True
BTC,val,2024-05-27 15:00:00+00:00,2024-05-28 02:00:00+00:00,1,69555.0,68632.0,0.1848356157306495,5.108375846194253,1.771754039945683,-177.4834032055296,False
BTC,val,2024-05-30 14:00:00+00:00,2024-05-31 06:00:00+00:00,1,68641.7,68433.9,0.1847092634497659,5.063826622586946,2.534365326765769,-45.980776894213705,False
BTC,val,2024-05-31 15:00:00+00:00,2024-06-01 07:00:00+00:00,-1,67527.1,67725.3,0.18707714490990404,5.060526566842461,-2.5285068628769576,-39.61070982510137,False
BTC,val,2024-06-02 10:00:00+00:00,2024-06-02 12:00:00+00:00,-1,67561.8,68260.0,0.18639477281867092,5.063294710964591,-0.3164428718011897,-134.88768222115868,False
BTC,val,2024-06-02 12:00:00+00:00,2024-06-02 18:00:00+00:00,1,68260.0,67880.0,0.18251214005272962,4.969440549355721,0.9320050873845158,-75.2560588567776,False
BTC,val,2024-06-04 14:00:00+00:00,2024-06-05 14:00:00+00:00,1,69564.0,70767.8,0.1780090653375675,4.996066511027691,4.073587578686574,205.21765876364952,True
BTC,val,2024-06-05 16:00:00+00:00,2024-06-06 00:00:00+00:00,1,71617.4,71140.6,0.17577069650540506,5.018534618343724,1.2526951235168469,-90.07869783563547,False
BTC,val,2024-06-06 15:00:00+00:00,2024-06-06 17:00:00+00:00,1,71500.7,70971.1,0.17479775137964468,4.980750055002092,0.3109370135669779,-97.86457619922476,False
BTC,val,2024-06-06 20:00:00+00:00,2024-06-07 04:00:00+00:00,-1,70508.0,71021.3,0.17587078070391068,4.978173696695597,-1.2465032841863684,-94.00614214782945,False
BTC,val,2024-06-07 18:00:00+00:00,2024-06-08 14:00:00+00:00,-1,69839.9,69459.8,0.17620716615750462,4.909121076718109,-4.096765177299015,66.1639879570539,True
BTC,val,2024-06-09 13:00:00+00:00,2024-06-10 06:00:00+00:00,1,69711.8,69568.6,0.17748006580923972,4.943898911587446,2.6261150746080144,-32.98515941007827,False
BTC,val,2024-06-10 08:00:00+00:00,2024-06-10 15:00:00+00:00,-1,69302.4,69682.2,0.17805255939578546,4.949312749319897,-1.082297156166966,-71.49137765167325,False
BTC,val,2024-06-10 16:00:00+00:00,2024-06-10 20:00:00+00:00,1,70044.9,69498.1,0.17514449038572127,4.888037524378941,0.6116058740106166,-101.26865074130001,False
BTC,val,2024-06-11 02:00:00+00:00,2024-06-11 22:00:00+00:00,-1,68705.5,67377.5,0.1770849446387481,4.819650104254952,-2.9780514594292176,233.32720783543846,True
BTC,val,2024-06-12 13:00:00+00:00,2024-06-12 20:00:00+00:00,1,69298.0,67522.2,0.1789378751437696,4.896463172949117,0.22895485876864455,-322.88329671202337,False
BTC,val,2024-06-13 16:00:00+00:00,2024-06-14 06:00:00+00:00,-1,66433.1,67029.8,0.18179421967364043,4.852556752176222,-0.7683725460916214,-112.56079508535004,False
BTC,val,2024-06-14 16:00:00+00:00,2024-06-15 06:00:00+00:00,-1,66362.6,66202.0,0.18029119986130096,4.780046158626684,-0.6522393112733209,24.826959850372077,True
BTC,val,2024-06-16 11:00:00+00:00,2024-06-17 02:00:00+00:00,1,66670.0,66443.9,0.1798323044812651,4.787635879097735,-0.5315234643316049,-44.91619645798164,False
BTC,val,2024-06-17 10:00:00+00:00,2024-06-17 18:00:00+00:00,-1,65689.5,66579.2,0.18183276693090925,4.810156739870871,-0.006958106712376871,-166.57981137159004,False
BTC,val,2024-06-20 08:00:00+00:00,2024-06-20 14:00:00+00:00,1,65843.1,65109.4,0.1788786331739601,4.684920842142603,0.8827128383201237,-136.81088684019778,False
BTC,val,2024-06-21 09:00:00+00:00,2024-06-21 20:00:00+00:00,-1,63590.5,64209.5,0.18306370991101148,4.679108425325453,0.19932016622405024,-118.19486502646396,False
BTC,val,2024-06-23 16:00:00+00:00,2024-06-25 04:00:00+00:00,-1,64064.1,61271.8,0.1798654469518765,4.50871953452314,2.394817691668047,495.334750297543,True
BTC,val,2024-06-27 14:00:00+00:00,2024-06-28 06:00:00+00:00,1,61972.7,61572.2,0.1939281769289906,4.791767445174889,1.4241583886910547,-83.88416069392588,False
BTC,val,2024-06-28 15:00:00+00:00,2024-06-29 07:00:00+00:00,-1,60881.3,60806.2,0.19602683532830817,4.7708031048027,-0.7769051423895885,10.727717370744358,True
BTC,val,2024-06-30 03:00:00+00:00,2024-06-30 07:00:00+00:00,-1,60793.8,60995.3,0.19648543580174413,4.785956877880439,0.350835973784243,-44.72860816571301,False
BTC,val,2024-06-30 08:00:00+00:00,2024-07-01 12:00:00+00:00,1,61509.9,62637.7,0.19347076940262234,4.803786338297799,-3.4223525304117253,216.8148999243931,True
BTC,val,2024-07-02 15:00:00+00:00,2024-07-04 01:00:00+00:00,-1,62011.4,60392.5,0.19540249984362154,4.783605610121733,-1.3266291803245371,312.8801305670495,True
BTC,val,2024-07-04 02:00:00+00:00,2024-07-04 21:00:00+00:00,-1,58545.8,58337.2,0.21231348293762833,4.963167365239762,-0.7389667375748108,40.06439191312711,True
BTC,val,2024-07-05 03:00:00+00:00,2024-07-05 16:00:00+00:00,-1,55721.9,56630.0,0.22379220919033502,5.028695981546321,-1.5834947006058966,-206.67090644668497,False
BTC,val,2024-07-06 17:00:00+00:00,2024-07-07 07:00:00+00:00,1,57822.0,57632.7,0.21208979618201107,4.8973527582510465,-0.019960685992204463,-45.02599048951561,False
BTC,val,2024-07-07 14:00:00+00:00,2024-07-08 09:00:00+00:00,-1,56854.1,57780.2,0.21490851502964128,4.927177436892482,-0.8684071340144403,-203.08554607183214,False
BTC,val,2024-07-10 05:00:00+00:00,2024-07-10 13:00:00+00:00,1,59317.6,58138.0,0.2025595212597087,4.758350021054367,0.7383362006288152,-244.43589749963758,False
BTC,val,2024-07-12 16:00:00+00:00,2024-07-14 20:00:00+00:00,1,58189.4,59886.1,0.20228613391399908,4.77700728099248,2.5620048513295224,335.87987127955785,True
BTC,val,2024-07-14 22:00:00+00:00,2024-07-16 06:00:00+00:00,1,61253.8,63633.7,0.19764959287513292,4.9367927060386325,0.8531424749105768,464.5963309025792,True
BTC,val,2024-07-18 16:00:00+00:00,2024-07-19 04:00:00+00:00,-1,63506.8,64303.7,0.19795336818982212,5.060103793005052,-0.7645384473361037,-162.0446044561395,False
BTC,val,2024-07-19 14:00:00+00:00,2024-07-20 09:00:00+00:00,1,65099.1,66464.1,0.19062230289667995,5.015776032091297,2.869146325631705,252.3145210962466,True
BTC,val,2024-07-20 18:00:00+00:00,2024-07-21 07:00:00+00:00,1,67372.8,66696.1,0.18793422389447229,5.039226933977124,1.2851674554133934,-133.49948369878075,False
BTC,val,2024-07-25 02:00:00+00:00,2024-07-25 15:00:00+00:00,-1,64467.8,64811.4,0.19433198272468927,5.02461665221233,-2.0280597458038643,-69.76902617061751,False
BTC,val,2024-07-25 22:00:00+00:00,2024-07-27 20:00:00+00:00,1,65810.6,68231.2,0.18930668265793207,5.0750016990996,5.149544413765818,448.0112099289254,True
BTC,val,2024-07-29 03:00:00+00:00,2024-07-29 15:00:00+00:00,1,69567.0,68191.8,0.18552471113684693,5.1115323153117345,1.9316849156980727,-262.1767999864005,False
BTC,val,2024-07-29 17:00:00+00:00,2024-07-31 01:00:00+00:00,-1,66910.1,66323.2,0.18897327577855405,5.035506628757364,-2.054965616316886,107.92787454199424,True
BTC,val,2024-07-31 20:00:00+00:00,2024-08-01 13:00:00+00:00,-1,65220.1,64864.9,0.19552482523351888,5.086969378100461,-2.068410007399862,66.43185855225056,True
BTC,val,2024-08-01 16:00:00+00:00,2024-08-01 21:00:00+00:00,-1,62868.2,64728.0,0.2038960955262736,5.203273396797902,-0.27954219673240355,-384.1296896598251,False
BTC,val,2024-08-02 15:00:00+00:00,2024-08-03 13:00:00+00:00,-1,63124.5,61963.4,0.19698295943896663,4.928036946401103,-0.06974969598462923,223.858626954172,True
BTC,val,2024-08-04 15:00:00+00:00,2024-08-05 16:00:00+00:00,-1,59556.7,54282.8,0.21254215646701752,4.839138564225408,-0.2846446921085996,1116.3715851192846,True
BTC,val,2024-08-07 19:00:00+00:00,2024-08-08 02:00:00+00:00,-1,54784.3,56854.0,0.25143482777325815,5.613951346679865,-1.0289556193344462,-524.9796587696601,False
BTC,val,2024-08-08 23:00:00+00:00,2024-08-09 11:00:00+00:00,1,62305.5,60573.3,0.21265701063965214,5.226207655797538,-0.17246160403965996,-373.41821988176343,False
BTC,val,2024-08-11 13:00:00+00:00,2024-08-12 12:00:00+00:00,-1,60459.1,59812.4,0.21297510476548745,5.122967062560464,-1.6781959136874633,134.28622910296508,True
BTC,val,2024-08-13 17:00:00+00:00,2024-08-14 14:00:00+00:00,1,61130.0,59586.0,0.2128344411194184,5.138504478834342,0.2647325638730413,-334.01961413108984,False
BTC,val,2024-08-14 14:00:00+00:00,2024-08-15 12:00:00+00:00,-1,59586.0,58726.5,0.21274376147918903,5.03404925600131,-0.021732832624779604,177.84094656797788,True
BTC,val,2024-08-18 03:00:00+00:00,2024-08-18 04:00:00+00:00,1,60112.0,59306.7,0.2138406760391758,5.107315107943904,0.12479269864506146,-177.43800422093773,False
BTC,val,2024-08-19 00:00:00+00:00,2024-08-19 17:00:00+00:00,-1,58406.4,58679.9,0.2170473221058993,5.082653574057591,0.037798022987138545,-64.48289419301,False
BTC,val,2024-08-20 01:00:00+00:00,2024-08-20 15:00:00+00:00,1,60452.8,59433.2,0.2086333440246438,5.00244341634769,0.44118043450996886,-218.16618141838626,False
BTC,val,2024-08-21 14:00:00+00:00,2024-08-22 03:00:00+00:00,1,59898.0,60140.0,0.20692349724923373,4.967736552560703,-0.10743508909234516,45.215184870847224,True
BTC,val,2024-08-23 18:00:00+00:00,2024-08-24 16:00:00+00:00,1,62975.0,63946.3,0.1975310650751163,5.014179913943671,1.0671608845490907,185.78058270896872,True
BTC,val,2024-08-27 22:00:00+00:00,2024-08-28 19:00:00+00:00,-1,60390.1,59464.6,0.2090624027086297,5.0114223115844005,0.009463970698017674,188.4663674245512,True
BTC,val,2024-08-29 14:00:00+00:00,2024-08-29 19:00:00+00:00,1,60598.7,59121.9,0.21145281620297085,5.063051605501879,0.14175153238957894,-317.4783221064372,False
BTC,val,2024-08-30 15:00:00+00:00,2024-08-30 19:00:00+00:00,-1,58424.2,59346.0,0.21388889280696238,5.037947536730904,-0.11259659522611598,-202.08813233096225,False
BTC,val,2024-09-01 03:00:00+00:00,2024-09-01 19:00:00+00:00,-1,58523.5,58511.7,0.21007286506790554,4.917183955559068,-1.2502004245095935,-1.1881237232446438,False
BTC,val,2024-09-01 23:00:00+00:00,2024-09-02 09:00:00+00:00,-1,57274.3,58031.8,0.21463398409196313,4.949721526621262,0.39204100947633447,-167.9270054857625,False
BTC,val,2024-09-03 15:00:00+00:00,2024-09-04 15:00:00+00:00,-1,57653.9,57483.7,0.2103081350887375,4.842874786918604,-1.5589168219416842,32.51048662712674,True
BTC,val,2024-09-06 15:00:00+00:00,2024-09-07 07:00:00+00:00,-1,54700.7,54290.8,0.22225665624424715,4.844817269808972,-0.29551021679634076,86.55369634150702,True
BTC,val,2024-09-08 16:00:00+00:00,2024-09-08 18:00:00+00:00,-1,53670.0,54482.4,0.22813766298791124,4.934727156506755,-0.10077742718898838,-190.17298714069693,False
BTC,val,2024-09-09 17:00:00+00:00,2024-09-10 14:00:00+00:00,1,56401.9,56709.5,0.2137157681819318,4.834737948226753,0.9539740847494921,59.950258259787006,True
BTC,val,2024-09-10 20:00:00+00:00,2024-09-11 02:00:00+00:00,1,57929.8,56689.9,0.20911388687135612,4.793714195805755,0.180209313811693,-264.25423184141255,False
BTC,val,2024-09-13 16:00:00+00:00,2024-09-14 11:00:00+00:00,1,59636.5,59822.1,0.19869830408959066,4.747244245783355,-0.056859362269447475,32.18802035551198,True
BTC,val,2024-09-15 23:00:00+00:00,2024-09-17 05:00:00+00:00,-1,59398.0,58222.5,0.20003803885979976,4.705714829941815,-2.016096143601612,232.45509599334582,True
BTC,val,2024-09-17 15:00:00+00:00,2024-09-18 09:00:00+00:00,1,60242.0,60172.4,0.20109416234832395,4.842926580535204,0.5536389351797562,-19.39271921515865,False
BTC,val,2024-09-19 00:00:00+00:00,2024-09-20 01:00:00+00:00,1,61743.7,62726.3,0.19588916454589816,4.876464862205589,2.6941447560028706,184.9100834645924,True
BTC,val,2024-09-22 23:00:00+00:00,2024-09-23 12:00:00+00:00,1,63853.5,63396.4,0.19231258885475605,4.8943515401017645,1.241571913693155,-94.04200781930376,False
BTC,val,2024-09-24 09:00:00+00:00,2024-09-24 15:00:00+00:00,1,63824.0,63158.1,0.19092801899940245,4.848888160276804,0.715905805713683,-132.7037618176928,False
BTC,val,2024-09-24 20:00:00+00:00,2024-09-25 07:00:00+00:00,1,64266.6,63772.9,0.18754821513508058,4.80271593835763,1.1984660948531332,-98.59373584539935,False
BTC,val,2024-09-26 11:00:00+00:00,2024-09-28 07:00:00+00:00,1,64373.9,65777.0,0.18570402580789372,4.833909218504119,4.785432885635376,250.94197650691603,True
BTC,val,2024-09-30 02:00:00+00:00,2024-10-01 04:00:00+00:00,-1,64744.8,63686.3,0.18851605632362267,4.842264896260963,-3.4712614469974428,198.17324216929046,True
BTC,val,2024-10-01 14:00:00+00:00,2024-10-02 09:00:00+00:00,-1,62834.8,61767.9,0.1974002878282572,4.919321768835596,-1.9976010749639705,207.6846463901038,True
BTC,val,2024-10-02 20:00:00+00:00,2024-10-03 03:00:00+00:00,-1,60169.5,61158.0,0.20959609523132283,5.0859540488356645,-0.2880445337035758,-211.98364965129258,False
BTC,val,2024-10-06 15:00:00+00:00,2024-10-07 11:00:00+00:00,1,62682.0,62873.0,0.19781290645432162,4.967279893974471,0.8499262421194121,31.965058996682274,True
BTC,val,2024-10-09 14:00:00+00:00,2024-10-09 16:00:00+00:00,-1,61774.0,62289.9,0.20123795871024167,4.99327319712631,-0.2620886300907918,-108.54984746564696,False
BTC,val,2024-10-09 19:00:00+00:00,2024-10-10 11:00:00+00:00,-1,61159.9,61043.4,0.201483714229435,4.9243949550187835,-1.2437230980193275,19.79218085073444,True
BTC,val,2024-10-10 18:00:00+00:00,2024-10-11 02:00:00+00:00,-1,59584.6,60547.4,0.2071427179967904,4.976893799678085,-0.6411944150804384,-203.7727082719066,False
BTC,val,2024-10-14 04:00:00+00:00,2024-10-15 04:00:00+00:00,1,64288.0,65401.5,0.18881818203210007,4.8975471237304085,3.4649788086161326,201.88651976039546,True
BTC,val,2024-10-15 14:00:00+00:00,2024-10-15 15:00:00+00:00,1,67665.0,65351.0,0.1823783315782169,4.85184723064162,0.14898257933710066,-427.0242890819736,False
BTC,val,2024-10-18 02:00:00+00:00,2024-10-19 05:00:00+00:00,1,68070.4,68309.9,0.17501888511244348,4.773825611460115,3.892044295207309,33.251153077762865,True
BTC,val,2024-10-20 15:00:00+00:00,2024-10-21 07:00:00+00:00,1,68631.9,68696.4,0.1740714838178141,4.7809881902355835,2.3961250900299436,4.05049742598203,True
BTC,val,2024-10-21 14:00:00+00:00,2024-10-22 07:00:00+00:00,-1,67317.6,67575.1,0.17753020261657895,4.78950567249948,-2.5460733674030203,-47.9574594788719,False
BTC,val,2024-10-25 18:00:00+00:00,2024-10-26 11:00:00+00:00,-1,66800.1,67029.9,0.17818760313506932,4.769369385513265,-2.2377974551633084,-43.47908313078915,False
BTC,val,2024-10-27 13:00:00+00:00,2024-10-30 08:00:00+00:00,1,67377.7,72262.7,0.17601477380575703,4.915754684029086,10.292809817662398,844.6236055394293,True
BTC,val,2024-10-31 14:00:00+00:00,2024-11-01 11:00:00+00:00,-1,71324.1,70008.7,0.17811783437283588,5.034778452369828,-3.2735611063977537,232.53498198805391,True
BTC,val,2024-11-03 03:00:00+00:00,2024-11-03 20:00:00+00:00,-1,68202.2,68673.3,0.1896805266190774,5.192523384249905,-2.7535428879922255,-91.79747658650922,False
BTC,val,2024-11-04 17:00:00+00:00,2024-11-05 04:00:00+00:00,-1,67738.8,68236.3,0.1896229596035526,5.1568001788778055,-1.7674360226718966,-97.72678655897289,False
BTC,val,2024-11-06 01:00:00+00:00,2024-11-07 05:00:00+00:00,1,71070.0,74774.1,0.17935985576803373,5.231715348123737,4.374333086663652,654.7607933155887,True
BTC,val,2024-11-08 19:00:00+00:00,2024-11-09 11:00:00+00:00,1,76831.9,76480.9,0.17443100772920814,5.348501240357308,2.6689762625824422,-69.24276121589173,False
BTC,val,2024-11-09 17:00:00+00:00,2024-11-09 22:00:00+00:00,-1,76093.4,76462.1,0.17521392106981493,5.34596946715323,-0.835810483687462,-69.11153168190685,False
BTC,val,2024-11-10 04:00:00+00:00,2024-11-10 21:00:00+00:00,1,77242.0,79008.0,0.17171372374941027,5.366053867169072,6.7899775006205605,291.09040477366943,True
BTC,val,2024-11-11 16:00:00+00:00,2024-11-12 11:00:00+00:00,1,84099.8,86957.2,0.1611728191342383,5.51394778452908,10.198465157210583,444.8228004524335,True
BTC,val,2024-11-13 15:00:00+00:00,2024-11-13 22:00:00+00:00,1,91586.6,88538.0,0.1528545077017604,5.506571411595303,3.8464440221575598,-475.3452676133402,False
BTC,val,2024-11-16 16:00:00+00:00,2024-11-16 19:00:00+00:00,-1,90582.2,91379.9,0.1493017324315893,5.43345135337802,-1.2755518123742329,-123.25589150168162,False
BTC,val,2024-11-17 22:00:00+00:00,2024-11-18 02:00:00+00:00,-1,89188.7,90838.0,0.15025248149107487,5.4098916819298575,-1.9186722414561874,-251.30263716370428,False
BTC,val,2024-11-18 07:00:00+00:00,2024-11-18 12:00:00+00:00,1,92218.8,90339.9,0.14259045724732183,5.206225701495331,3.861433506009945,-276.9808693294999,False
BTC,val,2024-11-21 04:00:00+00:00,2024-11-22 14:00:00+00:00,1,95859.7,97820.1,0.13428521046351932,5.201666541106466,9.788514947256637,248.26254510432227,True
BTC,val,2024-11-23 17:00:00+00:00,2024-11-24 02:00:00+00:00,-1,97790.0,98270.7,0.1341732542649979,5.261220430494695,-4.061400562638928,-65.69690319304027,False
BTC,val,2024-11-24 13:00:00+00:00,2024-11-24 23:00:00+00:00,-1,96986.1,98110.7,0.13460800703792714,5.252318285495413,-4.899086536431069,-151.7333964639147,False
BTC,val,2024-11-25 15:00:00+00:00,2024-11-26 17:00:00+00:00,-1,95470.8,94093.9,0.13515517032346216,5.124129863163201,-8.068496190315583,189.03952034552094,True
BTC,val,2024-11-29 03:00:00+00:00,2024-11-30 01:00:00+00:00,1,96817.7,97053.3,0.13522746104547737,5.243336620069549,10.774043952030645,15.842209250213273,True
BTC,val,2024-12-02 09:00:00+00:00,2024-12-02 16:00:00+00:00,-1,95097.5,97127.8,0.13784015315347853,5.2992729583946705,-1.6409039532002034,-283.51523195270056,False
BTC,val,2024-12-03 14:00:00+00:00,2024-12-03 16:00:00+00:00,-1,93767.1,95746.0,0.13677226588601143,5.184027220416455,-0.8198456068329119,-275.02281857540765,False
BTC,val,2024-12-04 17:00:00+00:00,2024-12-04 19:00:00+00:00,-1,94872.3,96172.0,0.13228008506154923,5.054271250904826,-1.1515242621729531,-175.82717354322995,False
BTC,val,2024-12-04 21:00:00+00:00,2024-12-05 17:00:00+00:00,1,98795.6,101167.8,0.12524736668881598,5.008977856828477,20.630412405601653,271.47241299677626,True
BTC,val,2024-12-05 23:00:00+00:00,2024-12-06 14:00:00+00:00,-1,96571.7,98636.9,0.1309427208326908,5.112229042788081,-3.719427952942465,-271.8157081535246,False
BTC,val,2024-12-06 18:00:00+00:00,2024-12-07 04:00:00+00:00,1,100861.8,99359.9,0.12267821360797486,4.9125680963103715,1.8552862552843,-191.01826336941485,False
BTC,val,2024-12-09 00:00:00+00:00,2024-12-09 01:00:00+00:00,1,101186.8,99715.2,0.12039640725781844,4.837575802182048,0.2679894662027368,-182.28091818899156,False
BTC,val,2024-12-10 16:00:00+00:00,2024-12-10 22:00:00+00:00,-1,95651.0,96829.4,0.12545865974978235,4.829666602420401,-0.9015140938270243,-151.76863715773288,False
BTC,val,2024-12-12 20:00:00+00:00,2024-12-13 11:00:00+00:00,-1,99466.8,100471.1,0.11911992369884926,4.76331747850163,-2.232210882978239,-122.16324596627419,False
BTC,val,2024-12-13 18:00:00+00:00,2024-12-14 12:00:00+00:00,1,101735.5,101597.5,0.1152627586300006,4.687344500102782,2.636431876735385,-23.23003706777854,False
BTC,val,2024-12-16 00:00:00+00:00,2024-12-16 12:00:00+00:00,1,104515.6,103776.1,0.11197452192337456,4.664672705621392,1.760606201194747,-89.2304378691515,False
BTC,val,2024-12-18 21:00:00+00:00,2024-12-19 11:00:00+00:00,-1,100776.0,102357.7,0.11524424372534627,4.681997926326273,-1.0322989484474552,-185.93151927825784,False
BTC,val,2024-12-19 18:00:00+00:00,2024-12-20 16:00:00+00:00,-1,98781.4,96941.9,0.11568901014145616,4.528606967723853,0.4675564604102166,207.81377072708165,True
BTC,val,2024-12-22 15:00:00+00:00,2024-12-23 04:00:00+00:00,-1,95326.5,95969.8,0.12206192566719977,4.66999895020207,-0.44927258325726704,-82.74316314865791,False
BTC,val,2024-12-23 16:00:00+00:00,2024-12-23 23:00:00+00:00,-1,93202.7,95154.7,0.12395556130847778,4.669589448721094,-0.3757252612815644,-246.25511986159108,False
BTC,val,2024-12-24 14:00:00+00:00,2024-12-25 12:00:00+00:00,1,96040.1,97890.0,0.11772934299427082,4.566252651962648,2.818200276595561,210.40305867654206,True
BTC,val,2024-12-26 09:00:00+00:00,2024-12-27 03:00:00+00:00,-1,95816.1,96025.8,0.12020047708872111,4.611897581121346,-1.2265380186620805,-28.59139960795619,False
BTC,val,2024-12-27 16:00:00+00:00,2024-12-28 10:00:00+00:00,-1,94529.2,94530.0,0.12153439924565802,4.595439258772942,-0.021709957599067832,-4.670956820571519,False
BTC,val,2024-12-28 18:00:00+00:00,2024-12-29 12:00:00+00:00,1,94985.5,94975.1,0.12090138575205778,4.59329995565847,0.4610651804754548,-6.311739547954858,False
BTC,val,2024-12-29 15:00:00+00:00,2024-12-30 09:00:00+00:00,-1,94577.9,93804.4,0.12135569553568148,4.5722530086222815,0.3451858403019365,88.95119164792959,True
BTC,val,2024-12-30 14:00:00+00:00,2024-12-30 18:00:00+00:00,-1,92614.7,93779.9,0.12488857631080227,4.655711245204293,0.1368683906650555,-150.31274875321105,False
BTC,val,2025-01-03 17:00:00+00:00,2025-01-04 09:00:00+00:00,1,97828.8,97877.7,0.11669575094142878,4.5676233963237465,1.5767403581768036,-0.43794153346425446,False
BTC,val,2025-01-04 21:00:00+00:00,2025-01-05 09:00:00+00:00,1,98571.9,97814.5,0.11581157853470801,4.548763797349716,1.5038119427682648,-93.7682653223037,False
BTC,val,2025-01-06 15:00:00+00:00,2025-01-07 10:00:00+00:00,1,100692.4,101667.1,0.11244144615525184,4.550718964650737,1.9731340779407194,103.07282452493382,True
BTC,val,2025-01-07 12:00:00+00:00,2025-01-08 23:00:00+00:00,-1,100796.4,95247.5,0.1133480153792002,4.444237398439677,-3.635126500866529,628.1476916400698,True
BTC,val,2025-01-09 14:00:00+00:00,2025-01-09 16:00:00+00:00,-1,91933.7,94210.8,0.13110773947973467,4.8809969223170935,-0.15687017367080971,-303.2695603179527,False
BTC,val,2025-01-11 22:00:00+00:00,2025-01-12 07:00:00+00:00,1,94896.0,94328.7,0.12381923398973751,4.685931481187577,0.9966194460889797,-75.92520236965538,False
BTC,val,2025-01-13 11:00:00+00:00,2025-01-13 21:00:00+00:00,-1,91594.1,93545.1,0.1274538952434761,4.719342440452195,-0.5838578322391463,-252.7980342282317,False
BTC,val,2025-01-15 14:00:00+00:00,2025-01-16 09:00:00+00:00,1,98927.7,98923.1,0.11545024085359555,4.568384502615313,2.155162981730769,-7.254618592271072,False
BTC,val,2025-01-16 15:00:00+00:00,2025-01-16 18:00:00+00:00,-1,97579.0,99798.9,0.11697160427448501,4.617521922265775,-0.4362507156493789,-263.8465355355438,False
BTC,val,2025-01-17 02:00:00+00:00,2025-01-18 04:00:00+00:00,1,101644.6,103530.0,0.1096971766130658,4.501414866543026,3.437286779923395,198.88435513980767,True
BTC,val,2025-01-19 20:00:00+00:00,2025-01-19 22:00:00+00:00,1,106231.4,103680.0,0.10683291374399884,4.485089298016407,0.2804020785044567,-277.33898750295884,False
BTC,val,2025-01-20 00:00:00+00:00,2025-01-20 07:00:00+00:00,-1,101310.7,107542.7,0.10928432046764339,4.564880379271382,-0.9784994299873404,-684.646266103633,False
BTC,val,2025-01-26 23:00:00+00:00,2025-01-27 15:00:00+00:00,-1,104283.6,101857.3,0.09960362645226713,4.106476240026831,-1.1504050957761403,238.71220771688604,True
BTC,val,2025-01-29 20:00:00+00:00,2025-01-30 21:00:00+00:00,1,103536.1,104850.2,0.10262832912592353,4.277267556346687,2.9184737925706,127.66814595545657,True
BTC,val,2025-01-31 19:00:00+00:00,2025-02-01 18:00:00+00:00,-1,102569.9,102197.3,0.1048397735902052,4.293549377340053,2.7595940156400225,32.01015624673164,True
BTC,val,2025-02-01 23:00:00+00:00,2025-02-03 15:00:00+00:00,-1,100600.6,96542.5,0.10721024774620348,4.227152118490913,-0.19854762049655603,431.0413018808722,True
BTC,val,2025-02-04 22:00:00+00:00,2025-02-05 12:00:00+00:00,-1,96463.0,98186.2,0.11627729337982015,4.526656426909458,-0.5076855187564865,-204.3880028602598,False
BTC,val,2025-02-05 19:00:00+00:00,2025-02-06 05:00:00+00:00,-1,96672.2,97580.0,0.11391143005370036,4.425509178615483,-1.1444437952186595,-106.68986158615371,False
BTC,val,2025-02-07 14:00:00+00:00,2025-02-07 18:00:00+00:00,1,98778.1,97373.1,0.11040279866540435,4.331128288315492,0.3172637157977223,-159.76432412900613,False
BTC,val,2025-02-09 04:00:00+00:00,2025-02-09 12:00:00+00:00,1,97266.8,96513.4,0.11047566448903605,4.28159927196366,0.1595400817744535,-87.67350497978077,False
BTC,val,2025-02-09 22:00:00+00:00,2025-02-10 00:00:00+00:00,-1,95120.0,96428.6,0.11204731768021858,4.292501367080224,-0.08450174289190257,-150.83311954052624,False
BTC,val,2025-02-11 19:00:00+00:00,2025-02-12 08:00:00+00:00,-1,95427.4,96025.7,0.11010577400413157,4.2160183521980805,-0.06622156294362382,-70.02608137592324,False
BTC,val,2025-02-12 17:00:00+00:00,2025-02-13 06:00:00+00:00,1,96954.7,96622.4,0.10764905318489915,4.1676783066557075,0.8184473350792314,-40.75790601507833,False
BTC,val,2025-02-14 17:00:00+00:00,2025-02-14 23:00:00+00:00,1,97626.0,97083.4,0.10649134196639075,4.146973059894153,0.7803359409562343,-62.709511151813786,False
BTC,val,2025-02-18 17:00:00+00:00,2025-02-18 23:00:00+00:00,-1,94599.9,95264.4,0.10923493829971331,4.147963019163652,-0.7296449703081882,-76.00493454901698,False
BTC,val,2025-02-20 19:00:00+00:00,2025-02-21 16:00:00+00:00,1,98241.3,98074.8,0.10441239382123436,4.099566789329765,1.4568201752038008,-22.941050535770046,False
BTC,val,2025-02-21 18:00:00+00:00,2025-02-22 10:00:00+00:00,-1,96929.4,96528.2,0.10558889516054223,4.085394848882023,-6.118247069695061,44.395116959216466,True
BTC,val,2025-02-23 13:00:00+00:00,2025-02-24 00:00:00+00:00,-1,95722.8,96262.6,0.1073836470677151,4.123218487150822,-1.4137563181901498,-60.675154856115114,False
BTC,val,2025-02-24 15:00:00+00:00,2025-02-26 02:00:00+00:00,-1,94688.1,88685.7,0.10791628743925967,3.957803941925863,-4.269481827912124,648.068401611401,True
BTC,val,2025-02-26 18:00:00+00:00,2025-02-27 06:00:00+00:00,-1,86002.2,85815.4,0.12635091449159166,4.3418621771501,0.39533989840313205,18.865148751474408,True
BTC,val,2025-02-28 02:00:00+00:00,2025-02-28 15:00:00+00:00,-1,81613.4,82020.0,0.13337664852879846,4.364974895874457,-1.0455492748095074,-57.550370912873404,False
BTC,val,2025-03-02 15:00:00+00:00,2025-03-02 16:00:00+00:00,-1,85083.1,87416.7,0.12726112936796338,4.390503872749562,-0.13905934959525554,-301.2280160162318,False
BTC,val,2025-03-02 16:00:00+00:00,2025-03-03 09:00:00+00:00,1,87416.7,91457.0,0.1204179908428382,4.307922313724918,2.037015933692903,480.17987015490326,True
BTC,val,2025-03-03 15:00:00+00:00,2025-03-04 18:00:00+00:00,-1,89270.3,85409.9,0.12329658632564287,4.307494471736112,-0.9289042859733312,472.5955516657559,True
BTC,val,2025-03-04 20:00:00+00:00,2025-03-06 13:00:00+00:00,1,88183.9,90054.2,0.13017476888561058,4.640420694822069,4.583054806192818,234.24239474574279,True
BTC,val,2025-03-07 01:00:00+00:00,2025-03-07 10:00:00+00:00,-1,85485.4,88899.9,0.137024114020377,4.778998246135529,-0.3853400013367599,-472.2624955673782,False
BTC,val,2025-03-09 10:00:00+00:00,2025-03-10 10:00:00+00:00,-1,85533.6,82449.5,0.13142552986323686,4.415453585113821,3.3047259563756195,397.6092971097187,True
BTC,val,2025-03-13 14:00:00+00:00,2025-03-14 03:00:00+00:00,-1,81742.8,82177.2,0.14238450356752982,4.667933564957898,0.5963033460352123,-67.11606526072137,False
BTC,val,2025-03-16 11:00:00+00:00,2025-03-16 18:00:00+00:00,-1,83623.8,83871.5,0.13837916876486306,4.635572077204273,-0.005522290603535804,-38.906569889661114,False
BTC,val,2025-03-19 19:00:00+00:00,2025-03-20 11:00:00+00:00,1,85571.7,85124.0,0.1347745266609112,4.601086434110579,1.0000583673770036,-65.93970038757652,False
BTC,val,2025-03-20 17:00:00+00:00,2025-03-21 21:00:00+00:00,-1,83764.5,84172.1,0.13689505294822887,4.597937949789107,0.06089555281577483,-60.45725708431746,False
BTC,val,2025-03-23 12:00:00+00:00,2025-03-24 23:00:00+00:00,1,84632.8,87419.4,0.13477621448891683,4.637708842098003,1.3038481839917506,369.62584226872787,True
BTC,val,2025-03-28 08:00:00+00:00,2025-03-30 02:00:00+00:00,-1,85158.0,82890.7,0.13828547227349547,4.647738768889392,-0.8021646927368807,309.6890772095394,True
BTC,val,2025-03-31 15:00:00+00:00,2025-03-31 23:00:00+00:00,1,83451.0,82355.2,0.14482514679363778,4.802581450859053,0.007528126157706136,-163.50950543348517,False
BTC,val,2025-04-02 16:00:00+00:00,2025-04-02 22:00:00+00:00,1,86699.3,84808.1,0.1375131496983526,4.7169045541150485,-0.2480930806413683,-264.53368018299807,False
BTC,val,2025-04-05 14:00:00+00:00,2025-04-06 00:00:00+00:00,-1,82714.9,83496.7,0.14093905861530853,4.685141286988843,-0.6776220176865984,-114.19367529474948,False
BTC,val,2025-04-06 14:00:00+00:00,2025-04-07 14:00:00+00:00,-1,82264.1,78329.9,0.14032325721869726,4.507014633955894,-0.08282306253371341,547.6355669783807,True
BTC,val,2025-04-08 17:00:00+00:00,2025-04-09 08:00:00+00:00,-1,77385.3,77653.9,0.15624675527707477,4.84487438815069,-0.6432155050440768,-46.169537350529936,False
BTC,val,2025-04-09 18:00:00+00:00,2025-04-10 11:00:00+00:00,1,82160.8,81720.5,0.14660315495701703,4.805103123691479,2.4670371407886247,-71.8215093920553,False
BTC,val,2025-04-10 16:00:00+00:00,2025-04-11 04:00:00+00:00,-1,78734.1,80806.2,0.15207147836071574,4.8523058558224195,-0.38441896467800324,-319.5751972023754,False
BTC,val,2025-04-12 14:00:00+00:00,2025-04-13 05:00:00+00:00,1,84410.0,84577.2,0.13805989559528556,4.666071037787928,0.7121217027269424,17.70542180301709,True
BTC,val,2025-04-13 14:00:00+00:00,2025-04-13 18:00:00+00:00,-1,83568.8,84710.0,0.13966146706666926,4.700412816843725,-0.0241043697506549,-164.05797466357762,False
BTC,val,2025-04-16 15:00:00+00:00,2025-04-16 18:00:00+00:00,1,84563.0,83250.0,0.13607941102299462,4.567178840400359,-0.18570641597333526,-183.05373909761875,False
BTC,test,2025-04-19 04:00:00+00:00,2025-04-19 17:00:00+00:00,1,84838.4,84813.8,0.11787115268557635,3.9994200739287873,0.754395861308087,-7.653446291300497,False
BTC,test,2025-04-20 11:00:00+00:00,2025-04-20 21:00:00+00:00,-1,84130.1,85086.4,0.1187725505343355,4.019655059498676,0.5945078710949764,-118.19635300657865,False
BTC,test,2025-04-21 01:00:00+00:00,2025-04-21 18:00:00+00:00,1,86584.9,86817.7,0.11404009475904138,3.9549697870928293,1.3917917283345558,21.201772544478445,True
BTC,test,2025-04-22 14:00:00+00:00,2025-04-23 14:00:00+00:00,1,90191.3,92975.5,0.10971514961250807,4.019234573208869,0.09497461112706997,301.35471036680974,True
BTC,test,2025-04-25 12:00:00+00:00,2025-04-26 05:00:00+00:00,1,94593.2,94488.3,0.10779534558100803,4.076421127095074,0.19072102248177658,-15.574873901023238,False
BTC,test,2025-04-28 01:00:00+00:00,2025-04-28 05:00:00+00:00,-1,93371.5,93993.6,0.10903896595548306,4.086019352029135,-0.05626811444645023,-71.86289195849167,False
BTC,test,2025-04-30 14:00:00+00:00,2025-04-30 21:00:00+00:00,-1,92994.1,94519.0,0.10870871289419322,4.076861550360029,-0.23633128196908207,-169.61044656074773,False
BTC,test,2025-05-01 11:00:00+00:00,2025-05-02 08:00:00+00:00,1,96125.6,96310.0,0.10340282371390291,3.9796768846158272,0.35228019314283354,14.735523615085185,True
BTC,test,2025-05-02 15:00:00+00:00,2025-05-02 20:00:00+00:00,1,97703.8,96843.6,0.10188338626346398,3.9642295801505263,-0.11455961610130957,-91.48975882788,False
BTC,test,2025-05-05 00:00:00+00:00,2025-05-05 18:00:00+00:00,-1,94224.1,94448.7,0.10467496358129556,3.949863693756212,-0.014380839637479666,-27.445479674484886,False
BTC,test,2025-05-06 23:00:00+00:00,2025-05-07 18:00:00+00:00,1,96200.0,96276.7,0.10223969601149549,3.9357518594591627,1.1269067027429582,2.779126121879017,True
BTC,test,2025-05-08 03:00:00+00:00,2025-05-09 16:00:00+00:00,1,98636.1,102855.7,0.0997427704707277,4.019470071826754,4.395250159713008,412.4598740467409,True
BTC,test,2025-05-10 07:00:00+00:00,2025-05-10 16:00:00+00:00,1,103905.6,103100.6,0.09865394893513425,4.084395816811238,1.1189436503441135,-84.61976835994028,False
BTC,test,2025-05-11 00:00:00+00:00,2025-05-11 08:00:00+00:00,1,104782.3,103354.3,0.09702094712670505,4.038722012746431,0.8146783689221185,-143.39931287860418,False
BTC,test,2025-05-12 15:00:00+00:00,2025-05-13 08:00:00+00:00,-1,102763.6,102627.9,0.09753140874040946,4.006424467661162,-1.4769188174307337,10.705506515843808,True
BTC,test,2025-05-17 02:00:00+00:00,2025-05-17 20:00:00+00:00,-1,102775.2,103109.4,0.09762456489261793,4.019878898618137,-0.28462086416555227,-36.36138762156406,False
BTC,test,2025-05-18 08:00:00+00:00,2025-05-18 20:00:00+00:00,1,103883.4,103842.3,0.09623311129718726,3.998018081477226,0.8912069323029382,-8.844405888094116,False
BTC,test,2025-05-21 15:00:00+00:00,2025-05-21 18:00:00+00:00,1,109033.7,106558.0,0.09160634178462372,3.9499133912256124,0.20361469903761412,-230.94334844645527,False
BTC,test,2025-05-23 12:00:00+00:00,2025-05-24 11:00:00+00:00,-1,109026.5,109025.7,0.089494160041785,3.9028796968526622,-1.2335242805446185,-2.597760088276118,False
BTC,test,2025-05-25 23:00:00+00:00,2025-05-26 17:00:00+00:00,1,109143.8,109346.4,0.08937417681725757,3.905476353527594,2.1442516272290244,12.057480242419842,True
BTC,test,2025-05-27 02:00:00+00:00,2025-05-27 08:00:00+00:00,-1,108350.4,109494.0,0.09013990497450694,3.927294703045696,-0.7358359313817185,-106.27545410051243,False
BTC,test,2025-05-28 15:00:00+00:00,2025-05-29 01:00:00+00:00,-1,107484.3,108251.1,0.08987749192997771,3.877951334502103,-0.28674755829610343,-72.50926458811227,False
BTC,test,2025-05-30 17:00:00+00:00,2025-05-31 13:00:00+00:00,-1,103875.4,103998.8,0.09230202763369567,3.8374420305464763,-2.3971351160274823,-12.830377124515508,False
BTC,test,2025-06-05 13:00:00+00:00,2025-06-05 14:00:00+00:00,1,105594.8,104468.9,0.090677568063358,3.8096130908781634,-0.00265243602127116,-105.90083453739135,False
BTC,test,2025-06-05 17:00:00+00:00,2025-06-06 07:00:00+00:00,-1,103233.0,103120.4,0.09172627773676328,3.785605856065082,-0.6879241501033277,7.230697167198741,True
BTC,test,2025-06-09 11:00:00+00:00,2025-06-10 14:00:00+00:00,1,107163.0,109274.4,0.088429864102036,3.8279059737196013,2.494280904367743,180.38862818695088,True
BTC,test,2025-06-12 21:00:00+00:00,2025-06-13 15:00:00+00:00,-1,105902.0,104912.6,0.09118617358457286,3.844675341952459,-0.6146099466026759,86.989534749222,True
BTC,test,2025-06-18 19:00:00+00:00,2025-06-18 21:00:00+00:00,-1,103560.0,104770.2,0.09408833226827594,3.920288215823276,-0.07222749314233748,-117.71376043374585,False
BTC,test,2025-06-20 08:00:00+00:00,2025-06-20 15:00:00+00:00,1,105769.9,103860.4,0.09100957767066917,3.8156730139951356,0.5401915995491539,-178.13865317568707,False
BTC,test,2025-06-21 19:00:00+00:00,2025-06-22 09:00:00+00:00,-1,102613.0,102663.2,0.09207347291369732,3.7800985281053427,-0.2313818262042393,-8.170805042167558,False
BTC,test,2025-06-22 14:00:00+00:00,2025-06-23 02:00:00+00:00,-1,100804.6,101044.9,0.093644183609191,3.7804063278846796,-0.20131616150977405,-26.08178748766295,False
BTC,test,2025-06-23 21:00:00+00:00,2025-06-26 10:00:00+00:00,1,103694.2,107263.5,0.09078311693000567,3.830279509277011,0.08361549639195653,320.11828425260137,True
BTC,test,2025-06-29 09:00:00+00:00,2025-06-29 17:00:00+00:00,1,107645.3,107498.8,0.09042476511111952,3.8908709415086418,0.1336692355607294,-17.27176826584946,False
BTC,test,2025-07-02 09:00:00+00:00,2025-07-03 13:00:00+00:00,1,107688.1,109112.6,0.09022843934984594,3.912317762190829,1.9962232685054482,122.62187082315904,True
BTC,test,2025-07-06 14:00:00+00:00,2025-07-07 07:00:00+00:00,1,108731.5,108730.1,0.0904903461312803,3.935635090852405,1.2253960729511981,-5.287717648385296,False
BTC,test,2025-07-08 11:00:00+00:00,2025-07-08 16:00:00+00:00,1,108790.0,108202.7,0.09039308165019688,3.922927769719335,0.20945630678819233,-57.22024092966785,False
BTC,test,2025-07-09 20:00:00+00:00,2025-07-10 13:00:00+00:00,1,111702.6,110827.0,0.08752386347135385,3.8953300657469967,1.5407207399436746,-82.07194566120779,False
BTC,test,2025-07-10 17:00:00+00:00,2025-07-11 16:00:00+00:00,1,112605.0,116908.7,0.08609361188343362,3.9519326819461638,2.706166404933491,363.86297837585334,True
BTC,test,2025-07-14 04:00:00+00:00,2025-07-14 16:00:00+00:00,1,120725.0,119889.3,0.08331691153041952,4.009448069210764,1.3262656950357448,-74.96365673021864,False
BTC,test,2025-07-20 14:00:00+00:00,2025-07-20 18:00:00+00:00,1,118423.3,118058.1,0.08430326200823383,3.98723068485479,0.4993521419253638,-35.27413411218549,False
BTC,test,2025-07-25 03:00:00+00:00,2025-07-25 19:00:00+00:00,-1,116314.0,116493.9,0.08552879579128472,3.9823558675395674,-1.9816069407877546,-17.387379289601085,False
BTC,test,2025-07-27 17:00:00+00:00,2025-07-28 08:00:00+00:00,1,119099.1,118885.8,0.08338273735383299,3.9687664821756417,1.8639202004327384,-23.61822456018126,False
BTC,test,2025-07-28 15:00:00+00:00,2025-07-29 04:00:00+00:00,-1,117980.0,118761.9,0.08397347643513908,3.976008072172011,-1.610588185319948,-68.02428111148402,False
BTC,test,2025-07-30 19:00:00+00:00,2025-07-31 00:00:00+00:00,-1,116471.7,117781.6,0.08447688553276225,3.9577978419543633,-0.6193882205899549,-113.99468198073009,False
BTC,test,2025-07-31 20:00:00+00:00,2025-08-01 15:00:00+00:00,-1,116709.3,115560.6,0.08332816482255909,3.8709249021038636,0.2059304461297009,91.64220758344163,True
BTC,test,2025-08-01 20:00:00+00:00,2025-08-03 03:00:00+00:00,-1,113283.6,113477.9,0.08665697412784319,3.9300930877381823,-3.4991350146978304,-17.268408146084766,False
BTC,test,2025-08-04 01:00:00+00:00,2025-08-04 10:00:00+00:00,1,114859.9,114280.6,0.08531737870364552,3.9099333629685367,0.5613887724739999,-53.895679618462964,False
BTC,test,2025-08-04 17:00:00+00:00,2025-08-05 02:00:00+00:00,1,115239.9,114672.7,0.08456836483322522,3.888666527311075,0.3390386473231398,-52.19488170803925,False
BTC,test,2025-08-05 15:00:00+00:00,2025-08-05 23:00:00+00:00,-1,112972.8,113931.0,0.08580344140214592,3.893825381444848,-0.5115376656890418,-85.59914526729335,False
BTC,test,2025-08-06 15:00:00+00:00,2025-08-07 03:00:00+00:00,1,115132.8,114516.8,0.08345020601921482,3.8328612864460556,1.232186452763055,-56.4703746470459,False
BTC,test,2025-08-07 11:00:00+00:00,2025-08-08 06:00:00+00:00,1,116280.0,116479.1,0.08214125821226359,3.8238250668708167,0.45820725917637256,12.07229218401335,True
BTC,test,2025-08-09 10:00:00+00:00,2025-08-09 17:00:00+00:00,1,117459.9,116576.3,0.0814189165588088,3.8109947679081375,0.5047731419762096,-76.25752258124521,False
BTC,test,2025-08-10 04:00:00+00:00,2025-08-11 13:00:00+00:00,1,118488.9,119638.0,0.08006826187537212,3.81328139775411,3.484184660211084,84.70897366302779,True
BTC,test,2025-08-12 16:00:00+00:00,2025-08-13 05:00:00+00:00,1,119888.2,119318.3,0.0798402949430203,3.8196635024575176,0.8926928914110472,-50.21334048189601,False
BTC,test,2025-08-13 14:00:00+00:00,2025-08-14 07:00:00+00:00,1,121786.0,121826.2,0.07818382989593148,3.8093069610747277,2.0354037198148878,-2.7017207190729096,False
BTC,test,2025-08-14 13:00:00+00:00,2025-08-15 04:00:00+00:00,-1,118863.2,118933.2,0.08008361029306664,3.808718845338838,-1.7466783671829054,-7.667893198668025,False
BTC,test,2025-08-18 02:00:00+00:00,2025-08-18 16:00:00+00:00,-1,116230.0,116082.5,0.08183193920492274,3.802116475308723,-1.5828979170576776,9.85099247447397,True
BTC,test,2025-08-22 15:00:00+00:00,2025-08-23 07:00:00+00:00,1,115746.0,115750.6,0.08225923389372111,3.80854659300024,1.6909131670031936,-5.121067284091623,False
BTC,test,2025-08-24 20:00:00+00:00,2025-08-25 17:00:00+00:00,-1,112595.1,112476.6,0.08451572243355662,3.8044194649697456,-2.491405809197761,8.702099452610128,True
BTC,test,2025-08-25 21:00:00+00:00,2025-08-26 15:00:00+00:00,-1,109520.7,110350.1,0.08696765377167205,3.8243295217801103,-2.152104060553843,-73.80319749945738,False
BTC,test,2025-08-29 08:00:00+00:00,2025-08-30 08:00:00+00:00,-1,109946.7,108466.8,0.08595942507534747,3.7549397777388807,-1.6521951747036652,125.1086085659681,True
BTC,test,2025-08-31 01:00:00+00:00,2025-08-31 05:00:00+00:00,1,109357.5,108773.5,0.08756659332462495,3.820197713698753,0.4777947476945089,-55.43688296297478,False
BTC,test,2025-09-03 15:00:00+00:00,2025-09-04 03:00:00+00:00,1,112239.6,111410.7,0.08482413378642385,3.7941885937147664,1.3892389148759974,-75.49415200415751,False
BTC,test,2025-09-06 17:00:00+00:00,2025-09-07 02:00:00+00:00,-1,110201.6,110507.4,0.08570776372149352,3.783294964641423,-0.031148052216975253,-29.961581058454613,False
BTC,test,2025-09-08 09:00:00+00:00,2025-09-09 01:00:00+00:00,1,111630.5,111598.0,0.08434228202392792,3.7655202205556786,1.0184249645259862,-7.525069350860576,False
BTC,test,2025-09-10 13:00:00+00:00,2025-09-11 10:00:00+00:00,1,113380.3,113848.4,0.0829742560578974,3.7708264675006307,1.2775793213267963,33.7918434718722,True
BTC,test,2025-09-11 23:00:00+00:00,2025-09-12 11:00:00+00:00,1,115036.3,114926.0,0.08207355319662661,3.7747646124537217,1.2266333596512897,-14.05411088969413,False
BTC,test,2025-09-12 19:00:00+00:00,2025-09-13 07:00:00+00:00,1,116434.1,115690.4,0.0809675496843571,3.7589103973413103,0.31519946742048377,-64.28967656501845,False
BTC,test,2025-09-13 17:00:00+00:00,2025-09-13 21:00:00+00:00,-1,115274.9,115835.5,0.08122404877504458,3.7543444804040123,-0.2855843240613981,-49.002961899628644,False
BTC,test,2025-09-14 14:00:00+00:00,2025-09-14 21:00:00+00:00,-1,115286.3,115753.3,0.0807909624841699,3.733182331191524,-0.28744411375613355,-41.1751176975431,False
BTC,test,2025-09-17 15:00:00+00:00,2025-09-17 23:00:00+00:00,-1,115548.7,116528.4,0.08025114969308364,3.7248908184873484,-0.42737521958106783,-81.91956695322187,False
BTC,test,2025-09-21 17:00:00+00:00,2025-09-21 18:00:00+00:00,-1,115267.8,115581.2,0.0797360273518536,3.681396435629611,-0.09290865608572112,-28.577758751611327,False
BTC,test,2025-09-22 01:00:00+00:00,2025-09-23 06:00:00+00:00,-1,114330.4,112600.1,0.08013982890671581,3.6372342887430946,-1.3205094055984024,136.34922107413877,True
BTC,test,2025-09-25 05:00:00+00:00,2025-09-26 13:00:00+00:00,-1,111679.5,109330.5,0.08326297947170716,3.6803902186084,-0.5771126660272664,192.48146122645994,True
BTC,test,2025-09-28 15:00:00+00:00,2025-09-30 08:00:00+00:00,1,109805.4,113661.6,0.08643700015788823,3.8631634228565614,3.8387235025484827,325.6164730834462,True
BTC,test,2025-09-30 10:00:00+00:00,2025-09-30 19:00:00+00:00,-1,112737.8,113674.9,0.0870769684189369,3.943066305509247,-0.6468573992726158,-84.89603601162707,False
BTC,test,2025-10-01 09:00:00+00:00,2025-10-03 07:00:00+00:00,1,116061.7,119864.3,0.08385169107646018,3.956558813780989,3.2767994600299106,311.6210822135381,True
BTC,test,2025-10-03 16:00:00+00:00,2025-10-04 10:00:00+00:00,1,122222.9,122153.6,0.08217437891280878,4.016297421677203,0.3794951657353453,-10.0904770460711,False
BTC,test,2025-10-05 03:00:00+00:00,2025-10-05 11:00:00+00:00,1,124002.0,122980.2,0.08091402089785862,3.996864578439819,1.0054609876003255,-87.68027211947265,False
BTC,test,2025-10-07 15:00:00+00:00,2025-10-08 09:00:00+00:00,-1,122716.0,122341.1,0.08104746037400822,3.9722511203238744,-2.05989012826703,28.47233190215593,True
BTC,test,2025-10-08 18:00:00+00:00,2025-10-09 02:00:00+00:00,1,124007.5,122479.4,0.08043297767601917,3.9651350650262343,0.8198289266848618,-127.6945971784371,False
BTC,test,2025-10-09 17:00:00+00:00,2025-10-09 23:00:00+00:00,-1,119750.1,121646.4,0.08222621844975922,3.96982426840146,-0.4167650435138885,-159.47863727116055,False
BTC,test,2025-10-10 15:00:00+00:00,2025-10-12 05:00:00+00:00,-1,120407.9,111468.3,0.08045252217428717,3.731005024437889,-1.0246720712455992,716.5070342760664,True
BTC,test,2025-10-12 17:00:00+00:00,2025-10-13 12:00:00+00:00,1,114039.9,114139.1,0.09122794985777274,4.163260474119345,2.1305623296650302,2.7559898221079493,True
BTC,test,2025-10-16 16:00:00+00:00,2025-10-17 21:00:00+00:00,-1,108463.5,106973.1,0.09594363328499933,4.133954029313418,0.29991831948132874,138.56051869916155,True
BTC,test,2025-10-19 09:00:00+00:00,2025-10-19 10:00:00+00:00,-1,106392.8,107357.3,0.09911331206159332,4.237096072899355,-0.050037127955795915,-99.78184842835071,False
BTC,test,2025-10-19 11:00:00+00:00,2025-10-20 01:00:00+00:00,1,107839.9,108004.5,0.09685803620995881,4.181252942183367,1.3748550425469388,10.386724775429684,True
BTC,test,2025-10-20 06:00:00+00:00,2025-10-20 18:00:00+00:00,1,110996.1,110250.1,0.09419743273731028,4.1681648085770995,1.4542549138461416,-75.89370454445452,False
BTC,test,2025-10-21 02:00:00+00:00,2025-10-21 15:00:00+00:00,-1,109816.2,112159.8,0.09451842223013827,4.196164258591435,-0.723112034634627,-224.98642656251468,False
BTC,test,2025-10-23 07:00:00+00:00,2025-10-23 22:00:00+00:00,1,110200.1,109490.4,0.09214753464603749,4.04878759203106,1.5937398074900428,-71.03963273781483,False
BTC,test,2025-10-26 10:00:00+00:00,2025-10-27 15:00:00+00:00,1,112490.4,114752.6,0.08963989727131366,4.074007835125026,3.3806359395426693,195.3287318324983,True
BTC,test,2025-10-29 16:00:00+00:00,2025-10-30 08:00:00+00:00,-1,111453.8,111324.8,0.09222616574617895,4.10920321766034,-0.3821602420688021,8.170132405663026,True
BTC,test,2025-10-30 14:00:00+00:00,2025-10-31 01:00:00+00:00,-1,107560.0,109288.8,0.09564082153446582,4.147919476152614,0.1465713515855318,-169.6383430965252,False
BTC,test,2025-11-02 05:00:00+00:00,2025-11-02 15:00:00+00:00,1,110624.4,110365.0,0.09145801849456918,4.042250526460749,0.6423268856608868,-28.40878740961125,False
BTC,test,2025-11-03 03:00:00+00:00,2025-11-04 04:00:00+00:00,-1,108982.0,107093.0,0.09257565133454154,4.000656772422213,-0.37395145413001035,171.24870005266712,True
BTC,test,2025-11-04 06:00:00+00:00,2025-11-05 07:00:00+00:00,-1,104153.1,102068.5,0.09851198220498164,4.063059717896568,-0.8531792147440626,202.14819760134378,True
BTC,test,2025-11-06 15:00:00+00:00,2025-11-07 05:00:00+00:00,-1,102078.6,101977.3,0.10249431841144978,4.182914077666991,-0.32849795029894746,6.528258327713047,True
BTC,test,2025-11-07 13:00:00+00:00,2025-11-07 18:00:00+00:00,-1,99589.1,102357.5,0.10512199417127707,4.245805861621845,-0.2231870061516697,-295.0423475192292,False
BTC,test,2025-11-09 14:00:00+00:00,2025-11-10 15:00:00+00:00,1,102871.8,104847.7,0.09889943057478824,4.108668053855945,2.598950389851975,188.70776642901546,True
BTC,test,2025-11-13 18:00:00+00:00,2025-11-15 03:00:00+00:00,-1,99590.1,96431.0,0.10405321621960933,4.079325180381133,-0.6570150899208667,325.29220526891186,True
BTC,test,2025-11-15 21:00:00+00:00,2025-11-16 03:00:00+00:00,-1,95228.2,95918.3,0.11223526659016372,4.290675677055345,-0.2189270842448582,-81.52530606668552,False
BTC,test,2025-11-16 17:00:00+00:00,2025-11-17 01:00:00+00:00,-1,94181.0,95261.0,0.11261758855644709,4.26690024226209,-0.5389399611918967,-125.3549559220337,False
BTC,test,2025-11-17 18:00:00+00:00,2025-11-18 13:00:00+00:00,-1,92711.3,91481.6,0.11305075165500547,4.164629158903051,-1.6696627076855035,136.52354285895126,True
BTC,test,2025-11-20 17:00:00+00:00,2025-11-21 21:00:00+00:00,-1,87852.9,84526.7,0.1208566330169142,4.1666436113604925,-0.3582792098530323,398.1849683393484,True
BTC,test,2025-11-23 02:00:00+00:00,2025-11-24 01:00:00+00:00,1,85841.2,86691.5,0.12832754741442348,4.428139647957701,0.9811963433174637,103.70757757520914,True
BTC,test,2025-11-26 18:00:00+00:00,2025-11-27 14:00:00+00:00,1,89809.2,90809.2,0.12381246287336062,4.472561788849159,0.3724029893427303,118.9674980951695,True
BTC,test,2025-11-28 14:00:00+00:00,2025-11-28 17:00:00+00:00,1,92316.9,90876.1,0.1217379021477258,4.460306301629666,-0.02092985995211709,-179.83934585612042,False
BTC,test,2025-11-30 14:00:00+00:00,2025-11-30 22:00:00+00:00,1,91728.6,91138.8,0.12055810720893229,4.4092295228437415,0.2783875147667902,-75.79278866943969,False
BTC,test,2025-12-01 00:00:00+00:00,2025-12-01 22:00:00+00:00,-1,90308.6,86384.3,0.12161448194585928,4.297683099402304,-0.007229428122650032,472.9612578288579,True
BTC,test,2025-12-02 15:00:00+00:00,2025-12-03 15:00:00+00:00,1,89229.2,92312.9,0.1283861657628297,4.661498828706441,0.6754121707850271,390.5675083633432,True
BTC,test,2025-12-04 15:00:00+00:00,2025-12-06 10:00:00+00:00,-1,91845.6,89530.3,0.1289812725971416,4.678818880090379,-0.40888105046704193,294.36040261452945,True
BTC,test,2025-12-07 15:00:00+00:00,2025-12-07 16:00:00+00:00,-1,88182.4,89510.2,0.13767739110142793,4.892850717205919,0.01797695057341566,-187.71886757225366,False
BTC,test,2025-12-07 18:00:00+00:00,2025-12-07 23:00:00+00:00,1,90909.0,89541.0,0.1314831744435678,4.745227765668362,0.17037026562516422,-184.78458067009342,False
BTC,test,2025-12-09 16:00:00+00:00,2025-12-10 09:00:00+00:00,1,92670.4,92562.8,0.1269900564238442,4.704554903913843,0.55568142339312,-18.924366398512575,False
BTC,test,2025-12-11 21:00:00+00:00,2025-12-12 16:00:00+00:00,1,91742.6,89879.9,0.1280680399119024,4.652007515779899,2.3083462112150777,-245.51269167089595,False
BTC,test,2025-12-12 16:00:00+00:00,2025-12-13 10:00:00+00:00,-1,89879.9,90373.2,0.1279905993080856,4.614140459228056,-0.27129875444773777,-67.48060434345643,False
BTC,test,2025-12-14 11:00:00+00:00,2025-12-15 02:00:00+00:00,-1,89809.3,89205.9,0.1273398374378527,4.5591532933809376,-0.007035673048201175,72.28474028966957,True
BTC,test,2025-12-15 16:00:00+00:00,2025-12-16 10:00:00+00:00,-1,86989.4,86309.2,0.13229872148442243,4.585436643008066,-0.4903386673784146,85.8944923780764,True
BTC,test,2025-12-17 15:00:00+00:00,2025-12-17 16:00:00+00:00,1,89639.9,87185.2,0.12934508957590418,4.574291679753642,0.016027404277123847,-322.09371046600245,False
BTC,test,2025-12-18 14:00:00+00:00,2025-12-18 18:00:00+00:00,1,88818.5,86441.4,0.12691485652886605,4.448617012752682,0.48816262161676527,-306.62608508913945,False
BTC,test,2025-12-18 20:00:00+00:00,2025-12-19 04:00:00+00:00,-1,84433.1,86853.2,0.12987514493154875,4.449166607457748,-0.51612329080744,-318.24388156549503,False
BTC,test,2025-12-21 02:00:00+00:00,2025-12-21 09:00:00+00:00,-1,87969.2,88493.7,0.12103687674725308,4.271703655552569,-0.130597614000862,-67.62494789548691,False
BTC,test,2025-12-21 10:00:00+00:00,2025-12-21 14:00:00+00:00,1,88848.0,87620.1,0.11907856417768513,4.202713594232831,-0.028248914258544904,-150.39103363375398,False
BTC,test,2025-12-25 16:00:00+00:00,2025-12-25 23:00:00+00:00,1,88339.1,87610.0,0.11806211786655302,4.154584676542784,0.4770040867576322,-90.7106788998044,False
BTC,test,2025-12-26 03:00:00+00:00,2025-12-26 15:00:00+00:00,1,89154.1,87348.7,0.11596539651598085,4.093643437636173,1.1393139729979327,-214.5968842805869,False
BTC,test,2025-12-28 00:00:00+00:00,2025-12-28 18:00:00+00:00,1,87835.6,87714.9,0.11526298759551733,4.046895020777374,1.845402478679345,-19.804540102237297,False
BTC,test,2025-12-29 01:00:00+00:00,2025-12-29 10:00:00+00:00,1,88260.0,88070.1,0.11448435455634019,4.037407537470985,0.5568009736995215,-26.334787441419394,False
BTC,test,2025-12-30 15:00:00+00:00,2025-12-31 05:00:00+00:00,1,88837.6,88293.8,0.1134435683280634,4.018883615789106,0.7644820434765918,-66.47397811606788,False
BTC,test,2025-12-31 17:00:00+00:00,2026-01-01 10:00:00+00:00,-1,87603.7,87837.2,0.11428262011290732,4.0099691453933115,-1.4478811809289736,-29.24707976083846,False
BTC,test,2026-01-01 18:00:00+00:00,2026-01-03 07:00:00+00:00,1,88294.6,89825.5,0.11305712113565562,4.027549144479019,2.4008346322385252,166.65076296985535,True
BTC,test,2026-01-04 01:00:00+00:00,2026-01-04 19:00:00+00:00,1,91300.0,91162.0,0.11116083297693445,4.056525581327483,1.4990760977539899,-20.89579662989854,False
BTC,test,2026-01-05 01:00:00+00:00,2026-01-06 06:00:00+00:00,1,92371.2,93546.0,0.10964551996904032,4.076997613037612,0.5421284005875058,124.19243084600566,True
BTC,test,2026-01-06 17:00:00+00:00,2026-01-06 23:00:00+00:00,-1,92656.1,93319.8,0.11064873964056572,4.115599787703978,-0.35901473351012064,-77.19415355363526,False
BTC,test,2026-01-08 07:00:00+00:00,2026-01-08 16:00:00+00:00,-1,89839.9,90737.8,0.1132579903968792,4.090373482498107,0.031207264442336728,-105.81593032429737,False
BTC,test,2026-01-11 15:00:00+00:00,2026-01-11 20:00:00+00:00,1,91071.1,90642.8,0.1105649388349574,4.018237247792314,0.361001088292699,-51.73420163909759,False
BTC,test,2026-01-12 02:00:00+00:00,2026-01-12 09:00:00+00:00,1,91371.5,90704.2,0.10963524074238895,3.992382640567798,0.33112779991272057,-77.48310658787523,False
BTC,test,2026-01-13 16:00:00+00:00,2026-01-14 12:00:00+00:00,1,93414.9,94760.3,0.1064075783724579,4.004653468350588,2.14782949077763,137.00827298317927,True
BTC,test,2026-01-14 15:00:00+00:00,2026-01-15 04:00:00+00:00,1,96445.3,95933.0,0.10448473451675194,4.020119120456812,1.1024506082884884,-58.65009922167883,False
BTC,test,2026-01-16 16:00:00+00:00,2026-01-16 21:00:00+00:00,-1,94544.4,95519.1,0.10596514935487261,4.028021432881966,-0.024932952619999567,-107.28731955645708,False
BTC,test,2026-01-18 19:00:00+00:00,2026-01-19 00:00:00+00:00,1,95402.6,93624.6,0.1038873589096142,3.9275073140158856,0.1025236249002484,-188.74175508021108,False
BTC,test,2026-01-19 00:00:00+00:00,2026-01-19 17:00:00+00:00,-1,93624.6,93257.1,0.10384431433651144,3.8813203997083265,0.3455184972904835,33.93594662166288,True
BTC,test,2026-01-20 05:00:00+00:00,2026-01-21 06:00:00+00:00,-1,92026.5,89917.2,0.10601640113067227,3.8578032564797393,-0.06756561908475237,219.83015726753547,True
BTC,test,2026-01-21 17:00:00+00:00,2026-01-21 20:00:00+00:00,-1,87549.4,90329.5,0.11394879343455636,4.053817206493221,-0.1521868941909637,-320.69067093971535,False
BTC,test,2026-01-22 15:00:00+00:00,2026-01-22 20:00:00+00:00,-1,89027.6,89730.9,0.10845465703871195,3.877438362050918,-0.03897083768131384,-80.11462781969567,False
BTC,test,2026-01-23 18:00:00+00:00,2026-01-23 21:00:00+00:00,1,90557.5,89455.7,0.10573771578455607,3.80683691581369,-0.1156398170462391,-120.19301235019157,False
BTC,test,2026-01-25 09:00:00+00:00,2026-01-26 05:00:00+00:00,-1,88254.1,87705.5,0.10713553460756775,3.7703051630667557,-0.7365732512088947,55.74082237385119,True
BTC,test,2026-01-27 21:00:00+00:00,2026-01-28 20:00:00+00:00,1,89355.2,89350.5,0.1064391440809667,3.8042563500780022,1.3428098149615642,-5.647330142221108,False
BTC,test,2026-01-29 03:00:00+00:00,2026-01-30 17:00:00+00:00,-1,87864.7,83108.5,0.10818046015113436,3.699191889902385,0.5711373424606772,510.2575753384499,True
BTC,test,2026-01-31 15:00:00+00:00,2026-02-01 10:00:00+00:00,-1,81440.1,79000.0,0.12297997242611225,3.946183814808539,-0.31225931800895657,296.44950622015676,True
BTC,test,2026-02-03 15:00:00+00:00,2026-02-04 04:00:00+00:00,-1,77160.0,76673.0,0.13364373715137354,4.111763403441449,0.36308449032904005,60.60965209894675,True
BTC,test,2026-02-04 15:00:00+00:00,2026-02-06 06:00:00+00:00,-1,74316.9,66364.8,0.1395720275024783,3.92704602029908,-1.5164767030684443,1107.480150585221,True
BTC,test,2026-02-08 09:00:00+00:00,2026-02-09 00:00:00+00:00,1,70622.9,70289.8,0.16255408035189933,4.581186871680616,-0.5715569371752612,-58.15639409972209,False
BTC,test,2026-02-09 11:00:00+00:00,2026-02-09 18:00:00+00:00,-1,68690.0,70582.1,0.16628161547800885,4.63167795580296,0.24186931466744646,-319.49499191640825,False
BTC,test,2026-02-11 05:00:00+00:00,2026-02-11 20:00:00+00:00,-1,67542.5,67552.4,0.16437634341737453,4.4412811352671735,0.8283218841920238,-6.8969288192947715,False
BTC,test,2026-02-12 17:00:00+00:00,2026-02-13 09:00:00+00:00,-1,65815.2,66669.5,0.16858555844924464,4.467001427096128,-1.0385957156298415,-147.45104829466072,False
BTC,test,2026-02-13 16:00:00+00:00,2026-02-15 02:00:00+00:00,1,68653.0,69683.9,0.15946923219894343,4.412095845556403,1.14880040440941,158.83593522392403,True
BTC,test,2026-02-15 08:00:00+00:00,2026-02-15 13:00:00+00:00,1,70786.6,69287.4,0.1569064926607294,4.3957040105918015,0.22584260254899444,-239.8557604101079,False
BTC,test,2026-02-16 13:00:00+00:00,2026-02-16 14:00:00+00:00,1,69732.1,68356.6,0.1558395828172087,4.303937079954138,0.04691166920803287,-218.70819491423208,False
BTC,test,2026-02-16 16:00:00+00:00,2026-02-16 21:00:00+00:00,-1,67505.6,68499.9,0.15773970127002274,4.290693388216015,0.15055169911416155,-161.2818300601175,False
BTC,test,2026-02-17 15:00:00+00:00,2026-02-18 05:00:00+00:00,-1,66842.9,67791.1,0.1568907295762681,4.224565297154255,-0.018357826549770744,-152.96999725482783,False
BTC,test,2026-02-18 19:00:00+00:00,2026-02-19 07:00:00+00:00,-1,66321.3,67120.4,0.15581813611522546,4.158527394809416,0.11922568631598346,-128.79202565079322,False
BTC,test,2026-02-23 01:00:00+00:00,2026-02-24 16:00:00+00:00,-1,66697.0,63944.3,0.1530094205899502,3.997869923623573,1.7476194422666183,415.44354269206815,True
BTC,test,2026-02-25 02:00:00+00:00,2026-02-26 08:00:00+00:00,1,65867.2,67805.5,0.1612443350830152,4.310793126050273,2.181852796054436,306.04724876930595,True
BTC,test,2026-02-26 17:00:00+00:00,2026-02-27 04:00:00+00:00,-1,66612.4,67569.9,0.16403492617814827,4.402116734982829,-0.609362702397208,-160.85619584816413,False
BTC,test,2026-02-27 12:00:00+00:00,2026-02-28 14:00:00+00:00,-1,66082.6,65074.9,0.16291586470116368,4.273527504908575,0.5433179462929534,159.35347140816702,True
BTC,test,2026-03-02 16:00:00+00:00,2026-03-03 05:00:00+00:00,1,69096.9,68087.8,0.15811501517592377,4.33819218448091,0.4152409580976344,-164.30729495660307,False
BTC,test,2026-03-04 09:00:00+00:00,2026-03-05 06:00:00+00:00,1,70982.7,72368.8,0.15159961648616752,4.346406484543369,-0.10211336424624926,205.88793529117902,True
BTC,test,2026-03-05 16:00:00+00:00,2026-03-08 09:00:00+00:00,-1,71622.8,67492.7,0.153119370262596,4.260255550753235,2.1503955895015525,625.9876599813069,True
BTC,test,2026-03-08 23:00:00+00:00,2026-03-09 04:00:00+00:00,-1,66204.1,67171.4,0.1751073678582621,4.671006548355926,0.27286911357444577,-174.32523259122536,False
BTC,test,2026-03-13 01:00:00+00:00,2026-03-13 18:00:00+00:00,1,71445.5,70987.4,0.15982112883014246,4.552757372110159,0.1544380981965546,-77.92125458739793,False
BTC,test,2026-03-15 00:00:00+00:00,2026-03-15 19:00:00+00:00,1,71178.0,71344.9,0.1593270280879843,4.541550018296196,-0.44021481094876797,22.49034578053579,True
BTC,test,2026-03-15 22:00:00+00:00,2026-03-17 06:00:00+00:00,1,72074.3,74004.2,0.15765771642634172,4.606080545797072,1.5353084218135884,298.1222379635856,True
BTC,test,2026-03-18 12:00:00+00:00,2026-03-19 20:00:00+00:00,-1,72902.3,70241.2,0.1599564319505786,4.57934470338353,-0.05909304398307811,421.139809404287,True
BTC,test,2026-03-21 17:00:00+00:00,2026-03-23 05:00:00+00:00,-1,70262.0,68516.7,0.17196111124640565,4.772907893866311,2.4966370113414236,292.8541825531356,True
BTC,test,2026-03-23 12:00:00+00:00,2026-03-24 05:00:00+00:00,1,70094.5,70342.5,0.17655002576447637,4.958831193657154,1.058050383481113,37.76752481245239,True
BTC,test,2026-03-26 06:00:00+00:00,2026-03-28 05:00:00+00:00,-1,69978.8,66251.8,0.1773816256603506,4.832961058536991,-0.9185548172396618,657.1869125948397,True
BTC,test,2026-03-29 23:00:00+00:00,2026-03-30 02:00:00+00:00,-1,65828.1,66622.0,0.19854955890197926,5.259581786304608,-0.07873155809181212,-162.80934504049037,False
BTC,test,2026-04-02 02:00:00+00:00,2026-04-02 17:00:00+00:00,-1,67317.8,67054.7,0.1917372652302198,5.152843134429542,0.8232313113364411,44.47000003631001,True
BTC,test,2026-04-04 11:00:00+00:00,2026-04-05 02:00:00+00:00,1,67136.4,67051.1,0.192917714881215,5.177429173124608,0.4447339194273944,-22.07804417191619,False
BTC,test,2026-04-05 07:00:00+00:00,2026-04-05 16:00:00+00:00,-1,66763.1,67268.6,0.19366570499541338,5.19146873444675,0.39446375938217154,-103.48394636901321,False
BTC,test,2026-04-05 23:00:00+00:00,2026-04-06 23:00:00+00:00,1,68311.0,68769.0,0.18776242307696084,5.147694591077959,1.4165132615718512,79.43098191659737,True
BTC,test,2026-04-07 22:00:00+00:00,2026-04-08 15:00:00+00:00,1,69896.0,70877.7,0.18464103617842037,5.198520366934019,1.9699160446781463,174.09366880474226,True
BTC,test,2026-04-09 16:00:00+00:00,2026-04-10 07:00:00+00:00,1,72118.3,71776.0,0.18136538900017904,5.219489138881693,1.782386696621453,-69.08324849026394,False
BTC,test,2026-04-10 15:00:00+00:00,2026-04-11 06:00:00+00:00,1,72882.6,72683.1,0.17851558924957872,5.197149342005481,0.6888117898345136,-41.4998211871316,False
BTC,test,2026-04-11 19:00:00+00:00,2026-04-12 02:00:00+00:00,1,73520.3,71603.8,0.17640271413275266,5.120057025214602,0.125495311784889,-343.321353972422,False
BTC,test,2026-04-12 02:00:00+00:00,2026-04-12 22:00:00+00:00,-1,71603.8,71327.5,0.17632945611659986,5.040599678207714,-0.14221929343464929,43.82144834024621,True
BTC,test,2026-04-13 14:00:00+00:00,2026-04-14 19:00:00+00:00,1,71618.1,74048.1,0.17690612510276088,5.153848600088758,0.06675744359399756,424.66127795602733,True
BTC,test,2026-04-15 20:00:00+00:00,2026-04-16 10:00:00+00:00,1,74960.3,74549.5,0.17468369038248335,5.223384722469402,-0.7962989720385834,-76.18714575955528,False
BTC,test,2026-04-16 14:00:00+00:00,2026-04-16 16:00:00+00:00,-1,73740.0,74657.0,0.17654128953645934,5.239639548668391,0.1134523543987383,-167.2414544080002,False
BTC,test,2026-04-17 14:00:00+00:00,2026-04-18 07:00:00+00:00,1,77305.5,77085.3,0.16623543261489174,5.133044285951846,-1.0731895651231975,-40.6648969826274,False
BTC,test,2026-04-18 11:00:00+00:00,2026-04-19 12:00:00+00:00,-1,76150.0,75564.6,0.16822387838513309,5.104403683929823,2.2688475938807566,91.10500712884095,True
BTC,test,2026-04-22 03:00:00+00:00,2026-04-23 00:00:00+00:00,1,77569.6,78139.5,0.1663197096047514,5.179498458963439,-0.21863052687353873,89.82473457165725,True
BTC,test,2026-04-27 00:00:00+00:00,2026-04-27 06:00:00+00:00,1,78622.1,77746.2,0.1652357044740395,5.167525241581591,0.043504271027695225,-149.94098306142223,False
BTC,test,2026-04-29 05:00:00+00:00,2026-04-29 14:00:00+00:00,1,77220.2,76734.8,0.1662937560077151,5.1203510412335556,-0.5452091376984358,-85.29413106967877,False
BTC,test,2026-05-01 04:00:00+00:00,2026-05-02 06:00:00+00:00,1,77078.9,78150.0,0.16549202137805916,5.137828887458522,-1.7340964196384014,173.85477163022006,True
BTC,test,2026-05-02 22:00:00+00:00,2026-05-03 02:00:00+00:00,1,78693.0,78201.4,0.16430683463875442,5.155764447309318,-0.04530033332346459,-85.88370402239889,False
BTC,test,2026-05-04 02:00:00+00:00,2026-05-04 11:00:00+00:00,1,79759.9,78901.4,0.16103222338800705,5.10991638092632,0.8279124829620703,-144.18399264249092,False
BTC,test,2026-05-07 15:00:00+00:00,2026-05-08 09:00:00+00:00,-1,80133.4,79842.2,0.15848235619058487,5.070662004200505,-1.1262195478224146,42.20561966632158,True
BTC,test,2026-05-09 17:00:00+00:00,2026-05-10 21:00:00+00:00,1,80581.0,80700.1,0.15812580709136068,5.10054082121649,0.24657668222130288,13.485666121145186,True
BTC,test,2026-05-10 23:00:00+00:00,2026-05-11 03:00:00+00:00,1,82014.9,81139.6,0.15552565847608277,5.074942209167209,0.19091518280253217,-141.39746625608313,False
BTC,test,2026-05-13 14:00:00+00:00,2026-05-14 06:00:00+00:00,-1,79605.9,79773.3,0.15845589159966783,5.050914647688356,-0.550571859704747,-31.025859041763397,False
BTC,test,2026-05-14 15:00:00+00:00,2026-05-15 05:00:00+00:00,1,80922.1,80685.8,0.1554951984940113,5.025850497740066,-0.40210426850944403,-41.36726163336607,False
BTC,test,2026-05-15 14:00:00+00:00,2026-05-17 05:00:00+00:00,-1,78716.1,78112.6,0.15932738970069485,4.997421480230672,0.4971808215391356,90.65947738260911,True
BTC,test,2026-05-18 00:00:00+00:00,2026-05-18 13:00:00+00:00,-1,77416.4,77611.3,0.1631733097612583,5.059276582735084,-0.3275787935631562,-36.534175861639596,False
BTC,test,2026-05-19 15:00:00+00:00,2026-05-19 17:00:00+00:00,-1,76362.0,76864.1,0.16494795895785647,5.054866490814483,-0.19279964145609788,-87.68243704209817,False
BTC,test,2026-05-22 15:00:00+00:00,2026-05-23 15:00:00+00:00,-1,76738.5,75490.1,0.16299606592385488,4.962532584219227,-1.4470213395356963,199.96877745466372,True
BTC,test,2026-05-23 21:00:00+00:00,2026-05-24 14:00:00+00:00,1,77238.6,76767.3,0.16452968311637448,5.067708385010412,1.3492043204381385,-83.95975235819606,False
BTC,test,2026-05-26 01:00:00+00:00,2026-05-26 11:00:00+00:00,-1,76739.2,77395.6,0.16450631007352443,5.071229440384135,-0.402200882170987,-112.65097049047654,False
BTC,test,2026-05-26 18:00:00+00:00,2026-05-28 19:00:00+00:00,-1,75890.4,73629.8,0.16486184892296957,4.930035324666439,-0.022562186695841424,367.77922253729776,True
BTC,test,2026-05-31 15:00:00+00:00,2026-05-31 22:00:00+00:00,-1,73577.1,73857.4,0.17504374162668854,5.161497304972002,-0.7399429494532658,-53.48631513347027,False
BTC,test,2026-06-01 02:00:00+00:00,2026-06-01 03:00:00+00:00,-1,73256.1,73753.6,0.17508063583657274,5.1477103500287615,-0.07052017745444897,-92.1798065012681,False
BTC,test,2026-06-01 08:00:00+00:00,2026-06-03 11:00:00+00:00,-1,72770.2,67267.7,0.17498295676535572,4.900849160242242,-4.653008620986558,962.5958790621116,True
BTC,test,2026-06-04 01:00:00+00:00,2026-06-04 14:00:00+00:00,-1,63315.6,64205.8,0.2163154205198782,5.5169690532567195,-0.2570249732258094,-197.82393142682122,False
BTC,test,2026-06-05 14:00:00+00:00,2026-06-06 08:00:00+00:00,-1,60695.4,60975.3,0.2223943941063339,5.411776321398705,0.11059987011838215,-67.77056710187026,False
BTC,test,2026-06-07 02:00:00+00:00,2026-06-07 20:00:00+00:00,1,61451.0,61299.8,0.21855699892499242,5.365609292728392,-0.6099351354728976,-37.80149239471211,False
BTC,test,2026-06-09 15:00:00+00:00,2026-06-10 14:00:00+00:00,-1,61514.1,62120.8,0.21771828976681765,5.383515796698305,-0.43845819854831036,-137.034743999684,False
BTC,test,2026-06-14 15:00:00+00:00,2026-06-14 22:00:00+00:00,-1,63959.2,65286.6,0.20725259078514605,5.357305379619765,-0.15528995143243418,-280.30910443639186,False
BTC,test,2026-06-14 22:00:00+00:00,2026-06-15 23:00:00+00:00,1,65286.6,66176.8,0.19874523715600018,5.225544922066822,0.35146068541137687,171.34600450879407,True
BTC,test,2026-06-17 09:00:00+00:00,2026-06-17 16:00:00+00:00,-1,64896.4,65712.8,0.20258052533912072,5.291776070024458,-0.18072973599437614,-170.49778722088558,False
BTC,test,2026-06-18 16:00:00+00:00,2026-06-19 13:00:00+00:00,-1,62326.1,62792.5,0.20819927794931545,5.209920435605843,1.2876108393874013,-103.60167451054986,False
BTC,test,2026-06-21 21:00:00+00:00,2026-06-22 02:00:00+00:00,-1,63817.9,64572.8,0.20170903998543166,5.179512968011512,0.22257578712244705,-157.6722430401369,False
BTC,test,2026-06-22 13:00:00+00:00,2026-06-22 19:00:00+00:00,1,65122.5,64306.9,0.19524703596830806,5.054141343431306,0.2983561591028401,-164.59598003828614,False
BTC,test,2026-06-24 14:00:00+00:00,2026-06-25 05:00:00+00:00,-1,61300.3,61322.7,0.20473601466563549,5.021068865268844,0.8968697673651747,-10.504025361138702,False
BTC,test,2026-06-25 14:00:00+00:00,2026-06-26 04:00:00+00:00,-1,58259.6,60003.6,0.21524135240280945,5.0910262214967865,0.8925997996401689,-381.36454461164794,False
BTC,test,2026-06-28 17:00:00+00:00,2026-06-29 04:00:00+00:00,-1,59657.3,60017.7,0.2038059139423854,4.878094550210994,-0.34549167431733585,-77.98425426072754,False
BTC,test,2026-06-30 13:00:00+00:00,2026-07-01 03:00:00+00:00,-1,58378.6,59063.6,0.20693415559082168,4.860560497545679,-0.5036148905639473,-146.1068421866985,False
BTC,test,2026-07-01 16:00:00+00:00,2026-07-03 01:00:00+00:00,1,60121.7,61272.7,0.19850435788388626,4.819463484539928,4.033555440846021,219.62549699896772,True
BTC,test,2026-07-03 21:00:00+00:00,2026-07-04 12:00:00+00:00,1,62748.0,62457.1,0.19369613295063765,4.8503487391395765,0.9943390484316479,-62.190892862910914,False
BTC,test,2026-07-04 16:00:00+00:00,2026-07-05 03:00:00+00:00,1,62909.5,62672.5,0.19221030301502476,4.827630854646568,0.7805290787670347,-51.1620017479745,False
BTC,test,2026-07-05 22:00:00+00:00,2026-07-06 07:00:00+00:00,1,63063.9,62952.4,0.19092844013414528,4.812019118095298,0.6830615652776663,-26.783601758330406,False
BTC,test,2026-07-06 13:00:00+00:00,2026-07-06 16:00:00+00:00,-1,61729.2,63524.0,0.19462277907404268,4.875425174383377,0.03439930652714879,-354.2187883629995,False
BTC,test,2026-07-09 07:00:00+00:00,2026-07-10 18:00:00+00:00,1,62924.9,63802.1,0.18529532292708284,4.696384077716085,3.7352952042880605,154.10937798963096,True
BTC,test,2026-07-12 00:00:00+00:00,2026-07-12 04:00:00+00:00,-1,63782.3,64192.0,0.18522064967309154,4.740696597491824,-0.4001867880948378,-80.22540998046134,False
BTC,test,2026-07-13 02:00:00+00:00,2026-07-14 01:00:00+00:00,-1,63380.1,62530.5,0.1851302480378473,4.661972121718835,-0.14058848979447625,152.76527510103006,True
BTC,test,2026-07-14 13:00:00+00:00,2026-07-15 08:00:00+00:00,1,63935.7,64524.0,0.185910827734186,4.776409831497043,2.7155072684633357,101.87942285606186,True
BTC,test,2026-07-15 15:00:00+00:00,2026-07-15 19:00:00+00:00,1,65364.2,64839.6,0.1834064875210078,4.776044323977558,0.32737653283355805,-101.31846421033151,False
BTC,test,2026-07-17 06:00:00+00:00,2026-07-17 16:00:00+00:00,-1,62811.9,63443.3,0.1892459847164363,4.778657929914122,0.10662299830557599,-124.37519567817981,False
BTC,test,2026-07-18 17:00:00+00:00,2026-07-19 10:00:00+00:00,1,64275.9,64493.0,0.18300054408778635,4.71295575231715,0.5757345609361998,34.44072780820534,True
BTC,test,2026-07-20 06:00:00+00:00,2026-07-20 12:00:00+00:00,-1,64097.4,64975.9,0.1840474870983901,4.751123303299327,-0.15975438909035528,-166.27708633014663,False
BTC,test,2026-07-20 16:00:00+00:00,2026-07-22 03:00:00+00:00,1,65573.8,66279.4,0.177367916960893,4.6773054857256025,2.279433125676236,118.19406359620189,True
BTC,test,2026-07-23 13:00:00+00:00,2026-07-24 04:00:00+00:00,-1,65130.4,65419.9,0.18039014618068377,4.709997540186424,-0.03890072855976753,-56.89404413094053,False
BTC,test,2026-07-24 14:00:00+00:00,2026-07-24 14:00:00+00:00,-1,64127.9,64127.9,0.18232295666434525,4.676795333070187,-0.06627650773381502,-4.610518825338659,False
ETH,train,2021-03-17 19:00:00+00:00,2021-03-18 09:00:00+00:00,1,1821.75,1808.05,5.4892273912446825,3.9849595169479897,3.6716772920955125,-82.8590520690941,False
ETH,train,2021-03-21 03:00:00+00:00,2021-03-21 18:00:00+00:00,-1,1784.2,1790.4,5.558312379739326,3.973748686523239,-11.769425061135285,-26.66586037977686,False
ETH,train,2021-03-22 20:00:00+00:00,2021-03-23 13:00:00+00:00,-1,1740.2,1704.4,5.6835278057413685,3.9154959759313437,-5.005920521137037,204.56071999075175,True
ETH,train,2021-03-24 21:00:00+00:00,2021-03-25 11:00:00+00:00,-1,1612.6,1617.55,6.260099099306636,4.044211821125066,-2.714081489158903,-32.317620873534906,False
ETH,train,2021-03-28 13:00:00+00:00,2021-03-29 04:00:00+00:00,-1,1693.5,1697.3,5.9419652711357225,4.029603168273402,-2.87731758124892,-23.7317536173432,False
ETH,train,2021-03-29 09:00:00+00:00,2021-03-31 04:00:00+00:00,1,1736.1,1825.0,5.782493193393815,4.118407302198943,24.31819777493608,485.6270398155757,True
ETH,train,2021-03-31 19:00:00+00:00,2021-04-03 15:00:00+00:00,1,1894.5,2092.0,5.555351529620785,4.429281774566652,80.87207840074251,1011.880566924794,True
ETH,train,2021-04-03 18:00:00+00:00,2021-04-04 10:00:00+00:00,-1,2035.45,2059.8,5.667785521526627,4.642199731406384,-22.907517258754307,-119.7452599218268,False
ETH,train,2021-04-05 15:00:00+00:00,2021-04-06 08:00:00+00:00,1,2121.15,2100.35,5.38233919330059,4.544308980903688,16.66236619194781,-133.1593303935042,False
ETH,train,2021-04-07 11:00:00+00:00,2021-04-08 04:00:00+00:00,-1,2010.55,1998.25,5.613726094266688,4.500861033339259,-11.677594803844462,76.22556472998258,True
ETH,train,2021-04-10 03:00:00+00:00,2021-04-10 19:00:00+00:00,1,2120.5,2143.9,5.3571398322122254,4.568997420097164,8.43406217662364,112.35401247704613,True
ETH,train,2021-04-12 07:00:00+00:00,2021-04-12 10:00:00+00:00,1,2188.7,2147.05,5.241544764784151,4.545205542782576,3.3233929664812756,-226.17893796252247,False
ETH,train,2021-04-13 09:00:00+00:00,2021-04-14 15:00:00+00:00,1,2227.8,2328.7,5.0480249971813205,4.600265179931338,43.641122990231395,461.10433404543073,True
ETH,train,2021-04-14 22:00:00+00:00,2021-04-16 05:00:00+00:00,1,2430.25,2425.05,4.817238729664018,4.6778278408275416,47.36233488417822,-77.08980411925768,False
ETH,train,2021-04-17 16:00:00+00:00,2021-04-18 20:00:00+00:00,-1,2345.7,2189.15,4.958010239436724,4.496766546861926,-22.445034124520777,794.1247705614751,True
ETH,train,2021-04-19 15:00:00+00:00,2021-04-20 09:00:00+00:00,-1,2148.0,2144.8,5.7840453394824,4.96594996666601,-3.632726366697808,17.17572148637919,True
ETH,train,2021-04-21 15:00:00+00:00,2021-04-22 00:00:00+00:00,1,2438.95,2358.7,5.101090678650475,4.89464953888549,1.3797685122147736,-415.63694501280224,False
ETH,train,2021-04-24 11:00:00+00:00,2021-04-24 19:00:00+00:00,-1,2190.0,2265.6,5.491172678393504,4.893293797170019,-2.817558769181498,-417.2083895145388,False
ETH,train,2021-04-27 15:00:00+00:00,2021-04-28 06:00:00+00:00,1,2638.15,2615.65,4.400227347257447,4.623582887404235,2.7649538328915124,-106.3936520335883,False
ETH,train,2021-05-01 03:00:00+00:00,2021-05-02 07:00:00+00:00,1,2827.55,2913.25,4.067855961568724,4.6705495008347455,7.117880992553943,336.82682541305076,True
ETH,train,2021-05-08 14:00:00+00:00,2021-05-09 12:00:00+00:00,1,3642.05,3856.0,3.250612415959884,4.874650885097601,11.76511537304123,678.8287601364773,True
ETH,train,2021-05-09 13:00:00+00:00,2021-05-09 17:00:00+00:00,-1,3752.45,3929.85,3.3358796811904687,5.125445694961908,-1.9294301542089936,-594.9810709839367,False
ETH,train,2021-05-10 04:00:00+00:00,2021-05-10 20:00:00+00:00,1,4057.0,3996.15,2.9388071576778994,4.733330972370755,11.657746519393648,-195.21749303646357,False
ETH,train,2021-05-12 19:00:00+00:00,2021-05-12 23:00:00+00:00,-1,4019.1,4237.2,2.917947586689252,4.818290131996495,-2.35036968065123,-638.8722891082689,False
ETH,train,2021-05-13 00:00:00+00:00,2021-05-14 01:00:00+00:00,-1,3829.2,3821.4,2.8958139706869592,4.43094287282753,-25.61740201082239,43.77380810935756,True
ETH,train,2021-05-19 02:00:00+00:00,2021-05-20 06:00:00+00:00,-1,3192.0,2656.0,3.4876017119874256,4.079098962340494,9.25140730828782,1856.0240113546333,True
ETH,train,2021-05-21 15:00:00+00:00,2021-05-22 11:00:00+00:00,-1,2520.9,2464.35,5.152306190653534,5.1371068873911065,-3.05556552579297,289.28137371986304,True
ETH,train,2021-05-23 09:00:00+00:00,2021-05-23 22:00:00+00:00,-1,2035.15,2095.0,6.524202171701525,5.389186719890611,-2.1082673884008463,-393.75441930782654,False
ETH,train,2021-05-28 06:00:00+00:00,2021-05-29 02:00:00+00:00,-1,2577.7,2526.0,4.998244803674025,5.101908400902223,-3.1196607420191467,256.42700869106375,True
ETH,train,2021-05-31 02:00:00+00:00,2021-05-31 07:00:00+00:00,-1,2301.85,2389.2,5.708626817178181,5.355890766144741,-0.8298095620367811,-503.1746336846263,False
ETH,train,2021-06-02 08:00:00+00:00,2021-06-02 23:00:00+00:00,1,2694.95,2697.6,4.689225405086169,5.057376491639483,2.4018652139733083,4.967205617864238,True
ETH,train,2021-06-04 06:00:00+00:00,2021-06-04 19:00:00+00:00,-1,2659.25,2701.75,4.75404539289455,5.097287470261537,-2.0457429858001595,-205.09847368247392,False
ETH,train,2021-06-07 01:00:00+00:00,2021-06-07 17:00:00+00:00,1,2761.8,2765.6,4.503257562956173,4.97826117069679,-1.7530556888117808,13.887173257346149,True
ETH,train,2021-06-07 21:00:00+00:00,2021-06-08 20:00:00+00:00,-1,2658.05,2500.3,4.6842549653429035,4.832605320095313,-3.367909056257067,737.4765245190029,True
ETH,train,2021-06-11 17:00:00+00:00,2021-06-12 11:00:00+00:00,-1,2377.25,2391.45,5.547780180943826,5.291139869773364,-2.9173418165006684,-81.15227662267716,False
ETH,train,2021-06-13 21:00:00+00:00,2021-06-14 12:00:00+00:00,1,2523.65,2478.15,5.193790009916602,5.195659774320172,2.4297555963204283,-243.94286082184408,False
ETH,train,2021-06-16 12:00:00+00:00,2021-06-17 04:00:00+00:00,-1,2462.0,2432.75,5.224762509221847,5.1147812584027275,-2.522681878757289,150.23220401509752,True
ETH,train,2021-06-17 18:00:00+00:00,2021-06-19 06:00:00+00:00,-1,2314.45,2236.7,5.62276026776093,5.118005078524032,-5.766116055012662,437.81772179489417,True
ETH,train,2021-06-20 11:00:00+00:00,2021-06-20 19:00:00+00:00,-1,2099.4,2159.55,6.407266468283404,5.457645505019121,-1.2625687919805204,-389.59215478029,False
ETH,train,2021-06-22 13:00:00+00:00,2021-06-22 17:00:00+00:00,-1,1789.85,1911.25,7.297719400359745,5.4019178545342905,-0.35957240930109285,-890.9854806489075,False
ETH,train,2021-06-27 02:00:00+00:00,2021-06-27 10:00:00+00:00,1,1862.45,1820.05,6.534853331947156,4.812919478979081,-1.682964117723649,-280.2077366358153,False
ETH,train,2021-06-27 23:00:00+00:00,2021-06-29 23:00:00+00:00,1,1954.3,2170.8,6.0843421437083185,5.019703955402237,-1.10618250236727,1313.3465526598175,True
ETH,train,2021-06-30 19:00:00+00:00,2021-07-01 07:00:00+00:00,1,2213.45,2159.95,5.965337551834912,5.21776144983896,1.9941787885546818,-326.3574992615613,False
ETH,train,2021-07-02 04:00:00+00:00,2021-07-02 15:00:00+00:00,-1,2041.2,2114.7,6.308847200101618,5.243787615780462,-0.05379287537593037,-468.8902639478656,False
ETH,train,2021-07-04 06:00:00+00:00,2021-07-05 00:00:00+00:00,1,2279.05,2321.6,5.444693464776796,5.009825797745073,2.862312786700732,223.79956834180666,True
ETH,train,2021-07-05 02:00:00+00:00,2021-07-06 03:00:00+00:00,-1,2266.1,2231.7,5.574567851922406,5.014658256875319,-2.5557829969622814,189.3062588462235,True
ETH,train,2021-07-06 05:00:00+00:00,2021-07-06 22:00:00+00:00,1,2316.15,2286.95,5.535839418037513,5.096404485033696,-5.661708090554972,-161.08120740117556,False
ETH,train,2021-07-07 05:00:00+00:00,2021-07-07 16:00:00+00:00,1,2390.4,2341.5,5.296499858051544,5.012501535662821,-2.512712368225017,-261.4986322261575,False
ETH,train,2021-07-08 01:00:00+00:00,2021-07-09 05:00:00+00:00,-1,2268.8,2139.75,5.46511575654983,4.81864721370755,-3.5107405874411493,703.9652817564984,True
ETH,train,2021-07-12 11:00:00+00:00,2021-07-14 10:00:00+00:00,-1,2110.5,1935.65,6.208585600671287,5.0241737256312256,-7.255341491846463,1087.8023600436009,True
ETH,train,2021-07-15 11:00:00+00:00,2021-07-16 02:00:00+00:00,-1,1915.0,1925.6,7.41045549360854,5.692119073750591,-2.660223839234328,-81.58272346675949,False
ETH,train,2021-07-16 09:00:00+00:00,2021-07-16 16:00:00+00:00,-1,1871.5,1932.55,7.539107425484154,5.735828320382599,-1.2452814928886269,-464.75305515330365,False
ETH,train,2021-07-18 01:00:00+00:00,2021-07-18 14:00:00+00:00,1,1970.95,1947.05,6.922898344270677,5.424783142570503,2.2124501405422787,-173.09450371118146,False
ETH,train,2021-07-19 13:00:00+00:00,2021-07-20 16:00:00+00:00,-1,1813.15,1804.8,7.4299379466283035,5.376228798800774,-4.469994623739304,61.133747679275984,True
ETH,train,2021-07-21 05:00:00+00:00,2021-07-23 16:00:00+00:00,1,1860.05,2046.2,7.275463420665242,5.68395579739472,2.9203788436348033,1345.7231811158053,True
ETH,train,2021-07-25 15:00:00+00:00,2021-07-25 19:00:00+00:00,-1,2118.2,2155.25,7.0241001400831795,6.003428148727693,1.705921881561058,-267.95226022036877,False
ETH,train,2021-07-26 01:00:00+00:00,2021-07-26 21:00:00+00:00,1,2258.6,2265.0,6.468828768486595,5.852478763425191,3.472755917615934,32.07526943727498,True
ETH,train,2021-07-26 21:00:00+00:00,2021-07-27 12:00:00+00:00,-1,2265.0,2276.25,6.464711667082161,5.871574371627373,-2.681174516805655,-75.91840610949657,False
ETH,train,2021-07-30 00:00:00+00:00,2021-07-30 09:00:00+00:00,1,2381.95,2351.35,6.115432112274229,5.789234963405521,1.655963462377107,-194.57742106137448,False
ETH,train,2021-07-31 21:00:00+00:00,2021-08-01 17:00:00+00:00,1,2490.9,2569.1,5.769832630282317,5.839070621845705,3.723868010311177,441.63797305592016,True
ETH,train,2021-08-01 20:00:00+00:00,2021-08-01 23:00:00+00:00,1,2656.0,2600.95,5.577452587283941,5.864077875744462,0.5524850237570118,-313.4553278294843,False
ETH,train,2021-08-03 02:00:00+00:00,2021-08-03 23:00:00+00:00,-1,2545.0,2511.1,5.697547640077273,5.76147412459894,-3.732484824818271,191.11787569882654,True
ETH,train,2021-08-04 13:00:00+00:00,2021-08-05 08:00:00+00:00,1,2587.15,2681.4,5.6785948320335065,5.983592160462026,1.341285281893688,527.8826854768013,True
ETH,train,2021-08-05 10:00:00+00:00,2021-08-05 14:00:00+00:00,-1,2593.1,2686.4,5.869137058027954,6.197221819571717,-0.7722390448313506,-553.0154702887558,False
ETH,train,2021-08-06 18:00:00+00:00,2021-08-08 11:00:00+00:00,1,2915.05,3103.85,5.03121518837877,6.056476219466596,7.832007781992929,936.0049435644505,True
ETH,train,2021-08-12 06:00:00+00:00,2021-08-13 02:00:00+00:00,-1,3130.7,3087.65,4.983629468951986,6.197990461651517,-4.729337729207337,213.07659590593357,True
ETH,train,2021-08-15 08:00:00+00:00,2021-08-15 20:00:00+00:00,-1,3165.65,3208.9,4.995917228485119,6.369344833767964,-9.424334767167231,-213.01843019858825,False
ETH,train,2021-08-17 21:00:00+00:00,2021-08-18 14:00:00+00:00,-1,3073.45,3057.05,5.076479833462503,6.2242719238083755,-3.2812303323569276,80.3112276773445,True
ETH,train,2021-08-19 19:00:00+00:00,2021-08-21 01:00:00+00:00,1,3132.3,3243.8,5.006742065521397,6.384697616794197,6.248735148847227,545.6183075399949,True
ETH,train,2021-08-21 20:00:00+00:00,2021-08-22 07:00:00+00:00,-1,3216.95,3258.0,5.0446032668747325,6.53271078457011,-2.2480423182025957,-211.36563257157468,False
ETH,train,2021-08-22 15:00:00+00:00,2021-08-22 23:00:00+00:00,-1,3164.85,3217.25,5.060862551716856,6.45978617826243,-1.6072350552524288,-270.04174883297856,False
ETH,train,2021-08-24 14:00:00+00:00,2021-08-25 15:00:00+00:00,-1,3252.7,3187.85,4.841156300294561,6.235941841972426,-16.253218087831577,323.96626231996197,True
ETH,train,2021-08-27 12:00:00+00:00,2021-08-28 08:00:00+00:00,1,3159.1,3230.15,5.087143604282256,6.500606454732081,4.917028972107655,350.02391765741413,True
ETH,train,2021-08-29 01:00:00+00:00,2021-08-29 03:00:00+00:00,1,3286.1,3229.1,4.997054039117949,6.511361295132252,0.40590133012122764,-291.7493428549751,False
ETH,train,2021-08-29 04:00:00+00:00,2021-08-29 20:00:00+00:00,-1,3180.85,3221.4,5.070679200556618,6.4927511823527215,-3.4273098285673798,-208.6814829363575,False
ETH,train,2021-08-30 18:00:00+00:00,2021-08-31 01:00:00+00:00,1,3293.95,3215.55,4.833221042260556,6.292370474919018,1.938000940334005,-387.15490112847874,False
ETH,train,2021-09-01 06:00:00+00:00,2021-09-02 16:00:00+00:00,1,3528.0,3758.0,4.402843977048096,6.415824243354486,6.909363790739178,999.3289266869706,True
ETH,train,2021-09-03 09:00:00+00:00,2021-09-03 23:00:00+00:00,1,3895.25,3889.3,4.244287909046313,6.6079742884732955,9.756568735617261,-41.618056082916155,False
ETH,train,2021-09-07 09:00:00+00:00,2021-09-08 16:00:00+00:00,-1,3758.05,3416.15,4.388165251029053,6.296315028786527,-22.39916568274557,1516.416549980775,True
ETH,train,2021-09-10 15:00:00+00:00,2021-09-11 10:00:00+00:00,-1,3255.9,3280.05,5.5306861302897845,7.2296576026535035,-4.287750839477941,-136.50797680966934,False
ETH,train,2021-09-12 09:00:00+00:00,2021-09-12 21:00:00+00:00,1,3439.65,3321.6,5.195544021862934,7.025674403564151,3.415983571017731,-623.7756297555025,False
ETH,train,2021-09-15 16:00:00+00:00,2021-09-16 14:00:00+00:00,1,3497.0,3561.65,4.931963787545135,6.962601237791095,4.866744731409585,307.0221128955927,True
ETH,train,2021-09-16 21:00:00+00:00,2021-09-17 02:00:00+00:00,-1,3498.95,3590.0,5.016962082322106,7.1129986706954575,-1.1171896588966923,-462.7902066072238,False
ETH,train,2021-09-19 12:00:00+00:00,2021-09-21 07:00:00+00:00,-1,3326.0,3038.25,5.13869791681711,6.540791643420658,-8.722541464708492,1480.8420753854007,True
ETH,train,2021-09-21 21:00:00+00:00,2021-09-22 07:00:00+00:00,-1,2766.2,2929.9,6.7139582628584735,7.64867553221363,-2.3765901609909856,-1104.3470530011364,False
ETH,train,2021-09-24 10:00:00+00:00,2021-09-24 22:00:00+00:00,-1,2858.95,2956.45,6.109867011916253,7.106264124219555,-2.640745621220324,-600.1775521648269,False
ETH,train,2021-09-26 08:00:00+00:00,2021-09-26 10:00:00+00:00,-1,2773.2,2980.25,6.082369371683667,6.998921612302678,-0.43832975025124077,-1265.9151702691543,False
ETH,train,2021-10-01 08:00:00+00:00,2021-10-02 11:00:00+00:00,1,3090.3,3282.95,5.048607439822668,6.435207473169964,5.554900726165984,960.624115082499,True
ETH,train,2021-10-02 15:00:00+00:00,2021-10-03 08:00:00+00:00,1,3365.8,3393.05,4.920772382900496,6.651752484033404,3.568424188252606,123.87087076175158,True
ETH,train,2021-10-03 18:00:00+00:00,2021-10-03 22:00:00+00:00,1,3463.45,3394.75,4.817799176291917,6.608286062169045,0.8283121678819285,-338.41940164130574,False
ETH,train,2021-10-08 09:00:00+00:00,2021-10-08 13:00:00+00:00,1,3668.35,3604.15,4.456441494264979,6.481894153408412,0.8063791620075784,-293.39181724722584,False
ETH,train,2021-10-10 02:00:00+00:00,2021-10-10 07:00:00+00:00,-1,3508.9,3602.0,4.575335671646302,6.506950885501938,-1.0183067241751644,-431.4523951915944,False
ETH,train,2021-10-10 22:00:00+00:00,2021-10-11 04:00:00+00:00,-1,3458.4,3520.0,4.5173903952834005,6.304831426889137,-1.1734796796137719,-283.4026000967333,False
ETH,train,2021-10-13 21:00:00+00:00,2021-10-15 09:00:00+00:00,1,3576.15,3766.4,4.289400708290027,6.299027834130988,7.603207542695607,802.1562493753536,True
ETH,train,2021-10-16 09:00:00+00:00,2021-10-16 18:00:00+00:00,1,3945.8,3872.3,4.090855236536757,6.396543064953604,6.900892571258757,-313.97529552166634,False
ETH,train,2021-10-17 21:00:00+00:00,2021-10-18 00:00:00+00:00,-1,3701.3,3850.0,4.276260042905213,6.458264492398028,-4.1101511678265705,-638.2279817045819,False
ETH,train,2021-10-19 23:00:00+00:00,2021-10-21 15:00:00+00:00,1,3883.65,4119.05,3.911138571987817,6.259933730009381,58.85718031295907,855.5649058029649,True
ETH,train,2021-10-22 16:00:00+00:00,2021-10-23 03:00:00+00:00,-1,3970.15,4033.85,4.0414236794336365,6.469511026037365,-19.286871095028655,-244.62132831092822,False
ETH,train,2021-10-24 12:00:00+00:00,2021-10-24 22:00:00+00:00,-1,4030.0,4081.0,3.9207039435713456,6.360165937261437,-5.684029825438416,-200.63203723396327,False
ETH,train,2021-10-25 16:00:00+00:00,2021-10-26 07:00:00+00:00,1,4215.4,4193.7,3.7006701274751057,6.2238610337901825,16.01232442835687,-102.54072722835554,False
ETH,train,2021-10-26 23:00:00+00:00,2021-10-27 04:00:00+00:00,-1,4122.8,4217.0,3.7589172717886394,6.26972365265258,-2.0098419411313015,-358.34988871400856,False
ETH,train,2021-10-28 09:00:00+00:00,2021-10-30 02:00:00+00:00,1,4136.4,4363.45,3.6599251134842365,6.221762895169798,8.08592516464423,816.6783089567816,True
ETH,train,2021-11-02 10:00:00+00:00,2021-11-03 13:00:00+00:00,1,4434.45,4523.5,3.5980995497464123,6.446319172330174,20.66640926649956,293.2980364660889,True
ETH,train,2021-11-06 11:00:00+00:00,2021-11-06 20:00:00+00:00,-1,4390.55,4498.65,3.7008781553197356,6.579569219653639,-9.677931791061507,-396.9665660186529,False
ETH,train,2021-11-08 01:00:00+00:00,2021-11-09 12:00:00+00:00,1,4695.0,4773.95,3.376341644051206,6.394082042087733,7.880181210121056,252.28790954563374,True
ETH,train,2021-11-10 15:00:00+00:00,2021-11-10 20:00:00+00:00,1,4848.45,4703.85,3.3215175836331294,6.345626482827749,0.997821249196208,-487.6348903253711,False
ETH,train,2021-11-12 10:00:00+00:00,2021-11-13 00:00:00+00:00,-1,4618.15,4670.4,3.381565570204666,6.281968175424909,-2.7361071285133693,-180.232662090104,False
ETH,train,2021-11-14 17:00:00+00:00,2021-11-15 00:00:00+00:00,-1,4541.95,4632.15,3.3986160957189253,6.235848784746999,-1.3597480654660652,-311.43127255312356,False
ETH,train,2021-11-15 02:00:00+00:00,2021-11-15 16:00:00+00:00,1,4721.15,4648.5,3.203650191880675,6.0034162040709536,8.822788653547327,-247.57139129774805,False
ETH,train,2021-11-16 01:00:00+00:00,2021-11-17 11:00:00+00:00,-1,4438.2,4226.4,3.3521116020232755,5.808941237378175,-6.052136934104963,710.2204330052646,True
ETH,train,2021-11-18 16:00:00+00:00,2021-11-19 06:00:00+00:00,-1,4067.7,4080.1,3.8320333714642096,6.244528300803218,-2.707702805172325,-51.05403930178363,False
ETH,train,2021-11-20 16:00:00+00:00,2021-11-20 19:00:00+00:00,-1,4216.15,4373.0,3.684998898474481,6.330201657766417,-0.5927666196842934,-583.7295122638043,False
ETH,train,2021-11-20 19:00:00+00:00,2021-11-21 05:00:00+00:00,1,4373.0,4330.8,3.419341091593729,5.9522521986027,1.875523548356436,-152.12396981221355,False
ETH,train,2021-11-22 00:00:00+00:00,2021-11-22 14:00:00+00:00,-1,4256.0,4277.4,3.477597420988525,5.935145966452696,-2.553215077017177,-77.8025156985932,False
ETH,train,2021-11-22 20:00:00+00:00,2021-11-23 04:00:00+00:00,-1,4066.45,4179.45,3.6205663682151683,5.970965643133091,-1.4915262581959405,-413.603438993252,False
ETH,train,2021-11-23 15:00:00+00:00,2021-11-24 03:00:00+00:00,1,4315.6,4248.3,3.315703185891954,5.679070102732021,2.152821836850419,-230.97871635011143,False
ETH,train,2021-11-25 13:00:00+00:00,2021-11-26 04:00:00+00:00,1,4454.2,4430.5,3.1606730619831187,5.616326390760284,4.535611521597783,-85.05988948135564,False
ETH,train,2021-11-26 08:00:00+00:00,2021-11-27 03:00:00+00:00,-1,4342.0,4114.4,3.222756808660491,5.450584135351315,-6.697326487100969,734.7461920028818,True
ETH,train,2021-11-27 21:00:00+00:00,2021-11-28 11:00:00+00:00,-1,4054.0,4110.05,3.632944315541868,5.9319078078599174,-2.585677728290811,-206.97275896569226,False
ETH,train,2021-11-28 22:00:00+00:00,2021-11-30 06:00:00+00:00,1,4253.5,4390.5,3.413890559830972,5.9019339998357845,5.9662175590774025,455.83485513792766,True
ETH,train,2021-11-30 12:00:00+00:00,2021-12-01 12:00:00+00:00,1,4597.75,4675.55,3.2574233813014994,6.04141284836464,5.487025109074964,241.89910110781784,True
ETH,train,2021-12-01 21:00:00+00:00,2021-12-02 15:00:00+00:00,-1,4567.35,4594.4,3.332067271500276,6.10551346493353,-3.418324080449195,-92.81960907856774,False
ETH,train,2021-12-03 17:00:00+00:00,2021-12-04 16:00:00+00:00,-1,4342.3,4035.5,3.4833838849016,5.836618702185724,-4.07518032733739,1066.9407375129576,True
ETH,train,2021-12-06 10:00:00+00:00,2021-12-06 16:00:00+00:00,-1,3961.95,4126.0,4.0870880705009345,6.611232791961607,-1.2376034753382559,-675.8604272823068,False
ETH,train,2021-12-08 15:00:00+00:00,2021-12-09 04:00:00+00:00,1,4407.7,4358.0,3.5204251999089933,6.171798234968453,2.516481342727696,-183.65341201317096,False
ETH,train,2021-12-09 10:00:00+00:00,2021-12-10 12:00:00+00:00,-1,4310.95,4154.0,3.5568319608498586,6.021680941399202,-4.807887581539457,557.0309828955324,True
ETH,train,2021-12-12 19:00:00+00:00,2021-12-13 01:00:00+00:00,1,4150.3,4065.3,3.828724604130118,6.291053971538281,1.1848347230412288,-332.91748004564033,False
ETH,train,2021-12-13 16:00:00+00:00,2021-12-14 09:00:00+00:00,-1,3805.75,3817.4,4.087877092419521,6.232500051415574,-3.154020248166716,-50.7022479299394,False
ETH,train,2021-12-15 16:00:00+00:00,2021-12-15 20:00:00+00:00,-1,3655.35,3967.65,4.242202797692602,6.46766238536214,-0.8067529629209448,-1330.500843141841,False
ETH,train,2021-12-15 21:00:00+00:00,2021-12-16 18:00:00+00:00,1,4053.2,4031.95,3.497541486579446,5.655629510043561,3.7068146954654977,-83.68520079532209,False
ETH,train,2021-12-20 06:00:00+00:00,2021-12-20 20:00:00+00:00,-1,3843.4,3871.3,3.66668833652716,5.657480101961217,-2.449764894598423,-105.50831979646864,False
ETH,train,2021-12-22 13:00:00+00:00,2021-12-23 17:00:00+00:00,-1,3954.6,3987.05,3.536904271686648,5.617771161848054,-4.909099337451559,-115.48121544062815,False
ETH,train,2021-12-23 18:00:00+00:00,2021-12-24 12:00:00+00:00,1,4045.75,4080.8,3.428674638168792,5.572659176162119,3.164351681547413,111.43803521010523,True
ETH,train,2021-12-28 02:00:00+00:00,2021-12-30 12:00:00+00:00,-1,3982.55,3738.2,3.5110666413683433,5.421613554268927,-9.659931817897196,862.1674520819797,True
ETH,train,2021-12-31 09:00:00+00:00,2021-12-31 17:00:00+00:00,1,3798.1,3745.45,3.908576894937857,5.896909047161694,1.4781162958008867,-213.16159886144123,False
ETH,train,2021-12-31 20:00:00+00:00,2022-01-01 06:00:00+00:00,-1,3625.9,3737.5,4.035413085248361,5.942872142383557,-1.868376081404565,-454.4265963746984,False
ETH,train,2022-01-02 17:00:00+00:00,2022-01-03 15:00:00+00:00,1,3837.65,3803.05,3.694338386623933,5.645466262135497,3.8694615709573648,-137.3390360102785,False
ETH,train,2022-01-03 17:00:00+00:00,2022-01-04 08:00:00+00:00,-1,3745.6,3760.95,3.748461841471876,5.627603247220142,-2.62918753512893,-60.53730497869583,False
ETH,train,2022-01-04 12:00:00+00:00,2022-01-04 19:00:00+00:00,1,3837.8,3769.95,3.6426341571833762,5.542450001862366,1.2238135211425507,-253.91899108789767,False
ETH,train,2022-01-05 19:00:00+00:00,2022-01-06 19:00:00+00:00,-1,3746.3,3452.7,3.6638236065852876,5.275173228761497,-3.7980409147432774,1074.2214785794295,True
ETH,train,2022-01-07 04:00:00+00:00,2022-01-08 01:00:00+00:00,-1,3237.0,3234.8,4.572135883821407,5.917989802583076,-3.846612216267061,7.987321358101326,True
ETH,train,2022-01-08 16:00:00+00:00,2022-01-09 03:00:00+00:00,-1,3159.5,3137.0,4.686814741980691,5.902105804576284,-1.984672712120716,101.53589860210377,True
ETH,train,2022-01-09 20:00:00+00:00,2022-01-10 01:00:00+00:00,1,3201.3,3134.8,4.657335168803329,5.9018682726109555,0.9219136749956581,-316.5365706730281,False
ETH,train,2022-01-10 12:00:00+00:00,2022-01-11 02:00:00+00:00,-1,3101.8,3089.1,4.704684539692137,5.8252463033560105,-1.0105871876159123,54.93483453835324,True
ETH,train,2022-01-11 17:00:00+00:00,2022-01-13 04:00:00+00:00,1,3216.65,3336.1,4.553782767710327,5.96796000622277,1.6514207003993708,536.3299708963768,True
ETH,train,2022-01-14 12:00:00+00:00,2022-01-14 15:00:00+00:00,-1,3201.1,3276.0,4.7434492239079695,6.144758993634861,-0.5746599795091557,-360.8544458848319,False
ETH,train,2022-01-15 16:00:00+00:00,2022-01-16 00:00:00+00:00,1,3361.05,3323.85,4.410348214030427,5.8965473551944,1.473910808452631,-171.4354117255789,False
ETH,train,2022-01-17 04:00:00+00:00,2022-01-18 22:00:00+00:00,-1,3254.2,3164.3,4.502478474906702,5.779831618237734,-4.140417201330316,403.13340047720703,True
ETH,train,2022-01-20 14:00:00+00:00,2022-01-20 22:00:00+00:00,1,3180.0,3079.0,4.734307815571886,5.926406523532886,1.518180076643284,-485.6096759729371,False
ETH,train,2022-01-21 02:00:00+00:00,2022-01-23 01:00:00+00:00,-1,2898.95,2445.95,5.025781464856469,5.372459870302269,-7.7191542919145295,2279.0256980015874,True
ETH,train,2022-01-24 11:00:00+00:00,2022-01-24 19:00:00+00:00,-1,2212.75,2384.55,7.614287594869392,7.0010328719786115,-0.9612223359749954,-1314.174419334564,False
ETH,train,2022-01-25 18:00:00+00:00,2022-01-25 22:00:00+00:00,1,2478.85,2410.8,6.266752912121622,6.128445675351098,0.7679592356159441,-433.3489405808414,False
ETH,train,2022-01-26 14:00:00+00:00,2022-01-26 21:00:00+00:00,1,2620.95,2515.75,5.761648072504948,5.919171530807233,-0.701491348606918,-611.3430574097201,False
ETH,train,2022-01-31 17:00:00+00:00,2022-02-02 02:00:00+00:00,1,2683.05,2756.25,5.400439223354809,5.874921813518762,0.37367711674965864,389.06355221930426,True
ETH,train,2022-02-02 15:00:00+00:00,2022-02-03 22:00:00+00:00,-1,2684.9,2656.85,5.541626135215996,5.920396281558009,0.821703168563453,148.7005136426851,True
ETH,train,2022-02-04 06:00:00+00:00,2022-02-05 17:00:00+00:00,1,2766.15,2999.6,5.43260941166752,6.264613543064401,6.9957307223057335,1254.9823228884125,True
ETH,train,2022-02-06 15:00:00+00:00,2022-02-07 00:00:00+00:00,-1,2976.2,3052.6,5.470867161807851,6.596552789021434,-1.8453234936777883,-422.72548045746225,False
ETH,train,2022-02-07 00:00:00+00:00,2022-02-08 09:00:00+00:00,1,3052.6,3103.0,5.195462676575726,6.396238010385908,4.877143097051352,250.57793779198073,True
ETH,train,2022-02-11 19:00:00+00:00,2022-02-12 17:00:00+00:00,-1,3002.6,2930.8,5.365432393361434,6.367051312554147,-4.314277119597012,383.1852716503854,True
ETH,train,2022-02-13 19:00:00+00:00,2022-02-14 11:00:00+00:00,-1,2848.25,2870.55,5.790725033251094,6.6231996640312705,-2.911524358533128,-132.8448435469836,False
ETH,train,2022-02-14 13:00:00+00:00,2022-02-14 20:00:00+00:00,1,2924.65,2879.4,5.594032698753849,6.493609097040455,1.4321527851010298,-261.05574150075336,False
ETH,train,2022-02-15 02:00:00+00:00,2022-02-16 10:00:00+00:00,1,3017.95,3126.95,5.334592021375335,6.556106902429859,0.12186255893309969,574.7925608685509,True
ETH,train,2022-02-18 15:00:00+00:00,2022-02-19 07:00:00+00:00,-1,2849.0,2818.4,5.852693770367933,6.633911334836645,-2.0152487829655192,174.47376682138201,True
ETH,train,2022-02-19 12:00:00+00:00,2022-02-20 23:00:00+00:00,-1,2721.05,2651.6,6.192020844379788,6.653512157911413,-7.270028453308142,430.65236393755185,True
ETH,train,2022-02-21 02:00:00+00:00,2022-02-21 11:00:00+00:00,1,2713.4,2678.5,6.368191450776581,6.86733029668845,1.9505093793387025,-231.06772130812897,False
ETH,train,2022-02-24 04:00:00+00:00,2022-02-24 16:00:00+00:00,-1,2394.15,2453.15,7.120849972319632,6.903379214164991,0.16847627374762228,-427.20200385476346,False
ETH,train,2022-02-27 02:00:00+00:00,2022-02-27 10:00:00+00:00,-1,2679.4,2767.85,6.2033219964821535,6.758209149067482,-1.6322164491390379,-553.8098232887696,False
ETH,train,2022-02-27 20:00:00+00:00,2022-02-28 13:00:00+00:00,-1,2604.4,2632.85,6.169317744618919,6.462051871601087,0.9546740692092368,-182.93381577521723,False
ETH,train,2022-02-28 15:00:00+00:00,2022-03-01 17:00:00+00:00,1,2756.25,2906.0,5.763061158570629,6.526378609023309,1.124265111967116,855.3677647749628,True
ETH,train,2022-03-03 16:00:00+00:00,2022-03-05 09:00:00+00:00,-1,2826.8,2647.5,5.921821523661121,6.483565513395616,-3.7789823962188804,1059.0780160752656,True
ETH,train,2022-03-06 10:00:00+00:00,2022-03-06 17:00:00+00:00,-1,2607.05,2645.55,6.827212020928069,7.1721227722253555,2.695411032877222,-272.71519661083585,False
ETH,train,2022-03-07 00:00:00+00:00,2022-03-07 14:00:00+00:00,-1,2548.7,2619.0,6.87651269374571,7.10715092949394,0.9469470881178386,-491.47294038791733,False
ETH,train,2022-03-09 04:00:00+00:00,2022-03-09 21:00:00+00:00,1,2697.0,2685.35,6.31616424255164,6.799161322179563,3.6683097639944444,-84.05078451190275,False
ETH,train,2022-03-10 02:00:00+00:00,2022-03-10 20:00:00+00:00,-1,2663.2,2612.35,6.364765762109443,6.715528003259294,-3.7250348539749707,320.6578458539843,True
ETH,train,2022-03-11 02:00:00+00:00,2022-03-11 08:00:00+00:00,-1,2560.0,2606.35,6.746602352931193,6.971061813213214,-1.1480728352698135,-318.5280080363009,False
ETH,train,2022-03-13 13:00:00+00:00,2022-03-13 16:00:00+00:00,-1,2539.55,2578.7,6.675503146410802,6.833378795823417,-0.6428134032941616,-267.5365135745087,False
ETH,train,2022-03-13 23:00:00+00:00,2022-03-14 05:00:00+00:00,-1,2503.6,2569.35,6.664498123459436,6.761733151080709,-1.2648426029173847,-443.6876421656234,False
ETH,train,2022-03-15 20:00:00+00:00,2022-03-18 01:00:00+00:00,1,2657.45,2772.5,6.111704777033404,6.637250270810506,9.8069961911928,686.7073881356882,True
ETH,train,2022-03-18 16:00:00+00:00,2022-03-19 20:00:00+00:00,1,2892.95,2948.45,5.851555418470111,6.836255164290261,-2.834900832920934,320.75997139371975,True
ETH,train,2022-03-22 03:00:00+00:00,2022-03-22 20:00:00+00:00,1,2961.75,2983.4,5.823927481812047,6.924824493698978,2.7738007087359056,116.38940477879805,True
ETH,train,2022-03-23 00:00:00+00:00,2022-03-23 15:00:00+00:00,-1,2967.45,2999.6,5.851962669644181,6.983790769580063,-3.244339076480739,-191.88005152216283,False
ETH,train,2022-03-24 16:00:00+00:00,2022-03-25 16:00:00+00:00,1,3113.6,3120.55,5.515649592919278,6.877077381939543,5.176020021954277,26.28066726689576,True
ETH,train,2022-03-27 16:00:00+00:00,2022-03-29 00:00:00+00:00,1,3168.8,3332.0,5.427861411190469,7.0570882923734,2.623738185766451,876.1461558281444,True
ETH,train,2022-03-31 16:00:00+00:00,2022-04-01 11:00:00+00:00,-1,3350.9,3282.5,5.394357753322541,7.156586544177948,-4.195006593711169,366.0124903768083,True
ETH,train,2022-04-01 14:00:00+00:00,2022-04-02 16:00:00+00:00,1,3347.05,3460.85,5.509916459564486,7.502192053013813,6.214039015025592,613.3122620303984,True
ETH,train,2022-04-03 23:00:00+00:00,2022-04-04 01:00:00+00:00,1,3543.7,3472.0,5.377226669304882,7.545001828768452,0.4700099400972665,-393.56216395802403,False
ETH,train,2022-04-05 15:00:00+00:00,2022-04-07 08:00:00+00:00,-1,3448.65,3222.35,5.411310508186591,7.219770480022549,-5.349667538828859,1222.7094650614345,True
ETH,train,2022-04-08 23:00:00+00:00,2022-04-09 13:00:00+00:00,-1,3189.9,3227.85,6.233557619084962,8.001082881976505,-3.419197434136864,-241.14539709211022,False
ETH,train,2022-04-10 17:00:00+00:00,2022-04-10 23:00:00+00:00,1,3275.9,3220.9,5.996300269247233,7.791352717849085,1.3917348056196979,-338.97960233206686,False
ETH,train,2022-04-14 14:00:00+00:00,2022-04-15 04:00:00+00:00,-1,3044.3,3039.8,6.341129471371068,7.716013163353743,0.9806459490218122,19.838423508786946,True
ETH,train,2022-04-16 16:00:00+00:00,2022-04-16 22:00:00+00:00,-1,3016.4,3048.05,6.406358199576889,7.770207796684814,0.7909877476423354,-211.3224325609408,False
ETH,train,2022-04-18 00:00:00+00:00,2022-04-18 18:00:00+00:00,-1,2985.55,2982.75,6.401774025101837,7.641541582803059,-1.1064786489974865,11.38990433647632,True
ETH,train,2022-04-19 15:00:00+00:00,2022-04-20 01:00:00+00:00,1,3111.6,3074.2,6.146100509377576,7.603709706181562,2.169398420429476,-239.63726717733152,False
ETH,train,2022-04-20 12:00:00+00:00,2022-04-20 15:00:00+00:00,1,3152.05,3098.0,5.9912022581500715,7.489062734710171,0.7006898265977076,-332.0142346143184,False
ETH,train,2022-04-21 11:00:00+00:00,2022-04-21 17:00:00+00:00,1,3126.45,3077.2,5.934064144057195,7.362571405456083,-0.5955064144315957,-299.01972408584334,False
ETH,train,2022-04-22 16:00:00+00:00,2022-04-23 09:00:00+00:00,-1,2946.95,2962.2,6.194043034018824,7.320305878894466,-0.4945909256714574,-101.28487122202569,False
ETH,train,2022-04-24 00:00:00+00:00,2022-04-24 04:00:00+00:00,-1,2930.05,2953.3,6.195201531673434,7.28970778627418,-0.7029403267837676,-150.62520307090017,False
ETH,train,2022-04-25 01:00:00+00:00,2022-04-25 15:00:00+00:00,-1,2854.45,2868.4,6.306512653859359,7.218245188227806,-0.10522955569796247,-95.08886715386689,False
ETH,train,2022-04-25 20:00:00+00:00,2022-04-26 13:00:00+00:00,1,3012.5,2976.85,5.94407839922157,7.120233192075542,-3.515733785364187,-215.51089433896414,False
ETH,train,2022-04-26 14:00:00+00:00,2022-04-27 07:00:00+00:00,-1,2940.65,2867.05,6.01602546488566,6.987854218483289,-3.6351683470934972,439.42678834418257,True
ETH,train,2022-04-28 18:00:00+00:00,2022-04-29 03:00:00+00:00,1,2971.2,2908.85,6.102063836719238,7.176088092620191,2.0165375947509125,-389.65630590681394,False
ETH,train,2022-04-29 12:00:00+00:00,2022-04-30 06:00:00+00:00,-1,2841.3,2835.1,6.243900948774639,7.088575869124872,-3.9703014914211434,35.59391150470765,True
ETH,train,2022-04-30 15:00:00+00:00,2022-05-01 16:00:00+00:00,-1,2779.85,2803.8,6.394729815370646,7.141186626718863,4.070324189054876,-164.36528989392536,False
ETH,train,2022-05-03 19:00:00+00:00,2022-05-04 07:00:00+00:00,-1,2782.65,2816.0,6.329227314741044,7.08702570113499,-1.8515309968828182,-216.31522565085834,False
ETH,train,2022-05-04 11:00:00+00:00,2022-05-05 12:00:00+00:00,1,2861.6,2926.1,6.079014943288128,7.03670295745374,5.531485666114847,379.5282752185158,True
ETH,train,2022-05-05 14:00:00+00:00,2022-05-07 09:00:00+00:00,-1,2893.4,2685.2,6.143373690790013,6.854284894288233,-6.1952399740317645,1278.3913575022234,True
ETH,train,2022-05-07 22:00:00+00:00,2022-05-08 19:00:00+00:00,-1,2619.8,2561.65,7.272932588149494,7.53686731177344,-4.883410586312977,420.26757327542873,True
ETH,train,2022-05-09 03:00:00+00:00,2022-05-10 05:00:00+00:00,-1,2441.95,2343.85,7.974731819942864,7.633094308776512,-6.116385048148967,780.8044822757693,True
ETH,train,2022-05-11 13:00:00+00:00,2022-05-11 15:00:00+00:00,-1,2172.1,2348.25,9.324939390444845,8.43039795471947,-0.5466221189807579,-1650.4718494626031,False
ETH,train,2022-05-19 16:00:00+00:00,2022-05-20 15:00:00+00:00,1,2022.3,1985.7,9.199539633349474,7.374350970092939,2.331635472089309,-346.40913702276885,False
ETH,train,2022-05-20 16:00:00+00:00,2022-05-21 08:00:00+00:00,-1,1959.65,1977.5,9.3168779442757,7.3363891996610135,-3.6473946698199113,-169.995265835154,False
ETH,train,2022-05-22 10:00:00+00:00,2022-05-23 18:00:00+00:00,1,2026.8,2049.3,8.924326326063115,7.275289307533173,5.537415958847726,187.98463707003975,True
ETH,train,2022-05-23 20:00:00+00:00,2022-05-24 21:00:00+00:00,-1,1978.75,1969.65,9.23603751597461,7.29351410561483,-3.6551708618968193,80.40959815165479,True
ETH,train,2022-05-26 09:00:00+00:00,2022-05-27 13:00:00+00:00,-1,1832.75,1811.5,10.015669803784704,7.299920936488482,-4.405203217270458,209.93826561119567,True
ETH,train,2022-05-29 13:00:00+00:00,2022-05-29 20:00:00+00:00,1,1812.9,1787.45,10.241136906888196,7.374335452542983,0.9208790238225718,-268.93214875667036,False
ETH,train,2022-05-30 02:00:00+00:00,2022-05-31 13:00:00+00:00,1,1844.3,1963.45,9.92095914425036,7.555306436303862,3.3191913441886003,1171.2077842569379,True
ETH,train,2022-06-01 15:00:00+00:00,2022-06-02 11:00:00+00:00,-1,1908.95,1828.55,10.198503226379882,7.623381161718963,-4.027247537147937,816.3635257763708,True
ETH,train,2022-06-03 11:00:00+00:00,2022-06-03 22:00:00+00:00,-1,1761.5,1788.2,11.515637956159097,8.17541201059559,-2.787137051802909,-312.85580838824535,False
ETH,train,2022-06-04 23:00:00+00:00,2022-06-05 10:00:00+00:00,1,1798.2,1781.35,11.106629102094317,7.951346840480342,2.73538920676611,-197.83343641754254,False
ETH,train,2022-06-05 18:00:00+00:00,2022-06-06 17:00:00+00:00,1,1823.95,1858.25,10.841364628947318,7.984014567341962,5.673861126144272,358.20093107940556,True
ETH,train,2022-06-07 01:00:00+00:00,2022-06-07 16:00:00+00:00,-1,1758.0,1780.65,11.451824770220629,8.104799944628246,-3.2420857830962335,-264.2465452070246,False
ETH,train,2022-06-07 20:00:00+00:00,2022-06-08 04:00:00+00:00,1,1846.8,1778.85,10.758101256682284,7.801021964258024,0.6944887142705524,-739.5084910700934,False
ETH,train,2022-06-10 13:00:00+00:00,2022-06-12 15:00:00+00:00,-1,1728.1,1509.2,11.069123841080232,7.166814922145807,-1.4850428197538643,2417.34943671005,True
ETH,train,2022-06-13 01:00:00+00:00,2022-06-14 06:00:00+00:00,-1,1385.65,1226.15,15.549310681976543,8.122337927837268,-5.038047585253749,2477.0307634326564,True
ETH,train,2022-06-15 09:00:00+00:00,2022-06-15 19:00:00+00:00,-1,1028.0,1171.5,23.36861197462398,10.27985240763709,0.8384269327267185,-3364.514097698906,False
ETH,train,2022-06-18 07:00:00+00:00,2022-06-19 00:00:00+00:00,-1,1017.65,994.1,20.300121861361518,8.167754030918806,2.6182799031431823,467.28183590099434,True
ETH,train,2022-06-19 11:00:00+00:00,2022-06-20 05:00:00+00:00,1,1063.05,1068.0,19.872725505023794,8.46995433749619,-6.456351257870036,96.35638817024665,True
ETH,train,2022-06-22 21:00:00+00:00,2022-06-23 02:00:00+00:00,-1,1048.5,1083.8,20.24039793637176,8.631720103945101,-0.7994171351416965,-722.3183501227359,False
ETH,train,2022-06-25 13:00:00+00:00,2022-06-25 22:00:00+00:00,-1,1195.9,1247.7,17.1416831559186,8.377483391960538,-1.3457782295486247,-894.9708926390012,False
ETH,train,2022-06-27 14:00:00+00:00,2022-06-28 07:00:00+00:00,-1,1182.65,1198.8,16.57698219551351,7.895450849901129,2.9141139975884687,-278.5278273050317,False
ETH,train,2022-06-28 09:00:00+00:00,2022-06-28 16:00:00+00:00,1,1224.45,1182.8,15.783609103041382,7.599018602659273,-1.863773497835767,-663.1225642464997,False
ETH,train,2022-06-30 07:00:00+00:00,2022-07-01 00:00:00+00:00,-1,1059.4,1070.85,17.616686428140948,7.50558925270945,1.6388691033681828,-210.8555179582836,False
ETH,train,2022-07-03 14:00:00+00:00,2022-07-03 18:00:00+00:00,-1,1041.4,1059.8,17.718707589796654,7.446109677536146,-0.9340416705961306,-332.53628765918984,False
ETH,train,2022-07-03 21:00:00+00:00,2022-07-04 03:00:00+00:00,1,1084.45,1049.75,16.708677943985474,7.131932093610761,-1.131886796895217,-585.7911699530086,False
ETH,train,2022-07-05 13:00:00+00:00,2022-07-05 20:00:00+00:00,-1,1092.8,1145.5,16.044962139826172,7.1826877515145835,0.7450250110547667,-853.4972175314069,False
ETH,train,2022-07-06 19:00:00+00:00,2022-07-08 09:00:00+00:00,1,1161.9,1216.9,14.356173000146855,6.830092866549868,6.333368728032126,776.4260534134955,True
ETH,train,2022-07-10 03:00:00+00:00,2022-07-11 18:00:00+00:00,-1,1190.4,1153.8,14.664703849365026,6.875399752736299,-7.736719291580397,537.5894804256095,True
ETH,train,2022-07-14 16:00:00+00:00,2022-07-16 01:00:00+00:00,1,1140.3,1212.05,15.780455093141926,7.424230707670482,3.2913341256832203,1121.5320880995787,True
ETH,train,2022-07-16 17:00:00+00:00,2022-07-17 14:00:00+00:00,1,1358.6,1337.45,14.070355535705371,7.586876408407694,4.274900672638997,-309.44979666121435,False
ETH,train,2022-07-18 03:00:00+00:00,2022-07-20 00:00:00+00:00,1,1411.8,1541.6,13.320962766785735,7.868426287084997,7.896881972429771,1713.2956588692687,True
ETH,train,2022-07-24 06:00:00+00:00,2022-07-25 00:00:00+00:00,1,1600.7,1597.2,12.819285870567482,8.198958857097551,4.6180435781742375,-57.68450298225798,False
ETH,train,2022-07-25 01:00:00+00:00,2022-07-26 23:00:00+00:00,-1,1558.5,1409.7,13.129384915004884,7.794128060943499,-11.017884409511515,1956.8762317012843,True
ETH,train,2022-07-27 19:00:00+00:00,2022-07-28 14:00:00+00:00,1,1579.9,1619.2,14.190152934829037,9.079143650762315,1.4021401516473955,547.19172653637,True
ETH,train,2022-07-28 16:00:00+00:00,2022-07-29 11:00:00+00:00,1,1727.55,1720.0,13.29409530738489,9.166411655394954,5.455439729624567,-114.9922709557759,False
ETH,train,2022-07-29 12:00:00+00:00,2022-07-29 15:00:00+00:00,-1,1680.85,1723.0,13.595039460580653,9.255095013579492,-0.8645425468969752,-581.4214657301636,False
ETH,train,2022-08-01 11:00:00+00:00,2022-08-02 15:00:00+00:00,-1,1657.0,1622.05,13.439831389008344,8.813975823225562,-5.40051276234945,466.30864398497215,True
ETH,train,2022-08-05 03:00:00+00:00,2022-08-06 13:00:00+00:00,1,1660.8,1710.7,13.689853838855852,9.2310684435405,3.525733247762736,670.3669048676056,True
ETH,train,2022-08-07 00:00:00+00:00,2022-08-07 13:00:00+00:00,-1,1690.0,1707.3,13.849985893751127,9.410511415368141,-0.4955570978018527,-248.51971027947366,False
ETH,train,2022-08-08 07:00:00+00:00,2022-08-09 02:00:00+00:00,1,1732.4,1764.95,13.367557406003192,9.350205378777053,5.525951166274969,420.23783702035144,True
ETH,train,2022-08-09 10:00:00+00:00,2022-08-10 09:00:00+00:00,-1,1733.15,1701.8,13.604243306799919,9.345979109338476,-6.607512952896188,423.75456151174876,True
ETH,train,2022-08-10 13:00:00+00:00,2022-08-11 19:00:00+00:00,1,1822.55,1885.35,13.169432305666254,9.766187609235981,9.242941371046287,808.0312198155589,True
ETH,train,2022-08-12 20:00:00+00:00,2022-08-13 19:00:00+00:00,1,1924.95,1982.2,12.888636104058593,10.071566910794507,7.327374899301306,720.4754751472574,True
ETH,train,2022-08-14 08:00:00+00:00,2022-08-14 12:00:00+00:00,1,2015.3,1987.95,12.668315160846944,10.142886533532106,1.2654300837200259,-357.8867362664132,False
ETH,train,2022-08-14 17:00:00+00:00,2022-08-15 02:00:00+00:00,-1,1939.15,1972.05,12.981238587725773,10.15444407286261,-2.8326847518723453,-434.40450885718747,False
ETH,train,2022-08-17 06:00:00+00:00,2022-08-17 09:00:00+00:00,1,1923.1,1883.25,12.863691070943398,9.79274210157708,0.9203006184429681,-523.33113189711,False
ETH,train,2022-08-18 13:00:00+00:00,2022-08-19 00:00:00+00:00,1,1877.3,1845.65,12.898755215806817,9.604284146137598,0.7053499442539993,-418.55523667067246,False
ETH,train,2022-08-19 07:00:00+00:00,2022-08-21 09:00:00+00:00,-1,1748.15,1601.4,13.612263209657902,9.118991246781926,-8.070580043156726,1996.5512148136586,True
ETH,train,2022-08-26 01:00:00+00:00,2022-08-26 13:00:00+00:00,-1,1674.2,1679.6,15.406062086236485,10.333770204963983,3.7002493398599356,-97.22675481049373,False
ETH,train,2022-08-26 16:00:00+00:00,2022-08-28 00:00:00+00:00,-1,1592.95,1490.0,16.13082795440323,9.946107208405486,5.896254862581444,1644.8263758348185,True
ETH,train,2022-08-29 00:00:00+00:00,2022-08-29 13:00:00+00:00,-1,1425.9,1474.7,19.174155807420888,11.123311267001007,4.9585868050664725,-951.7807014742066,False
ETH,train,2022-09-01 15:00:00+00:00,2022-09-01 18:00:00+00:00,-1,1517.4,1554.35,17.390699923769105,10.68397649816755,0.4229082646167242,-653.6932469460407,False
ETH,train,2022-09-02 13:00:00+00:00,2022-09-02 18:00:00+00:00,1,1622.85,1582.6,15.857876462631298,10.166326021428297,0.05694819245100591,-648.5028018347912,False
ETH,train,2022-09-05 15:00:00+00:00,2022-09-06 18:00:00+00:00,1,1589.7,1587.5,15.78062025259257,10.027637333307423,-5.72238912351259,-39.022612765500526,False
ETH,train,2022-09-06 18:00:00+00:00,2022-09-07 14:00:00+00:00,-1,1587.5,1535.4,15.77790828521632,9.854565956780409,7.290942640679869,804.883513062312,True
ETH,train,2022-09-07 21:00:00+00:00,2022-09-08 13:00:00+00:00,1,1639.1,1617.45,15.772260945545252,10.272631276443077,-4.919990702311291,-346.82209004518154,False
ETH,train,2022-09-09 04:00:00+00:00,2022-09-10 08:00:00+00:00,1,1671.85,1709.8,15.255848805693118,10.317988222754426,-4.200098624510948,572.8415725778104,True
ETH,train,2022-09-10 23:00:00+00:00,2022-09-11 15:00:00+00:00,1,1783.05,1760.7,14.625687669092763,10.365956135469496,-7.660630983110849,-329.5894445565791,False
ETH,train,2022-09-11 22:00:00+00:00,2022-09-12 00:00:00+00:00,-1,1731.15,1765.0,14.873779252993252,10.40019266707047,1.8514922767212423,-515.7291126576092,False
ETH,train,2022-09-13 13:00:00+00:00,2022-09-14 05:00:00+00:00,-1,1627.9,1617.25,15.500346361055138,10.060189798715616,29.620117203632326,125.39838174288161,True
ETH,train,2022-09-14 23:00:00+00:00,2022-09-15 04:00:00+00:00,1,1634.35,1594.8,15.515900647293751,10.020634115041723,-39.20470527030537,-584.4697994452035,False
ETH,train,2022-09-15 15:00:00+00:00,2022-09-17 15:00:00+00:00,-1,1490.75,1444.7,16.618442008022363,9.75652111848985,-2.611607149169366,758.1343405001135,True
ETH,train,2022-09-17 17:00:00+00:00,2022-09-18 08:00:00+00:00,1,1465.6,1452.7,17.42090390554002,10.167884773507488,3.576102929664454,-238.47364808463317,False
ETH,train,2022-09-18 10:00:00+00:00,2022-09-19 14:00:00+00:00,-1,1423.6,1338.6,17.767352568049187,9.815396252693091,-4.432427147360945,1504.8419991788505,True
ETH,train,2022-09-21 18:00:00+00:00,2022-09-21 20:00:00+00:00,1,1402.05,1322.25,19.113758507224187,10.41432246024617,-0.0650792178391428,-1535.6271721188932,False
ETH,train,2022-09-21 22:00:00+00:00,2022-09-22 11:00:00+00:00,-1,1251.9,1295.25,20.179581390634056,10.280084147830706,2.5746685408539047,-887.6396059726685,False
ETH,train,2022-09-29 14:00:00+00:00,2022-09-29 17:00:00+00:00,-1,1300.4,1336.9,18.74436968391426,9.886905233477417,0.06658745434725903,-694.1229861507018,False
ETH,train,2022-09-30 15:00:00+00:00,2022-09-30 20:00:00+00:00,1,1359.35,1337.0,17.420866848722852,9.394550865510773,0.8302811902908006,-399.5812061247525,False
ETH,train,2022-10-01 17:00:00+00:00,2022-10-02 20:00:00+00:00,-1,1310.5,1303.95,17.765337004720834,9.289317066398478,-4.278824338641217,111.35246465315868,True
ETH,train,2022-10-03 15:00:00+00:00,2022-10-05 05:00:00+00:00,1,1319.0,1350.05,17.735274154162102,9.46726669623327,3.5313349245089505,537.6816608659938,True
ETH,train,2022-10-05 12:00:00+00:00,2022-10-05 17:00:00+00:00,-1,1334.25,1349.7,17.935550511677576,9.627624159163407,-0.14150900273755873,-286.5903705618439,False
ETH,train,2022-10-07 13:00:00+00:00,2022-10-08 12:00:00+00:00,-1,1330.7,1329.35,17.76803028454495,9.452769791680758,-5.111672150519461,19.645743242977915,True
ETH,train,2022-10-08 22:00:00+00:00,2022-10-09 11:00:00+00:00,-1,1306.85,1321.8,18.107329565663193,9.51956637255611,-3.815704341930611,-276.4084390372882,False
ETH,train,2022-10-10 09:00:00+00:00,2022-10-11 16:00:00+00:00,-1,1306.25,1292.8,17.904042261320306,9.306700207856908,-5.734722399626005,237.23739060652952,True
ETH,train,2022-10-13 03:00:00+00:00,2022-10-13 18:00:00+00:00,-1,1286.4,1274.15,18.364733049173026,9.404763441811998,-1.826291898062637,217.38950830861722,True
ETH,train,2022-10-16 20:00:00+00:00,2022-10-18 09:00:00+00:00,1,1307.15,1322.0,18.239515053945453,9.590884200816138,-0.4723398683474065,261.73825421861693,True
ETH,train,2022-10-18 15:00:00+00:00,2022-10-19 10:00:00+00:00,-1,1307.8,1305.6,18.430585989435247,9.633298684958016,-0.58407165735516,31.49806214914861,True
ETH,train,2022-10-19 23:00:00+00:00,2022-10-20 06:00:00+00:00,-1,1285.8,1291.6,18.77042963068328,9.67578106602462,-1.7570053523037827,-116.78726757169352,False
ETH,train,2022-10-21 13:00:00+00:00,2022-10-21 14:00:00+00:00,-1,1269.1,1285.0,18.925404736869336,9.667475247687594,0.1289522668231658,-310.7103628307377,False
ETH,train,2022-10-22 14:00:00+00:00,2022-10-23 02:00:00+00:00,1,1309.45,1307.75,18.104945426499775,9.476852634047042,-3.1867302983449126,-37.0685295607509,False
ETH,train,2022-10-23 18:00:00+00:00,2022-10-24 15:00:00+00:00,1,1327.7,1333.7,17.828163183828714,9.489574699488347,-0.9245872288568939,98.40399163234179,True
ETH,train,2022-10-25 14:00:00+00:00,2022-10-27 03:00:00+00:00,1,1381.0,1547.85,17.211336894135933,10.081884812478005,-2.8696110462036772,2864.4992870203023,True
ETH,train,2022-10-27 21:00:00+00:00,2022-10-28 14:00:00+00:00,-1,1526.4,1539.1,17.448477160522813,10.697661347116536,0.43090359189288224,-232.72422487765652,False
ETH,train,2022-10-28 17:00:00+00:00,2022-10-29 23:00:00+00:00,1,1566.5,1610.3,16.853259695464008,10.707887080110012,0.4756215445874391,726.989266036624,True
ETH,train,2022-10-30 10:00:00+00:00,2022-10-31 08:00:00+00:00,-1,1597.15,1590.25,16.985017424149888,10.82760890754707,-2.491139108951537,108.86015042802319,True
ETH,train,2022-10-31 10:00:00+00:00,2022-10-31 14:00:00+00:00,1,1619.4,1557.95,16.81887163727863,10.68788835934145,-0.1859196733165956,-1044.0216307967967,False
ETH,train,2022-11-02 11:00:00+00:00,2022-11-03 04:00:00+00:00,-1,1547.85,1546.0,16.92183292865085,10.470722561261287,0.13620750422284164,20.69846085251993,True
ETH,train,2022-11-04 07:00:00+00:00,2022-11-05 09:00:00+00:00,1,1580.95,1642.4,16.58063668013836,10.689039048584796,-1.7172589565534366,1009.9083439024726,True
ETH,train,2022-11-05 15:00:00+00:00,2022-11-06 09:00:00+00:00,-1,1628.3,1630.8,16.718704110647433,10.897585713402211,-2.392680905354086,-50.30166508466937,False
ETH,train,2022-11-07 00:00:00+00:00,2022-11-07 16:00:00+00:00,-1,1567.65,1591.45,17.33343810052151,10.9516128606715,-1.9619165649304886,-421.52552308815575,False
ETH,train,2022-11-08 04:00:00+00:00,2022-11-08 17:00:00+00:00,-1,1506.1,1544.7,17.761927305752863,10.837617564878167,3.7061744566496624,-700.1541860235993,False
ETH,train,2022-11-08 19:00:00+00:00,2022-11-10 05:00:00+00:00,-1,1344.7,1175.2,19.373157231479727,9.763683781521152,22.35952570512025,3251.626941249193,True
ETH,train,2022-11-10 14:00:00+00:00,2022-11-11 02:00:00+00:00,1,1297.8,1261.55,22.57875748992139,11.55738859636606,-6.641277671589728,-823.3960699344243,False
ETH,train,2022-11-13 07:00:00+00:00,2022-11-14 07:00:00+00:00,-1,1247.65,1236.7,22.82636588825837,11.341736418898936,-2.0696548937225727,240.67662495126206,True
ETH,train,2022-11-19 23:00:00+00:00,2022-11-20 09:00:00+00:00,1,1223.45,1208.05,23.474593996842387,11.415695060664452,0.29967934746889197,-373.2241219595089,False
ETH,train,2022-11-20 12:00:00+00:00,2022-11-22 13:00:00+00:00,-1,1167.65,1098.1,24.276767784419395,11.001017321509648,-12.456808554037112,1689.9049906388864,True
ETH,train,2022-11-22 14:00:00+00:00,2022-11-23 17:00:00+00:00,1,1132.6,1151.65,26.520106740346282,12.1157107643272,-7.080337340057103,500.1726599793328,True
ETH,train,2022-11-24 02:00:00+00:00,2022-11-24 21:00:00+00:00,1,1201.1,1197.35,25.424065901336718,12.19567017221221,-15.284004473575845,-92.25191282865126,False
ETH,train,2022-11-25 05:00:00+00:00,2022-11-25 12:00:00+00:00,-1,1175.05,1192.7,25.90918994193173,12.26929689700177,2.1266685165041714,-471.6931678885994,False
ETH,train,2022-11-26 02:00:00+00:00,2022-11-26 16:00:00+00:00,1,1217.45,1210.05,24.619409810159166,11.952723462832274,-18.172682167728436,-175.96367389028455,False
ETH,train,2022-11-28 00:00:00+00:00,2022-11-28 20:00:00+00:00,-1,1193.3,1171.1,24.97019760285594,11.807907042438515,6.216402037767449,536.3140777032022,True
ETH,train,2022-11-29 05:00:00+00:00,2022-12-01 08:00:00+00:00,1,1196.9,1278.2,25.343178943262757,12.54538044049393,1.7276113089978062,2046.1274563377701,True
ETH,train,2022-12-02 12:00:00+00:00,2022-12-02 14:00:00+00:00,1,1288.0,1275.8,25.139268892491433,12.890411517313908,-0.6546859534832354,-318.93480605222794,False
ETH,train,2022-12-03 23:00:00+00:00,2022-12-04 15:00:00+00:00,-1,1241.95,1259.1,25.814600851464824,12.912721491911219,-6.4842566490007245,-449.1488694455293,False
ETH,train,2022-12-04 20:00:00+00:00,2022-12-05 14:00:00+00:00,1,1277.9,1285.3,24.736907941177876,12.681128486965427,1.7182379553967668,168.65375232235237,True
ETH,train,2022-12-05 17:00:00+00:00,2022-12-07 00:00:00+00:00,-1,1259.25,1270.8,25.237203422952998,12.770277304048445,1.931761290720513,-306.19173812988447,False
ETH,train,2022-12-07 00:00:00+00:00,2022-12-07 07:00:00+00:00,1,1270.8,1249.35,24.76688438166799,12.483252734892115,1.5609206409302983,-545.2938433626041,False
ETH,train,2022-12-07 08:00:00+00:00,2022-12-08 03:00:00+00:00,-1,1223.85,1232.55,25.27144897565966,12.415357452762077,-4.664177315080926,-227.6127862259127,False
ETH,train,2022-12-08 12:00:00+00:00,2022-12-09 14:00:00+00:00,1,1239.65,1274.15,24.765740364324735,12.451223625567906,0.948010953160047,841.0188079904729,True
ETH,train,2022-12-10 15:00:00+00:00,2022-12-10 22:00:00+00:00,1,1270.5,1267.0,24.826343054408213,12.599369100112167,-3.4916379460110676,-95.99993184452978,False
ETH,train,2022-12-11 21:00:00+00:00,2022-12-12 18:00:00+00:00,-1,1264.95,1253.0,24.859376986269105,12.518933656515259,1.6823264491799323,282.86829488020885,True
ETH,train,2022-12-12 21:00:00+00:00,2022-12-14 20:00:00+00:00,1,1265.6,1306.85,25.0701147389865,12.898323332061164,1.6153030451893629,1019.6286066059474,True
ETH,train,2022-12-15 02:00:00+00:00,2022-12-16 08:00:00+00:00,-1,1285.55,1277.55,25.474206231004054,13.058587598137297,-4.223671429492734,194.95873367939203,True
ETH,train,2022-12-16 09:00:00+00:00,2022-12-17 11:00:00+00:00,-1,1244.05,1183.95,26.48070781234408,12.859031713674286,-7.490733764211502,1586.122241572426,True
ETH,train,2022-12-19 19:00:00+00:00,2022-12-20 02:00:00+00:00,-1,1168.1,1185.3,29.56035167838291,13.913466327981268,-1.282166453060669,-521.0693487430835,False
ETH,train,2022-12-20 05:00:00+00:00,2022-12-21 01:00:00+00:00,1,1208.25,1208.35,28.14680525286654,13.603913914815454,8.170204845256407,-18.95943823478592,False
ETH,train,2022-12-22 15:00:00+00:00,2022-12-22 21:00:00+00:00,-1,1192.2,1216.9,28.50982889493475,13.736605758157461,-1.7353510368319842,-716.1940284261946,False
ETH,train,2022-12-24 19:00:00+00:00,2022-12-24 22:00:00+00:00,1,1221.65,1218.45,27.236298432542064,13.291858361049178,1.2469969010474182,-101.69501024622878,False
ETH,train,2022-12-25 15:00:00+00:00,2022-12-25 22:00:00+00:00,-1,1214.05,1218.45,27.323033622889326,13.292655857535657,-0.9376463840183937,-132.5763574142111,False
ETH,train,2022-12-27 00:00:00+00:00,2022-12-27 09:00:00+00:00,1,1227.8,1216.45,26.90906712205129,13.154497462614774,1.5958581020228537,-320.16826739991666,False
ETH,train,2022-12-27 15:00:00+00:00,2022-12-28 15:00:00+00:00,-1,1209.45,1204.45,27.052614283397126,13.060461123738467,-9.760346523074704,131.9629568163291,True
ETH,train,2022-12-30 08:00:00+00:00,2022-12-30 16:00:00+00:00,-1,1188.35,1195.1,27.64399991742415,13.177618320636917,-3.294542800158817,-196.48007496310674,False
ETH,train,2022-12-31 15:00:00+00:00,2022-12-31 23:00:00+00:00,1,1203.8,1196.95,27.125990386200268,13.024544283934059,3.2589164849981,-202.0964949144036,False
ETH,train,2023-01-01 18:00:00+00:00,2023-01-02 02:00:00+00:00,1,1201.15,1195.35,27.01758375889229,12.949527895637075,3.2431063244681835,-172.89462002168875,False
ETH,train,2023-01-02 08:00:00+00:00,2023-01-03 00:00:00+00:00,1,1213.05,1213.55,26.610012870015076,12.914371446075716,6.474848119080331,-6.0842131301469635,False
ETH,train,2023-01-03 15:00:00+00:00,2023-01-04 00:00:00+00:00,-1,1210.15,1214.05,26.66875337672325,12.9300783871705,-3.631034112095173,-113.30718244429227,False
ETH,train,2023-01-04 02:00:00+00:00,2023-01-05 04:00:00+00:00,1,1223.85,1252.15,26.27763591649087,13.01268530584628,10.346411152258334,720.2979999785894,True
ETH,train,2023-01-06 16:00:00+00:00,2023-01-07 09:00:00+00:00,1,1262.55,1263.9,26.042677689102163,13.159104609526434,-2.71549127625502,24.71400154701405,True
ETH,train,2023-01-08 16:00:00+00:00,2023-01-08 17:00:00+00:00,1,1273.25,1262.75,25.843233236146045,13.107687897373275,-0.4684545064481828,-283.99318237045736,False
ETH,train,2023-01-09 00:00:00+00:00,2023-01-09 22:00:00+00:00,1,1289.0,1318.45,25.30714005861326,13.197420469166229,-24.732080977005687,756.829935234,True
ETH,train,2023-01-10 19:00:00+00:00,2023-01-11 03:00:00+00:00,1,1340.25,1329.15,24.90411003229733,13.295806264042898,-1.9544027723505404,-287.7770248501911,False
ETH,train,2023-01-11 16:00:00+00:00,2023-01-11 19:00:00+00:00,-1,1322.25,1336.8,25.02549173449522,13.308806759321902,1.9384560192750395,-379.3681675154912,False
ETH,train,2023-01-12 00:00:00+00:00,2023-01-12 15:00:00+00:00,1,1388.7,1380.25,23.55482701693729,13.0444276537097,-9.307511036580346,-202.77520491024916,False
ETH,train,2023-01-13 21:00:00+00:00,2023-01-14 18:00:00+00:00,1,1426.15,1529.85,22.79410515970309,13.475874970416466,1.6323448473841755,2348.64048524341,True
ETH,train,2023-01-17 19:00:00+00:00,2023-01-18 00:00:00+00:00,1,1595.54,1564.59,21.84617970013536,13.80735357115775,1.0657811922084597,-691.0123964825616,False
ETH,train,2023-01-18 16:00:00+00:00,2023-01-19 15:00:00+00:00,-1,1548.75,1532.67,22.060010435687754,13.595231471347393,-9.60360824655887,350.73334458107274,True
ETH,train,2023-01-19 20:00:00+00:00,2023-01-21 16:00:00+00:00,1,1550.45,1647.1,22.262036509950324,14.236794968478332,12.848123517764053,2124.540910200456,True
ETH,train,2023-01-22 18:00:00+00:00,2023-01-22 21:00:00+00:00,1,1657.99,1614.99,22.09947913862746,14.46623064622898,1.353106908699882,-966.0969405159049,False
ETH,train,2023-01-23 15:00:00+00:00,2023-01-23 21:00:00+00:00,-1,1598.35,1635.76,22.319653690704186,14.436843039528664,-2.722389539702839,-846.6926980690769,False
ETH,train,2023-01-24 23:00:00+00:00,2023-01-25 18:00:00+00:00,-1,1561.24,1548.72,22.307861557779685,13.875311426046501,-8.200961066971093,273.6200763443412,True
ETH,train,2023-01-25 21:00:00+00:00,2023-01-26 15:00:00+00:00,1,1580.93,1605.49,22.203099349631103,14.149679965930307,8.050036186437396,523.1084038745685,True
ETH,train,2023-01-27 02:00:00+00:00,2023-01-27 17:00:00+00:00,-1,1562.33,1588.78,22.80225961140532,14.370485656819081,-6.741470952417274,-610.7487814260967,False
ETH,train,2023-01-29 20:00:00+00:00,2023-01-30 07:00:00+00:00,1,1654.63,1630.01,21.161169250684907,13.901364593513936,4.769743419981316,-539.6590949653619,False
ETH,train,2023-01-30 10:00:00+00:00,2023-01-31 08:00:00+00:00,-1,1587.59,1579.7,21.714829636301193,13.75543255175208,-9.390162780101656,166.96473605875508,True
ETH,train,2023-02-01 20:00:00+00:00,2023-02-02 15:00:00+00:00,1,1617.58,1656.65,21.415454641102244,14.02382480990724,8.466094052243877,814.211893965723,True
ETH,train,2023-02-02 22:00:00+00:00,2023-02-03 13:00:00+00:00,-1,1637.1,1652.29,21.657457096279938,14.247964559586453,-6.677684354228049,-336.54705349785945,False
ETH,train,2023-02-04 14:00:00+00:00,2023-02-05 00:00:00+00:00,1,1684.64,1665.96,20.84651673878219,13.96966779699272,4.373763378115821,-407.75636385555845,False
ETH,train,2023-02-05 18:00:00+00:00,2023-02-06 08:00:00+00:00,-1,1618.01,1634.86,21.452969756037643,13.956744346064434,-6.10330821830466,-369.3359765170244,False
ETH,train,2023-02-06 16:00:00+00:00,2023-02-06 23:00:00+00:00,1,1648.3,1632.43,20.83466821479673,13.670584210466014,2.995730999599236,-347.31249977888365,False
ETH,train,2023-02-07 18:00:00+00:00,2023-02-08 15:00:00+00:00,1,1671.63,1671.46,20.33612170077742,13.597097019330398,8.924204508575873,-25.978442217041447,False
ETH,train,2023-02-08 16:00:00+00:00,2023-02-09 14:00:00+00:00,-1,1653.52,1639.87,20.54313989335086,13.531314298672559,-9.26483283306188,276.1473780786255,True
ETH,train,2023-02-09 20:00:00+00:00,2023-02-11 09:00:00+00:00,-1,1579.46,1522.28,21.68123286093484,13.449909442815205,-15.367457300426649,1241.6504428459084,True
ETH,train,2023-02-11 22:00:00+00:00,2023-02-12 13:00:00+00:00,1,1533.93,1525.02,23.13423069982206,14.153290999844138,6.64873163466746,-226.9280181699287,False
ETH,train,2023-02-12 22:00:00+00:00,2023-02-14 00:00:00+00:00,-1,1510.41,1504.84,23.344232678019956,14.077739516479935,-9.312844757070993,125.26248125715938,True
ETH,train,2023-02-14 15:00:00+00:00,2023-02-15 09:00:00+00:00,1,1553.88,1545.36,22.77178737126759,14.115046858505472,5.936704315304816,-214.06737957701262,False
ETH,train,2023-02-15 12:00:00+00:00,2023-02-16 14:00:00+00:00,1,1571.2,1675.99,22.38451984527003,14.537357799272478,6.338134970391718,2324.798341816182,True
ETH,train,2023-02-16 16:00:00+00:00,2023-02-16 21:00:00+00:00,1,1725.13,1685.0,21.7348002311156,14.823698862426848,2.3217792819384906,-889.3630114190382,False
ETH,train,2023-02-16 23:00:00+00:00,2023-02-17 16:00:00+00:00,-1,1645.97,1672.64,22.23976920070561,14.76102409343073,-7.843719179656511,-600.051949496592,False
ETH,train,2023-02-17 18:00:00+00:00,2023-02-18 11:00:00+00:00,1,1687.77,1687.39,21.333440552793817,14.400755043233517,7.694137336531101,-30.201599789827014,False
ETH,train,2023-02-18 21:00:00+00:00,2023-02-19 01:00:00+00:00,-1,1682.22,1698.53,21.385870672087478,14.460056454931948,-1.808910504629349,-361.454696612047,False
ETH,train,2023-02-19 16:00:00+00:00,2023-02-19 18:00:00+00:00,1,1711.66,1682.02,20.806868575176697,14.122370749241131,0.8793632874512647,-631.7173186049331,False
ETH,train,2023-02-21 09:00:00+00:00,2023-02-22 23:00:00+00:00,-1,1675.0,1634.51,20.88511483389971,13.823899278787884,-16.34248487875558,848.1568852245618,True
ETH,train,2023-02-24 14:00:00+00:00,2023-02-25 13:00:00+00:00,-1,1634.91,1602.09,21.91602243059653,14.188432921568193,-10.098620967230087,715.1940442178457,True
ETH,train,2023-02-25 19:00:00+00:00,2023-02-26 03:00:00+00:00,-1,1585.5,1603.44,23.050090366587465,14.701071034725086,-3.659979786245632,-424.5597124250562,False
ETH,train,2023-02-26 19:00:00+00:00,2023-02-27 17:00:00+00:00,1,1629.89,1637.0,22.16183826135467,14.480057559527392,9.994218931991373,133.096393546708,True
ETH,train,2023-02-28 22:00:00+00:00,2023-03-01 04:00:00+00:00,-1,1604.24,1638.15,22.59914660982526,14.655049395246266,-2.7371803884487735,-778.2549305459543,False
ETH,train,2023-03-03 02:00:00+00:00,2023-03-03 23:00:00+00:00,-1,1551.84,1566.35,22.86073308253436,14.256821858125562,-9.397335829912684,-336.5687230557887,False
ETH,train,2023-03-05 02:00:00+00:00,2023-03-05 09:00:00+00:00,1,1581.0,1565.0,22.22620575821906,13.984728663071433,1.2976752239822638,-370.9016960185545,False
ETH,train,2023-03-06 02:00:00+00:00,2023-03-06 10:00:00+00:00,-1,1560.85,1564.77,22.275509887385578,13.92495584284202,-3.096679800555933,-98.14827480083477,False
ETH,train,2023-03-06 16:00:00+00:00,2023-03-06 20:00:00+00:00,1,1577.0,1565.6,21.98514986234936,13.81810639148382,1.632488389479139,-266.0813032117512,False
ETH,train,2023-03-09 00:00:00+00:00,2023-03-10 14:00:00+00:00,-1,1531.71,1423.78,22.46149730021557,13.276946131162823,-15.74747218077772,2426.7399296618896,True
ETH,train,2023-03-11 02:00:00+00:00,2023-03-11 08:00:00+00:00,1,1465.33,1416.06,25.135116294196585,14.484814547787018,2.4320216469899183,-1255.324016009843,False
ETH,train,2023-03-12 18:00:00+00:00,2023-03-14 09:00:00+00:00,1,1514.21,1664.58,23.494704131768536,14.9369461094049,13.828151474232236,3504.133562710391,True
ETH,train,2023-03-14 13:00:00+00:00,2023-03-14 21:00:00+00:00,1,1734.99,1701.49,22.524654036089906,15.481104620388448,3.9241551275514395,-773.9811699569545,False
ETH,train,2023-03-15 15:00:00+00:00,2023-03-16 07:00:00+00:00,-1,1655.0,1652.31,23.14566062605358,15.309974969030653,-7.606297694180844,54.558149809236056,True
ETH,train,2023-03-16 20:00:00+00:00,2023-03-18 16:00:00+00:00,1,1679.07,1785.47,22.846353330074333,15.830420993235146,22.01353521213314,2393.008038114538,True
ETH,train,2023-03-19 17:00:00+00:00,2023-03-20 00:00:00+00:00,1,1815.55,1780.0,22.446991007707002,16.14185570355218,3.5412906129795,-817.6736766405156,False
ETH,train,2023-03-21 13:00:00+00:00,2023-03-22 08:00:00+00:00,1,1804.6,1791.86,22.1300902401651,15.917996869028833,6.975430127052895,-304.8307766557846,False
ETH,train,2023-03-22 19:00:00+00:00,2023-03-23 10:00:00+00:00,-1,1771.35,1754.24,22.373404505459764,15.775890238080777,3.2578966678227683,363.77516418252344,True
ETH,train,2023-03-23 15:00:00+00:00,2023-03-24 09:00:00+00:00,1,1803.83,1794.16,22.172214252412186,15.955081031607303,8.597569918076648,-238.95796277050977,False
ETH,train,2023-03-24 12:00:00+00:00,2023-03-25 14:00:00+00:00,-1,1745.01,1753.3,22.782647246811287,15.940152537998479,-3.225562924602834,-201.58273528945574,False
ETH,train,2023-03-25 20:00:00+00:00,2023-03-26 01:00:00+00:00,-1,1716.31,1750.05,23.04616563258893,15.977261340436193,-0.3967661493900626,-793.1581236346101,False
ETH,train,2023-03-27 15:00:00+00:00,2023-03-28 06:00:00+00:00,-1,1718.08,1723.49,22.560769238472073,15.528893317609665,3.221323089027874,-140.8039779867977,False
ETH,train,2023-03-28 12:00:00+00:00,2023-03-29 17:00:00+00:00,1,1744.56,1792.77,22.137617757627883,15.661611884517967,11.05179560182367,1040.5411446088983,True
ETH,train,2023-03-30 18:00:00+00:00,2023-03-30 21:00:00+00:00,-1,1769.21,1794.2,22.4173182266979,15.976419188439515,-1.1722465378133136,-575.0129551358259,False
ETH,train,2023-03-31 14:00:00+00:00,2023-04-01 07:00:00+00:00,1,1825.49,1822.68,21.411199527097036,15.62233915575392,8.308035197702832,-84.0958450245962,False
ETH,train,2023-04-02 16:00:00+00:00,2023-04-03 08:00:00+00:00,-1,1797.21,1794.02,21.701323039430992,15.586888467779154,-1.6902107293239728,55.330542757314106,True
ETH,train,2023-04-04 12:00:00+00:00,2023-04-05 15:00:00+00:00,1,1863.53,1896.25,20.95869952319152,15.760019858661002,6.450404631757213,663.5582239084106,True
ETH,train,2023-04-06 11:00:00+00:00,2023-04-07 01:00:00+00:00,-1,1860.95,1881.12,21.34432604119482,15.97439242979478,-4.028886542954483,-442.46056213777047,False
ETH,train,2023-04-07 08:00:00+00:00,2023-04-07 23:00:00+00:00,-1,1850.18,1866.87,21.229427939024163,15.782169024149953,-6.435214419493516,-363.6661069069378,False
ETH,train,2023-04-08 06:00:00+00:00,2023-04-08 18:00:00+00:00,1,1877.64,1858.67,20.725270487056513,15.487207074698825,4.7285114520619125,-413.37409966621635,False
ETH,train,2023-04-09 07:00:00+00:00,2023-04-09 19:00:00+00:00,-1,1834.0,1854.76,20.99303313939508,15.487652184655,-1.5739684511104997,-449.72905170737795,False
ETH,train,2023-04-10 17:00:00+00:00,2023-04-11 15:00:00+00:00,1,1882.01,1909.99,20.21853960709199,15.333740438018566,10.624483684448816,539.7565140839652,True
ETH,train,2023-04-11 20:00:00+00:00,2023-04-12 13:00:00+00:00,-1,1893.37,1880.76,20.382307863770507,15.385095915578436,-8.12581722383787,249.76162347041827,True
ETH,train,2023-04-13 09:00:00+00:00,2023-04-14 16:00:00+00:00,1,1963.19,2059.22,19.784642272779294,15.916388584890031,15.751669072567724,1868.2511397975322,True
ETH,train,2023-04-16 19:00:00+00:00,2023-04-17 01:00:00+00:00,1,2133.73,2081.33,19.078919546191464,16.08375812447396,3.0270112930349296,-1018.8461536379473,False
ETH,train,2023-04-18 07:00:00+00:00,2023-04-18 18:00:00+00:00,1,2104.46,2075.35,18.86014314819819,15.766362986454055,5.448209706828392,-570.2333397373295,False
ETH,train,2023-04-19 09:00:00+00:00,2023-04-20 13:00:00+00:00,-1,1987.2,1970.8,19.686082684138402,15.583503052763959,-13.535621390141435,320.8038743572761,True
ETH,train,2023-04-21 20:00:00+00:00,2023-04-22 13:00:00+00:00,-1,1841.71,1855.3,21.41541685948228,15.834602056734917,-8.423194743911901,-298.4469224332206,False
ETH,train,2023-04-22 18:00:00+00:00,2023-04-23 01:00:00+00:00,1,1880.48,1855.99,20.815185730156074,15.555063405031252,3.2752646616487375,-528.5942265982012,False
ETH,train,2023-04-24 17:00:00+00:00,2023-04-25 18:00:00+00:00,-1,1812.7,1838.86,21.30189564475406,15.557030012111628,-11.384124196071012,-561.4304958828143,False
ETH,train,2023-04-25 21:00:00+00:00,2023-04-26 20:00:00+00:00,1,1859.17,1827.42,20.467475131033137,15.09103782866309,7.105296579235358,-672.0386698181974,False
ETH,train,2023-04-28 14:00:00+00:00,2023-04-29 03:00:00+00:00,-1,1887.48,1896.28,19.80443611034007,14.987046635372069,-5.721057254502455,-183.54502715184208,False
ETH,train,2023-04-29 14:00:00+00:00,2023-04-29 18:00:00+00:00,1,1911.52,1893.19,19.459347557123564,14.80743484881272,1.808612808364769,-373.3058883792546,False
ETH,train,2023-04-30 16:00:00+00:00,2023-04-30 20:00:00+00:00,1,1919.28,1903.82,19.186166767753313,14.67012683395954,1.6793931086428553,-312.9676581720705,False
ETH,train,2023-05-01 00:00:00+00:00,2023-05-02 08:00:00+00:00,-1,1868.2,1835.05,19.543227971224447,14.474691796887386,-6.506684630647163,639.8900000798603,True
ETH,train,2023-05-02 15:00:00+00:00,2023-05-03 11:00:00+00:00,1,1851.07,1863.82,20.069769644541466,14.91139731096213,9.096303160444876,231.88186249649152,True
ETH,train,2023-05-03 13:00:00+00:00,2023-05-03 17:00:00+00:00,-1,1849.26,1863.99,20.214805034672175,15.01252495899929,-1.8497741640300573,-310.92682895569305,False
ETH,train,2023-05-03 19:00:00+00:00,2023-05-04 14:00:00+00:00,1,1884.19,1884.43,19.67503464590204,14.829545813447872,8.740841761261331,-18.84837925969623,False
ETH,train,2023-05-05 14:00:00+00:00,2023-05-06 06:00:00+00:00,1,1931.53,1959.56,19.18305962123419,14.928602292317628,7.592024354999444,515.1805345358734,True
ETH,train,2023-05-07 15:00:00+00:00,2023-05-07 23:00:00+00:00,1,1926.82,1906.3,19.497324962756434,14.947117252248187,3.170822438218894,-418.2030479262321,False
ETH,train,2023-05-08 00:00:00+00:00,2023-05-09 02:00:00+00:00,-1,1869.24,1849.26,19.87419092080852,14.780435787805295,-10.977263806747054,393.28316261668806,True
ETH,train,2023-05-10 13:00:00+00:00,2023-05-10 18:00:00+00:00,1,1876.09,1829.58,20.011255216662743,14.831021623746125,1.1162210924538358,-946.6707228431769,False
ETH,train,2023-05-11 18:00:00+00:00,2023-05-12 18:00:00+00:00,-1,1782.01,1770.02,20.536498154659977,14.589251508059377,-4.794243659525967,236.43760502585064,True
ETH,train,2023-05-12 22:00:00+00:00,2023-05-13 15:00:00+00:00,1,1804.22,1792.21,20.414740265384197,14.684036866527137,6.679079283784749,-266.5441467375713,False
ETH,train,2023-05-14 16:00:00+00:00,2023-05-14 19:00:00+00:00,1,1817.8,1800.44,20.115600470279407,14.556614049116753,1.3609913544183991,-365.12442956758605,False
ETH,train,2023-05-15 02:00:00+00:00,2023-05-15 21:00:00+00:00,1,1823.22,1824.19,19.855538061948817,14.484257616506547,-0.6545610034805991,5.43017530706129,True
ETH,train,2023-05-17 08:00:00+00:00,2023-05-17 18:00:00+00:00,-1,1806.74,1814.76,20.039653896306817,14.514721317095027,-4.121126404039332,-171.11161916142737,False
ETH,train,2023-05-18 16:00:00+00:00,2023-05-18 22:00:00+00:00,-1,1806.73,1813.57,19.94505690471291,14.44141790242643,-2.686205250190961,-148.17940188047214,False
ETH,train,2023-05-20 15:00:00+00:00,2023-05-21 05:00:00+00:00,1,1818.1,1815.98,19.738822539778607,14.346492043071727,4.035008740615847,-60.22780456801411,False
ETH,train,2023-05-23 02:00:00+00:00,2023-05-23 19:00:00+00:00,1,1833.64,1844.32,19.5386910489537,14.37250482608195,4.951544180739079,189.34917139600293,True
ETH,train,2023-05-24 04:00:00+00:00,2023-05-25 12:00:00+00:00,-1,1821.11,1788.9,19.77710002492956,14.279105772199191,-7.3195234459152285,630.060809476694,True
ETH,train,2023-05-26 15:00:00+00:00,2023-05-27 09:00:00+00:00,1,1829.3,1827.43,20.03298279991044,14.6510418387833,1.2780097306786722,-53.39072940529877,False
ETH,train,2023-05-27 14:00:00+00:00,2023-05-27 22:00:00+00:00,-1,1818.91,1826.42,20.11806230460598,14.667395212169865,-0.3450042646978433,-165.4090388550685,False
ETH,train,2023-05-28 01:00:00+00:00,2023-05-28 15:00:00+00:00,1,1848.44,1838.74,19.707177764826447,14.532782342182555,-2.964333597032033,-202.72807306396862,False
ETH,train,2023-05-28 22:00:00+00:00,2023-05-29 15:00:00+00:00,1,1867.41,1893.72,19.398422196813677,14.591997535420365,5.85258775565439,489.9279027070952,True
ETH,train,2023-05-31 05:00:00+00:00,2023-05-31 23:00:00+00:00,-1,1873.01,1868.64,19.601996517508674,14.668762053947267,-5.594547551776754,76.58651027932501,True
ETH,train,2023-06-01 03:00:00+00:00,2023-06-01 10:00:00+00:00,-1,1851.19,1861.19,19.874417000706707,14.756277637016712,-2.2070602348317565,-211.29338740924868,False
ETH,train,2023-06-02 06:00:00+00:00,2023-06-02 14:00:00+00:00,1,1892.2,1878.54,19.33200962907145,14.579196397744976,3.3969620743535183,-282.0514100052169,False
ETH,train,2023-06-03 18:00:00+00:00,2023-06-04 07:00:00+00:00,-1,1889.12,1897.6,19.21422525309339,14.551778210078758,-4.4823055411603505,-173.006102815154,False
ETH,train,2023-06-05 01:00:00+00:00,2023-06-06 10:00:00+00:00,-1,1881.39,1816.33,19.201213521549825,14.200142252581045,-13.74962742328991,1248.7804368827638,True
ETH,train,2023-06-06 15:00:00+00:00,2023-06-07 10:00:00+00:00,1,1838.02,1850.99,20.33370232325622,15.002246241503084,8.319947074634019,240.4059258164998,True
ETH,train,2023-06-07 15:00:00+00:00,2023-06-08 08:00:00+00:00,-1,1843.34,1840.87,20.40543658251212,15.035582702331395,-6.997017908556083,42.36286356506025,True
ETH,train,2023-06-10 05:00:00+00:00,2023-06-10 23:00:00+00:00,-1,1787.21,1753.06,21.070003152160602,14.918700011899922,-7.718143195125005,712.3400508295235,True
ETH,train,2023-06-11 21:00:00+00:00,2023-06-12 00:00:00+00:00,1,1769.39,1751.91,21.684795542193907,15.27173410854548,1.3455256294053677,-395.66748581549473,False
ETH,train,2023-06-14 19:00:00+00:00,2023-06-15 18:00:00+00:00,-1,1732.99,1649.48,21.911951539585907,14.82330374482063,-3.124127936872015,1818.167897262887,True
ETH,train,2023-06-15 19:00:00+00:00,2023-06-16 12:00:00+00:00,1,1668.7,1663.47,23.845724693383993,15.891601690310669,6.3758984511949155,-146.98064028790395,False
ETH,train,2023-06-16 16:00:00+00:00,2023-06-17 16:00:00+00:00,1,1681.48,1726.93,23.577075050290198,16.072067674431924,10.151463993921974,1045.3545293673305,True
ETH,train,2023-06-18 15:00:00+00:00,2023-06-18 21:00:00+00:00,1,1739.79,1728.98,23.387727648123793,16.22532960679647,2.3253831021702744,-271.37204858518817,False
ETH,train,2023-06-19 19:00:00+00:00,2023-06-19 21:00:00+00:00,-1,1710.84,1729.49,23.624864181538957,16.255465797934782,-1.0195516855104727,-455.8396310981334,False
ETH,train,2023-06-20 18:00:00+00:00,2023-06-22 12:00:00+00:00,1,1767.92,1885.67,22.60425981110343,16.517339520649877,9.028479055852454,2636.1057741809273,True
ETH,train,2023-06-23 16:00:00+00:00,2023-06-23 22:00:00+00:00,1,1916.94,1882.44,22.222202457785272,16.88611831481204,0.07430292891494131,-783.6264060373214,False
ETH,train,2023-06-26 17:00:00+00:00,2023-06-27 03:00:00+00:00,-1,1852.25,1874.94,22.575247603395642,16.82844742298004,-0.7548511508325958,-528.3059643931774,False
ETH,train,2023-06-27 17:00:00+00:00,2023-06-28 01:00:00+00:00,1,1908.95,1874.55,21.62796113517714,16.365878190988543,3.2359868805299845,-763.6037281216122,False
ETH,train,2023-06-28 20:00:00+00:00,2023-06-29 08:00:00+00:00,-1,1831.31,1846.14,22.12792628275649,16.27486850170457,-4.223836568083541,-340.2081787069037,False
ETH,train,2023-06-30 05:00:00+00:00,2023-06-30 14:00:00+00:00,1,1887.08,1854.44,21.293683628763958,15.934148634138584,4.513598163395014,-715.4735804403826,False
ETH,train,2023-07-02 23:00:00+00:00,2023-07-03 21:00:00+00:00,1,1941.79,1957.5,20.325272517485157,15.85082637494094,10.93470189795551,292.52450297679025,True
ETH,train,2023-07-04 20:00:00+00:00,2023-07-06 03:00:00+00:00,-1,1932.63,1910.77,20.572968144292645,15.81402915315487,-15.308849633887691,449.2199041149652,True
ETH,train,2023-07-08 20:00:00+00:00,2023-07-08 23:00:00+00:00,-1,1845.9,1859.89,21.782954292659007,16.144610837638567,-0.3782435841863452,-320.50989780778036,False
ETH,train,2023-07-10 01:00:00+00:00,2023-07-10 11:00:00+00:00,-1,1853.54,1861.55,21.52025067223339,15.98993361398151,-4.824851719159896,-183.54228977942694,False
ETH,train,2023-07-10 19:00:00+00:00,2023-07-11 09:00:00+00:00,1,1887.28,1877.55,21.03826837630455,15.841100786232532,4.661190639820198,-225.20464272749814,False
ETH,train,2023-07-12 20:00:00+00:00,2023-07-13 10:00:00+00:00,-1,1868.96,1881.94,21.123993289585947,15.846797285981587,0.38406297442858117,-290.4202931592372,False
ETH,train,2023-07-13 16:00:00+00:00,2023-07-14 11:00:00+00:00,1,1932.41,1989.8,20.28010525993206,15.908566330311626,8.986197841835734,1138.9804766953457,True
ETH,train,2023-07-14 18:00:00+00:00,2023-07-15 11:00:00+00:00,-1,1960.12,1941.74,20.574484563210756,16.055751667561903,-7.324220771748357,369.4274953760032,True
ETH,train,2023-07-16 15:00:00+00:00,2023-07-16 20:00:00+00:00,1,1939.39,1927.0,20.984890185788657,16.227153913086283,2.4173138679792845,-278.64725718298723,False
ETH,train,2023-07-17 11:00:00+00:00,2023-07-17 22:00:00+00:00,-1,1909.0,1916.07,21.17299052919522,16.197634176701754,-2.296128664542084,-163.59454855356307,False
ETH,train,2023-07-19 22:00:00+00:00,2023-07-20 06:00:00+00:00,-1,1892.8,1906.01,21.26777492163996,16.15844721001502,-1.2850170322596846,-295.82073689259414,False
ETH,train,2023-07-23 00:00:00+00:00,2023-07-23 17:00:00+00:00,-1,1864.9,1882.67,21.42732781102875,16.060082176955405,-2.3155023502729946,-394.5081950286549,False
ETH,train,2023-07-23 18:00:00+00:00,2023-07-24 02:00:00+00:00,1,1893.54,1878.89,20.894892867200518,15.764904139802649,0.7371842522937179,-322.612268896577,False
ETH,train,2023-07-24 10:00:00+00:00,2023-07-25 03:00:00+00:00,-1,1841.1,1852.2,21.314813519560204,15.744400154358338,-2.1601518753825246,-250.1786783460775,False
ETH,train,2023-07-25 14:00:00+00:00,2023-07-26 01:00:00+00:00,1,1863.39,1854.97,20.925584280540416,15.561771113078052,2.5340911647680895,-194.28928192000603,False
ETH,train,2023-07-26 19:00:00+00:00,2023-07-27 14:00:00+00:00,1,1870.28,1873.81,20.74461321866042,15.533939781170856,3.966994732538803,53.72755014816357,True
ETH,train,2023-07-28 13:00:00+00:00,2023-07-29 07:00:00+00:00,1,1871.61,1872.9,20.75857831532444,15.546140817503103,5.28261698932481,5.949808219949773,True
ETH,train,2023-07-29 21:00:00+00:00,2023-07-30 07:00:00+00:00,1,1883.05,1874.4,20.635624422593303,15.507465397334641,4.086360975655114,-198.09197762842086,False
ETH,train,2023-07-30 20:00:00+00:00,2023-07-31 01:00:00+00:00,-1,1861.03,1871.67,20.773346260584674,15.508133917376885,0.9374911551416539,-237.47402928514202,False
ETH,train,2023-08-01 03:00:00+00:00,2023-08-01 18:00:00+00:00,-1,1827.71,1836.34,21.022124167428505,15.405222811133283,-3.3956722823824594,-193.4304820936668,False
ETH,train,2023-08-02 00:00:00+00:00,2023-08-02 13:00:00+00:00,1,1872.95,1853.31,20.411071347316845,15.211391743730573,6.1714175424410875,-422.2562505474707,False
ETH,train,2023-08-02 17:00:00+00:00,2023-08-03 14:00:00+00:00,-1,1828.54,1838.57,20.675872460766303,15.164139731920145,-9.974379442485212,-212.56876107090648,False
ETH,train,2023-08-07 02:00:00+00:00,2023-08-07 07:00:00+00:00,1,1840.63,1831.9,20.42457803487866,15.001975114086587,2.347286971441667,-195.65582833001827,False
ETH,train,2023-08-07 16:00:00+00:00,2023-08-08 01:00:00+00:00,-1,1817.78,1834.49,20.57368616664761,15.028131355172414,-4.2222990363195265,-354.5921281635674,False
ETH,train,2023-08-08 17:00:00+00:00,2023-08-09 15:00:00+00:00,1,1853.24,1852.27,19.98869175705528,14.81365943853718,6.595258028859561,-40.797948471750715,False
ETH,train,2023-08-10 14:00:00+00:00,2023-08-10 15:00:00+00:00,1,1863.19,1852.01,19.860049250679413,14.756810995224832,0.4166828649162004,-237.20884448273864,False
ETH,train,2023-08-13 19:00:00+00:00,2023-08-13 22:00:00+00:00,1,1853.8,1847.31,19.832687624819634,14.680591699019239,1.3782156075099192,-144.7729499916095,False
ETH,train,2023-08-13 23:00:00+00:00,2023-08-14 06:00:00+00:00,-1,1838.46,1850.38,19.9194235223497,14.695913253236894,-3.213936737132617,-248.92150490250788,False
ETH,train,2023-08-15 20:00:00+00:00,2023-08-19 09:00:00+00:00,-1,1827.21,1661.13,19.905835598533567,13.887664510357716,-23.640566333901933,3315.7140780280533,True
ETH,train,2023-08-19 16:00:00+00:00,2023-08-19 23:00:00+00:00,1,1682.4,1665.49,23.59002374109877,15.795360916517431,-1.2441044610166943,-413.4585579174891,False
ETH,train,2023-08-20 21:00:00+00:00,2023-08-21 05:00:00+00:00,1,1688.67,1675.96,23.257591704777774,15.65063815552929,1.9089224794691504,-313.16355120272056,False
ETH,train,2023-08-21 16:00:00+00:00,2023-08-21 21:00:00+00:00,-1,1656.52,1671.75,23.519929631338204,15.656135238818802,-0.026209185743423236,-373.8384543383363,False
ETH,train,2023-08-22 16:00:00+00:00,2023-08-23 07:00:00+00:00,-1,1649.21,1644.16,23.39750267010631,15.411326673729604,0.6005977112438446,102.14546409904142,True
ETH,train,2023-08-23 17:00:00+00:00,2023-08-24 10:00:00+00:00,1,1681.22,1665.97,23.012776937381823,15.40562736740701,-0.5587901932059348,-365.79168546927394,False
ETH,train,2023-08-24 15:00:00+00:00,2023-08-25 00:00:00+00:00,-1,1645.04,1660.33,23.296545468314324,15.400740498920422,5.255211634332856,-376.8601323437906,False
ETH,train,2023-08-25 15:00:00+00:00,2023-08-25 19:00:00+00:00,-1,1639.13,1652.94,23.150628092251377,15.2426976447316,0.4225182182185033,-335.37538981693797,False
ETH,train,2023-08-26 18:00:00+00:00,2023-08-27 02:00:00+00:00,-1,1645.21,1648.88,22.86122357330375,15.061385592116832,-0.16926756445529154,-98.79280854167155,False
ETH,train,2023-08-27 15:00:00+00:00,2023-08-28 01:00:00+00:00,1,1656.81,1650.22,22.64153453111304,14.97524678808535,1.278911855070687,-165.4618712031879,False
ETH,train,2023-08-28 06:00:00+00:00,2023-08-28 13:00:00+00:00,-1,1641.66,1654.68,22.74969174816357,14.9981437794283,0.5603775960433576,-311.75950793656375,False
ETH,train,2023-08-29 15:00:00+00:00,2023-08-30 09:00:00+00:00,1,1720.55,1718.31,21.525384003576555,14.804556406907853,3.0462735681733024,-66.06769014309975,False
ETH,train,2023-08-30 15:00:00+00:00,2023-08-31 08:00:00+00:00,-1,1701.87,1705.46,21.72282945066929,14.803369694429799,0.30945578517669253,-93.09778320751502,False
ETH,train,2023-08-31 12:00:00+00:00,2023-08-31 16:00:00+00:00,1,1712.6,1688.22,21.532368313676884,14.645541761703724,-0.5323412075499295,-539.0723400415955,False
ETH,train,2023-08-31 16:00:00+00:00,2023-09-02 04:00:00+00:00,-1,1688.22,1631.54,21.524008502423516,14.290908493201098,1.9318129840543838,1203.758080440115,True
ETH,train,2023-09-03 17:00:00+00:00,2023-09-03 19:00:00+00:00,-1,1626.97,1636.1,23.074192956478328,15.058541362099149,0.41805160626895066,-226.14397466101946,False
ETH,train,2023-09-03 21:00:00+00:00,2023-09-04 01:00:00+00:00,1,1641.87,1633.95,22.727058622022774,14.889950635038929,-0.5353842102726707,-194.35287071117637,False
ETH,train,2023-09-06 15:00:00+00:00,2023-09-06 18:00:00+00:00,-1,1623.17,1645.91,22.869152873099768,14.952218054878598,0.27376537781535076,-535.2705197669784,False
ETH,train,2023-09-06 18:00:00+00:00,2023-09-06 19:00:00+00:00,1,1645.91,1627.49,22.22797865573596,14.552213066337218,-0.026724881840765522,-423.96485502315045,False
ETH,train,2023-09-10 05:00:00+00:00,2023-09-10 22:00:00+00:00,-1,1624.34,1622.93,22.26214185099131,14.45823707369371,-0.6276500955782616,17.55903303175728,True
ETH,train,2023-09-11 10:00:00+00:00,2023-09-12 04:00:00+00:00,-1,1592.87,1583.99,22.712993858425975,14.431200333815827,2.887917396943142,184.37226773209113,True
ETH,train,2023-09-14 01:00:00+00:00,2023-09-15 01:00:00+00:00,1,1635.0,1623.54,22.24050079205081,14.49431229018585,-3.5088059417984905,-265.8616454252915,False
ETH,train,2023-09-15 23:00:00+00:00,2023-09-16 14:00:00+00:00,1,1648.88,1634.32,21.892046206866343,14.375193221276717,-0.76881424903581,-332.35457174421754,False
ETH,train,2023-09-17 01:00:00+00:00,2023-09-17 10:00:00+00:00,-1,1624.05,1633.25,22.022106818037354,14.346521707678614,0.6778394307131311,-217.6277438643301,False
ETH,train,2023-09-17 21:00:00+00:00,2023-09-18 03:00:00+00:00,-1,1615.99,1628.41,21.99727401405283,14.2735911622386,0.6238500793729477,-288.10358449613705,False
ETH,train,2023-09-18 11:00:00+00:00,2023-09-18 19:00:00+00:00,1,1647.75,1636.19,21.398434986783855,14.054235318099796,0.0004671240910354424,-261.4206108894068,False
ETH,train,2023-09-21 11:00:00+00:00,2023-09-22 04:00:00+00:00,-1,1590.8,1593.74,22.00015755505638,14.012076348075848,-0.5921268543164452,-78.10041270561487,False
ETH,train,2023-09-24 18:00:00+00:00,2023-09-24 19:00:00+00:00,1,1597.42,1588.93,21.86009329160651,13.93078165194208,0.29016047267512685,-199.81313417035562,False
ETH,train,2023-09-24 20:00:00+00:00,2023-09-25 16:00:00+00:00,-1,1585.32,1583.75,21.900901453149974,13.881097953626798,0.6553334452425593,19.84798388258787,True
ETH,train,2023-09-27 10:00:00+00:00,2023-09-27 15:00:00+00:00,1,1611.54,1594.0,21.556886627443504,13.820292471947049,1.0295302205956678,-392.9576141379075,False
ETH,train,2023-09-29 08:00:00+00:00,2023-09-29 18:00:00+00:00,1,1685.8,1662.08,20.374200653370742,13.642075776681368,2.73064221769726,-499.6487574923376,False
ETH,train,2023-10-01 23:00:00+00:00,2023-10-02 15:00:00+00:00,1,1733.92,1714.63,19.520611506851562,13.463560962390591,1.1988685166595934,-391.2150254462176,False
ETH,train,2023-10-02 19:00:00+00:00,2023-10-04 10:00:00+00:00,-1,1657.09,1651.15,20.189587577327632,13.358400241363674,-7.317536956202546,113.88528692415275,True
ETH,train,2023-10-05 16:00:00+00:00,2023-10-06 08:00:00+00:00,-1,1617.18,1629.99,20.758263746421544,13.48112225789353,-1.064588696382865,-278.32989215316775,False
ETH,train,2023-10-07 20:00:00+00:00,2023-10-08 02:00:00+00:00,-1,1629.93,1638.68,20.425121982713875,13.35235159278368,-0.17931335122375608,-191.89285559032578,False
ETH,train,2023-10-08 11:00:00+00:00,2023-10-08 15:00:00+00:00,-1,1618.3,1632.73,20.45333140807916,13.298878801521518,-0.8858740620294502,-307.554576958064,False
ETH,train,2023-10-09 09:00:00+00:00,2023-10-10 03:00:00+00:00,-1,1613.48,1588.95,20.323816620433124,13.01712001195473,-1.1268352251838305,486.65293691247643,True
ETH,train,2023-10-12 10:00:00+00:00,2023-10-13 01:00:00+00:00,-1,1540.9,1543.73,21.596939825847823,13.323713699000995,-2.9132285217060754,-71.52982488444832,False
ETH,train,2023-10-13 21:00:00+00:00,2023-10-14 07:00:00+00:00,1,1559.01,1545.74,21.300180725437595,13.226347221460475,1.2342360609332808,-297.1139815089482,False
ETH,train,2023-10-15 19:00:00+00:00,2023-10-15 23:00:00+00:00,1,1564.54,1554.06,21.03498841273187,13.119942972789122,0.6169583941030978,-234.18357993232348,False
ETH,train,2023-10-16 06:00:00+00:00,2023-10-17 06:00:00+00:00,1,1584.49,1586.89,20.62234358773056,13.080257601451388,3.9477638959946133,32.465603113108955,True
ETH,train,2023-10-17 19:00:00+00:00,2023-10-18 05:00:00+00:00,-1,1552.62,1571.82,21.066560262289745,13.164240709181712,1.5276749865880643,-419.16987273172344,False
ETH,train,2023-10-19 02:00:00+00:00,2023-10-19 15:00:00+00:00,-1,1548.31,1560.1,20.85447547435887,12.964852021850371,6.792614306066554,-265.63173217060466,False
ETH,train,2023-10-20 03:00:00+00:00,2023-10-21 01:00:00+00:00,1,1584.9,1602.72,20.2054143413048,12.881436572526002,6.9311757056860195,340.2478712838383,True
ETH,train,2023-10-21 15:00:00+00:00,2023-10-22 09:00:00+00:00,1,1621.33,1627.47,19.96127195624445,12.970036066289394,4.547788039077735,105.04438570597995,True
ETH,train,2023-10-22 23:00:00+00:00,2023-10-24 16:00:00+00:00,1,1666.25,1777.53,19.48618361381773,13.421225881118644,15.886117225061664,2139.115169439454,True
ETH,train,2023-10-29 13:00:00+00:00,2023-10-30 03:00:00+00:00,1,1799.58,1784.91,19.23113649627316,13.786763291905235,6.038689842756686,-301.9462255349863,False
ETH,train,2023-10-30 09:00:00+00:00,2023-10-30 18:00:00+00:00,1,1819.73,1797.96,18.852259615672796,13.640326217804663,3.8485686173845517,-427.9025866683878,False
ETH,train,2023-11-01 15:00:00+00:00,2023-11-01 18:00:00+00:00,-1,1786.61,1809.02,18.96223563271216,13.636236661609765,-1.5739285808755143,-437.0060086098165,False
ETH,train,2023-11-01 20:00:00+00:00,2023-11-02 09:00:00+00:00,1,1837.09,1833.11,18.20330729313755,13.361955685454685,8.995471258089225,-94.80658997022692,False
ETH,train,2023-11-04 23:00:00+00:00,2023-11-05 22:00:00+00:00,1,1858.57,1868.19,17.9419162071807,13.373043128854547,10.461692007579927,148.7664987766475,True
ETH,train,2023-11-07 11:00:00+00:00,2023-11-07 19:00:00+00:00,-1,1870.3,1894.52,17.908931029223375,13.484780343488149,-3.3569462926219114,-443.8821435786667,False
ETH,train,2023-11-08 17:00:00+00:00,2023-11-10 13:00:00+00:00,1,1900.85,2087.53,17.387585322554546,13.869659509754023,64.5652322945161,3167.479536210216,True
ETH,train,2023-11-11 02:00:00+00:00,2023-11-11 15:00:00+00:00,-1,2050.65,2083.1,17.662044276979508,14.602095105992808,-17.765263019562155,-569.9701688744099,False
ETH,train,2023-11-13 16:00:00+00:00,2023-11-13 22:00:00+00:00,1,2106.89,2061.0,16.920057965870843,14.104188079074685,6.861165282127283,-797.4268134150116,False
ETH,train,2023-11-14 19:00:00+00:00,2023-11-15 11:00:00+00:00,-1,1966.68,1991.17,17.720866696309823,14.027306450797967,-7.023556974773884,-440.98777486865583,False
ETH,train,2023-11-16 16:00:00+00:00,2023-11-17 23:00:00+00:00,-1,1996.09,1963.55,17.238845111908756,13.651924131783677,-13.123428547476614,560.4235243571966,True
ETH,train,2023-11-20 00:00:00+00:00,2023-11-20 23:00:00+00:00,1,2012.93,2024.64,17.37303823967408,14.028971601072175,12.507754578989493,176.90155160653376,True
ETH,train,2023-11-21 18:00:00+00:00,2023-11-22 05:00:00+00:00,-1,1976.39,1986.39,17.78374279134871,14.09461205174017,-4.817642597790553,-187.1143973674407,False
ETH,train,2023-11-24 10:00:00+00:00,2023-11-24 20:00:00+00:00,1,2111.32,2088.78,16.55859699999348,13.909552651934526,4.3517876456391615,-391.4921166774293,False
ETH,train,2023-11-26 15:00:00+00:00,2023-11-26 21:00:00+00:00,-1,2065.8,2078.02,16.733955320625814,13.868499747343133,-2.5833420040210813,-215.77409176137735,False
ETH,train,2023-11-28 17:00:00+00:00,2023-11-29 11:00:00+00:00,1,2057.9,2048.92,16.693343121428363,13.711311079588889,7.727874371217514,-171.34540668123373,False
ETH,train,2023-12-01 02:00:00+00:00,2023-12-01 21:00:00+00:00,1,2089.33,2091.58,16.360213754125102,13.680116257351838,8.128269539782606,15.002095149648085,True
ETH,train,2023-12-02 19:00:00+00:00,2023-12-03 13:00:00+00:00,1,2149.51,2154.21,15.909154876253584,13.693709604806017,10.0867123928408,50.992605920735514,True
ETH,train,2023-12-03 22:00:00+00:00,2023-12-04 16:00:00+00:00,1,2184.61,2212.91,15.67688516667807,13.78788321163403,14.436704206979838,415.4312627983745,True
ETH,train,2023-12-05 08:00:00+00:00,2023-12-05 16:00:00+00:00,-1,2200.62,2228.76,15.751611530739046,13.953974616404984,-3.479735758090155,-453.72458733332314,False
ETH,train,2023-12-05 18:00:00+00:00,2023-12-06 08:00:00+00:00,1,2293.6,2266.34,14.915236649564717,13.602516841563226,5.956377383148695,-426.14824529183534,False
ETH,train,2023-12-07 16:00:00+00:00,2023-12-08 10:00:00+00:00,1,2323.6,2349.21,14.539266024337149,13.587845534236575,16.076356926922042,342.68640042212064,True
ETH,train,2023-12-10 10:00:00+00:00,2023-12-10 13:00:00+00:00,-1,2323.33,2351.36,14.688453613809454,13.732793444787784,-1.2903402567257225,-424.15980798313103,False
ETH,train,2023-12-10 21:00:00+00:00,2023-12-11 01:00:00+00:00,1,2378.62,2345.03,14.168705016601555,13.385600690333987,2.1361924098213487,-491.44859460779116,False
ETH,train,2023-12-11 03:00:00+00:00,2023-12-12 01:00:00+00:00,-1,2230.75,2232.38,14.887601269519667,13.289059970806264,-11.74143233788492,-25.814417702218634,False
ETH,train,2023-12-12 18:00:00+00:00,2023-12-13 09:00:00+00:00,-1,2173.89,2186.99,15.265124782890938,13.313875472642685,-6.242312141390254,-207.0446979871267,False
ETH,train,2023-12-13 20:00:00+00:00,2023-12-15 03:00:00+00:00,1,2254.32,2288.78,14.628649622188354,13.291883619712783,18.330923279242974,472.4804590816566,True
ETH,train,2023-12-18 02:00:00+00:00,2023-12-18 19:00:00+00:00,-1,2170.98,2171.68,15.407851696180208,13.382212249386788,-10.537625726682768,-13.63008271005674,False
ETH,train,2023-12-18 22:00:00+00:00,2023-12-19 14:00:00+00:00,1,2218.29,2227.03,15.073100357781557,13.400950896490702,9.517936816188058,108.82000941433216,True
ETH,train,2023-12-19 18:00:00+00:00,2023-12-20 05:00:00+00:00,-1,2141.85,2215.42,15.66184737590288,13.648579543120068,-4.702769207445904,-1161.1879217808455,False
ETH,train,2023-12-22 09:00:00+00:00,2023-12-23 02:00:00+00:00,1,2294.15,2294.07,14.115964466271489,12.953430096687235,34.10471482858747,-48.18742208257754,False
ETH,train,2023-12-24 00:00:00+00:00,2023-12-24 06:00:00+00:00,1,2310.4,2287.42,13.995824298049758,12.870056174811829,3.872109717449411,-338.36620826144645,False
ETH,train,2023-12-24 23:00:00+00:00,2023-12-25 06:00:00+00:00,-1,2261.25,2287.0,14.150397457137739,12.871909046885344,-3.1285237329326026,-374.1161198352456,False
ETH,train,2023-12-26 06:00:00+00:00,2023-12-27 02:00:00+00:00,-1,2236.01,2232.88,14.142812478529821,12.640534651435427,-16.94761217297737,48.57408057934299,True
ETH,train,2023-12-27 11:00:00+00:00,2023-12-28 13:00:00+00:00,1,2281.89,2376.15,13.879741885321735,12.93047857830081,53.30508963475323,1242.068901897379,True
ETH,train,2023-12-29 17:00:00+00:00,2023-12-30 15:00:00+00:00,-1,2300.17,2303.74,14.309426308748566,13.175862175422122,-28.86963817594353,-35.39087592174474,False
ETH,train,2024-01-02 01:00:00+00:00,2024-01-02 15:00:00+00:00,1,2392.33,2369.39,13.743389179867513,13.088434225111747,24.28230915975912,-352.6440911710306,False
ETH,train,2024-01-03 12:00:00+00:00,2024-01-04 06:00:00+00:00,-1,2309.41,2237.0,14.084150560316886,12.806464589786057,-10.588118595597212,1017.614996078366,True
ETH,train,2024-01-04 15:00:00+00:00,2024-01-05 02:00:00+00:00,1,2274.88,2238.82,14.745258273658294,13.31113445396229,4.602431935485111,-549.6275797375638,False
ETH,train,2024-01-07 23:00:00+00:00,2024-01-08 08:00:00+00:00,-1,2215.95,2223.98,14.889354706488062,13.221538528395506,-3.689245224617508,-129.09381159687473,False
ETH,train,2024-01-10 01:00:00+00:00,2024-01-11 17:00:00+00:00,1,2401.0,2589.81,13.688034881401641,13.662876273289626,17.13439119379735,2553.6405984903613,True
ETH,train,2024-01-12 12:00:00+00:00,2024-01-12 18:00:00+00:00,1,2648.62,2604.61,13.372477874793555,14.04974038924035,2.659085465767746,-605.2315771246649,False
ETH,train,2024-01-14 20:00:00+00:00,2024-01-15 10:00:00+00:00,-1,2502.31,2529.8,13.912497161267405,14.001843218037063,-6.111706092018272,-390.3446840892575,False
ETH,train,2024-01-16 17:00:00+00:00,2024-01-17 06:00:00+00:00,1,2576.9,2562.79,13.358312735271753,13.731517276469775,5.597921176530245,-207.81523114768788,False
ETH,train,2024-01-18 11:00:00+00:00,2024-01-18 15:00:00+00:00,-1,2516.37,2534.36,13.597054827538914,13.735010545819122,-1.7141824017396843,-256.63184449151595,False
ETH,train,2024-01-18 17:00:00+00:00,2024-01-19 10:00:00+00:00,-1,2489.13,2482.66,13.642754300451394,13.565781880688247,-7.145230557154099,81.84806900037802,True
ETH,train,2024-01-19 17:00:00+00:00,2024-01-19 18:00:00+00:00,-1,2429.21,2471.79,14.012965976956687,13.735509250612946,-0.43296386465227216,-609.9746366847758,False
ETH,train,2024-01-21 23:00:00+00:00,2024-01-24 00:00:00+00:00,-1,2461.63,2241.68,13.580620338636667,12.774773488982643,-19.33328963036112,2993.615959624498,True
ETH,train,2024-01-26 12:00:00+00:00,2024-01-27 07:00:00+00:00,1,2253.12,2263.55,16.166062350794757,14.603353767592832,8.693445523701037,145.31523102750361,True
ETH,train,2024-01-29 17:00:00+00:00,2024-01-30 13:00:00+00:00,1,2298.97,2305.2,15.906859869789594,14.647577401337829,9.174615473958413,75.27754411348724,True
ETH,train,2024-01-30 16:00:00+00:00,2024-01-31 02:00:00+00:00,1,2340.24,2331.5,15.658509887431919,14.630497396302239,4.622648526869309,-156.10852233931655,False
ETH,train,2024-01-31 11:00:00+00:00,2024-01-31 17:00:00+00:00,-1,2282.1,2344.8,15.989028814085428,14.795927483978373,-2.676344821475954,-1014.6316893056719,False
ETH,train,2024-02-04 07:00:00+00:00,2024-02-04 10:00:00+00:00,-1,2286.15,2302.22,15.516886891638203,14.239443661397196,-0.8710992684346669,-262.7247167415917,False
ETH,train,2024-02-04 20:00:00+00:00,2024-02-04 21:00:00+00:00,-1,2278.37,2302.71,15.454560168268143,14.159715299129966,-0.2747344982919615,-390.04897529649315,False
ETH,train,2024-02-07 17:00:00+00:00,2024-02-08 13:00:00+00:00,1,2397.45,2421.15,14.524247544382822,13.997307843472614,6.493616087688273,323.73374287071056,True
ETH,train,2024-02-08 16:00:00+00:00,2024-02-08 17:00:00+00:00,1,2452.15,2423.32,14.332276173215874,13.97531650284576,0.4341461437009687,-427.60898472036206,False
ETH,train,2024-02-09 03:00:00+00:00,2024-02-10 08:00:00+00:00,1,2456.62,2493.76,14.132133595521873,13.991886301719916,12.06514764524642,498.81040779072646,True
ETH,train,2024-02-11 04:00:00+00:00,2024-02-11 14:00:00+00:00,1,2529.32,2509.02,13.923146316488886,14.029909002443723,4.3898984178573635,-301.05967764502566,False
ETH,train,2024-02-12 10:00:00+00:00,2024-02-12 15:00:00+00:00,-1,2476.41,2528.24,14.099051757817424,14.112163875952193,-1.2627935101184224,-743.6032229735283,False
ETH,train,2024-02-12 16:00:00+00:00,2024-02-13 14:00:00+00:00,1,2558.15,2646.22,13.357867810958355,13.903857299863468,9.727182642605111,1152.796378168634,True
ETH,train,2024-02-13 17:00:00+00:00,2024-02-14 06:00:00+00:00,-1,2604.79,2643.48,13.561256730397364,14.234627372088514,-7.320390350386064,-531.5992599207821,False
ETH,train,2024-02-14 09:00:00+00:00,2024-02-15 22:00:00+00:00,1,2709.48,2796.34,12.841071592649131,14.140125759247887,28.243293155867377,1072.9920596223892,True
ETH,train,2024-02-16 16:00:00+00:00,2024-02-17 08:00:00+00:00,-1,2776.93,2796.97,12.915564568956855,14.398013070181722,-7.204085580857603,-266.0218414512274,False
ETH,train,2024-02-17 14:00:00+00:00,2024-02-17 21:00:00+00:00,-1,2745.0,2781.09,12.968887751192034,14.333448182596957,-3.1375840880884844,-479.24302303504373,False
ETH,train,2024-02-18 23:00:00+00:00,2024-02-20 02:00:00+00:00,1,2884.0,2923.48,12.177653902214661,14.14429629680672,13.030657135166164,453.59882262746396,True
ETH,train,2024-02-20 14:00:00+00:00,2024-02-20 16:00:00+00:00,1,3001.97,2928.12,11.850202592502441,14.05455357835456,0.8694064072275063,-890.061421441882,False
ETH,train,2024-02-22 08:00:00+00:00,2024-02-22 14:00:00+00:00,1,2996.0,2946.15,11.576732728695816,13.75813647676397,2.60061315818173,-593.4588761604391,False
ETH,train,2024-02-25 21:00:00+00:00,2024-02-26 10:00:00+00:00,1,3103.32,3043.21,10.98514893050418,13.504109491162371,14.294163428866895,-688.1155751326369,False
ETH,train,2024-02-28 08:00:00+00:00,2024-02-28 20:00:00+00:00,1,3306.77,3301.55,10.10119143571509,13.35038107769295,7.483563523208554,-73.56216389533074,False
ETH,train,2024-03-03 17:00:00+00:00,2024-03-05 17:00:00+00:00,1,3484.74,3694.8,9.564201243129835,13.733313078620075,88.02635109272295,1907.2964489605074,True
ETH,train,2024-03-05 20:00:00+00:00,2024-03-06 05:00:00+00:00,-1,3374.98,3654.96,10.440373302640243,14.679039579032551,-21.488070033518756,-2916.286686818741,False
ETH,train,2024-03-07 21:00:00+00:00,2024-03-08 16:00:00+00:00,1,3933.79,3902.65,8.215935370755945,12.876736915361343,34.05432738607562,-302.7752917467733,False
ETH,train,2024-03-10 23:00:00+00:00,2024-03-11 07:00:00+00:00,-1,3826.67,3888.97,8.366801712815386,12.911045993493381,-8.812903672133436,-525.3498890297597,False
ETH,train,2024-03-11 08:00:00+00:00,2024-03-12 04:00:00+00:00,1,4011.71,4032.25,7.8499291377865035,12.628903197437825,52.85776232095363,95.75087897174308,True
ETH,train,2024-03-12 09:00:00+00:00,2024-03-13 02:00:00+00:00,-1,3988.6,4025.28,7.919417865998405,12.69305288959346,-24.452750862025223,-278.7245493523915,False
ETH,train,2024-03-14 14:00:00+00:00,2024-03-15 19:00:00+00:00,-1,3882.4,3790.26,8.064255499425316,12.37485812004413,-45.47844443878511,776.1440880357841,True
ETH,train,2024-03-18 15:00:00+00:00,2024-03-19 20:00:00+00:00,-1,3515.41,3335.33,9.126904013757892,12.505209280642347,-15.856021055587583,1646.923686572456,True
ETH,train,2024-03-21 19:00:00+00:00,2024-03-22 04:00:00+00:00,-1,3423.61,3524.99,9.852679868786772,13.692466267250353,-5.596754876204315,-1006.9603964886337,False
ETH,train,2024-03-22 14:00:00+00:00,2024-03-23 07:00:00+00:00,-1,3342.2,3343.81,9.791386789865495,13.09306199818172,-7.630252335168029,-21.226942394689104,False
ETH,train,2024-03-23 15:00:00+00:00,2024-03-24 00:00:00+00:00,1,3417.01,3331.0,9.570807807613605,12.916781358770937,6.17421793824427,-842.2761788298667,False
ETH,train,2024-03-25 15:00:00+00:00,2024-03-26 14:00:00+00:00,1,3564.77,3610.77,8.937819216348853,12.826735859935969,25.772652586564604,372.54029550554696,True
ETH,train,2024-03-27 16:00:00+00:00,2024-03-28 06:00:00+00:00,-1,3515.67,3535.66,9.168610848961775,12.930180147521927,-20.62809450165825,-175.58261651659996,False
ETH,train,2024-03-29 08:00:00+00:00,2024-03-30 09:00:00+00:00,-1,3522.38,3509.1,9.101297272540965,12.79911794918527,-39.71171522011981,147.7778250502779,True
ETH,train,2024-03-30 12:00:00+00:00,2024-03-30 20:00:00+00:00,1,3564.39,3512.12,9.03548862832157,12.787945126640775,15.230661105647332,-500.3035968346521,False
ETH,train,2024-03-31 06:00:00+00:00,2024-04-01 02:00:00+00:00,1,3608.43,3613.62,8.786564160886721,12.69140113962639,49.92769034474637,-17.016823489368107,False
ETH,train,2024-04-01 06:00:00+00:00,2024-04-03 02:00:00+00:00,-1,3511.64,3299.25,9.02389905900921,12.292156772403047,-42.753570333560475,1947.0473347041443,True
ETH,train,2024-04-04 03:00:00+00:00,2024-04-04 08:00:00+00:00,-1,3275.12,3325.06,10.270076280039586,13.556870412398332,-2.118044046575824,-524.3264357910011,False
ETH,train,2024-04-07 23:00:00+00:00,2024-04-09 07:00:00+00:00,1,3423.36,3644.42,9.67219509210023,13.672189405608833,21.903812489186027,2102.5594451648867,True
ETH,train,2024-04-09 15:00:00+00:00,2024-04-10 07:00:00+00:00,-1,3523.48,3540.69,9.994086878783797,14.119985741299626,-9.816985850478602,-176.30123507470125,False
ETH,train,2024-04-10 13:00:00+00:00,2024-04-10 17:00:00+00:00,-1,3441.14,3530.03,10.181993176849076,14.196081074930994,-1.7770467234165568,-917.496407841616,False
ETH,train,2024-04-12 14:00:00+00:00,2024-04-13 11:00:00+00:00,-1,3464.0,3275.69,9.849932907835107,13.27709886392144,-8.447116544275753,1850.0108835547508,True
ETH,train,2024-04-13 20:00:00+00:00,2024-04-14 13:00:00+00:00,-1,3081.49,3043.55,11.672982380697508,14.299496800213493,1.1657728710971538,427.407681852339,True
ETH,train,2024-04-14 23:00:00+00:00,2024-04-15 15:00:00+00:00,1,3155.68,3126.94,11.53399145608804,14.492737080369569,5.091153983125708,-351.0708055114592,False
ETH,train,2024-04-17 15:00:00+00:00,2024-04-18 04:00:00+00:00,-1,2980.3,3024.34,12.09492848123895,14.525138271117331,0.6576683421149313,-547.843456927003,False
ETH,train,2024-04-18 15:00:00+00:00,2024-04-19 02:00:00+00:00,1,3079.29,2939.0,11.528200298026311,13.876010514321754,0.5448924166191221,-1631.7121227410462,False
ETH,train,2024-04-20 16:00:00+00:00,2024-04-21 13:00:00+00:00,1,3108.31,3156.01,10.895618446348143,13.65072810916552,4.617556598189745,501.45271518344816,True
ETH,train,2024-04-22 04:00:00+00:00,2024-04-22 17:00:00+00:00,1,3188.86,3183.17,10.777648591707331,13.735100031163373,2.414401214752868,-77.47432173272682,False
ETH,train,2024-04-23 15:00:00+00:00,2024-04-24 15:00:00+00:00,1,3247.1,3212.15,10.56048109587605,13.642557503707474,7.576806724456014,-390.3081785290269,False
ETH,train,2024-04-24 19:00:00+00:00,2024-04-25 16:00:00+00:00,-1,3128.26,3158.78,10.836896545648408,13.626400411670675,1.452158684295887,-345.82064166916825,False
ETH,train,2024-04-27 02:00:00+00:00,2024-04-27 13:00:00+00:00,-1,3092.81,3135.96,10.849295412980727,13.515553157902392,-3.7750436748309686,-477.8876065531949,False
ETH,train,2024-04-27 18:00:00+00:00,2024-04-28 22:00:00+00:00,1,3256.62,3304.95,10.156825708761762,13.328944573167982,4.185736204617565,473.3647057266717,True
ETH,train,2024-04-29 00:00:00+00:00,2024-04-29 23:00:00+00:00,-1,3261.52,3213.86,10.286702655631238,13.322061728444282,-5.201155835033444,482.1433426740041,True
ETH,train,2024-04-30 09:00:00+00:00,2024-05-01 04:00:00+00:00,-1,3064.18,3002.76,11.106537405788304,13.476539209734659,-4.109187270225077,672.796175523974,True
ETH,train,2024-05-01 08:00:00+00:00,2024-05-01 19:00:00+00:00,-1,2867.2,2988.99,12.104222225025243,14.176925030394115,-2.5302625597613453,-1485.8198872564535,False
ETH,train,2024-05-03 13:00:00+00:00,2024-05-04 22:00:00+00:00,1,3033.39,3120.56,10.951247968884951,13.47868648762391,0.4581492639262993,940.6834496961455,True
ETH,train,2024-05-06 06:00:00+00:00,2024-05-06 11:00:00+00:00,1,3177.26,3144.52,10.751430328658047,13.593635444620773,1.6275717065436255,-367.22303611143434,False
ETH,train,2024-05-08 21:00:00+00:00,2024-05-09 03:00:00+00:00,-1,2950.07,2997.61,11.45493716756573,13.626060138557468,-2.4246779063969726,-555.7690951782133,False
ETH,train,2024-05-09 23:00:00+00:00,2024-05-10 13:00:00+00:00,1,3053.08,3026.27,10.886415486899269,13.236465998056214,5.27830309442411,-310.3795682962518,False
ETH,train,2024-05-10 15:00:00+00:00,2024-05-11 14:00:00+00:00,-1,2933.89,2912.95,11.222887642838066,13.123685677130261,-6.596997785259143,228.48057934917597,True
ETH,train,2024-05-13 03:00:00+00:00,2024-05-13 08:00:00+00:00,-1,2883.76,2952.76,11.497211420435592,13.42074087992015,0.1715119174647189,-806.899840807444,False
ETH,train,2024-05-14 07:00:00+00:00,2024-05-15 04:00:00+00:00,-1,2915.1,2902.01,11.096805792249976,12.910267988431052,-5.59586780048687,137.94278763262264,True
ETH,train,2024-05-15 13:00:00+00:00,2024-05-16 11:00:00+00:00,1,2946.31,2997.05,11.02607714484237,13.10638917191407,9.104609541638554,537.252155615748,True
ETH,train,2024-05-16 15:00:00+00:00,2024-05-17 07:00:00+00:00,-1,2940.2,2958.98,11.231716722752287,13.251583731305168,-6.218138950174118,-217.9650848344172,False
ETH,train,2024-05-17 08:00:00+00:00,2024-05-18 15:00:00+00:00,1,3024.65,3105.0,10.846057700362639,13.296507516605569,12.99229864598301,845.1919300615555,True
ETH,train,2024-05-19 13:00:00+00:00,2024-05-20 03:00:00+00:00,-1,3077.01,3091.27,10.936175167927114,13.491478112964293,-5.8849841505182106,-163.55635185709252,False
ETH,train,2024-05-20 20:00:00+00:00,2024-05-21 20:00:00+00:00,1,3440.88,3714.94,9.732151078098136,13.928304265535242,23.912479106297774,2629.3525410917355,True
ETH,train,2024-05-23 12:00:00+00:00,2024-05-23 14:00:00+00:00,1,3921.31,3784.69,9.210319138935217,14.194943856926956,1.8570480585772557,-1274.3657926768283,False
ETH,train,2024-05-26 08:00:00+00:00,2024-05-27 20:00:00+00:00,1,3787.58,3874.65,9.199053419339322,14.097052616252865,16.96944116588567,769.8950874397415,True
ETH,val,2024-06-04 16:00:00+00:00,2024-06-05 06:00:00+00:00,1,3813.07,3790.23,2.622558725646264,3.9880201517412477,2.413717926598515,-66.30097937209939,False
ETH,val,2024-06-05 18:00:00+00:00,2024-06-06 12:00:00+00:00,1,3844.5,3852.49,2.583872810671843,3.9776086370026134,2.2430871176087392,14.424448002655481,True
ETH,val,2024-06-06 20:00:00+00:00,2024-06-07 12:00:00+00:00,-1,3792.16,3837.83,2.623339592377578,4.003210971288999,-2.0010221205026446,-121.81010803468052,False
ETH,val,2024-06-09 13:00:00+00:00,2024-06-10 01:00:00+00:00,1,3705.6,3694.58,2.6517469129414604,3.9246808940422273,1.471979739348343,-34.6189116140049,False
ETH,val,2024-06-10 08:00:00+00:00,2024-06-10 16:00:00+00:00,-1,3648.0,3702.44,2.6841267678130127,3.9459025518406965,-0.9874691003801109,-149.08229469120488,False
ETH,val,2024-06-11 02:00:00+00:00,2024-06-12 04:00:00+00:00,-1,3624.61,3509.54,2.660317152546251,3.7958203227675673,-3.0390325865105656,305.3659070072408,True
ETH,val,2024-06-12 13:00:00+00:00,2024-06-12 20:00:00+00:00,1,3636.89,3526.96,2.7352980324667246,3.919052961977349,0.6303958666167978,-305.24076153765964,False
ETH,val,2024-06-14 17:00:00+00:00,2024-06-14 22:00:00+00:00,-1,3400.54,3504.46,2.835648838055205,3.9160310453542384,-0.012602878494493054,-298.5840554175629,False
ETH,val,2024-06-16 14:00:00+00:00,2024-06-17 04:00:00+00:00,1,3592.0,3580.24,2.601378965574244,3.731542854410043,1.0130143112092478,-35.33677380077461,False
ETH,val,2024-06-17 10:00:00+00:00,2024-06-17 19:00:00+00:00,-1,3510.3,3560.14,2.6518578100281767,3.7499603068671243,0.24219752219128543,-136.16075108085897,False
ETH,val,2024-06-18 02:00:00+00:00,2024-06-18 21:00:00+00:00,-1,3406.45,3461.43,2.6927316471579066,3.6986715649765687,0.19240948030992588,-151.93746700602787,False
ETH,val,2024-06-20 08:00:00+00:00,2024-06-20 14:00:00+00:00,1,3606.8,3529.41,2.5010309006473945,3.5695763447017885,0.4489137068701506,-197.573271452673,False
ETH,val,2024-06-21 09:00:00+00:00,2024-06-21 10:00:00+00:00,-1,3456.49,3512.89,2.552631421182283,3.5580516748318765,-0.08269920326839073,-147.44376462624496,False
ETH,val,2024-06-23 16:00:00+00:00,2024-06-24 22:00:00+00:00,-1,3473.01,3349.7,2.498035196091029,3.4086739425444446,0.7813948865081026,303.8426512009355,True
ETH,val,2024-06-27 13:00:00+00:00,2024-06-28 08:00:00+00:00,1,3435.23,3430.42,2.6139571055146353,3.589302920295311,1.0040674655710626,-17.166504063390676,False
ETH,val,2024-06-28 15:00:00+00:00,2024-06-29 08:00:00+00:00,-1,3411.12,3397.82,2.6274001980328014,3.5779620608786926,-0.8814994809582661,32.24796005391545,True
ETH,val,2024-06-30 03:00:00+00:00,2024-06-30 08:00:00+00:00,-1,3360.34,3392.68,2.676700965844993,3.615163031274111,-0.06262973359831878,-90.11704253310381,False
ETH,val,2024-07-01 02:00:00+00:00,2024-07-01 14:00:00+00:00,1,3518.44,3458.45,2.530811462191898,3.5314386364904062,0.0631043785766906,-155.4179226319593,False
ETH,val,2024-07-02 15:00:00+00:00,2024-07-05 16:00:00+00:00,-1,3409.02,2990.05,2.566453220691724,3.2845827621863584,-5.05543058173598,1077.0377536927572,True
ETH,val,2024-07-06 17:00:00+00:00,2024-07-07 05:00:00+00:00,1,3049.59,3028.49,3.2221144849292065,3.916853921711702,0.5356587980374855,-72.43912835175615,False
ETH,val,2024-07-08 01:00:00+00:00,2024-07-08 09:00:00+00:00,-1,2885.07,3057.14,3.380746042121509,4.01782058779097,0.3500195348150388,-586.0928115904553,False
ETH,val,2024-07-10 05:00:00+00:00,2024-07-10 21:00:00+00:00,1,3118.07,3094.34,2.940150853621967,3.653084512909929,1.7702777490176895,-75.19314201837915,False
ETH,val,2024-07-11 13:00:00+00:00,2024-07-11 16:00:00+00:00,1,3190.94,3116.2,2.849443433638573,3.5943677316078375,0.06252575901757743,-216.62429572077417,False
ETH,val,2024-07-13 10:00:00+00:00,2024-07-14 14:00:00+00:00,1,3165.11,3182.48,2.804256008294781,3.5600534791383733,2.300883818039961,42.848989566900855,True
ETH,val,2024-07-14 22:00:00+00:00,2024-07-16 07:00:00+00:00,1,3254.09,3398.0,2.740744024898142,3.6463351841169365,1.3773477427328948,389.3967896962422,True
ETH,val,2024-07-19 15:00:00+00:00,2024-07-20 08:00:00+00:00,1,3467.39,3485.8,2.6844469510718545,3.733093939144662,1.9071956716126581,43.78037875847622,True
ETH,val,2024-07-20 18:00:00+00:00,2024-07-21 05:00:00+00:00,1,3525.99,3503.21,2.6522494086584234,3.7286383086683577,1.1672504384217315,-65.31413027632698,False
ETH,val,2024-07-21 18:00:00+00:00,2024-07-21 21:00:00+00:00,-1,3466.37,3496.57,2.6790246748498245,3.7307776138997677,-0.14747270628308987,-84.48985008807904,False
ETH,val,2024-07-23 09:00:00+00:00,2024-07-23 14:00:00+00:00,1,3521.19,3437.92,2.6133213237772193,3.6372781115022574,0.571215854969239,-221.8197605974001,False
ETH,val,2024-07-24 19:00:00+00:00,2024-07-25 22:00:00+00:00,-1,3381.96,3176.2,2.6553185583134358,3.4828007912777688,-1.6731044041729461,544.548650171475,True
ETH,val,2024-07-26 03:00:00+00:00,2024-07-27 02:00:00+00:00,1,3244.01,3244.64,2.9360975464456587,3.810261868948925,2.5504464860790446,-4.510966900768835,False
ETH,val,2024-07-27 14:00:00+00:00,2024-07-27 17:00:00+00:00,1,3316.19,3269.84,2.870830330814704,3.7814749367311133,0.25213835686347424,-137.09659912685493,False
ETH,val,2024-07-29 03:00:00+00:00,2024-07-29 15:00:00+00:00,1,3330.54,3324.07,2.817297566045614,3.7496033111965605,1.4216428637218008,-23.399161427234503,False
ETH,val,2024-07-31 21:00:00+00:00,2024-08-01 21:00:00+00:00,-1,3221.01,3170.78,2.905834838820843,3.7146972128853353,-1.7595664809575344,144.0049532220437,True
ETH,val,2024-08-02 15:00:00+00:00,2024-08-03 12:00:00+00:00,-1,3036.0,2995.62,3.1303452000699497,3.7762105431291824,0.590815316933941,122.03631331876022,True
ETH,val,2024-08-03 18:00:00+00:00,2024-08-04 11:00:00+00:00,-1,2900.77,2914.0,3.3183480044026683,3.859086085112101,0.18023106019961932,-47.94106124355494,False
ETH,val,2024-08-04 15:00:00+00:00,2024-08-05 16:00:00+00:00,-1,2862.47,2449.33,3.3459995316938076,3.554656062490233,0.21560116834152918,1378.5959892931423,True
ETH,val,2024-08-07 15:00:00+00:00,2024-08-08 02:00:00+00:00,-1,2388.61,2439.38,4.586943564994166,4.429143532471237,1.0178557254405214,-238.32612405266627,False
ETH,val,2024-08-08 17:00:00+00:00,2024-08-09 11:00:00+00:00,1,2584.88,2633.55,4.146456758042172,4.327598867974002,-0.4325957206960815,197.91304726663475,True
ETH,val,2024-08-11 21:00:00+00:00,2024-08-12 10:00:00+00:00,-1,2556.64,2595.31,4.269668859125526,4.39942409575435,0.04503699880657078,-169.55255587694228,False
ETH,val,2024-08-14 14:00:00+00:00,2024-08-15 14:00:00+00:00,-1,2657.8,2661.61,4.043364299841125,4.301662498043576,0.5898882992328564,-20.296768779668128,False
ETH,val,2024-08-15 19:00:00+00:00,2024-08-16 07:00:00+00:00,-1,2552.26,2624.91,4.2026113590849175,4.351526689982732,0.5099170487989978,-310.18115897630014,False
ETH,val,2024-08-17 17:00:00+00:00,2024-08-18 04:00:00+00:00,1,2618.77,2605.18,3.977430514463574,4.155579627206397,0.16825989122658908,-58.377120209994246,False
ETH,val,2024-08-18 10:00:00+00:00,2024-08-19 00:00:00+00:00,1,2643.99,2610.51,3.917412164248647,4.116808443408903,-0.6158296279958352,-134.65593807445657,False
ETH,val,2024-08-21 18:00:00+00:00,2024-08-22 03:00:00+00:00,1,2625.03,2601.86,3.8944098353456233,4.071130364853937,0.5241246812887108,-94.82873093110175,False
ETH,val,2024-08-23 06:00:00+00:00,2024-08-24 22:00:00+00:00,1,2674.08,2738.19,3.7875134323379336,4.099809064887925,2.481536317323867,236.23614076497324,True
ETH,val,2024-08-26 18:00:00+00:00,2024-08-28 10:00:00+00:00,-1,2693.71,2539.61,3.8476116805117084,4.027156631971107,-1.2521620983046275,590.1419654331876,True
ETH,val,2024-08-30 15:00:00+00:00,2024-08-30 19:00:00+00:00,-1,2460.56,2534.85,4.452032068043202,4.447945102604738,0.16731598475200088,-335.356723422281,False
ETH,val,2024-08-31 18:00:00+00:00,2024-08-31 22:00:00+00:00,-1,2502.44,2516.67,4.243512452615088,4.259731157208982,-0.04536961905059427,-64.59954373887194,False
ETH,val,2024-09-01 06:00:00+00:00,2024-09-01 19:00:00+00:00,-1,2463.65,2492.48,4.284105192776258,4.24651645381484,-0.9189694689224485,-126.83829969263206,False
ETH,val,2024-09-01 23:00:00+00:00,2024-09-02 09:00:00+00:00,-1,2404.7,2467.24,4.336381859895454,4.225318447699811,0.42992375934635507,-275.8525637249095,False
ETH,val,2024-09-03 14:00:00+00:00,2024-09-04 15:00:00+00:00,-1,2464.0,2437.06,4.120066921576983,4.038539037332818,0.9331349244703276,106.0229289054787,True
ETH,val,2024-09-06 16:00:00+00:00,2024-09-07 07:00:00+00:00,-1,2289.15,2275.83,4.481081547155567,4.091209528226844,-0.1261792594297717,55.722975939308526,True
ETH,val,2024-09-10 20:00:00+00:00,2024-09-11 02:00:00+00:00,1,2379.44,2348.78,4.334461385708601,4.098857402627025,0.07392540842512284,-137.06736889687818,False
ETH,val,2024-09-13 16:00:00+00:00,2024-09-14 09:00:00+00:00,1,2406.82,2414.96,4.228202952739962,4.077492886692498,1.9578890895712253,28.382190059039203,True
ETH,val,2024-09-15 17:00:00+00:00,2024-09-16 18:00:00+00:00,-1,2386.71,2304.55,4.275720812655344,4.011703603915501,-0.4387811679251302,347.72029953176207,True
ETH,val,2024-09-17 15:00:00+00:00,2024-09-18 01:00:00+00:00,1,2344.84,2322.58,4.500360758219919,4.201014762026164,0.8844938611435195,-105.2635391011463,False
ETH,val,2024-09-19 00:00:00+00:00,2024-09-21 02:00:00+00:00,1,2374.0,2542.46,4.400742367819398,4.327214764337872,5.763347771690249,731.2584967468301,True
ETH,val,2024-09-22 00:00:00+00:00,2024-09-22 10:00:00+00:00,1,2611.25,2577.99,4.2809462433509164,4.442971496769262,-0.3501330031840669,-146.4771105474374,False
ETH,val,2024-09-23 02:00:00+00:00,2024-09-23 22:00:00+00:00,1,2612.94,2655.09,4.222119056466143,4.448449970607068,1.4362239600731095,172.07764429936833,True
ETH,val,2024-09-27 17:00:00+00:00,2024-09-28 06:00:00+00:00,1,2716.76,2682.08,4.124111593111651,4.4530837266709815,1.2021261551337667,-148.6793999309175,False
ETH,val,2024-09-29 07:00:00+00:00,2024-09-29 16:00:00+00:00,-1,2649.34,2665.05,4.172941944699848,4.435328188298685,-0.7584217094988105,-69.23382443002993,False
ETH,val,2024-09-30 02:00:00+00:00,2024-10-01 01:00:00+00:00,-1,2613.75,2617.84,4.203274294535079,4.397961553309355,-2.4059323020888757,-19.183421115874808,False
ETH,val,2024-10-01 15:00:00+00:00,2024-10-04 02:00:00+00:00,-1,2548.18,2376.46,4.303905048397362,4.239036591507917,-0.133297440385104,734.9608357596753,True
ETH,val,2024-10-04 17:00:00+00:00,2024-10-05 03:00:00+00:00,1,2432.21,2399.66,4.811297380565356,4.6495126948464645,-0.2944968712020023,-160.962745561048,False
ETH,val,2024-10-06 15:00:00+00:00,2024-10-06 22:00:00+00:00,1,2451.98,2416.1,4.706858480258329,4.582672726115193,-0.4593551829326368,-173.00539981485235,False
ETH,val,2024-10-07 01:00:00+00:00,2024-10-07 10:00:00+00:00,1,2488.08,2457.24,4.569032127829075,4.519065192479136,-0.6076733779422018,-144.82034263678725,False
ETH,val,2024-10-07 19:00:00+00:00,2024-10-08 12:00:00+00:00,-1,2423.83,2438.39,4.630397805940259,4.502802563999769,-0.403385894169841,-71.51800872432796,False
ETH,val,2024-10-09 21:00:00+00:00,2024-10-10 07:00:00+00:00,-1,2354.08,2407.51,4.737213308489028,4.511333503513654,0.338979661957459,-257.9596202380417,False
ETH,val,2024-10-14 04:00:00+00:00,2024-10-15 06:00:00+00:00,1,2520.31,2594.43,4.322412514734222,4.421603237122343,3.639174171545828,312.3164381834322,True
ETH,val,2024-10-15 14:00:00+00:00,2024-10-15 15:00:00+00:00,1,2670.59,2566.81,4.1961274187326545,4.395359548574081,0.13463327274596457,-440.0040963373958,False
ETH,val,2024-10-20 14:00:00+00:00,2024-10-21 09:00:00+00:00,1,2660.7,2716.07,4.046353150244614,4.351262045528147,2.616417974215251,217.07889390929995,True
ETH,val,2024-10-23 09:00:00+00:00,2024-10-24 01:00:00+00:00,-1,2574.99,2549.32,4.265341116184974,4.371386027015564,-2.163704646886209,107.2836250723285,True
ETH,val,2024-10-25 05:00:00+00:00,2024-10-25 10:00:00+00:00,-1,2491.29,2538.86,4.451707487220466,4.478551283368406,-0.6968541526098506,-215.54942229783774,False
ETH,val,2024-10-28 10:00:00+00:00,2024-10-28 16:00:00+00:00,1,2541.66,2499.76,4.278678077925307,4.31412264712284,0.8087231053690974,-184.39945721755976,False
ETH,val,2024-10-31 14:00:00+00:00,2024-11-01 13:00:00+00:00,-1,2603.71,2537.17,4.105889467844758,4.221577009490751,-2.9766374492521117,271.9609456301441,True
ETH,val,2024-11-01 14:00:00+00:00,2024-11-01 16:00:00+00:00,1,2574.34,2499.81,4.2583755105977525,4.3215272194199175,0.2694306123371527,-321.9676846366092,False
ETH,val,2024-11-02 13:00:00+00:00,2024-11-03 20:00:00+00:00,-1,2487.76,2452.99,4.277156448900058,4.226472144980592,-4.08276663867678,148.5730242219579,True
ETH,val,2024-11-04 17:00:00+00:00,2024-11-05 06:00:00+00:00,-1,2413.66,2432.08,4.470021358243319,4.332112259298795,-1.7529462545159364,-84.91695942362094,False
ETH,val,2024-11-06 03:00:00+00:00,2024-11-08 17:00:00+00:00,1,2568.28,2907.75,4.167845714686073,4.564649633798475,13.207860853835115,1397.0860742768473,True
ETH,val,2024-11-09 06:00:00+00:00,2024-11-10 20:00:00+00:00,1,3042.4,3165.7,3.9775443289478023,4.93859858970817,9.87056780180855,475.6220493677465,True
ETH,val,2024-11-11 17:00:00+00:00,2024-11-12 11:00:00+00:00,1,3280.7,3285.49,3.833603473575317,5.034433758431101,7.777471372319151,5.551055507674391,True
ETH,val,2024-11-14 15:00:00+00:00,2024-11-15 10:00:00+00:00,-1,3110.22,3098.0,4.045518957265472,5.0230943401749295,-3.0324928325175566,47.445640150126565,True
ETH,val,2024-11-20 18:00:00+00:00,2024-11-21 05:00:00+00:00,-1,3065.36,3132.87,4.120201089404293,5.107590799675673,-2.559232898434902,-280.70313344692113,False
ETH,val,2024-11-21 13:00:00+00:00,2024-11-22 11:00:00+00:00,1,3288.91,3325.0,3.754799151685337,4.966780731464633,13.627430925231788,116.91648972762778,True
ETH,val,2024-11-23 14:00:00+00:00,2024-11-24 00:00:00+00:00,1,3439.34,3396.3,3.6245654595640584,4.955244927602893,7.640057667287012,-168.59659997452763,False
ETH,val,2024-11-24 12:00:00+00:00,2024-11-25 00:00:00+00:00,-1,3346.43,3363.32,3.6748165560679653,4.931420077415407,-4.2536657660144765,-62.745405943387595,False
ETH,val,2024-11-25 10:00:00+00:00,2024-11-26 00:00:00+00:00,1,3480.42,3417.04,3.5153145200231966,4.849348257855839,9.297797260759841,-236.94777979768696,False
ETH,val,2024-11-27 05:00:00+00:00,2024-11-28 10:00:00+00:00,1,3404.48,3601.2,3.5241279672612107,4.937782563536503,18.03882420361549,670.2898469524735,True
ETH,val,2024-11-29 15:00:00+00:00,2024-11-29 18:00:00+00:00,1,3637.01,3585.81,3.483111959805972,5.031578145105154,1.5774374048927915,-184.9443478920657,False
ETH,val,2024-11-30 04:00:00+00:00,2024-12-01 03:00:00+00:00,1,3661.07,3666.33,3.409704999096399,4.996854482075792,10.095692344731946,2.8425014684398775,True
ETH,val,2024-12-02 09:00:00+00:00,2024-12-02 16:00:00+00:00,-1,3605.29,3675.01,3.463247389949295,5.042695994609571,-4.141051801986647,-242.35925221989237,False
ETH,val,2024-12-03 14:00:00+00:00,2024-12-03 21:00:00+00:00,-1,3548.4,3609.88,3.4504711786411906,4.939887765728733,-3.1890859967736915,-213.88576983181702,False
ETH,val,2024-12-04 01:00:00+00:00,2024-12-05 19:00:00+00:00,1,3697.81,3873.59,3.253213702288269,4.92627644510108,38.06197283923177,528.8616553038992,True
ETH,val,2024-12-06 15:00:00+00:00,2024-12-07 07:00:00+00:00,1,3988.54,3981.35,3.1486779161704495,5.018923327461541,8.631621874486534,-36.289539419212815,False
ETH,val,2024-12-08 09:00:00+00:00,2024-12-08 14:00:00+00:00,-1,3943.05,4000.99,3.1758000218975844,5.0457364811910566,-3.2677899750712878,-185.7837997748593,False
ETH,val,2024-12-09 09:00:00+00:00,2024-12-10 11:00:00+00:00,-1,3869.55,3765.06,3.1881108853919478,4.867996649344444,-5.513139436656036,333.7708492019101,True
ETH,val,2024-12-10 16:00:00+00:00,2024-12-11 04:00:00+00:00,-1,3567.68,3664.88,3.5514186602414797,5.137169709063223,-1.926166069516535,-348.40889741501815,False
ETH,val,2024-12-14 13:00:00+00:00,2024-12-15 02:00:00+00:00,-1,3869.35,3890.01,3.1844925965227504,4.941924894750954,-2.0002164215407996,-68.73332551737622,False
ETH,val,2024-12-16 00:00:00+00:00,2024-12-16 12:00:00+00:00,1,3961.1,3910.3,3.0933788853697024,4.8698445116598155,1.8384611925488892,-163.8519530809881,False
ETH,val,2024-12-16 19:00:00+00:00,2024-12-17 01:00:00+00:00,1,4089.13,3958.77,2.9564555662835224,4.758651750378632,0.8917889525832194,-391.05398832368155,False
ETH,val,2024-12-17 16:00:00+00:00,2024-12-18 16:00:00+00:00,-1,3939.0,3866.48,2.969859650021137,4.636236020209396,-3.4569452175237347,214.19493101685111,True
ETH,val,2024-12-18 20:00:00+00:00,2024-12-20 16:00:00+00:00,-1,3767.39,3373.07,3.16199599522484,4.515621184812632,-4.813963751194728,1247.1366034034345,True
ETH,val,2024-12-22 15:00:00+00:00,2024-12-23 04:00:00+00:00,-1,3276.51,3349.64,4.01634931553804,5.322586603430477,0.2524454458618399,-299.2906574945864,False
ETH,val,2024-12-26 09:00:00+00:00,2024-12-27 02:00:00+00:00,-1,3364.13,3361.97,3.82277677686622,5.142475775775976,-0.6161401804365877,3.730862242697185,True
ETH,val,2024-12-27 10:00:00+00:00,2024-12-27 15:00:00+00:00,1,3420.6,3357.2,3.760758025083802,5.097933148482599,0.4673381823291553,-243.99733012112665,False
ETH,val,2024-12-29 17:00:00+00:00,2024-12-30 01:00:00+00:00,-1,3355.09,3384.58,3.761464393050716,5.070205745182424,-0.6866113072606781,-115.3091793889871,False
ETH,val,2025-01-02 01:00:00+00:00,2025-01-02 23:00:00+00:00,1,3389.4,3439.53,3.6893675550514957,5.038886555543563,3.4939569743015824,176.41515200488539,True
ETH,val,2025-01-03 15:00:00+00:00,2025-01-04 09:00:00+00:00,1,3526.29,3584.41,3.596175454400071,5.114264960720517,2.9101932989030304,200.9852591501094,True
ETH,val,2025-01-04 14:00:00+00:00,2025-01-05 06:00:00+00:00,1,3643.84,3631.93,3.535320651358604,5.1444359871070775,2.5730289077279442,-49.82313385251655,False
ETH,val,2025-01-06 16:00:00+00:00,2025-01-06 22:00:00+00:00,1,3713.74,3665.65,3.4553629678959807,5.099694186332384,0.9544692976570841,-172.22256861010464,False
ETH,val,2025-01-07 13:00:00+00:00,2025-01-08 15:00:00+00:00,-1,3631.98,3368.8,3.485728748446829,4.8805640215103185,-1.106219652867664,913.5997476475968,True
ETH,val,2025-01-08 18:00:00+00:00,2025-01-08 23:00:00+00:00,-1,3261.92,3332.03,4.161259886027711,5.487827925094486,-0.6603721564976508,-296.57338637800603,False
ETH,val,2025-01-09 14:00:00+00:00,2025-01-09 16:00:00+00:00,-1,3219.07,3318.99,4.124521511198422,5.3932738223011905,-0.2048111700041647,-417.3106520512374,False
ETH,val,2025-01-12 09:00:00+00:00,2025-01-12 16:00:00+00:00,-1,3238.89,3284.27,3.970438270210556,5.1799608213413375,-0.6819924192597094,-184.67645710423494,False
ETH,val,2025-01-13 07:00:00+00:00,2025-01-13 23:00:00+00:00,-1,3189.48,3130.75,3.9740447821895835,5.023375410747614,0.16515134417859728,228.20712330307288,True
ETH,val,2025-01-15 14:00:00+00:00,2025-01-16 09:00:00+00:00,1,3298.01,3315.3,3.9124634173944606,5.174866688577792,3.052760156136888,59.4188656420356,True
ETH,val,2025-01-17 21:00:00+00:00,2025-01-18 04:00:00+00:00,1,3514.66,3382.78,3.688198101905488,5.087825023201398,1.1157181908817173,-492.603108893376,False
ETH,val,2025-01-18 06:00:00+00:00,2025-01-19 00:00:00+00:00,-1,3292.5,3306.76,3.787443958071303,4.998865482948325,-2.5098551540808307,-56.49796117095684,False
ETH,val,2025-01-23 23:00:00+00:00,2025-01-24 20:00:00+00:00,1,3321.99,3367.77,3.7368147618682803,4.99967878427119,3.3040747967775053,162.76762621728085,True
ETH,val,2025-01-26 10:00:00+00:00,2025-01-26 18:00:00+00:00,-1,3296.89,3336.37,3.814634063313028,5.060691909362355,-1.2360302090561228,-154.4264145199013,False
ETH,val,2025-01-27 00:00:00+00:00,2025-01-27 21:00:00+00:00,-1,3230.5,3143.76,3.8452259657873977,4.902094012935995,-0.750657794302179,329.38346405377524,True
ETH,val,2025-01-28 21:00:00+00:00,2025-01-29 07:00:00+00:00,-1,3093.68,3145.86,4.121753363802967,5.143568996716633,-0.2314718500258633,-219.98518766992856,False
ETH,val,2025-01-31 12:00:00+00:00,2025-01-31 23:00:00+00:00,1,3334.8,3294.87,3.757766810261495,4.982550777797265,1.7302966082444953,-156.76047611978356,False
ETH,val,2025-02-01 21:00:00+00:00,2025-02-03 16:00:00+00:00,-1,3162.25,2698.92,3.9132390806357025,4.587231900449912,2.3807948865836024,1806.153036443904,True
ETH,val,2025-02-07 21:00:00+00:00,2025-02-08 18:00:00+00:00,-1,2586.02,2629.19,5.483636367539368,5.719663044070997,0.1235252292753741,-242.5717702600232,False
ETH,val,2025-02-09 04:00:00+00:00,2025-02-09 14:00:00+00:00,1,2677.25,2616.7,5.206171089335748,5.5122418876777965,0.2060381593288913,-320.9519395062889,False
ETH,val,2025-02-09 22:00:00+00:00,2025-02-10 01:00:00+00:00,-1,2551.18,2641.63,5.337635764398374,5.543465674745104,-0.038112035818945234,-488.29450852876107,False
ETH,val,2025-02-12 18:00:00+00:00,2025-02-13 08:00:00+00:00,1,2672.4,2679.99,4.91280313609081,5.259047675516218,1.596502244187259,30.43262588322432,True
ETH,val,2025-02-14 18:00:00+00:00,2025-02-14 23:00:00+00:00,1,2773.33,2716.46,4.744984450740556,5.209793637566198,0.8112731233423102,-275.8683324745234,False
ETH,val,2025-02-17 09:00:00+00:00,2025-02-17 19:00:00+00:00,1,2713.77,2699.4,4.747469164408842,5.139771531340602,0.9770649602192414,-74.33796838411399,False
ETH,val,2025-02-23 08:00:00+00:00,2025-02-23 16:00:00+00:00,1,2826.19,2783.28,4.532321402989066,5.084784188085015,1.2691417723453489,-200.83583736269247,False
ETH,val,2025-02-24 04:00:00+00:00,2025-02-25 20:00:00+00:00,-1,2716.8,2471.39,4.640888393901272,4.815562151270928,-2.160353008056355,1136.2652116040917,True
ETH,val,2025-02-26 18:00:00+00:00,2025-02-27 10:00:00+00:00,-1,2365.42,2358.16,5.8106513008916245,5.489415254373132,0.44535733176867004,36.25055585833252,True
ETH,val,2025-02-27 21:00:00+00:00,2025-02-28 16:00:00+00:00,-1,2255.2,2222.22,6.110713620083985,5.472046275367287,1.0457418960414562,195.01354701896526,True
ETH,val,2025-03-01 14:00:00+00:00,2025-03-01 20:00:00+00:00,-1,2152.12,2222.18,6.4940128352658615,5.681352069060692,-0.6930145857031671,-459.958876722083,False
ETH,val,2025-03-02 17:00:00+00:00,2025-03-03 07:00:00+00:00,1,2443.35,2372.1,5.5317232595863395,5.327547354075008,2.3941415816608944,-401.85697118126336,False
ETH,val,2025-03-03 20:00:00+00:00,2025-03-04 18:00:00+00:00,-1,2107.71,2117.69,6.2219560827291325,5.258050646392736,-1.409000105868801,-65.94417224615972,False
ETH,val,2025-03-09 11:00:00+00:00,2025-03-10 05:00:00+00:00,-1,2132.66,2071.58,6.118244297207647,5.144513480818455,1.9239021054862664,366.6339460871386,True
ETH,val,2025-03-10 18:00:00+00:00,2025-03-11 09:00:00+00:00,-1,1916.11,1906.53,7.001043170261624,5.352493532873778,1.0784769451116967,60.63902309311561,True
ETH,val,2025-03-13 18:00:00+00:00,2025-03-13 23:00:00+00:00,-1,1825.52,1878.52,7.3816818506853465,5.46840896844251,-0.3746949530145223,-396.32285210174996,False
ETH,val,2025-03-16 12:00:00+00:00,2025-03-17 01:00:00+00:00,-1,1872.58,1900.99,6.984526695768065,5.271320080669899,1.6288428119935356,-205.33056631943327,False
ETH,val,2025-03-17 19:00:00+00:00,2025-03-18 02:00:00+00:00,1,1947.71,1902.26,6.609687496414728,5.089419714114362,-0.16505034023933163,-305.33466608592425,False
ETH,val,2025-03-19 01:00:00+00:00,2025-03-20 05:00:00+00:00,1,1944.98,2019.99,6.4619789239765995,5.1243105148399,3.220368303834916,476.36836026880883,True
ETH,val,2025-03-20 11:00:00+00:00,2025-03-21 01:00:00+00:00,-1,1981.24,1990.31,6.5841534230203385,5.2298589054392846,0.825881254639754,-65.7740117068679,False
ETH,val,2025-03-21 13:00:00+00:00,2025-03-21 20:00:00+00:00,-1,1944.8,1973.04,6.673701211496271,5.22929871088971,0.07481104403900503,-193.76943196758475,False
ETH,val,2025-03-24 05:00:00+00:00,2025-03-24 23:00:00+00:00,1,2039.64,2076.17,6.2683829911897995,5.159894679793778,2.6167095716195803,221.2074264167495,True
ETH,val,2025-03-25 04:00:00+00:00,2025-03-25 15:00:00+00:00,-1,2041.96,2075.1,6.369592014812784,5.244798500101024,0.09537024474576844,-216.4284481157447,False
ETH,val,2025-03-26 14:00:00+00:00,2025-03-27 03:00:00+00:00,-1,2026.93,2029.79,6.310047047728026,5.119618811891847,-0.229663522468101,-22.936689845924775,False
ETH,val,2025-03-28 05:00:00+00:00,2025-03-28 23:00:00+00:00,-1,1936.39,1900.67,6.59324153326832,5.059732671528508,0.5554019003513577,229.8954529964667,True
ETH,val,2025-03-29 12:00:00+00:00,2025-03-30 05:00:00+00:00,-1,1843.6,1841.6,7.049784348883657,5.195973056501209,-1.6374254054468809,10.541021046718015,True
ETH,val,2025-04-01 09:00:00+00:00,2025-04-02 03:00:00+00:00,1,1883.27,1877.6,6.906881884513972,5.195176974602412,1.5383585885560493,-45.89555584835398,False
ETH,val,2025-04-02 23:00:00+00:00,2025-04-03 22:00:00+00:00,-1,1796.88,1811.44,7.213407623658938,5.2056565993202035,0.532174833494165,-110.76504643329463,False
ETH,val,2025-04-05 13:00:00+00:00,2025-04-06 00:00:00+00:00,-1,1796.87,1804.99,7.151804440147022,5.151959668157591,-1.1282371153421873,-62.09637460680824,False
ETH,val,2025-04-06 14:00:00+00:00,2025-04-07 14:00:00+00:00,-1,1747.65,1549.69,7.317693170692169,4.825784479890023,0.08485972700249136,1443.6998958633176,True
ETH,val,2025-04-08 17:00:00+00:00,2025-04-09 08:00:00+00:00,-1,1485.98,1482.77,9.577831710805992,5.686837578291057,-0.413242115005808,25.471244328398825,True
ETH,val,2025-04-09 18:00:00+00:00,2025-04-10 08:00:00+00:00,1,1632.73,1595.13,8.732575263486238,5.637506077999338,2.098860856061098,-336.0811968411399,False
ETH,val,2025-04-10 16:00:00+00:00,2025-04-11 05:00:00+00:00,-1,1495.4,1546.8,9.309787624121135,5.664447182020264,0.5121862475462329,-484.6997173093878,False
ETH,val,2025-04-12 14:00:00+00:00,2025-04-13 02:00:00+00:00,1,1638.16,1616.2,8.202591136275673,5.338836898050021,1.7094653332375502,-187.17720358390216,False
ETH,val,2025-04-16 18:00:00+00:00,2025-04-16 20:00:00+00:00,-1,1544.39,1587.95,8.57942585241905,5.3747357549132575,-0.2530621412159188,-378.8414637450678,False
ETH,val,2025-04-19 18:00:00+00:00,2025-04-20 06:00:00+00:00,1,1618.18,1609.12,7.9540829997110265,5.1340424129934785,0.6787027010101285,-77.87673709138653,False
ETH,val,2025-04-21 02:00:00+00:00,2025-04-21 14:00:00+00:00,1,1628.07,1610.68,7.857930734784747,5.08997463345682,0.2619064108344534,-142.00129652219584,False
ETH,val,2025-04-22 16:00:00+00:00,2025-04-23 20:00:00+00:00,1,1702.37,1785.28,7.431557179026186,5.183734079086135,3.3060974747442584,607.6605741592302,True
ETH,val,2025-04-25 15:00:00+00:00,2025-04-26 00:00:00+00:00,1,1807.44,1783.65,7.335745899735558,5.268664748616273,1.4644527933978757,-181.25051249672106,False
ETH,val,2025-04-27 01:00:00+00:00,2025-04-27 02:00:00+00:00,1,1841.54,1803.9,7.101485743736935,5.177608037929675,0.16012962666408823,-272.63766105885225,False
ETH,val,2025-04-28 01:00:00+00:00,2025-04-28 06:00:00+00:00,-1,1772.54,1794.99,7.2241147705904885,5.154449233504937,-0.07723712487484045,-167.25858870839147,False
ETH,val,2025-04-30 13:00:00+00:00,2025-04-30 21:00:00+00:00,-1,1774.1,1793.07,7.123484474806422,5.082136022799045,0.60964208705683,-140.8242785969287,False
ETH,val,2025-05-05 00:00:00+00:00,2025-05-05 07:00:00+00:00,-1,1807.5,1819.3,6.913941647666469,5.01509671355135,0.03494787319069311,-86.63455602920658,False
ETH,val,2025-05-06 12:00:00+00:00,2025-05-06 23:00:00+00:00,-1,1768.92,1810.43,7.015758186988635,5.022370813319554,0.12185469516284272,-296.36834785038263,False
ETH,val,2025-05-07 01:00:00+00:00,2025-05-07 15:00:00+00:00,1,1841.64,1821.68,6.577803818486541,4.819320056867623,1.629798188268708,-137.74208246212766,False
ETH,val,2025-05-07 18:00:00+00:00,2025-05-08 01:00:00+00:00,-1,1795.45,1826.15,6.670308024069413,4.831437507993957,-0.846230238769848,-208.76366360815337,False
ETH,val,2025-05-08 04:00:00+00:00,2025-05-10 01:00:00+00:00,1,1900.2,2325.59,6.192738068733435,5.233842120694613,7.23725048009692,2621.8577544577256,True
ETH,val,2025-05-10 08:00:00+00:00,2025-05-11 08:00:00+00:00,1,2399.53,2472.7,5.996715453720102,5.843475387015739,4.390639404092748,428.54555495758905,True
ETH,val,2025-05-12 09:00:00+00:00,2025-05-12 15:00:00+00:00,1,2576.59,2505.17,5.750951524155021,5.844991083478005,1.0962054040048206,-417.6741543426342,False
ETH,val,2025-05-12 19:00:00+00:00,2025-05-13 10:00:00+00:00,-1,2434.08,2483.61,5.916062756063874,5.818672530973551,-1.9621096252629202,-296.87915121355945,False
ETH,val,2025-05-15 08:00:00+00:00,2025-05-15 17:00:00+00:00,-1,2529.28,2598.0,5.576010122274479,5.717953035947098,0.4088926363270112,-389.310261274979,False
ETH,val,2025-05-17 01:00:00+00:00,2025-05-17 21:00:00+00:00,-1,2499.23,2488.08,5.487282331274598,5.4733556087178235,0.22750958291137433,55.48233280207933,True
ETH,val,2025-05-18 06:00:00+00:00,2025-05-18 18:00:00+00:00,1,2511.52,2488.49,5.482521721345438,5.482532686388881,2.0631025676001724,-133.80811049657677,False
ETH,val,2025-05-23 03:00:00+00:00,2025-05-23 07:00:00+00:00,1,2704.94,2656.3,5.041019336139403,5.405222901136803,0.21329367452533082,-250.81369708548118,False
ETH,val,2025-05-23 12:00:00+00:00,2025-05-24 09:00:00+00:00,-1,2565.47,2556.04,5.217305657837136,5.344096619933895,-3.3568748557827086,47.21197058925645,True
ETH,val,2025-05-25 23:00:00+00:00,2025-05-26 14:00:00+00:00,1,2548.05,2550.09,5.271502959753809,5.374972019847856,2.534109654496281,2.844784363553117,True
ETH,val,2025-05-27 08:00:00+00:00,2025-05-28 02:00:00+00:00,1,2606.93,2633.01,5.153532277799652,5.4008399847467015,1.749489010804883,127.25379280946436,True
ETH,val,2025-05-29 00:00:00+00:00,2025-05-29 13:00:00+00:00,1,2680.33,2691.85,5.059881318260703,5.436518644066757,2.2429909946607984,50.61032314763543,True
ETH,val,2025-05-30 17:00:00+00:00,2025-05-31 13:00:00+00:00,-1,2539.63,2536.48,5.360135931974873,5.4417279211313945,-2.052817111218249,13.495517375804411,True
ETH,val,2025-06-05 17:00:00+00:00,2025-06-06 11:00:00+00:00,-1,2558.24,2480.7,5.32641876223386,5.367900911554138,-2.3006576883486014,409.9432676004071,True
ETH,val,2025-06-09 22:00:00+00:00,2025-06-11 09:00:00+00:00,1,2642.99,2768.16,5.3107279262871065,5.747429083665695,6.293900656933223,652.7024847927569,True
ETH,val,2025-06-11 15:00:00+00:00,2025-06-11 22:00:00+00:00,1,2839.29,2780.99,5.173442405210569,5.81523897623137,0.826597447201831,-308.25352864721026,False
ETH,val,2025-06-12 20:00:00+00:00,2025-06-13 16:00:00+00:00,-1,2693.2,2550.32,5.339614495040512,5.599675079406965,0.6358862608986972,756.6885577110861,True
ETH,val,2025-06-16 06:00:00+00:00,2025-06-16 23:00:00+00:00,1,2606.37,2568.79,5.807824029494735,6.011283720895994,1.4840817793068963,-225.75339252861522,False
ETH,val,2025-06-17 00:00:00+00:00,2025-06-18 04:00:00+00:00,-1,2543.26,2526.8,5.8631775450506725,5.945332388811924,-0.6148751685375227,91.17744517126266,True
ETH,val,2025-06-20 08:00:00+00:00,2025-06-20 15:00:00+00:00,1,2548.43,2488.28,5.887060805435833,5.9302836058693424,0.6683972703702286,-360.705388323202,False
ETH,val,2025-06-20 18:00:00+00:00,2025-06-21 09:00:00+00:00,-1,2418.05,2440.5,6.055316052221267,5.884011161103928,0.8714683113354094,-142.69732484480483,False
ETH,val,2025-06-21 22:00:00+00:00,2025-06-22 23:00:00+00:00,-1,2280.29,2233.0,6.358559505689553,5.73960460628672,1.5052849974242857,293.4513894203519,True
ETH,val,2025-06-23 21:00:00+00:00,2025-06-25 05:00:00+00:00,1,2346.09,2434.36,6.305304163373606,6.028438257559872,-0.7486430487720932,551.2894032922013,True
ETH,val,2025-06-26 03:00:00+00:00,2025-06-26 12:00:00+00:00,1,2492.1,2449.0,6.157096604446605,6.084566006446224,0.23085793837888835,-271.68628759647436,False
ETH,test,2025-06-29 11:00:00+00:00,2025-06-29 16:00:00+00:00,1,2455.49,2435.68,4.072506913080486,3.9838647276103756,0.4671288877169119,-85.12735556344887,False
ETH,test,2025-06-29 23:00:00+00:00,2025-06-30 07:00:00+00:00,1,2501.34,2462.77,3.9638244478705618,3.935372115983747,0.6761516248531297,-157.4962326952027,False
ETH,test,2025-07-02 17:00:00+00:00,2025-07-03 16:00:00+00:00,1,2560.21,2569.06,3.8111625264104694,3.909696322368286,2.833842776392559,26.98524925997117,True
ETH,test,2025-07-04 08:00:00+00:00,2025-07-05 03:00:00+00:00,-1,2533.81,2517.55,3.861521448333269,3.9011869966505484,0.127006551781554,58.76014520146782,True
ETH,test,2025-07-06 14:00:00+00:00,2025-07-07 11:00:00+00:00,1,2557.35,2557.8,3.8489537240513765,3.93759512831628,1.8215615693819631,-4.027127521872899,False
ETH,test,2025-07-08 18:00:00+00:00,2025-07-10 16:00:00+00:00,1,2615.97,2768.31,3.761164951693221,4.050233045220555,5.826857862093603,563.098777833633,True
ETH,test,2025-07-10 18:00:00+00:00,2025-07-11 16:00:00+00:00,1,2829.21,2950.99,3.6767130953568476,4.25042740675633,2.8210664383803303,440.6786269074182,True
ETH,test,2025-07-12 16:00:00+00:00,2025-07-13 02:00:00+00:00,-1,2914.91,2948.68,3.7197965231935006,4.362272339086435,-1.2366161705442538,-128.7431847567841,False
ETH,test,2025-07-13 13:00:00+00:00,2025-07-13 22:00:00+00:00,1,2985.25,2963.99,3.5890223259911838,4.270391036535957,1.2053744940675113,-81.77838018117836,False
ETH,test,2025-07-14 04:00:00+00:00,2025-07-14 16:00:00+00:00,1,3036.77,3012.21,3.5012037521722106,4.2357422945629315,1.5979393265306094,-91.82324577444342,False
ETH,test,2025-07-15 14:00:00+00:00,2025-07-15 15:00:00+00:00,1,3052.31,2977.81,3.453295134737153,4.16475681157624,0.12854070981464552,-261.56378505930843,False
ETH,test,2025-07-15 18:00:00+00:00,2025-07-17 17:00:00+00:00,1,3097.92,3394.89,3.318020958465761,4.308655931867216,6.377467299380427,974.6665608043277,True
ETH,test,2025-07-20 04:00:00+00:00,2025-07-21 02:00:00+00:00,1,3658.03,3724.88,3.0764181946169327,4.542583730643861,3.156581577170889,197.9593910023268,True
ETH,test,2025-07-22 05:00:00+00:00,2025-07-22 16:00:00+00:00,-1,3655.44,3718.89,3.132752675315942,4.620390407232522,-1.5881090261548063,-201.80543862987543,False
ETH,test,2025-07-23 14:00:00+00:00,2025-07-24 01:00:00+00:00,-1,3586.65,3646.37,3.1365714527001605,4.537376809761863,-1.5551399633203822,-190.29828400169208,False
ETH,test,2025-07-24 15:00:00+00:00,2025-07-25 01:00:00+00:00,1,3735.34,3658.17,2.9607708312564154,4.378097749720524,1.3756659120974997,-234.23644870987482,False
ETH,test,2025-08-02 18:00:00+00:00,2025-08-03 06:00:00+00:00,-1,3422.05,3443.01,3.16338138487616,4.343360602011587,-1.6041015096901658,-69.04373291932279,False
ETH,test,2025-08-04 01:00:00+00:00,2025-08-05 05:00:00+00:00,1,3545.0,3647.25,3.0341905599989114,4.364531411030434,1.47669391994161,304.4047594289168,True
ETH,test,2025-08-07 11:00:00+00:00,2025-08-08 13:00:00+00:00,1,3819.44,3890.39,2.895872246880448,4.4653365450332565,3.0893487270531184,197.9074506440811,True
ETH,test,2025-08-08 14:00:00+00:00,2025-08-10 06:00:00+00:00,1,3999.39,4220.16,2.8150587327740326,4.62770320139456,5.8441488441772655,611.0086643889499,True
ETH,test,2025-08-11 02:00:00+00:00,2025-08-11 11:00:00+00:00,1,4301.89,4235.1,2.7591422397267453,4.7109539418249655,1.3309070935029723,-190.324971226677,False
ETH,test,2025-08-12 13:00:00+00:00,2025-08-14 11:00:00+00:00,1,4405.0,4707.0,2.6513510643431126,4.8318221796588885,7.091737715428874,788.784461536532,True
ETH,test,2025-08-14 13:00:00+00:00,2025-08-15 03:00:00+00:00,-1,4570.14,4620.44,2.7281409103370886,5.014639457545168,-2.1809157427842822,-140.05921150471113,False
ETH,test,2025-08-17 05:00:00+00:00,2025-08-17 19:00:00+00:00,1,4480.97,4466.85,2.7511736718753377,4.923401360935918,0.388623129838744,-44.15859673765408,False
ETH,test,2025-08-18 03:00:00+00:00,2025-08-18 18:00:00+00:00,-1,4318.4,4341.01,2.8445183613666125,4.926370148720331,-0.0032119539361195985,-69.23771834529362,False
ETH,test,2025-08-22 15:00:00+00:00,2025-08-23 09:00:00+00:00,1,4611.64,4717.44,2.6486305031139215,4.941857170798004,2.8404635267205793,272.44278653193214,True
ETH,test,2025-08-24 18:00:00+00:00,2025-08-24 21:00:00+00:00,1,4904.32,4785.55,2.546117129370069,4.934308797673831,0.4625368673959607,-307.7991771203542,False
ETH,test,2025-08-25 20:00:00+00:00,2025-08-26 11:00:00+00:00,-1,4418.18,4439.01,2.7566042992344952,4.8831536066273555,0.7701773399900865,-63.0733984996732,False
ETH,test,2025-08-26 15:00:00+00:00,2025-08-27 11:00:00+00:00,1,4550.4,4578.43,2.6626451705986707,4.861367022543252,-0.9526807481892241,70.72525785752987,True
ETH,test,2025-08-29 09:00:00+00:00,2025-08-30 04:00:00+00:00,-1,4332.99,4351.18,2.81256726697955,4.88496245657716,-1.344923077209257,-54.70063796572322,False
ETH,test,2025-08-31 01:00:00+00:00,2025-08-31 20:00:00+00:00,1,4465.65,4453.78,2.716765802108091,4.846400479659394,0.5498390208676518,-37.64424957154915,False
ETH,test,2025-09-01 00:00:00+00:00,2025-09-01 08:00:00+00:00,-1,4389.43,4461.68,2.7553648092377476,4.877607403338464,-0.12656059926157875,-203.82615427150813,False
ETH,test,2025-09-03 14:00:00+00:00,2025-09-04 03:00:00+00:00,1,4418.19,4419.77,2.6912954853324416,4.757112369509741,1.7430052483308072,-2.2478707510144886,False
ETH,test,2025-09-08 15:00:00+00:00,2025-09-08 18:00:00+00:00,1,4349.9,4309.21,2.7330299385250063,4.733121374196253,0.3093168083054071,-116.24942638108405,False
ETH,test,2025-09-10 13:00:00+00:00,2025-09-10 20:00:00+00:00,1,4369.89,4320.31,2.6939253626999395,4.682150037387004,0.9206091684040677,-139.16757868845525,False
ETH,test,2025-09-12 01:00:00+00:00,2025-09-13 14:00:00+00:00,1,4510.65,4683.8,2.5790052264131305,4.742506920798841,5.316524417245652,436.4957236153932,True
ETH,test,2025-09-13 17:00:00+00:00,2025-09-14 03:00:00+00:00,-1,4622.38,4682.69,2.6110976700608295,4.859289319350584,-1.5201869384791724,-160.81440286223733,False
ETH,test,2025-09-14 14:00:00+00:00,2025-09-15 04:00:00+00:00,-1,4612.11,4635.5,2.582044063405587,4.775547300238028,-2.08415593003577,-63.085402013262865,False
ETH,test,2025-09-15 09:00:00+00:00,2025-09-16 04:00:00+00:00,-1,4508.69,4519.29,2.627278842249141,4.74380416844968,-2.81578938327907,-29.777170513012607,False
ETH,test,2025-09-16 14:00:00+00:00,2025-09-16 21:00:00+00:00,-1,4471.51,4496.73,2.642465000133571,4.739652062559579,-0.5598439064948797,-70.82277545943543,False
ETH,test,2025-09-17 18:00:00+00:00,2025-09-17 20:00:00+00:00,-1,4426.42,4515.99,2.6533826201056,4.745527055171704,-0.05932776548049426,-242.34968057254991,False
ETH,test,2025-09-17 23:00:00+00:00,2025-09-18 20:00:00+00:00,1,4586.11,4586.14,2.508146602832309,4.601069535565729,2.004338784129986,-6.530163921610438,False
ETH,test,2025-09-19 04:00:00+00:00,2025-09-20 08:00:00+00:00,-1,4547.75,4482.43,2.527866758901362,4.565418369779181,-2.677136747997109,163.2319750696479,True
ETH,test,2025-09-20 16:00:00+00:00,2025-09-20 19:00:00+00:00,1,4497.4,4473.44,2.592461873051834,4.651312133849663,0.4361612945037208,-67.20285990667617,False
ETH,test,2025-09-22 01:00:00+00:00,2025-09-22 22:00:00+00:00,-1,4333.61,4195.73,2.674937331221924,4.563089995336881,0.23489677159552674,364.02237246194636,True
ETH,test,2025-09-25 01:00:00+00:00,2025-09-26 03:00:00+00:00,-1,4126.41,3957.57,2.8974720254212714,4.68462118081301,1.6917686661670772,482.8327869251352,True
ETH,test,2025-09-26 18:00:00+00:00,2025-09-27 09:00:00+00:00,1,4042.68,3984.14,3.0769168787397776,4.939571588121204,0.4898329619661125,-185.55211863151453,False
ETH,test,2025-09-28 13:00:00+00:00,2025-09-28 14:00:00+00:00,-1,3975.88,4011.26,3.081943672523368,4.923183116911659,-0.06757639195571867,-113.8947738588322,False
ETH,test,2025-09-28 23:00:00+00:00,2025-09-29 13:00:00+00:00,1,4130.1,4095.68,2.9392855947442857,4.835583331907131,0.08655847627888771,-106.09235197928683,False
ETH,test,2025-10-01 09:00:00+00:00,2025-10-03 08:00:00+00:00,1,4290.8,4460.45,2.804477272973359,4.908536347021622,5.396314882384918,465.4747181305229,True
ETH,test,2025-10-03 16:00:00+00:00,2025-10-03 18:00:00+00:00,1,4533.61,4470.06,2.756947730617458,4.964529514745697,0.23190297909056343,-180.40046077457373,False
ETH,test,2025-10-05 03:00:00+00:00,2025-10-05 16:00:00+00:00,1,4547.35,4530.37,2.7089459443917967,4.91821055566486,2.0042861212622833,-52.92039881270102,False
ETH,test,2025-10-06 14:00:00+00:00,2025-10-07 07:00:00+00:00,1,4636.92,4667.43,2.6452052097981715,4.922383018757124,2.634631993923958,73.14819593825996,True
ETH,test,2025-10-07 13:00:00+00:00,2025-10-07 15:00:00+00:00,1,4746.92,4592.07,2.5993176917570966,4.855000386028522,0.30199750212554916,-407.6613424567422,False
ETH,test,2025-10-07 15:00:00+00:00,2025-10-08 10:00:00+00:00,-1,4592.07,4483.09,2.5981946692665523,4.715806466948209,-2.7352936547318385,281.1707422444506,True
ETH,test,2025-10-08 18:00:00+00:00,2025-10-09 02:00:00+00:00,1,4536.87,4477.53,2.69178145663052,4.852958952530031,0.8566104127936348,-165.4398810017792,False
ETH,test,2025-10-09 09:00:00+00:00,2025-10-09 23:00:00+00:00,-1,4326.63,4376.83,2.784343162262899,4.84668386780573,-1.1891740259875543,-143.43153658740994,False
ETH,test,2025-10-10 15:00:00+00:00,2025-10-11 16:00:00+00:00,-1,4277.25,3822.93,2.7829542625645254,4.508486091707983,13.522095605189577,1246.3211988714156,True
ETH,test,2025-10-11 21:00:00+00:00,2025-10-12 05:00:00+00:00,-1,3692.85,3800.37,3.560857418640219,5.336457605300652,1.074584696790469,-389.2744319542908,False
ETH,test,2025-10-12 15:00:00+00:00,2025-10-13 12:00:00+00:00,1,3973.88,4078.07,3.211077809715251,5.171087593987343,0.05173825816506497,329.33937114207765,True
ETH,test,2025-10-15 15:00:00+00:00,2025-10-16 07:00:00+00:00,-1,4007.5,4040.5,3.2663199644699485,5.257468614810829,1.016937039838829,-114.06296448215835,False
ETH,test,2025-10-16 16:00:00+00:00,2025-10-17 19:00:00+00:00,-1,3904.01,3833.99,3.3236887951442644,5.143740779365264,-0.44635102266633847,228.027299679301,True
ETH,test,2025-10-19 11:00:00+00:00,2025-10-20 01:00:00+00:00,1,3929.41,3939.77,3.3602351479765313,5.288459044350793,1.6197367446648145,27.903840344020864,True
ETH,test,2025-10-21 05:00:00+00:00,2025-10-21 15:00:00+00:00,-1,3848.57,4020.78,3.438068018291075,5.4110721119477745,-0.23509144330057624,-597.2456740985508,False
ETH,test,2025-10-22 22:00:00+00:00,2025-10-23 03:00:00+00:00,-1,3742.21,3824.39,3.3761867343243517,5.109250908787728,0.1499090423708905,-282.71418577793884,False
ETH,test,2025-10-24 05:00:00+00:00,2025-10-24 15:00:00+00:00,1,3973.3,3900.26,3.108671777433869,4.895262751986444,1.0033747907676853,-232.956024166524,False
ETH,test,2025-10-26 10:00:00+00:00,2025-10-27 13:00:00+00:00,1,3987.03,4143.81,3.0395380895331785,4.94279957597999,4.235010076855465,467.3609720241766,True
ETH,test,2025-10-28 20:00:00+00:00,2025-10-29 13:00:00+00:00,-1,4037.06,4014.03,3.1176377168374128,5.020076369130505,0.45903051720701404,66.3200897324241,True
ETH,test,2025-10-29 19:00:00+00:00,2025-10-31 01:00:00+00:00,-1,3916.05,3830.29,3.230911405847236,5.005547651914136,0.6943792874495912,271.3830352260975,True
ETH,test,2025-11-02 05:00:00+00:00,2025-11-02 10:00:00+00:00,1,3906.97,3870.13,3.3078814646885357,5.145144987805843,0.3284580662059837,-127.33595621313543,False
ETH,test,2025-11-03 03:00:00+00:00,2025-11-05 12:00:00+00:00,-1,3797.0,3321.78,3.3701495101082517,4.798270585913684,2.108298484736233,1594.655881123008,True
ETH,test,2025-11-07 13:00:00+00:00,2025-11-07 18:00:00+00:00,-1,3221.52,3383.91,4.467181197386339,5.901530539330329,-0.4392452479386062,-730.887839934956,False
ETH,test,2025-11-09 15:00:00+00:00,2025-11-10 13:00:00+00:00,1,3504.6,3590.0,3.897798816147088,5.530664696207426,2.3347035199379804,325.00665068281705,True
ETH,test,2025-11-10 15:00:00+00:00,2025-11-11 01:00:00+00:00,-1,3539.77,3584.46,3.950887312382415,5.629405983498835,-0.3990142867946014,-181.79554568707317,False
ETH,test,2025-11-11 16:00:00+00:00,2025-11-12 09:00:00+00:00,-1,3479.34,3467.23,3.9672572488071953,5.51176603736932,-0.17270178766072836,42.70442103334426,True
ETH,test,2025-11-12 11:00:00+00:00,2025-11-12 16:00:00+00:00,1,3532.64,3426.4,3.919488330851197,5.455175214785343,-0.23792348628212415,-421.6236919981329,False
ETH,test,2025-11-13 18:00:00+00:00,2025-11-14 15:00:00+00:00,-1,3253.12,3197.82,4.126659196432975,5.324166175327467,2.240147829664057,220.6399395577464,True
ETH,test,2025-11-16 17:00:00+00:00,2025-11-17 03:00:00+00:00,-1,3059.85,3148.45,4.4594203979468885,5.537083931314733,-0.5650663819201852,-400.07666480747866,False
ETH,test,2025-11-17 19:00:00+00:00,2025-11-18 09:00:00+00:00,-1,3023.11,3059.46,4.3812765132100076,5.329884216191159,0.07910500689343347,-164.6683904782676,False
ETH,test,2025-11-18 17:00:00+00:00,2025-11-19 04:00:00+00:00,1,3151.53,3071.37,4.150495933521825,5.165624228942594,1.7038015096066823,-339.57317976965896,False
ETH,test,2025-11-19 16:00:00+00:00,2025-11-20 00:00:00+00:00,-1,2971.15,3024.3,4.288184463794281,5.141919108691085,-0.5670053311632399,-232.49191802819587,False
ETH,test,2025-11-20 17:00:00+00:00,2025-11-21 18:00:00+00:00,-1,2861.4,2779.7,4.371408174870408,4.931910131052291,-2.2754279707960103,354.48756572664934,True
ETH,test,2025-11-22 23:00:00+00:00,2025-11-23 17:00:00+00:00,1,2788.14,2798.45,4.613410702942045,5.1546468197898,1.8060789213725796,40.60353860616851,True
ETH,test,2025-11-24 18:00:00+00:00,2025-11-25 08:00:00+00:00,1,2939.23,2901.27,4.390074426263682,5.128045937318608,1.7606330763342133,-173.53590423462083,False
ETH,test,2025-11-26 18:00:00+00:00,2025-11-27 13:00:00+00:00,1,3026.12,2989.9,4.206674735857264,5.061487868882402,1.2008072461526145,-158.62805404778373,False
ETH,test,2025-11-27 13:00:00+00:00,2025-11-27 19:00:00+00:00,-1,2989.9,3036.32,4.204580252725709,5.067545122116145,0.022923999597035817,-200.26708445324402,False
ETH,test,2025-11-28 09:00:00+00:00,2025-11-28 17:00:00+00:00,1,3063.85,3023.62,4.0377327262011375,4.915915367753527,0.5816708506035532,-167.93557379342928,False
ETH,test,2025-11-30 14:00:00+00:00,2025-12-01 00:00:00+00:00,1,3047.99,2989.61,4.003645628554531,4.834482169392167,0.43018703937357355,-238.99750100377605,False
ETH,test,2025-12-01 01:00:00+00:00,2025-12-02 03:00:00+00:00,-1,2834.91,2799.78,4.2202660184535485,4.755978146304005,0.9680399837199268,142.5339270982513,True
ETH,test,2025-12-02 15:00:00+00:00,2025-12-04 13:00:00+00:00,1,2893.88,3174.9,4.183521177613584,5.077773930455554,4.267594863375025,1166.3077525391382,True
ETH,test,2025-12-05 17:00:00+00:00,2025-12-06 12:00:00+00:00,-1,3031.11,3037.16,4.378896185889505,5.314464871589541,0.3133588878997547,-32.12014568411905,False
ETH,test,2025-12-06 15:00:00+00:00,2025-12-06 20:00:00+00:00,1,3053.63,3028.8,4.336083897632463,5.274785356295324,-0.29699505432635515,-112.64275348018236,False
ETH,test,2025-12-07 15:00:00+00:00,2025-12-07 17:00:00+00:00,-1,2941.16,3038.58,4.463597056551578,5.338229972588746,-0.04757974038702337,-440.1342754814559,False
ETH,test,2025-12-07 18:00:00+00:00,2025-12-07 23:00:00+00:00,1,3111.67,3031.72,4.0775592666850216,5.010007364672019,0.1737893321937121,-331.18466006833296,False
ETH,test,2025-12-09 16:00:00+00:00,2025-12-10 11:00:00+00:00,1,3244.2,3310.36,3.808900247610335,4.9931330413953585,0.4528289459869793,246.55087839451699,True
ETH,test,2025-12-10 18:00:00+00:00,2025-12-11 00:00:00+00:00,1,3369.15,3322.04,3.7408204032744057,5.0061080148371335,0.17873268110085352,-181.41488989419668,False
ETH,test,2025-12-11 22:00:00+00:00,2025-12-12 01:00:00+00:00,1,3247.41,3187.72,3.8251930528629794,4.923122914054028,-0.0013406014472822358,-233.24755563799954,False
ETH,test,2025-12-12 16:00:00+00:00,2025-12-13 09:00:00+00:00,-1,3070.01,3114.84,3.9702550207197262,4.91108635297968,0.647024768357591,-183.54464370019377,False
ETH,test,2025-12-14 12:00:00+00:00,2025-12-15 02:00:00+00:00,-1,3083.1,3107.3,3.893865905244583,4.820917499965214,0.5098719398545788,-99.56234434673934,False
ETH,test,2025-12-15 18:00:00+00:00,2025-12-16 11:00:00+00:00,-1,2935.66,2946.6,4.055515839066117,4.7711197199010105,-0.22774894563197828,-48.910714053652555,False
ETH,test,2025-12-17 15:00:00+00:00,2025-12-17 16:00:00+00:00,1,2994.32,2902.91,3.9597320640610163,4.67029014402851,0.06695689432043561,-366.69635501416633,False
ETH,test,2025-12-17 17:00:00+00:00,2025-12-18 10:00:00+00:00,-1,2862.53,2851.51,4.0139347217479,4.587156711491273,0.5166968775748622,39.129707044596216,True
ETH,test,2025-12-18 14:00:00+00:00,2025-12-18 18:00:00+00:00,1,2962.59,2844.07,3.891574016684594,4.519409435944353,0.15046652009009034,-465.8992284134911,False
ETH,test,2025-12-21 02:00:00+00:00,2025-12-21 08:00:00+00:00,-1,2966.35,2979.59,3.7295797993076074,4.435171542379015,0.4052767483197482,-54.22008483353602,False
ETH,test,2025-12-21 09:00:00+00:00,2025-12-21 14:00:00+00:00,1,2990.53,2948.48,3.681293601081609,4.372647901951938,-0.06286090189718395,-159.10818292553813,False
ETH,test,2025-12-22 20:00:00+00:00,2025-12-23 01:00:00+00:00,-1,2978.76,3026.39,3.642425294389963,4.374662051321177,0.1507458651220111,-178.014124688234,False
ETH,test,2025-12-27 17:00:00+00:00,2025-12-27 20:00:00+00:00,-1,2919.51,2929.4,3.6553725266324872,4.275988984949205,-0.38244162220171685,-40.04518165114132,False
ETH,test,2025-12-28 00:00:00+00:00,2025-12-28 19:00:00+00:00,1,2947.64,2930.09,3.606902967654691,4.240080356014602,1.533424219397477,-69.07465165775102,False
ETH,test,2025-12-29 01:00:00+00:00,2025-12-29 10:00:00+00:00,1,2965.25,2975.46,3.5621876104611485,4.23238471186853,0.7348191047595574,31.402731686179322,True
ETH,test,2025-12-30 09:00:00+00:00,2025-12-30 21:00:00+00:00,1,2976.4,2957.16,3.5593937453319784,4.223975270310403,1.0074641127392345,-73.71417504323654,False
ETH,test,2025-12-31 12:00:00+00:00,2025-12-31 17:00:00+00:00,1,3000.84,2974.82,3.5058401542777564,4.189941755262284,0.36474239147092613,-95.77664496104262,False
ETH,test,2026-01-02 04:00:00+00:00,2026-01-03 07:00:00+00:00,1,3021.49,3096.38,3.4501814414748426,4.221552307071139,1.8697783833282535,252.2927574616533,True
ETH,test,2026-01-04 01:00:00+00:00,2026-01-04 15:00:00+00:00,1,3155.69,3135.72,3.383406317180545,4.257279267594571,0.47434489158764437,-72.29824831327824,False
ETH,test,2026-01-05 01:00:00+00:00,2026-01-05 06:00:00+00:00,1,3166.95,3147.78,3.3485477297558206,4.229034961104195,0.21358005904099758,-68.63427499956379,False
ETH,test,2026-01-06 15:00:00+00:00,2026-01-06 18:00:00+00:00,1,3276.48,3194.73,3.2156610013644618,4.161843525727944,0.17034101023080553,-267.2124713975045,False
ETH,test,2026-01-11 15:00:00+00:00,2026-01-11 23:00:00+00:00,1,3124.31,3108.0,3.2867533907816857,4.0968132049805215,0.9870943689057309,-58.69085537753563,False
ETH,test,2026-01-12 03:00:00+00:00,2026-01-12 09:00:00+00:00,1,3156.57,3113.82,3.2345696851251806,4.056402681582417,0.6393148379328387,-142.97357155861573,False
ETH,test,2026-01-13 16:00:00+00:00,2026-01-14 12:00:00+00:00,1,3183.07,3284.44,3.162724055524062,4.090989891268485,2.1365192709889422,314.3778283462161,True
ETH,test,2026-01-16 16:00:00+00:00,2026-01-17 00:00:00+00:00,-1,3262.43,3294.65,3.1821525328553237,4.173125746026997,-0.5996836235953056,-106.1023967310357,False
ETH,test,2026-01-17 16:00:00+00:00,2026-01-17 23:00:00+00:00,1,3328.1,3300.32,3.0874815934113027,4.0930249486798695,0.22881041839778266,-90.09207403204164,False
ETH,test,2026-01-18 19:00:00+00:00,2026-01-19 00:00:00+00:00,1,3360.9,3282.26,3.030544026004973,4.02647777035904,0.3625122141532223,-242.71097218954128,False
ETH,test,2026-01-19 01:00:00+00:00,2026-01-19 20:00:00+00:00,-1,3210.45,3218.31,3.096962869632162,3.9819262035552914,0.31261845810015115,-28.63667281697053,False
ETH,test,2026-01-19 23:00:00+00:00,2026-01-21 15:00:00+00:00,-1,3187.11,2980.0,3.110657546176192,3.836753451919731,-0.23160084005685236,640.6431317767001,True
ETH,test,2026-01-21 17:00:00+00:00,2026-01-21 20:00:00+00:00,-1,2889.76,3054.89,3.6524316565286745,4.342485569396637,-0.18197070895884393,-607.286554303013,False
ETH,test,2026-01-21 20:00:00+00:00,2026-01-22 12:00:00+00:00,1,3054.89,2984.84,3.2562103216375355,3.9333262331807743,1.6303495266171313,-233.66120879050686,False
ETH,test,2026-01-22 15:00:00+00:00,2026-01-23 04:00:00+00:00,-1,2939.32,2963.11,3.3047450228885533,3.901205233089617,-0.3095836265220226,-82.21150570107966,False
ETH,test,2026-01-25 04:00:00+00:00,2026-01-26 07:00:00+00:00,-1,2941.28,2890.09,3.274591890257202,3.819071382217828,0.21669811141812442,163.59058936863948,True
ETH,test,2026-01-27 17:00:00+00:00,2026-01-28 15:00:00+00:00,1,2989.87,3011.19,3.276089670903532,3.93200213609447,1.2039347775973712,64.71029486997213,True
ETH,test,2026-01-29 03:00:00+00:00,2026-01-30 20:00:00+00:00,-1,2957.89,2741.05,3.3333871507102413,3.7993546737337245,0.10336431356192324,718.9089507727149,True
ETH,test,2026-01-30 21:00:00+00:00,2026-02-02 10:00:00+00:00,-1,2679.25,2290.25,3.948381625450044,3.924296497534799,2.8018653181327133,1529.1942904843963,True
ETH,test,2026-02-03 18:00:00+00:00,2026-02-03 21:00:00+00:00,-1,2194.61,2298.77,5.517105891466559,4.9580906541196015,0.135676910766641,-579.7555172200409,False
ETH,test,2026-02-04 15:00:00+00:00,2026-02-05 10:00:00+00:00,-1,2170.86,2132.63,5.3104024410838955,4.570652760236026,-2.1083260029621234,200.55435856537042,True
ETH,test,2026-02-05 16:00:00+00:00,2026-02-06 06:00:00+00:00,-1,1959.55,1957.6,5.985402057521756,4.689143533924269,0.4364208483412434,6.545969629900355,True
ETH,test,2026-02-11 05:00:00+00:00,2026-02-11 22:00:00+00:00,-1,1970.49,1969.44,5.955493593698347,4.692845574923986,1.2588255199019962,0.301597178553493,True
ETH,test,2026-02-12 17:00:00+00:00,2026-02-13 04:00:00+00:00,-1,1907.97,1952.7,6.150800153369922,4.749241925622131,0.04020222312398558,-279.91473500898246,False
ETH,test,2026-02-13 16:00:00+00:00,2026-02-15 02:00:00+00:00,1,2033.8,2062.93,5.6326223982772285,4.615066631538854,1.0793619063895066,158.38386192388498,True
ETH,test,2026-02-15 13:00:00+00:00,2026-02-16 09:00:00+00:00,-1,2009.31,1976.31,5.780099285595609,4.607455862931114,0.2295566515085735,185.90626391021942,True
ETH,test,2026-02-16 13:00:00+00:00,2026-02-16 14:00:00+00:00,1,2005.52,1966.54,5.883719713316413,4.674097544895119,-0.03384391773269888,-233.98764805223436,False
ETH,test,2026-02-17 15:00:00+00:00,2026-02-17 19:00:00+00:00,-1,1947.42,1998.07,5.939103999855243,4.686535088077773,0.27858089164868916,-305.7807335723919,False
ETH,test,2026-02-22 14:00:00+00:00,2026-02-23 10:00:00+00:00,-1,1950.1,1916.93,5.774139366096973,4.465754030575596,1.7577966303325423,185.30465211252522,True
ETH,test,2026-02-25 02:00:00+00:00,2026-02-26 09:00:00+00:00,1,1917.65,2053.42,5.968479039417115,4.740249611811624,3.611258640561497,801.9888909292877,True
ETH,test,2026-02-26 17:00:00+00:00,2026-02-27 04:00:00+00:00,-1,1982.99,2044.15,6.176250369829156,4.974524982870758,-1.049255209423007,-381.66474239219133,False
ETH,test,2026-02-28 07:00:00+00:00,2026-02-28 14:00:00+00:00,-1,1841.57,1904.67,6.44329456847979,4.827625568844345,0.8007637625398817,-412.2002766024598,False
ETH,test,2026-03-01 21:00:00+00:00,2026-03-02 04:00:00+00:00,-1,1912.96,1971.43,5.987358701631433,4.651447253406025,-0.45826273490303737,-354.2740478028936,False
ETH,test,2026-03-02 16:00:00+00:00,2026-03-03 05:00:00+00:00,1,2047.11,1998.71,5.4219380756627515,4.387237101055574,0.9947480281542467,-267.8037879912863,False
ETH,test,2026-03-04 09:00:00+00:00,2026-03-05 06:00:00+00:00,1,2063.35,2118.59,5.249472879578689,4.390596122805061,1.2851673558102195,284.30511838931125,True
ETH,test,2026-03-05 18:00:00+00:00,2026-03-07 10:00:00+00:00,-1,2058.66,1985.5,5.399534155454519,4.367316010024589,0.012191338395375569,390.6504114646268,True
ETH,test,2026-03-07 20:00:00+00:00,2026-03-08 10:00:00+00:00,-1,1953.97,1962.73,5.888757450694036,4.612899261426667,0.5674569547061871,-56.76587148422004,False
ETH,test,2026-03-09 06:00:00+00:00,2026-03-09 23:00:00+00:00,1,2009.99,2001.6,5.696391287741932,4.570317265198531,1.4389142886942108,-53.801954458049295,False
ETH,test,2026-03-11 15:00:00+00:00,2026-03-12 02:00:00+00:00,1,2062.0,2045.3,5.526618608142753,4.539896121844945,1.1746436830906002,-98.00907056092001,False
ETH,test,2026-03-13 01:00:00+00:00,2026-03-13 18:00:00+00:00,1,2118.26,2101.74,5.333565520488247,4.501529299292081,0.9163506958080763,-93.5283823935697,False
ETH,test,2026-03-15 22:00:00+00:00,2026-03-17 05:00:00+00:00,1,2138.38,2310.24,5.239644084323585,4.661837093280717,2.831300083674601,892.9920951548938,True
ETH,test,2026-03-18 12:00:00+00:00,2026-03-20 02:00:00+00:00,-1,2267.87,2150.1,5.334230891625517,4.713294410454957,-0.11438234948256859,623.6134600457572,True
ETH,test,2026-03-22 00:00:00+00:00,2026-03-23 06:00:00+00:00,-1,2083.26,2068.29,6.106273663506483,5.070100085546068,-0.16714653071923208,86.50796318786888,True
ETH,test,2026-03-23 12:00:00+00:00,2026-03-24 05:00:00+00:00,1,2133.27,2135.05,6.003676813260575,5.125122763115276,1.2328872055059985,4.3285347589826415,True
ETH,test,2026-03-26 06:00:00+00:00,2026-03-27 08:00:00+00:00,-1,2118.41,2064.92,6.047834069034498,5.060017139202817,0.8231486161572537,317.6154785972867,True
ETH,test,2026-03-27 11:00:00+00:00,2026-03-28 05:00:00+00:00,-1,1989.7,1989.82,6.5986870627635605,5.2519214280017685,1.9213180479153706,-7.965081923448452,False
ETH,test,2026-03-29 23:00:00+00:00,2026-03-30 01:00:00+00:00,-1,1972.74,1996.37,6.651379587202169,5.280011446672,0.12560117553175779,-162.57771226779187,False
ETH,test,2026-03-30 03:00:00+00:00,2026-03-30 18:00:00+00:00,1,2029.15,2040.74,6.386351356276971,5.198349504279616,1.390986495284874,67.42847621968576,True
ETH,test,2026-04-02 02:00:00+00:00,2026-04-02 20:00:00+00:00,-1,2098.09,2064.45,6.208643733495275,5.1687455772846835,2.0993858099955367,201.59064380750533,True
ETH,test,2026-04-04 20:00:00+00:00,2026-04-05 02:00:00+00:00,1,2063.82,2056.17,6.409417475659993,5.281347181108883,-0.2917620955240416,-54.021628774384226,False
ETH,test,2026-04-05 07:00:00+00:00,2026-04-05 16:00:00+00:00,-1,2036.81,2052.91,6.467889663661423,5.290371543053879,1.011214925732049,-110.4346100537332,False
ETH,test,2026-04-05 23:00:00+00:00,2026-04-06 18:00:00+00:00,1,2085.01,2133.71,6.265402916910944,5.286396118726108,1.896897790734794,297.9418281440994,True
ETH,test,2026-04-06 23:00:00+00:00,2026-04-07 10:00:00+00:00,-1,2103.91,2127.36,6.350732476167036,5.37433276088626,1.424428052191877,-155.72343737919437,False
ETH,test,2026-04-07 23:00:00+00:00,2026-04-08 15:00:00+00:00,1,2219.42,2194.26,5.9500437621330775,5.252317830410304,2.5056431052702575,-157.46106199094902,False
ETH,test,2026-04-09 18:00:00+00:00,2026-04-10 00:00:00+00:00,1,2222.09,2188.99,5.872032664996667,5.1804011695827,0.35512451549948176,-199.89980689647382,False
ETH,test,2026-04-10 15:00:00+00:00,2026-04-11 06:00:00+00:00,1,2241.51,2231.71,5.731977665799381,5.128079426841421,0.8522928772822175,-62.153753428960044,False
ETH,test,2026-04-11 19:00:00+00:00,2026-04-12 02:00:00+00:00,1,2304.06,2217.65,5.549391727748849,5.018548013855849,0.22216970997351515,-484.7636569186052,False
ETH,test,2026-04-13 15:00:00+00:00,2026-04-14 15:00:00+00:00,1,2232.79,2351.35,5.509415505855189,5.051186399402201,2.529432342167424,645.615683632619,True
ETH,test,2026-04-16 14:00:00+00:00,2026-04-16 19:00:00+00:00,-1,2306.7,2342.23,5.612773022478444,5.218677777478142,0.33972400908053224,-204.98022727521493,False
ETH,test,2026-04-17 14:00:00+00:00,2026-04-18 04:00:00+00:00,1,2436.07,2403.65,5.2305571283566605,5.06288638905006,-1.0195392686699392,-173.6180092217037,False
ETH,test,2026-04-22 03:00:00+00:00,2026-04-23 00:00:00+00:00,1,2369.46,2372.85,5.304324738317637,5.030950449954222,0.6734388748330764,12.277271538108835,True
ETH,test,2026-04-23 03:00:00+00:00,2026-04-23 23:00:00+00:00,-1,2350.6,2330.46,5.352106936948956,5.0107067396548555,0.6362916603436931,102.14443531015604,True
ETH,test,2026-04-26 06:00:00+00:00,2026-04-27 06:00:00+00:00,1,2326.69,2321.55,5.451008514801014,5.0675191637677335,0.04273979107656999,-33.12844272092116,False
ETH,test,2026-04-29 04:00:00+00:00,2026-04-29 14:00:00+00:00,1,2310.52,2301.82,5.474818897296474,5.050345238551284,0.4547149897298067,-53.13598463476046,False
ETH,test,2026-05-01 04:00:00+00:00,2026-05-01 21:00:00+00:00,1,2281.96,2283.73,5.52005406490328,5.040571128717652,0.25369172671442247,4.476232839444492,True
ETH,test,2026-05-02 22:00:00+00:00,2026-05-03 02:00:00+00:00,1,2324.61,2302.54,5.42070231427471,5.016480542699245,-0.13503239964679664,-124.51634821909465,False
ETH,test,2026-05-04 03:00:00+00:00,2026-05-04 11:00:00+00:00,1,2373.99,2336.83,5.255499163251336,4.951542113645532,0.016994853747082584,-200.26288587381168,False
ETH,test,2026-05-06 10:00:00+00:00,2026-05-06 14:00:00+00:00,1,2411.9,2367.17,5.0898625866301375,4.864961918377299,-0.03996518843323391,-232.4945502299106,False
ETH,test,2026-05-08 18:00:00+00:00,2026-05-09 15:00:00+00:00,1,2304.19,2307.16,5.226888851380883,4.820602780963046,1.576466474808652,9.126790632828488,True
ETH,test,2026-05-09 18:00:00+00:00,2026-05-10 11:00:00+00:00,1,2328.71,2324.43,5.175771913675875,4.816718264480352,0.9206735026511105,-27.8896955576638,False
ETH,test,2026-05-10 16:00:00+00:00,2026-05-10 21:00:00+00:00,1,2346.94,2327.27,5.123685359463166,4.789836268811265,0.6307905533327551,-106.203517842785,False
ETH,test,2026-05-12 02:00:00+00:00,2026-05-13 02:00:00+00:00,-1,2309.87,2288.94,5.159934801393887,4.745911952799644,0.34718833745694555,102.90433510291768,True
ETH,test,2026-05-13 16:00:00+00:00,2026-05-14 06:00:00+00:00,-1,2235.39,2267.33,5.377890629732895,4.84302713926218,-0.10979056731218137,-176.50306328561783,False
ETH,test,2026-05-14 15:00:00+00:00,2026-05-15 02:00:00+00:00,1,2286.08,2274.57,5.181437163840722,4.726144280254038,0.6211574717750482,-64.98564350783272,False
ETH,test,2026-05-16 08:00:00+00:00,2026-05-17 04:00:00+00:00,-1,2193.43,2180.54,5.370672521122245,4.698232097442613,-1.2554292686690718,65.78516596848931,True
ETH,test,2026-05-18 00:00:00+00:00,2026-05-18 13:00:00+00:00,-1,2129.74,2150.22,5.562171623753911,4.761174412560358,-0.04329719853663733,-118.63115206849943,False
ETH,test,2026-05-21 11:00:00+00:00,2026-05-21 16:00:00+00:00,-1,2113.27,2131.46,5.549384717478199,4.711127958364248,-0.27675854122584853,-105.377677428065,False
ETH,test,2026-05-22 19:00:00+00:00,2026-05-23 15:00:00+00:00,-1,2099.01,2060.71,5.536881941713993,4.606375710117307,-1.5278429649286989,208.98404562246833,True
ETH,test,2026-05-23 21:00:00+00:00,2026-05-24 14:00:00+00:00,1,2144.99,2109.25,5.5156222686817,4.692956176063286,1.4213751268540893,-203.24267118560056,False
ETH,test,2026-05-24 22:00:00+00:00,2026-05-25 05:00:00+00:00,-1,2069.72,2105.38,5.618012068740679,4.6911524376398415,-0.5291868379555924,-204.5002759709805,False
ETH,test,2026-05-27 18:00:00+00:00,2026-05-28 17:00:00+00:00,-1,2051.01,2012.35,5.569554347830081,4.526220870959768,1.5098611688876293,209.28288904726833,True
ETH,test,2026-05-29 16:00:00+00:00,2026-05-29 19:00:00+00:00,1,2030.9,2010.23,5.7277534846571685,4.6293192878905245,0.31382214883780024,-123.33580596459251,False
ETH,test,2026-05-30 15:00:00+00:00,2026-05-31 08:00:00+00:00,1,2025.92,2023.11,5.680954206496629,4.6004708021462095,1.8239640731593727,-22.387916195562866,False
ETH,test,2026-05-31 15:00:00+00:00,2026-06-01 01:00:00+00:00,-1,2006.77,2014.8,5.724009642275941,4.603901091417531,-0.025249382063835576,-50.542449136833966,False
ETH,test,2026-06-01 08:00:00+00:00,2026-06-01 18:00:00+00:00,-1,1975.23,1989.83,5.789821124979499,4.591397629962243,-0.4953838343707988,-88.62740222029242,False
ETH,test,2026-06-02 15:00:00+00:00,2026-06-03 11:00:00+00:00,-1,1940.53,1883.92,5.847681292468018,4.472832943795862,-0.41370218708005235,326.978107209894,True
ETH,test,2026-06-03 21:00:00+00:00,2026-06-04 20:00:00+00:00,-1,1780.43,1775.97,6.557168260298274,4.6639826401849565,-1.1360006287341373,25.71698842947262,True
ETH,test,2026-06-05 03:00:00+00:00,2026-06-06 09:00:00+00:00,-1,1729.11,1581.84,6.766658034545131,4.48081328389544,1.7770316309322582,990.2678838326337,True
ETH,test,2026-06-07 02:00:00+00:00,2026-06-07 20:00:00+00:00,1,1589.33,1611.94,7.984851451835027,5.112333081443183,-2.282056225600532,177.70721447014876,True
ETH,test,2026-06-07 23:00:00+00:00,2026-06-09 01:00:00+00:00,1,1671.7,1661.94,7.697715602330031,5.132282528110297,-2.0179908378890445,-78.24399596896183,False
ETH,test,2026-06-14 13:00:00+00:00,2026-06-14 22:00:00+00:00,-1,1666.07,1717.92,7.676764587590048,5.1956189193517694,0.032353850829094845,-403.26821663673036,False
ETH,test,2026-06-14 22:00:00+00:00,2026-06-16 03:00:00+00:00,1,1717.92,1769.37,7.210323507386502,5.028897812814775,1.076505498314312,364.8657411439053,True
ETH,test,2026-06-17 09:00:00+00:00,2026-06-17 18:00:00+00:00,-1,1764.4,1788.6,7.227173373925031,5.135629399511127,-0.5263342975455668,-179.50689075094851,False
ETH,test,2026-06-18 16:00:00+00:00,2026-06-19 14:00:00+00:00,-1,1681.01,1702.23,7.4789072106664305,5.060587606283018,-0.6243610675124294,-163.13863754911108,False
ETH,test,2026-06-20 06:00:00+00:00,2026-06-21 08:00:00+00:00,1,1725.25,1731.16,7.192568713318804,4.972093285280449,2.5071984177176945,35.028789392717954,True
ETH,test,2026-06-22 00:00:00+00:00,2026-06-22 02:00:00+00:00,-1,1706.15,1743.07,7.293618944433949,5.031459267104093,0.16393999233853868,-274.4758106879417,False
ETH,test,2026-06-23 09:00:00+00:00,2026-06-24 01:00:00+00:00,-1,1647.16,1670.44,7.388190674468808,4.902212276323544,1.5404911648571324,-178.43978234281713,False
ETH,test,2026-06-24 14:00:00+00:00,2026-06-25 05:00:00+00:00,-1,1644.5,1634.07,7.291634155679675,4.781226598757342,0.003390773670723269,71.26712687131476,True
ETH,test,2026-06-25 14:00:00+00:00,2026-06-26 07:00:00+00:00,-1,1537.1,1570.17,7.847478690967757,4.876847022416676,0.468496007324372,-264.8614633400466,False
ETH,test,2026-06-27 16:00:00+00:00,2026-06-27 20:00:00+00:00,1,1604.72,1577.42,7.351748611936346,4.678858665597425,-0.18553956233465188,-205.19605620912262,False
ETH,test,2026-06-29 18:00:00+00:00,2026-06-30 02:00:00+00:00,1,1627.3,1593.05,7.123641600403964,4.588123845572181,0.19808943987256075,-248.7709380992801,False
ETH,test,2026-07-01 16:00:00+00:00,2026-07-05 01:00:00+00:00,1,1619.27,1772.0,7.005336378885603,4.751397420324675,7.37297782287149,1057.8006499040002,True
ETH,test,2026-07-06 13:00:00+00:00,2026-07-06 16:00:00+00:00,-1,1739.81,1787.99,7.127980462316052,5.029217894991714,-0.2371309049364656,-348.21818566444017,False
ETH,test,2026-07-10 02:00:00+00:00,2026-07-11 02:00:00+00:00,1,1766.93,1788.44,6.82150028720869,4.850591495226633,1.9290052002105162,139.95087448242157,True
ETH,test,2026-07-11 15:00:00+00:00,2026-07-12 00:00:00+00:00,1,1809.88,1786.81,6.736946304152801,4.846141480536668,0.5815663182445202,-160.84905903558683,False
ETH,test,2026-07-13 04:00:00+00:00,2026-07-14 00:00:00+00:00,-1,1779.74,1776.0,6.760659038918317,4.807829154208683,-0.5871524450674909,21.06418809641582,True
ETH,test,2026-07-14 13:00:00+00:00,2026-07-15 08:00:00+00:00,1,1860.5,1869.03,6.478516262306316,4.832364151151856,2.2001385689501913,48.22924099737065,True
ETH,test,2026-07-15 13:00:00+00:00,2026-07-16 08:00:00+00:00,1,1926.4,1909.71,6.281929374490382,4.81963441855526,1.2026172434160287,-110.86765292221753,False
ETH,test,2026-07-16 09:00:00+00:00,2026-07-17 18:00:00+00:00,-1,1885.39,1842.99,6.359766994678052,4.742325613523551,-1.7215027348761478,266.63329769570373,True
ETH,test,2026-07-18 18:00:00+00:00,2026-07-19 17:00:00+00:00,1,1851.95,1865.72,6.61857738696604,4.921137318840407,1.4063943049002727,84.81027899478067,True
ETH,test,2026-07-20 07:00:00+00:00,2026-07-20 11:00:00+00:00,-1,1848.72,1868.07,6.676016200823564,4.962670051011803,-0.06245613886987564,-134.0811273980744,False
ETH,test,2026-07-20 12:00:00+00:00,2026-07-20 14:00:00+00:00,1,1892.93,1861.68,6.449263070154979,4.842893523166917,-0.023148822261969126,-206.359215643246,False
ETH,test,2026-07-20 16:00:00+00:00,2026-07-21 18:00:00+00:00,1,1901.75,1917.83,6.310842291439578,4.820953399907356,2.5062014654122255,94.1511891810278,True
ETH,test,2026-07-23 13:00:00+00:00,2026-07-24 07:00:00+00:00,-1,1903.5,1887.32,6.354502504295374,4.817755036666599,0.20180516935887688,97.79629031347758,True
ETH,test,2026-07-24 14:00:00+00:00,2026-07-24 14:00:00+00:00,-1,1856.97,1856.97,6.566391383403999,4.877436722895889,-0.03820552226568251,-4.83923120063082,False
