pair,day,day_range_pct,captured_move_in_price_pct,share_of_day_captured,r,mfe_r,pnl,outcome,hours_held,big_day
BTC/USD,2025-07-28,2.0413472327987763,-0.0,-0.0,-0.0,2.7638880506526355,-2363.057340076192,break even,1.0833333333333333,True
BTC/USD,2025-07-29,1.8854172826439535,-0.0,-0.0,-0.0,3.949627386418977,-2069.7965314879734,break even,3.6666666666666665,False
BTC/USD,2025-07-31,2.8841219445830135,-0.03413419458260833,-0.011835211977329708,-1.0,0.6192098765430633,-12959.168363879624,stopped out,0.08333333333333333,True
BTC/USD,2025-08-01,2.91051274951381,0.47591345434659255,0.16351533056369263,4.0,10.296431462675399,7410.199031992119,target,0.5,True
BTC/USD,2025-08-01,2.91051274951381,0.5825809619519022,0.20016437380293908,4.0,4.011363501536334,8574.265143388908,target,0.6666666666666666,True
BTC/USD,2025-08-03,2.5180264371861174,-0.0,-0.0,-0.0,3.3617864391593035,-7103.420886590888,break even,0.5,True
BTC/USD,2025-08-04,1.360777489488928,-0.10593164248418978,-0.07784641008720308,-1.0,2.3205014900833714,-5857.878972520264,stopped out,0.08333333333333333,False
BTC/USD,2025-08-05,2.1763363639795075,0.4214396117012172,0.19364635847493725,4.0,4.7431922345475375,7346.049635260972,target,2.0,True
BTC/USD,2025-08-06,2.1320307737138746,-0.12041492693678792,-0.05647898164576305,-1.0,1.3270344296476884,-5572.622092242862,stopped out,0.3333333333333333,True
BTC/USD,2025-08-07,2.97405528228875,0.11669403900154808,0.03923734696408992,4.0,7.179205485578846,-311.118757314076,target,0.08333333333333333,True
BTC/USD,2025-08-07,2.97405528228875,0.1108629673371007,0.03727670026758334,4.0,4.520213517544181,-876.0206774947692,target,0.16666666666666666,True
BTC/USD,2025-08-07,2.97405528228875,-0.11145360041106246,-0.03747529545761869,-1.0,1.2211806498719977,-5374.99230163165,stopped out,0.16666666666666666,True
BTC/USD,2025-08-08,1.4913364736652965,-0.09699207622683202,-0.06503701742669249,-1.0,0.10392220077811472,-5429.744413822709,stopped out,0.08333333333333333,False
BTC/USD,2025-08-10,2.416936871274815,-0.010106388908370924,-0.0041814865040477045,-1.0,10.010585656117554,-29159.970032650377,stopped out,0.08333333333333333,True
BTC/USD,2025-08-14,5.872082766277067,-0.07380166663215774,-0.012568226567921557,-1.0,4.360665313715016,-3646.6848020099605,stopped out,0.16666666666666666,True
BTC/USD,2025-08-15,2.112726642750601,-0.04919739221731166,-0.02328620807908239,-1.0,3.492432833403114,-4399.901432448201,stopped out,0.5,True
BTC/USD,2025-08-16,0.6771988681499078,-0.05656291668609475,-0.08352482460672649,-1.0,1.0117187940154457,-3581.0006710510966,stopped out,0.16666666666666666,False
BTC/USD,2025-08-18,2.4239050967633684,-0.08494446672560353,-0.03504446887752725,-1.0,1.6200575052507045,-2508.0907454215535,stopped out,0.08333333333333333,True
BTC/USD,2025-08-20,1.939154153287048,-0.0723154765961241,-0.03729227842641731,-1.0,1.161182493383433,-2564.4299684283296,stopped out,0.4166666666666667,False
BTC/USD,2025-08-20,1.939154153287048,-0.04959768506805407,-0.025576968692242102,-1.0,1.6239926154724305,-3034.4061413329878,stopped out,0.08333333333333333,False
BTC/USD,2025-08-20,1.939154153287048,0.32957715056163556,0.16995923196872792,4.0,4.807521166635826,2022.0408690110996,target,0.08333333333333333,False
BTC/USD,2025-08-22,4.999606912639624,-0.11357383755685883,-0.022716553429376646,-1.0,0.18718697584953592,-1762.0327023809741,stopped out,0.3333333333333333,True
BTC/USD,2025-08-23,2.09387939003112,0.5069665864381873,0.2421183325323492,4.0,4.49281511647051,2451.7856143080207,target,4.75,True
BTC/USD,2025-08-25,4.7972708594370275,0.42815811869737824,0.08925035322012727,4.0,4.546070222935021,2523.2503249948277,target,0.75,True
BTC/USD,2025-08-25,4.7972708594370275,0.5215578382445741,0.10871969782956561,4.0,4.193359643733706,2932.5599667561964,target,0.25,True
BTC/USD,2025-08-26,3.2826282381376752,-0.0,-0.0,0.0,1.9338465746133877,-1014.3057624359643,break even,0.5833333333333334,True
BTC/USD,2025-08-27,2.0535227244500835,0.568864566725308,0.2770188807516826,4.0,4.03566003844557,3187.129970544806,target,0.9166666666666666,True
BTC/USD,2025-08-27,2.0535227244500835,0.7442222296581676,0.36241246361540225,4.0,4.137431448377311,3708.932422106524,target,0.4166666666666667,True
BTC/USD,2025-08-27,2.0535227244500835,-0.1546487599053521,-0.07530900830267936,-1.0,2.4383780405954316,-2162.6053467942825,stopped out,0.9166666666666666,True
BTC/USD,2025-08-29,4.557319308546962,0.28382349956735015,0.06227860730211668,4.0,4.575007485148242,2657.5659020372736,target,0.3333333333333333,True
BTC/USD,2025-08-29,4.557319308546962,0.6078016131045376,0.13336823074140194,4.0,9.822715702939336,3953.391994006656,target,0.08333333333333333,True
BTC/USD,2025-08-30,2.4884809886858243,-0.11138739865521352,-0.04476120137612046,-1.0,0.4101916616695364,-2807.261168204978,stopped out,0.16666666666666666,True
BTC/USD,2025-08-31,1.385369651435209,-0.054371984526583296,-0.03924727560637355,-1.0,1.8998176039680588,-4064.5407596483883,stopped out,0.08333333333333333,False
BTC/USD,2025-08-31,1.385369651435209,0.3342913794120843,0.24130121449229572,4.0,8.77387568486933,2932.0618071319172,target,0.08333333333333333,False
BTC/USD,2025-09-01,2.463329909719626,0.34469489028187195,0.13993046117038574,4.0,6.203643078099377,3210.9165377017725,target,0.25,True
BTC/USD,2025-09-02,3.08562650872869,-0.0,-0.0,0.0,3.0988590884653724,-2102.352640716214,break even,1.0,True
BTC/USD,2025-09-03,1.8225376742216868,-0.0486549333247557,-0.02669625655092905,-1.0,1.0318950031160057,-4390.85508810538,stopped out,0.08333333333333333,False
BTC/USD,2025-09-04,2.626545042865731,-0.03671882938304912,-0.013979897082970446,-1.0,6.391484436864733,-4844.019960113146,stopped out,0.08333333333333333,True
BTC/USD,2025-09-04,2.626545042865731,-0.10537205147836284,-0.04011812086169103,-1.0,2.280265547962914,-2115.675964358037,stopped out,0.08333333333333333,True
BTC/USD,2025-09-05,2.8477253019015207,-0.04639971230588007,-0.01629360538212637,-1.0,2.5520038167941808,-3320.4490491687898,stopped out,0.08333333333333333,True
BTC/USD,2025-09-07,1.2496741023475044,-0.08961818093289203,-0.0717132416880088,-1.0,0.8705707649160244,-1932.0833760705939,stopped out,0.16666666666666666,False
BTC/USD,2025-09-07,1.2496741023475044,-0.054428289975389774,-0.04355398729408459,-1.0,1.5217657093524444,-2461.6667570459213,stopped out,0.5833333333333334,False
BTC/USD,2025-09-08,2.0329799062824434,-0.057541914611535114,-0.02830422201110569,-1.0,2.698362934302535,-2141.932697977969,stopped out,0.5833333333333334,True
BTC/USD,2025-09-08,2.0329799062824434,-0.1647741511117705,-0.08105055569047927,-1.0,1.3034325035691248,-1088.2664004742594,stopped out,0.16666666666666666,True
BTC/USD,2025-09-10,3.1023737765601913,0.04646587552442655,0.014977523300221536,4.0,8.752184672495227,-3785.1563769475165,target,0.16666666666666666,True
BTC/USD,2025-09-10,3.1023737765601913,0.10939708123605081,0.035262379427841425,4.0,43.14861751382377,-190.05312628524894,target,0.08333333333333333,True
BTC/USD,2025-09-11,2.2429641158337,-0.06893973564910734,-0.030735995802359386,-1.0,0.6714613034623417,-1309.5667084726276,stopped out,0.25,True
BTC/USD,2025-09-11,2.2429641158337,0.3047371740699895,0.13586359760228264,4.0,4.351662952355781,1156.7507441187872,target,1.3333333333333333,True
BTC/USD,2025-09-11,2.2429641158337,0.25866145039593125,0.11532126108035745,4.0,4.3945141542938835,1012.7984027869276,target,0.16666666666666666,True
BTC/USD,2025-09-13,1.0749781125111246,-0.06466808122286924,-0.06015757946160044,-1.0,0.712089010293435,-1438.268823989792,stopped out,0.08333333333333333,False
BTC/USD,2025-09-13,1.0749781125111246,-0.02235640870449787,-0.020797082698059594,-1.0,4.9969318050263025,-2932.8578263018494,stopped out,0.08333333333333333,False
BTC/USD,2025-09-14,0.8817810738671616,-0.031062856074080894,-0.03522740166995288,-1.0,0.0,-1811.4513026284767,stopped out,0.08333333333333333,False
BTC/USD,2025-09-15,2.0211375498225705,-0.0,-0.0,-0.0,1.980107505439521,-390.0298333289937,break even,0.25,True
BTC/USD,2025-09-15,2.0211375498225705,-0.03172782425891685,-0.01569800346428779,-1.0,1.2481678903542732,-1465.1253538533936,stopped out,0.16666666666666666,True
BTC/USD,2025-09-15,2.0211375498225705,-0.0361647464629705,-0.01789326335861965,-1.0,3.081897090232683,-1132.9358137956146,stopped out,0.08333333333333333,True
BTC/USD,2025-09-16,2.0475098479184406,-0.0382497750839096,-0.018681118981085956,-1.0,2.0021845030113847,-944.7099431762,stopped out,0.5833333333333334,True
BTC/USD,2025-09-16,2.0475098479184406,0.5167083005217046,0.25235937255540214,4.0,6.082220308304876,613.2793334955369,target,0.75,True
BTC/USD,2025-09-16,2.0475098479184406,-0.08528824066413296,-0.041654618047790845,-1.0,1.7133262097385855,-481.223153438109,stopped out,0.25,True
BTC/USD,2025-09-18,1.599627680334394,-0.08160828750618981,-0.05101705134855507,-1.0,0.9263888743003108,-503.7090797270966,stopped out,0.16666666666666666,False
BTC/USD,2025-09-20,0.7296681976672201,-0.03077045637175467,-0.04217047758163109,-1.0,2.571635250162237,-925.1920998441822,stopped out,0.16666666666666666,False
BTC/USD,2025-09-20,0.7296681976672201,-0.0446886637803074,-0.06124518503503227,-1.0,2.0884242900453356,-593.4065447707299,stopped out,0.25,False
BTC/USD,2025-09-21,0.8852968798536,-0.00967028719586927,-0.010923213913809827,-1.0,4.616872961254986,-1920.7228289428062,stopped out,0.08333333333333333,False
BTC/USD,2025-09-21,0.8852968798536,-0.03995960228482577,-0.045136951450042186,-1.0,2.2777948959125465,-342.3777094590075,stopped out,0.3333333333333333,False
BTC/USD,2025-09-22,3.4216302506836787,-0.14640894994752943,-0.04278923765017431,-1.0,1.3251486578128782,-136.870258525859,stopped out,0.3333333333333333,True
BTC/USD,2025-09-23,1.812649562442547,-0.0733469149352202,-0.040463924442397554,-1.0,0.9750779569974054,-187.4930575966277,stopped out,0.16666666666666666,False
BTC/USD,2025-09-23,1.812649562442547,0.3615595644894873,0.19946467975987892,4.0,4.340429716308979,174.78188510279483,target,0.3333333333333333,False
BTC/USD,2025-09-24,2.594222700328366,-0.10032294031220622,-0.038671676220976614,-1.0,1.7107261926208146,-155.34953660616486,stopped out,0.08333333333333333,True
BTC/USD,2025-09-24,2.594222700328366,-0.027870011749771918,-0.010743106883709037,-1.0,2.8612611460905537,-350.6894037046881,stopped out,0.08333333333333333,True
BTC/USD,2025-09-24,2.594222700328366,-0.0,-0.0,-0.0,2.0212310172225076,-63.747245290935396,break even,0.8333333333333334,True
BTC/USD,2025-09-24,2.594222700328366,-0.07030261396430766,-0.027099683444836497,-1.0,2.7354939523416357,-145.19291204001493,stopped out,0.16666666666666666,True
BTC/USD,2025-09-25,4.330817396444219,-0.13104547141683143,-0.030258830936724598,-1.0,2.1325797269981006,-94.38498764702209,stopped out,0.5,True
BTC/USD,2025-09-25,4.330817396444219,-0.05433900567102506,-0.012547055370110879,-1.0,3.843713780772287,-149.02249808651865,stopped out,0.16666666666666666,True
BTC/USD,2025-09-26,1.5941459086494199,-0.15506241331103576,-0.09726990012000003,-1.0,0.8536188141158958,-74.43181684310511,stopped out,0.16666666666666666,False
BTC/USD,2025-09-28,2.900043918606457,-0.022922976571630983,-0.007904354973577794,-1.0,2.604982312790178,-247.815609350241,stopped out,0.08333333333333333,True
BTC/USD,2025-09-28,2.900043918606457,0.1967114511066638,0.06783050761561864,4.0,4.124536748929491,50.23321959348641,target,0.4166666666666667,True
BTC/USD,2025-09-28,2.900043918606457,0.2616277370222777,0.09021509479345965,4.0,4.076296298876325,73.05534084526971,target,0.6666666666666666,True
BTC/USD,2025-09-30,1.8720266089461974,-0.13424059264474142,-0.07170869901272836,-1.0,2.6522969593260437,-68.1608999363101,stopped out,0.25,False
BTC/USD,2025-10-02,2.3183208220205125,-0.10636828675589077,-0.04588160781957107,-1.0,3.0978698294685225,-72.24205833623057,stopped out,0.08333333333333333,True
BTC/USD,2025-10-06,2.5433458637266027,-0.05898193304472413,-0.02319068510733403,-1.0,1.847689784234342,-96.4458119778454,stopped out,0.08333333333333333,True
BTC/USD,2025-10-06,2.5433458637266027,-0.2026608056986645,-0.07968275514118182,-1.0,1.9877774557124626,-45.973841162253436,stopped out,0.5833333333333334,True
BTC/USD,2025-10-07,3.6887101650671843,-0.08707159975584829,-0.023604890560509083,-1.0,1.3794445574398677,-65.40777346819135,stopped out,1.0,True
BTC/USD,2025-10-08,2.600553068782507,-0.22395861485002475,-0.08611960953170426,-1.0,1.5021506317025919,-39.212385775794054,stopped out,0.4166666666666667,True
BTC/USD,2025-10-09,3.238539135849563,0.015475711392686118,0.0047786087317504,4.0,82.28331760502095,-658.6668116349035,target,0.08333333333333333,True
BTC/USD,2025-10-10,15.830203873145885,0.3247445797286557,0.020514238624528863,4.0,4.714806209484124,11.551899542038875,target,0.25,True
BTC/USD,2025-10-10,15.830203873145885,-0.14302355774464454,-0.009034852544588355,-1.0,0.9311877672251806,-9.072927049692588,stopped out,0.5833333333333334,True
BTC/USD,2025-10-10,15.830203873145885,1.074175112254462,0.06785605042501545,4.0,4.702633594424621,16.549475928469157,target,0.9166666666666666,True
BTC/USD,2025-10-11,3.362291021178648,-0.2841471906845627,-0.08450999300618396,-1.0,1.4795878541878342,-7.334777419777322,stopped out,0.16666666666666666,True
BTC/USD,2025-10-12,5.483643094868963,-0.10130864012243875,-0.01847469617729737,-1.0,3.533803928936566,-10.787853880609262,stopped out,0.6666666666666666,True
BTC/USD,2025-10-12,5.483643094868963,-0.24014251172054535,-0.043792513036679276,-1.0,1.5686701822606957,-6.918510323730435,stopped out,0.6666666666666666,True
BTC/USD,2025-10-13,2.061944772695682,0.14857782751754986,0.07205713241451503,4.0,16.707192440057675,3.369643716555741,target,0.08333333333333333,True
BTC/USD,2025-10-14,4.85731473164621,-0.1374466105604831,-0.02829683027640677,-1.0,2.4268920772695006,-8.442877518570938,stopped out,0.16666666666666666,True
BTC/USD,2025-10-16,4.09450119465655,-0.08174247193285976,-0.019963963385707693,-1.0,3.0626342735007266,-10.50091971359903,stopped out,0.08333333333333333,True
BTC/USD,2025-10-16,4.09450119465655,-0.241618520623434,-0.059010489712093286,-1.0,4.186893029731307,-5.894071626140594,stopped out,0.4166666666666667,True
BTC/USD,2025-10-17,5.381138283563105,1.668855935889624,0.3101306541382162,4.0,5.738199064672705,13.955875973689105,target,1.0833333333333333,True
BTC/USD,2025-10-19,3.1858091436643097,-0.09660109282357757,-0.030322310115686098,-1.0,4.685497043623766,-9.37548267165796,stopped out,0.5,True
BTC/USD,2025-10-20,5.05345017970114,0.7000563485431943,0.1385303750208527,4.0,5.948686834691305,12.912760937217058,target,0.08333333333333333,True
BTC/USD,2025-10-21,5.87336523131762,0.2728113707779771,0.046448902806743235,4.0,4.512557666213557,9.589733783845329,target,0.16666666666666666,True
BTC/USD,2025-10-22,2.7941338575672776,0.28117587107337155,0.10063078055901671,4.0,4.675686535408966,10.473284156211683,target,0.25,True
BTC/USD,2025-10-22,2.7941338575672776,-0.22911060635542965,-0.08199700445092692,-1.0,1.3456692375883015,-7.448955219069759,stopped out,0.08333333333333333,True
BTC/USD,2025-10-23,3.612608953092889,-0.13398823238500682,-0.037089049527570514,-1.0,1.2783444147805278,-8.844364491689,stopped out,0.16666666666666666,True
BTC/USD,2025-10-23,3.612608953092889,-0.17438428466636643,-0.04827101048871331,-1.0,1.8012609537830981,-7.8757243437701625,stopped out,0.25,True
BTC/USD,2025-10-23,3.612608953092889,-0.2162326038141274,-0.05985497091485715,-1.0,2.1615156624518135,-6.473597845217883,stopped out,0.16666666666666666,True
BTC/USD,2025-10-25,1.2440136234129444,0.280585003836239,0.22554817612564051,4.0,5.529483516835689,9.072963376599887,target,0.08333333333333333,False
BTC/USD,2025-10-25,1.2440136234129444,-0.03944537370231482,-0.03170815251532106,-1.0,4.538971428571468,-16.051239447124757,stopped out,0.16666666666666666,False
BTC/USD,2025-10-26,3.653271855506225,0.2647810336058418,0.07247777994040133,4.0,12.529392241722547,8.209981883331968,target,0.08333333333333333,True
BTC/USD,2025-10-27,2.27879464892752,-0.06824118615147555,-0.029946176231189687,-1.0,3.4423792648623373,-11.054079463788188,stopped out,0.25,True
BTC/USD,2025-10-27,2.27879464892752,-0.23109542469558134,-0.1014112547632771,-1.0,1.1257921342083714,-5.581815093365389,stopped out,1.0,True
BTC/USD,2025-10-29,4.020785509384843,-0.0,-0.0,0.0,1.9357426925274206,-2.2712985879522964,break even,1.25,True
BTC/USD,2025-10-29,4.020785509384843,0.29255740585150697,0.07276125651782568,4.0,5.398404208733508,8.101125146314622,target,0.4166666666666667,True
BTC/USD,2025-10-29,4.020785509384843,0.4653023617563499,0.11572424360123068,4.0,6.181674420736279,10.918349154778628,target,0.4166666666666667,True
BTC/USD,2025-10-30,5.047746959052098,-0.10709091515706265,-0.02121558707791742,-1.0,2.2612392551956617,-8.503652478201317,stopped out,0.08333333333333333,True
BTC/USD,2025-10-31,2.718525831091395,-0.19491095357059465,-0.07169729687370474,-1.0,1.8183199249349318,-6.065416843910985,stopped out,0.4166666666666667,True
BTC/USD,2025-11-01,1.2694926988943183,0.17515809482927205,0.13797487372855974,4.0,5.6138154844712345,4.484554047691461,target,0.08333333333333333,False
BTC/USD,2025-11-01,1.2694926988943183,0.30529631422207376,0.24048686100201733,4.0,4.550970599264466,8.986926704811873,target,0.16666666666666666,False
BTC/USD,2025-11-04,7.9636314630928595,0.5737428486025382,0.07204537920439025,4.0,4.336493144457687,12.568443650393183,target,0.08333333333333333,True
BTC/USD,2025-11-06,3.8520230011870265,0.6489440238815649,0.1684683667988453,4.0,4.0298310136062465,14.183220268055633,target,0.4166666666666667,True
BTC/USD,2025-11-06,3.8520230011870265,0.8234431445541678,0.21376901028379588,4.0,4.465587980080125,16.319816894589724,target,1.0833333333333333,True
BTC/USD,2025-11-06,3.8520230011870265,-0.28692871628205585,-0.07448779931834178,-1.0,1.455788664650623,-7.472066828453311,stopped out,0.25,True
BTC/USD,2025-11-06,3.8520230011870265,0.4659150701401238,0.12095334581245984,4.0,5.163708368118154,14.968151837089863,target,0.08333333333333333,True
BTC/USD,2025-11-08,1.9279254654028608,-0.0,-0.0,0.0,2.2528607157197427,-2.879819495863036,break even,0.8333333333333334,False
BTC/USD,2025-11-08,1.9279254654028608,-0.0,-0.0,0.0,3.4467445005658583,-3.658867946145927,break even,3.3333333333333335,False
BTC/USD,2025-11-09,4.052556024747324,-0.11095783609585907,-0.027379716756112525,-1.0,1.3181647402036667,-11.029594841366123,stopped out,0.08333333333333333,True
BTC/USD,2025-11-09,4.052556024747324,-0.08797176873089024,-0.021707724259376587,-1.0,2.5991355044585287,-11.745069307733875,stopped out,0.25,True
BTC/USD,2025-11-11,4.81425524628749,0.9637476394980297,0.20018623654016332,4.0,4.045536530766546,16.1482846228592,target,2.0,True
BTC/USD,2025-11-12,4.394878446858468,-0.0,-0.0,0.0,1.7354038227392974,-2.43687006542854,break even,1.1666666666666667,True
BTC/USD,2025-11-13,5.9677957482362824,0.6621480600846846,0.11095353929972811,4.0,5.695099484156349,16.447437728235897,target,0.5,True
BTC/USD,2025-11-15,3.971730049040452,0.6512150140379336,0.16396255686996236,4.0,4.225632246391447,17.995748741506457,target,0.4166666666666667,True
BTC/USD,2025-11-15,3.971730049040452,-0.0,-0.0,-0.0,1.3047323281896341,-2.246457408992162,break even,4.0,True
BTC/USD,2025-11-19,5.916543998863665,-0.05922358227440928,-0.010009827068941563,-1.0,8.536225259406537,-18.140750251361183,stopped out,0.08333333333333333,True
BTC/USD,2025-11-21,10.587190276846293,-0.4748983812299118,-0.04485594088815926,-1.0,0.9972111153371627,-6.822788753876142,stopped out,0.08333333333333333,True
BTC/USD,2025-11-25,4.939126196711197,1.145904481582436,0.23200550784579194,4.0,4.436828141829339,18.763719814598222,target,0.8333333333333334,True
BTC/USD,2025-11-27,2.1042943774326277,-0.0,-0.0,-0.0,3.5727424248895447,-5.46619006482176,break even,0.8333333333333334,True
BTC/USD,2025-11-30,1.9044027204739127,0.22695693470148892,0.11917486373103398,4.0,4.775134675907717,10.615061542044478,target,0.16666666666666666,False
BTC/USD,2025-11-30,1.9044027204739127,-0.10163507365809206,-0.053368477457751196,-1.0,1.6708629223155183,-13.001258364669592,stopped out,0.5,False
BTC/USD,2025-12-02,7.391296517423848,-0.1481153198914487,-0.02003915274435135,-1.0,2.207051574845242,-10.084494365472525,stopped out,0.3333333333333333,True
BTC/USD,2025-12-03,4.95613446706177,-0.12371170029978562,-0.024961328455062628,-1.0,1.7688982022718236,-10.379101045946925,stopped out,0.08333333333333333,True
BTC/USD,2025-12-04,3.702665042609906,-0.16042600909488666,-0.04332717306283985,-1.0,2.067602808425181,-8.664180521644107,stopped out,0.16666666666666666,True
BTC/USD,2025-12-04,3.702665042609906,-0.28514233866187255,-0.0770100280150871,-1.0,0.5878288224969375,-6.671893140217239,stopped out,0.5,True
BTC/USD,2025-12-05,5.0239115237722105,0.8450364470113841,0.16820289191257243,4.0,11.317124894874652,15.419215315238237,target,0.08333333333333333,True
BTC/USD,2025-12-06,2.2503468060505507,-0.11629373850059839,-0.05167814053723505,-1.0,1.3485283742163066,-10.077282280231136,stopped out,1.1666666666666667,True
BTC/USD,2025-12-07,4.53095343685821,-0.06814453308393909,-0.015039777837838674,-1.0,3.228658699302473,-12.860224743814182,stopped out,0.4166666666666667,True
BTC/USD,2025-12-09,5.625927203830746,-0.0,-0.0,-0.0,3.1592010902979486,-2.6261143872096944,break even,0.9166666666666666,True
BTC/USD,2025-12-09,5.625927203830746,-0.09058668924124973,-0.016101646174797358,-1.0,2.091335894153225,-9.746373735022,stopped out,0.16666666666666666,True
BTC/USD,2025-12-12,4.474340602320112,-0.08244655939907106,-0.018426527331495385,-1.0,1.2127642802480958,-9.576507355808955,stopped out,0.08333333333333333,True
BTC/USD,2025-12-19,5.015245741347485,-0.05230075643797781,-0.010428353690984993,-1.0,2.3143999044273604,-11.902783171480117,stopped out,0.08333333333333333,True
BTC/USD,2025-12-21,1.9111513949765342,0.2086120649175784,0.10915517497248814,4.0,6.106179702088515,5.516843101733387,target,0.3333333333333333,False
BTC/USD,2025-12-21,1.9111513949765342,-0.09384523914883866,-0.04910403194404749,-1.0,1.8218210835579223,-7.79466312926793,stopped out,5.166666666666667,False
BTC/USD,2025-12-21,1.9111513949765342,-0.05271477192040422,-0.027582729478661458,-1.0,4.072167149774717,-10.442555194150188,stopped out,0.16666666666666666,False
BTC/USD,2025-12-22,3.0354680318853413,-0.16919447930966283,-0.05573917350879675,-1.0,1.6486932362298246,-4.90997562186757,stopped out,0.25,True
BTC/USD,2025-12-22,3.0354680318853413,0.3703142573868253,0.12199576918516306,4.0,4.416386246370197,7.359935554671076,target,0.08333333333333333,True
BTC/USD,2025-12-22,3.0354680318853413,-0.20037929238495497,-0.06601265118924629,-1.0,2.8874388684752232,-4.710232816857605,stopped out,0.16666666666666666,True
BTC/USD,2025-12-25,1.90099112054013,-0.13569792637212857,-0.07138272499325121,-1.0,1.2261917273795158,-5.285425225042517,stopped out,1.3333333333333333,False
BTC/USD,2025-12-26,3.3555719779314295,-0.0,-0.0,0.0,3.0883253293686295,-1.5898693478560537,break even,5.916666666666667,True
BTC/USD,2025-12-28,2.307306042456104,-0.058864781283762616,-0.025512342186345443,-1.0,2.40741421509349,-7.898002275256948,stopped out,0.8333333333333334,True
BTC/USD,2025-12-29,4.114022499733215,-0.0,-0.0,0.0,2.3704696573341333,-2.740768221634787,break even,0.16666666666666666,True
BTC/USD,2025-12-29,4.114022499733215,-0.24585736282525245,-0.05976082115282445,-1.0,4.570367826430806,-3.3910497302992155,stopped out,0.75,True
BTC/USD,2025-12-29,4.114022499733215,-0.18133232885955075,-0.044076649768276605,-1.0,5.851421636140016,-3.7871767523260305,stopped out,0.08333333333333333,True
BTC/USD,2025-12-30,3.0018977637443607,-0.07235876402883724,-0.024104339895500607,-1.0,1.2724343572007644,-5.487340204937274,stopped out,0.08333333333333333,True
BTC/USD,2025-12-30,3.0018977637443607,-0.22700561552659587,-0.0756207017668199,-1.0,1.0272150877845398,-2.9024115835904007,stopped out,0.16666666666666666,True
BTC/USD,2025-12-31,2.2807947348142883,-0.0693548025805754,-0.03040817374835906,-1.0,1.1739573192340849,-4.947937194671365,stopped out,0.3333333333333333,True
BTC/USD,2026-01-02,3.9143024526133807,-0.44048234668947917,-0.11253150517160254,-1.0,1.1571716764044082,-2.115809935448376,stopped out,0.25,True
BTC/USD,2026-01-02,3.9143024526133807,1.118608743270471,0.28577473427574124,4.0,6.1231707427027535,5.935157678412779,target,0.5833333333333334,True
BTC/USD,2026-01-03,1.6057978402663846,-0.08089394283159171,-0.050376168657800834,-1.0,1.6133347962340228,-4.41628973421341,stopped out,0.4166666666666667,False
BTC/USD,2026-01-03,1.6057978402663846,-0.036303915435682066,-0.022608023578895606,-1.0,3.0651484577618793,-7.0870747254355875,stopped out,0.25,False
BTC/USD,2026-01-04,1.3813444249150046,-0.05413904430621062,-0.039193008875785515,-1.0,2.9657100638128187,-4.609616965337494,stopped out,0.16666666666666666,False
BTC/USD,2026-01-04,1.3813444249150046,-0.0620288901191055,-0.04490472397781762,-1.0,3.967830301639069,-3.799248566016586,stopped out,1.9166666666666667,False
BTC/USD,2026-01-06,3.408262901867801,-0.07196977903516552,-0.02111626394657658,-1.0,1.2511348909540578,-3.1488797387759773,stopped out,0.08333333333333333,True
BTC/USD,2026-01-07,3.362845054553961,-0.08374246290582776,-0.024902266249949224,-1.0,1.5682398123566992,-2.6420206375635424,stopped out,0.16666666666666666,True
BTC/USD,2026-01-08,2.6033379512690145,-0.09671808503959065,-0.03715156727632875,-1.0,3.610016514519278,-2.255416914757305,stopped out,0.5,True
BTC/USD,2026-01-09,2.587961023955592,0.4630338151512806,0.17891838820800804,4.0,4.12474092742638,2.778888985102725,target,0.3333333333333333,True
BTC/USD,2026-01-10,0.5334358432247701,-0.01903588939912633,-0.03568543366724105,-1.0,2.8063635835805485,-7.469565171851142,stopped out,0.25,False
BTC/USD,2026-01-11,1.2955729782053207,-0.0124446927149619,-0.00960555130765446,-1.0,4.961892918208997,-8.49700854473986,stopped out,0.08333333333333333,False
BTC/USD,2026-01-14,6.013473044233874,-0.07457435538033763,-0.012401212216598291,-1.0,2.06941410338348,-1.4167017608233765,stopped out,0.25,True
BTC/USD,2026-01-14,6.013473044233874,-0.10158300338093136,-0.016892568177109574,-1.0,1.1582458102875544,-1.091510308007424,stopped out,0.4166666666666667,True
BTC/USD,2026-01-15,2.199291555193352,-0.1006738555544677,-0.04577558410422619,-1.0,1.3456041998303838,-1.0250243793749665,stopped out,0.3333333333333333,True
BTC/USD,2026-01-16,1.6746182411529733,-0.06532585855720258,-0.03900940342810656,-1.0,1.2376687301538736,-1.2395001911315384,stopped out,0.16666666666666666,False
BTC/USD,2026-01-17,0.663355215177527,-0.0,-0.0,-0.0,3.5756628102239696,-0.7054540047447061,break even,1.1666666666666667,False
BTC/USD,2026-01-18,2.072663290720122,-0.026348176509446687,-0.012712231951718665,-1.0,1.5984027153828253,-2.1028976418618277,stopped out,0.08333333333333333,True
BTC/USD,2026-01-18,2.072663290720122,-0.08622352558480524,-0.041600353502110755,-1.0,1.8764159937622749,-0.7542313468622013,stopped out,2.3333333333333335,True
BTC/USD,2026-01-19,3.4625641509131557,-0.13683446403544708,-0.03951824661482756,-1.0,2.2356151185379853,-0.5493184663015168,stopped out,1.1666666666666667,True
BTC/USD,2026-01-20,7.169347193649931,-0.13356086801425504,-0.018629432276979586,-1.0,0.8685584053418024,-0.5243084205022416,stopped out,0.08333333333333333,True
BTC/USD,2026-01-20,7.169347193649931,-0.1429233680138096,-0.019935339181285622,-1.0,1.430329901902429,-0.47908998564344163,stopped out,1.25,True
BTC/USD,2026-01-24,0.8850692526740156,-0.068023881779366,-0.07685712905950448,-1.0,1.9606803894983096,-0.6802604860380912,stopped out,0.8333333333333334,False
BTC/USD,2026-01-26,2.908555157434543,-0.07620431869115882,-0.02620005967443091,-1.0,2.9460028634840993,-0.5810468816768297,stopped out,0.16666666666666666,True
BTC/USD,2026-01-26,2.908555157434543,-0.10781104907151697,-0.03706687452563576,-1.0,1.9672653464552152,-0.4399519739306178,stopped out,0.16666666666666666,True
BTC/USD,2026-01-26,2.908555157434543,-0.08796630364495943,-0.030243986750641196,-1.0,1.411196567645563,-0.4610378360953779,stopped out,0.75,True
BTC/USD,2026-01-27,2.543238736000804,0.25538843187614324,0.10041858369841317,4.0,4.130128301753545,0.3834446278151734,target,0.08333333333333333,True
BTC/USD,2026-01-27,2.543238736000804,-0.08409206302837646,-0.03306495054436363,-1.0,1.1578685478110222,-0.46764688211353966,stopped out,0.16666666666666666,True
BTC/USD,2026-01-28,2.022400794307363,-0.08464974810201124,-0.041856069449874946,-1.0,1.7671779242720125,-0.43189107264353466,stopped out,0.08333333333333333,True
BTC/USD,2026-01-28,2.022400794307363,-0.11273481885886455,-0.05574306496328006,-1.0,3.3110391963186214,-0.34200077910980087,stopped out,0.8333333333333334,True
BTC/USD,2026-01-30,5.64531158458425,1.5025985968949291,0.2661675222671679,4.0,4.58021752086985,0.5714951472441853,target,2.6666666666666665,True
BTC/USD,2026-01-31,11.260990987242787,-0.0,-0.0,-0.0,3.507605980810231,-0.19666615436672677,break even,1.0,True
BTC/USD,2026-02-01,6.501399823719909,0.5574398389731023,0.08574151014975598,4.0,5.025141191473942,0.522559263213427,target,0.25,True
BTC/USD,2026-02-03,7.920981884549521,-0.11483365115425294,-0.014497401058099215,-1.0,1.1307444187219688,-0.37287120747325264,stopped out,0.16666666666666666,True
BTC/USD,2026-02-04,6.839720301238661,-0.17883140937334285,-0.026146012043936476,-1.0,1.1948643087429855,-0.2859391446534829,stopped out,0.16666666666666666,True
BTC/USD,2026-02-05,15.000531196581747,0.6239332137073992,0.0415940746051432,4.0,6.863603682595256,0.5246600590729569,target,0.08333333333333333,True
BTC/USD,2026-02-09,4.6476471896816625,-0.10863943129831692,-0.023375145931797396,-1.0,3.7199691637698287,-0.37526618898001335,stopped out,0.08333333333333333,True
BTC/USD,2026-02-10,3.7434358231181077,-0.03461039741834538,-0.009245623286661966,-1.0,5.675603327569719,-0.7464579068278838,stopped out,0.08333333333333333,True
BTC/USD,2026-02-13,7.358546158574249,-0.14901274573977866,-0.020250297073443994,-1.0,2.273529039284643,-0.2610837371103738,stopped out,0.3333333333333333,True
BTC/USD,2026-02-14,2.8413307365484735,-0.04722892888578513,-0.016622115925566908,-1.0,3.1934065934061784,-0.4844959266453738,stopped out,0.3333333333333333,True
BTC/USD,2026-02-14,2.8413307365484735,0.6470616231841402,0.22773189156084056,4.0,5.141793034790802,0.39793416485843014,target,1.75,True
BTC/USD,2026-02-14,2.8413307365484735,-0.05429588580749985,-0.019109315613660718,-1.0,5.13976143141289,-0.43088503576716464,stopped out,0.08333333333333333,True
BTC/USD,2026-02-16,6.720318144791411,0.5517620145077005,0.08210355560850109,4.0,4.362841394391164,0.37916781498500574,target,1.0,True
BTC/USD,2026-02-21,4.819909327085008,0.8581253635882762,0.17803765700863391,4.0,7.4437713428190895,0.45598238799264196,target,0.5833333333333334,True
BTC/USD,2026-02-22,1.6515001477430649,-0.10963280062738479,-0.0663837667693876,-1.0,0.8823805485065264,-0.30650732626536836,stopped out,0.3333333333333333,False
BTC/USD,2026-02-28,12.14128858276028,-0.16025895886217897,-0.013199501664900271,-1.0,1.0488880467992603,-0.23978775820236742,stopped out,0.3333333333333333,True
BTC/USD,2026-03-04,10.15054267065192,-0.28079549406750254,-0.027663101686115903,-1.0,0.8521827729446936,-0.18540977296561942,stopped out,0.25,True
BTC/USD,2026-03-08,5.695771539752668,-0.12810032986734388,-0.02249042627031113,-1.0,1.6996905822044017,-0.24086096475535806,stopped out,0.08333333333333333,True
BTC/USD,2026-03-09,7.784897140839268,0.5922623059275794,0.07607837267631892,4.0,4.053134680926806,0.3732415696771708,target,0.16666666666666666,True
BTC/USD,2026-03-10,5.004450751388304,0.6910194782004395,0.13808098281489556,4.0,4.803834994323932,0.42381857956900376,target,0.3333333333333333,True
BTC/USD,2026-03-10,5.004450751388304,0.5362907174898016,0.10716275254402836,4.0,12.891431488920903,0.39808135123670685,target,0.08333333333333333,True
BTC/USD,2026-03-10,5.004450751388304,-0.09197733593879762,-0.018379107020542032,-1.0,3.272335923394473,-0.35267237355079994,stopped out,0.16666666666666666,True
BTC/USD,2026-03-11,3.3551093768982896,-0.19159597538422102,-0.057105731545880764,-1.0,1.510888859056555,-0.23159393041364382,stopped out,1.5,True
BTC/USD,2026-03-13,5.106428317594887,-0.2366464028794942,-0.04634284242551631,-1.0,4.887942167529771,-0.20412575003308875,stopped out,2.9166666666666665,True
BTC/USD,2026-03-14,1.6437183698211024,-0.14343619714738942,-0.08726324398443062,-1.0,1.4202627564827983,-0.23754244867013738,stopped out,0.16666666666666666,False
BTC/USD,2026-03-15,3.3365000124488624,-0.0944199051847298,-0.028299087316780564,-1.0,0.8894106104143222,-0.27755965784696973,stopped out,0.16666666666666666,True
BTC/USD,2026-03-17,3.4216996590103754,0.7168603243929411,0.20950416337834618,4.0,6.070804803212951,0.3789294866407853,target,0.16666666666666666,True
BTC/USD,2026-03-19,3.9512474495484695,-0.21996867689117175,-0.055670691268983614,-1.0,1.7146297811049187,-0.1935521007465792,stopped out,0.6666666666666666,True
BTC/USD,2026-03-19,3.9512474495484695,-0.39221330020201506,-0.09926315808108535,-1.0,1.285213186763626,-0.15593861444173956,stopped out,0.16666666666666666,True
BTC/USD,2026-03-20,2.828922258220457,-0.32062488581270376,-0.11333817494666465,-1.0,3.1866948802759043,-0.15767237158517036,stopped out,4.916666666666667,True
BTC/USD,2026-03-21,3.4614296401612625,0.39810288218457063,0.11501111493516408,4.0,6.080494883152458,0.30709061346529254,target,0.9166666666666666,True
BTC/USD,2026-03-23,6.4560407408275235,-0.16147202828450466,-0.025010998964639042,-1.0,0.9613688281726729,-0.20785422236165452,stopped out,0.16666666666666666,True
BTC/USD,2026-03-23,6.4560407408275235,-0.17904490728437622,-0.027732927109971516,-1.0,1.0432736062316854,-0.18873013125580188,stopped out,0.08333333333333333,True
BTC/USD,2026-03-24,3.5071337309098856,-0.0,-0.0,0.0,3.092513245795565,-0.08431612030608286,break even,1.0,True
BTC/USD,2026-03-27,6.3185824837251765,-0.25485344162928597,-0.04033395817585891,-1.0,2.2244618453568794,-0.1541317544216671,stopped out,1.5,True
BTC/USD,2026-03-28,2.078542980542957,-0.06382786366513062,-0.03070798355512355,-1.0,1.97944995278554,-0.2886035616793364,stopped out,0.16666666666666666,True
BTC/USD,2026-03-28,2.078542980542957,0.43371257030765625,0.20866182434888203,4.0,4.438414021415303,0.2645017546874972,target,0.4166666666666667,True
BTC/USD,2026-03-28,2.078542980542957,-0.0,-0.0,0.0,3.6513114404811446,-0.05806591924597674,break even,2.5,True
BTC/USD,2026-03-30,4.040376452144857,2.115031699903718,0.5234739200553804,4.0,4.961803125181534,0.3684396145084852,target,2.4166666666666665,True
BTC/USD,2026-03-30,4.040376452144857,-0.41686810807712377,-0.10317556124153406,-1.0,0.35846002312597625,-0.12580617752959544,stopped out,0.5,True
BTC/USD,2026-03-31,3.942553250470141,-0.29560103448657693,-0.07497705565583095,-1.0,1.6527673407941472,-0.14759147225374278,stopped out,1.0833333333333333,True
BTC/USD,2026-04-01,2.8399216192200645,-0.12609785364887988,-0.0444018781347601,-1.0,1.7557358538883945,-0.19628177694275112,stopped out,0.9166666666666666,True
BTC/USD,2026-04-01,2.8399216192200645,0.13545492907551887,0.04769671393702733,4.0,19.731942215085947,0.042749048343296625,target,0.08333333333333333,True
BTC/USD,2026-04-01,2.8399216192200645,-0.1412862614191323,-0.0497500566434415,-1.0,4.0673420646757785,-0.17508989624565655,stopped out,0.25,True
BTC/USD,2026-04-01,2.8399216192200645,0.6875334617244949,0.24209592865922622,4.0,4.389045684070785,0.2992323839072983,target,0.4166666666666667,True
BTC/USD,2026-04-03,1.5559985859903556,-0.11557018872209342,-0.07427396770321341,-1.0,1.3946803392750082,-0.20320762246905397,stopped out,0.08333333333333333,False
BTC/USD,2026-04-05,3.7004272667010913,0.08547791493368379,0.023099471702327724,4.0,5.984116214337433,-0.15177890244823244,target,0.08333333333333333,True
BTC/USD,2026-04-07,7.3787555811610535,0.3168731367702346,0.042943980632622385,4.0,7.976144301554121,0.22095288151730574,target,0.08333333333333333,True
BTC/USD,2026-04-07,7.3787555811610535,-0.0,-0.0,-0.0,2.4140073178158903,-0.06552059344282116,break even,0.4166666666666667,True
BTC/USD,2026-04-08,2.989639351006944,-0.09274621004266288,-0.031022541234421778,-1.0,1.711731713455891,-0.2149552624034453,stopped out,0.08333333333333333,True
BTC/USD,2026-04-10,2.8174799904650394,0.7528264253434755,0.26719849932961465,4.0,4.5552174210824825,0.2931030563491323,target,0.25,True
BTC/USD,2026-04-10,2.8174799904650394,0.5404773694157496,0.19183006489658908,4.0,4.4372450166759725,0.2985856137993349,target,2.1666666666666665,True
BTC/USD,2026-04-15,2.5469473654408388,0.29477506331971526,0.11573661368879293,4.0,5.398467749335404,0.24866507496052428,target,0.6666666666666666,True
BTC/USD,2026-04-15,2.5469473654408388,-0.1453068735869981,-0.05705138455495629,-1.0,2.86397472236431,-0.2053495516046702,stopped out,0.08333333333333333,True
BTC/USD,2026-04-16,2.970390316195224,-0.11647173970435444,-0.03921092089121245,-1.0,2.110626762464771,-0.21584475404009848,stopped out,1.0833333333333333,True
BTC/USD,2026-04-16,2.970390316195224,-0.21598222063567618,-0.07271173066317023,-1.0,1.591934387844268,-0.15526938242158334,stopped out,0.08333333333333333,True
BTC/USD,2026-04-20,3.833282008697302,0.20605798637529263,0.05375497704258892,4.0,4.171243563739047,0.15859780149025365,target,0.16666666666666666,True
BTC/USD,2026-04-20,3.833282008697302,-0.1484563781830805,-0.03872826936454168,-1.0,1.4813786862773093,-0.17208667494251248,stopped out,0.4166666666666667,True
BTC/USD,2026-04-21,2.773882805142277,0.7452608393572282,0.26867062947852355,4.0,4.288297906074648,0.3177415599493577,target,0.5,True
BTC/USD,2026-04-24,1.7085388001005724,-0.06447968443523877,-0.03773966645149832,-1.0,3.631822570851437,-0.29847712754599376,stopped out,0.08333333333333333,False
BTC/USD,2026-04-25,0.9336604525427602,-0.13377017918475664,-0.14327497627262967,-1.0,0.9496195883059161,-0.18086672348523447,stopped out,0.6666666666666666,False
BTC/USD,2026-04-25,0.9336604525427602,-0.08657822541107864,-0.09272988394794786,-1.0,0.992575133025957,-0.21456073439118964,stopped out,0.16666666666666666,False
BTC/USD,2026-04-26,2.10192954786537,-0.11034768135032556,-0.05249827781449191,-1.0,2.0220003482906916,-0.17425296292302844,stopped out,1.25,True
BTC/USD,2026-04-26,2.10192954786537,0.1256197435759672,0.05976401240638215,4.0,5.117642857654093,0.013604818220343928,target,0.08333333333333333,True
BTC/USD,2026-04-27,3.885901720865565,-0.15337243094230862,-0.03946894233551169,-1.0,1.1711137655488184,-0.14017676755484615,stopped out,0.08333333333333333,True
BTC/USD,2026-04-28,2.4085026996158962,-0.0,-0.0,0.0,2.7473747809798073,-0.08293482733125722,break even,0.75,True
BTC/USD,2026-05-01,3.5125194288801973,0.23785189006564134,0.06771546602988308,4.0,4.600765264047606,0.14232612589531832,target,0.25,True
BTC/USD,2026-05-03,1.7155076551375765,0.34834354220474006,0.2030556617812378,4.0,5.271348851808363,0.19960198035254628,target,0.5833333333333334,False
BTC/USD,2026-05-04,3.2610956738115986,-0.06879237712901423,-0.021094866268860205,-1.0,3.404828497243677,-0.22567582908060854,stopped out,1.5,True
BTC/USD,2026-05-08,1.5742330945153342,-0.0,-0.0,-0.0,3.861367335270695,-0.06361832311479886,break even,1.5833333333333333,False
BTC/USD,2026-05-11,2.3671413823045446,-0.1792438277177528,-0.07572164005820764,-1.0,1.232978613493337,-0.12274627691539837,stopped out,0.25,True
BTC/USD,2026-05-12,2.41719305817315,-0.0691746627694391,-0.028617764946635853,-1.0,2.765106315179955,-0.1910502488946667,stopped out,0.08333333333333333,True
BTC/USD,2026-05-14,3.9876458028325152,-0.09163572313736956,-0.02297990535475308,-1.0,3.5287662657046854,-0.14808423223121353,stopped out,1.25,True
BTC/USD,2026-05-14,3.9876458028325152,-0.054104110600761604,-0.013567932879678087,-1.0,2.780124547428429,-0.19205456933042345,stopped out,0.5833333333333334,True
BTC/USD,2026-05-15,3.7472136157665585,-0.11427464866378113,-0.030495899188390477,-1.0,3.033844338669222,-0.11050705185665191,stopped out,0.3333333333333333,True
BTC/USD,2026-05-15,3.7472136157665585,0.2741691488683753,0.07316613809119317,4.0,6.652918804492478,0.1135902394077851,target,0.6666666666666666,True
BTC/USD,2026-05-16,1.9957712872414937,0.7193996907620188,0.36046199049008043,4.0,4.194724331720482,0.17978981560372528,target,1.6666666666666667,False
BTC/USD,2026-05-18,2.27996630861549,-0.1471171755955625,-0.06452603051178393,-1.0,3.481000237538818,-0.10782973757968865,stopped out,1.5,True
BTC/USD,2026-05-19,1.6622094713910454,-0.060396360675995964,-0.03633498768687219,-1.0,1.2343581286159426,-0.16776415698706953,stopped out,0.08333333333333333,False
BTC/USD,2026-05-19,1.6622094713910454,-0.12767069152435265,-0.07680782339515217,-1.0,1.3390799006682825,-0.09916453879989662,stopped out,0.16666666666666666,False
BTC/USD,2026-05-20,1.7653751204813417,0.5037371878769993,0.28534286114763635,4.0,6.836170466506816,0.1465403470515123,target,2.6666666666666665,False
BTC/USD,2026-05-21,1.9571095891736046,-0.07002189503192074,-0.03577821876673125,-1.0,1.3705679957319028,-0.14260772571416855,stopped out,0.16666666666666666,False
BTC/USD,2026-05-22,3.815939462336381,0.6281991004604969,0.1646250174199226,4.0,8.674654169294259,0.15601656855031776,target,3.25,True
BTC/USD,2026-05-24,1.8003821055399671,-0.08702160455194934,-0.04833507525106732,-1.0,0.7140725745987729,-0.12596422272330032,stopped out,0.08333333333333333,False
BTC/USD,2026-05-24,1.8003821055399671,0.1351573462210595,0.07507147832960902,4.0,4.399497827136856,0.021813013198205555,target,0.08333333333333333,False
BTC/USD,2026-05-27,2.558211108435093,-0.06249625221315487,-0.024429669626204163,-1.0,1.8139581508713207,-0.14550130035001343,stopped out,0.08333333333333333,True
BTC/USD,2026-05-28,2.7689251369353074,-0.0941312628572923,-0.03399559692013861,-1.0,3.425970048869247,-0.10339667322849545,stopped out,0.8333333333333334,True
BTC/USD,2026-05-30,1.2094319944321377,-0.0755029908563111,-0.06242847155020227,-1.0,3.252956335131756,-0.10966259811396875,stopped out,2.1666666666666665,False
BTC/USD,2026-05-31,1.3162329867894826,-0.06791210579976749,-0.051595809010543586,-1.0,3.089423723746152,-0.1080794706967901,stopped out,0.08333333333333333,False
BTC/USD,2026-06-01,4.689957958284017,-0.02721493856117216,-0.005802810772131032,-1.0,4.046979188989102,-0.19378119881226952,stopped out,0.08333333333333333,True
BTC/USD,2026-06-02,7.300231955692167,0.5718452795215463,0.0783324808022935,4.0,5.199416645427564,0.0946978661343455,target,0.3333333333333333,True
BTC/USD,2026-06-03,5.129407218916836,-0.2786430961607642,-0.0543226700998024,-1.0,2.0911279841670254,-0.04696268743853734,stopped out,1.5,True
BTC/USD,2026-06-04,6.2216919951881335,-0.31247550708194244,-0.05022355772732104,-1.0,2.136694970313189,-0.04348004898380255,stopped out,1.1666666666666667,True
BTC/USD,2026-06-05,7.531530978267186,1.3648087740663783,0.18121266154313637,4.0,4.826269941102445,0.10979961467330694,target,0.3333333333333333,True
BTC/USD,2026-06-06,3.7264867779298867,-0.20335004151136446,-0.05456883483813892,-1.0,1.6041420801086836,-0.05312558471588491,stopped out,0.16666666666666666,True
BTC/USD,2026-06-07,6.862013007994634,1.3810186054576663,0.20125560879128346,4.0,4.50945987544697,0.11613320316808795,target,2.9166666666666665,True
BTC/USD,2026-06-09,4.385527688692129,-0.21104517938787445,-0.048123098146670984,-1.0,2.3382725361343173,-0.05537252742688786,stopped out,1.9166666666666667,True
BTC/USD,2026-06-09,4.385527688692129,0.5146873979273153,0.11736042603365883,4.0,4.69980081967726,0.10309403916188221,target,0.25,True
BTC/USD,2026-06-10,3.3672351391889874,0.8163365076454775,0.242435254415317,4.0,4.01850589153857,0.1252462786563726,target,0.5,True
BTC/USD,2026-06-10,3.3672351391889874,-0.07080790887020445,-0.021028501409396324,-1.0,2.366514279814534,-0.10915278065299636,stopped out,0.08333333333333333,True
BTC/USD,2026-06-12,2.5585526373131895,-0.12779873591028684,-0.04994962153465485,-1.0,2.3955749462331575,-0.0721722980204666,stopped out,0.08333333333333333,True
BTC/USD,2026-06-14,3.315230859791652,-0.0,-0.0,0.0,2.9957871654735193,-0.03577253513023818,break even,1.3333333333333333,True
BTC/USD,2026-06-16,2.5141238717652876,0.2619031427775579,0.10417272820915664,4.0,11.076401654410688,0.07351990446926437,target,0.25,True
BTC/USD,2026-06-16,2.5141238717652876,-0.12185443004134078,-0.04846794997248123,-1.0,2.2508254102228653,-0.07182729331229762,stopped out,0.25,True
BTC/USD,2026-06-17,3.8540579376429203,0.3939292866668818,0.10221156325112295,4.0,4.765295197604111,0.09454798516059491,target,1.5,True
BTC/USD,2026-06-19,2.1489705908359826,-0.059943677303091726,-0.027894135712565854,-1.0,1.593257980045676,-0.11070698173759957,stopped out,0.08333333333333333,True
BTC/USD,2026-06-21,2.022432211559791,-0.04716514114071038,-0.023320999770041487,-1.0,3.7221322314049337,-0.11893574206743282,stopped out,0.08333333333333333,True
BTC/USD,2026-06-22,3.662861907844818,-0.5201609504070736,-0.14200943510674957,-1.0,0.2394044694745609,-0.03687832742342625,stopped out,0.08333333333333333,True
BTC/USD,2026-06-22,3.662861907844818,-0.20323059529613144,-0.055484099703805044,-1.0,0.8849812457086084,-0.04590969989369702,stopped out,0.16666666666666666,True
BTC/USD,2026-06-23,3.680251897807396,0.47338534610911803,0.12862851762705413,4.0,4.26879486585714,0.08200338207042006,target,0.6666666666666666,True
BTC/USD,2026-06-23,3.680251897807396,-0.20761391929856834,-0.05641296440123015,-1.0,0.5141674919201881,-0.0472590393262764,stopped out,0.08333333333333333,True
BTC/USD,2026-06-25,6.271507446082194,-0.4990439749113961,-0.07957320934429385,-1.0,3.656246369868559,-0.03538281892143235,stopped out,11.166666666666666,True
BTC/USD,2026-06-29,3.2060848918307068,-0.13904999978327579,-0.04337065438834242,-1.0,2.5345556012880577,-0.051179911444040216,stopped out,0.08333333333333333,True
BTC/USD,2026-06-29,3.2060848918307068,0.5093152627008326,0.1588589447517743,4.0,4.257463138033536,0.079219978371033,target,1.1666666666666667,True
BTC/USD,2026-06-29,3.2060848918307068,0.9414792642424541,0.2936538787982186,4.0,4.238587479935656,0.09874076451483474,target,0.6666666666666666,True
BTC/USD,2026-06-29,3.2060848918307068,-0.20392223996920322,-0.0636047537258945,-1.0,2.274076247303829,-0.04496943940977597,stopped out,0.08333333333333333,True
BTC/USD,2026-07-03,2.834358976936435,-0.10221771978860507,-0.036063787480825324,-1.0,1.8550413144194013,-0.06506802344488115,stopped out,0.08333333333333333,True
BTC/USD,2026-07-06,5.329655067884153,0.11795757015511464,0.022132308498895636,4.0,5.731968206923571,-0.002083761839358572,target,0.08333333333333333,True
BTC/USD,2026-07-07,2.622159197420552,-0.0,-0.0,0.0,2.669303745527301,-0.028181784898636188,break even,0.4166666666666667,True
BTC/USD,2026-07-09,2.904599208151994,-0.0,-0.0,-0.0,3.3674334989392585,-0.03437152768268493,break even,0.5833333333333334,True
BTC/USD,2026-07-11,1.1427111150962705,-0.04446193799253779,-0.038909167334730946,-1.0,2.775434167039401,-0.09633179263813298,stopped out,0.08333333333333333,False
BTC/USD,2026-07-14,4.593688437337947,0.2315904583804266,0.05041492507372437,4.0,4.432889379614794,0.044515273578585916,target,0.5833333333333334,True
BTC/USD,2026-07-15,1.7047707025471588,-0.0,-0.0,-0.0,2.8475268076782942,-0.01901754745128155,break even,3.25,False
BTC/USD,2026-07-15,1.7047707025471588,-0.18609584118204275,-0.10916180158656547,-1.0,1.2816431798955632,-0.03932064509207592,stopped out,0.4166666666666667,False
BTC/USD,2026-07-16,2.681022545542132,-0.13521100223621227,-0.050432624097486334,-1.0,1.8911674042162525,-0.042898562793151324,stopped out,0.08333333333333333,True
BTC/USD,2026-07-16,2.681022545542132,0.28432095838347066,0.10604944701275455,4.0,5.3623077928294505,0.052459451533371386,target,0.4166666666666667,True
BTC/USD,2026-07-16,2.681022545542132,-0.14073532287961082,-0.05249315158263714,-1.0,1.7069952029592392,-0.042637957608151485,stopped out,0.16666666666666666,True
BTC/USD,2026-07-17,3.004660807664268,-0.16838724427675916,-0.05604201440882717,-1.0,1.0984175813932062,-0.03722130851063911,stopped out,0.08333333333333333,True
BTC/USD,2026-07-18,1.5928124643215804,0.5154856088614505,0.3236323298618893,4.0,4.633857456326398,0.06320827277481915,target,1.6666666666666667,False
BTC/USD,2026-07-20,3.1729509487353598,0.6265128414735808,0.1974543103867677,4.0,4.131992966146417,0.07274311135413122,target,0.75,True
BTC/USD,2026-07-23,2.547199368100185,-0.2032707393373308,-0.07980166055432841,-1.0,0.5548590753662471,-0.039274092461754236,stopped out,0.8333333333333334,True
BTC/USD,2026-07-24,3.2815382965239164,-0.0,-0.0,-0.0,3.3330958208125523,-0.04554849157524435,break even,0.4166666666666667,True
BTC/USD,2026-07-24,3.2815382965239164,-0.0824038577368504,-0.025111350315228546,-1.0,1.8160509684090362,-0.054419958727205765,stopped out,0.08333333333333333,True
ETH/USD,2025-07-27,3.9021127071173387,-0.06593448424280421,-0.01689712450451307,-1.0,3.1332928187988216,-8484.170359811895,stopped out,0.25,True
ETH/USD,2025-07-27,3.9021127071173387,0.4414979263075529,0.11314330452379648,4.0,5.902074688796359,7983.76517350981,target,0.5,True
ETH/USD,2025-07-29,4.470999109771975,-0.2071849282603042,-0.046339738204705404,-1.0,0.4588325261279515,-4721.535489728731,stopped out,0.16666666666666666,True
ETH/USD,2025-07-30,4.074558552238593,0.6838498825920071,0.16783410370095056,4.0,4.063948100092925,9368.753959139049,target,0.5,True
ETH/USD,2025-07-30,4.074558552238593,-0.1818879402567058,-0.044639913238398596,-1.0,0.7779140661640308,-5194.8586149000985,stopped out,0.16666666666666666,True
ETH/USD,2025-07-30,4.074558552238593,0.8068904198514353,0.19803137186680594,4.0,4.136672408749633,10100.480672627915,target,1.6666666666666667,True
ETH/USD,2025-07-31,5.0337904362825805,0.6167484540917282,0.12252167862339391,4.0,4.694763301214693,10528.820515763913,target,2.5,True
ETH/USD,2025-07-31,5.0337904362825805,-0.0832450019995857,-0.016537240287075115,-1.0,0.0,-8008.544334695819,stopped out,0.16666666666666666,True
ETH/USD,2025-08-01,7.868315092555058,0.39077214754959794,0.04966401865621061,4.0,4.138559322033995,9259.030856569032,target,0.08333333333333333,True
ETH/USD,2025-08-02,4.81699867350314,0.11389278746255159,0.023643931664137988,4.0,19.503036437250575,-845.2426759633454,target,0.08333333333333333,True
ETH/USD,2025-08-03,4.835151550890436,-0.12755458585953802,-0.026380680009098725,-1.0,1.146136101499402,-7001.011832005181,stopped out,0.08333333333333333,True
ETH/USD,2025-08-03,4.835151550890436,0.24605097628938608,0.05088795536182803,4.0,7.135877152164189,6916.530105808883,target,0.16666666666666666,True
ETH/USD,2025-08-04,6.854887965156941,0.5057740801153358,0.07378298269587491,4.0,4.490685928420019,10959.352848428258,target,0.3333333333333333,True
ETH/USD,2025-08-05,4.758612752698199,-0.16366908535413224,-0.03439428544828104,-1.0,0.7248606279080699,-6816.9760533010085,stopped out,0.16666666666666666,True
ETH/USD,2025-08-06,3.7447213024771098,-0.14212930556946582,-0.0379545750108154,-1.0,1.7100901424832817,-6877.186989774693,stopped out,0.08333333333333333,True
ETH/USD,2025-08-07,7.442229768213892,-0.16157127056888818,-0.021710062118609475,-1.0,1.5091184770249801,-6137.214287278113,stopped out,0.08333333333333333,True
ETH/USD,2025-08-07,7.442229768213892,-0.20789509325966493,-0.027934516903468164,-1.0,1.0118335746207658,-5262.065889597113,stopped out,0.5,True
ETH/USD,2025-08-08,5.55985802943403,-0.0,-0.0,-0.0,1.9747459438762929,-955.0717152118019,break even,2.1666666666666665,True
ETH/USD,2025-08-08,5.55985802943403,-0.10970140127823957,-0.01973097167184442,-1.0,1.4882017900732054,-6599.209694005562,stopped out,0.08333333333333333,True
ETH/USD,2025-08-08,5.55985802943403,-0.23914848740318842,-0.043013416194645666,-1.0,3.0522841299180805,-4431.41380770046,stopped out,0.25,True
ETH/USD,2025-08-09,7.952779800619621,-0.11087251220651378,-0.013941353210593789,-1.0,0.7080718459209071,-5872.049680023137,stopped out,0.08333333333333333,True
ETH/USD,2025-08-09,7.952779800619621,-0.22646295354714066,-0.02847594919319863,-1.0,0.573116691285055,-4040.977252747809,stopped out,0.25,True
ETH/USD,2025-08-10,4.030771158052232,-0.22686940482733767,-0.05628436741543188,-1.0,0.6138685007441883,-3852.8260245137935,stopped out,0.08333333333333333,True
ETH/USD,2025-08-10,4.030771158052232,-0.2519997901242616,-0.06251900200805101,-1.0,0.4222579349135622,-3548.651000642374,stopped out,0.25,True
ETH/USD,2025-08-11,4.628495579978133,-0.3224010461849342,-0.06965568846593936,-1.0,0.48325428410467247,-3151.6723843933273,stopped out,0.6666666666666666,True
ETH/USD,2025-08-12,9.959662520014772,-0.0,-0.0,0.0,3.365121220654735,-1166.9642423228593,break even,0.8333333333333334,True
ETH/USD,2025-08-13,4.767278732325598,-0.08991845635482544,-0.018861589893016593,-1.0,0.9700757120534332,-5065.85919126254,stopped out,0.08333333333333333,True
ETH/USD,2025-08-14,6.961123441815928,-0.2522663119831237,-0.03623931023371075,-1.0,0.8999351043563305,-2974.061154085439,stopped out,0.5,True
ETH/USD,2025-08-14,6.961123441815928,-0.21795410921808528,-0.03131019167234136,-1.0,0.568192794359229,-2986.8759387240707,stopped out,0.16666666666666666,True
ETH/USD,2025-08-16,2.5988859505992115,-0.28481743535859494,-0.1095921255386086,-1.0,1.0451768045098961,-2609.659778156946,stopped out,1.0,True
ETH/USD,2025-08-16,2.5988859505992115,-0.17802306054723538,-0.06849975871630286,-1.0,1.3386634388735972,-2943.8729505978235,stopped out,0.5,True
ETH/USD,2025-08-18,5.724500910730863,-0.20125189659179463,-0.03515623453121265,-1.0,5.554846198491094,-2665.4852383856323,stopped out,0.08333333333333333,True
ETH/USD,2025-08-18,5.724500910730863,-0.0,-0.0,0.0,3.8733520157952057,-524.5479703447131,break even,1.3333333333333333,True
ETH/USD,2025-08-19,6.710137937910541,-0.0,-0.0,-0.0,3.1393413377219446,-1272.7862934998946,break even,0.25,True
ETH/USD,2025-08-20,7.6083075866804135,-0.0,-0.0,0.0,3.3339676498573936,-718.5825897183353,break even,1.1666666666666667,True
ETH/USD,2025-08-20,7.6083075866804135,-0.0,-0.0,0.0,2.5791825714549286,-952.4388061244542,break even,0.8333333333333334,True
ETH/USD,2025-08-21,3.089733542319751,-0.12027098327872657,-0.03892600498761065,-1.0,3.1007415968404755,-2969.3136512361116,stopped out,0.4166666666666667,True
ETH/USD,2025-08-21,3.089733542319751,-0.22189413273052744,-0.07181659184886566,-1.0,0.870211102423694,-2288.633051789193,stopped out,0.25,True
ETH/USD,2025-08-24,5.000944152390624,0.21701447985128605,0.04339470172798183,4.0,4.9131274131272775,2356.8777218498135,target,0.08333333333333333,True
ETH/USD,2025-08-24,5.000944152390624,-0.0,-0.0,0.0,2.240671742534611,-865.5192243699506,break even,1.0833333333333333,True
ETH/USD,2025-08-25,9.56051031602405,-0.1799063049655032,-0.0188176466546946,-1.0,1.4700352526439362,-2287.943590902827,stopped out,0.25,True
ETH/USD,2025-08-26,7.245130225931962,-0.6333811841907744,-0.08742164246044325,-1.0,0.7083190266149181,-1549.0694089605386,stopped out,0.08333333333333333,True
ETH/USD,2025-08-27,3.8978483666140984,-0.03599010828568971,-0.009233326928249096,-1.0,11.3681018799312,-5457.771070781845,stopped out,0.08333333333333333,True
ETH/USD,2025-08-27,3.8978483666140984,-0.19901840877147683,-0.05105853025892744,-1.0,1.0085609016037844,-1752.0764098945842,stopped out,0.16666666666666666,True
ETH/USD,2025-08-28,4.381080817066512,1.1395526432615062,0.2601076517060301,4.0,4.010284284205889,3715.1417356805623,target,2.5833333333333335,True
ETH/USD,2025-08-28,4.381080817066512,-0.17813441456664805,-0.040659924343948405,-1.0,1.0038653863853684,-1928.2953233578828,stopped out,0.08333333333333333,True
ETH/USD,2025-08-29,5.481686088370906,-0.19977300027109923,-0.03644371404172643,-1.0,1.7639587269293469,-1751.2525914850644,stopped out,0.08333333333333333,True
ETH/USD,2025-08-30,3.5570531334525346,-0.04373679495727536,-0.012295794669455415,-1.0,3.430854168510543,-3905.000810825546,stopped out,0.16666666666666666,True
ETH/USD,2025-08-30,3.5570531334525346,0.40275806306350864,0.11322801430086736,4.0,4.164853745139515,2585.880491784026,target,0.4166666666666667,True
ETH/USD,2025-08-31,2.803758918465774,0.24067850856141704,0.08584137066004131,4.0,4.376899696047594,1997.0732961053216,target,0.08333333333333333,True
ETH/USD,2025-08-31,2.803758918465774,-0.0,-0.0,0.0,1.6813509544785823,-837.767809344496,break even,0.16666666666666666,True
ETH/USD,2025-08-31,2.803758918465774,-0.07444669992948179,-0.026552461211686227,-1.0,0.0,-2710.4876704422695,stopped out,0.08333333333333333,True
ETH/USD,2025-09-01,6.189619736022581,-0.22175503301413668,-0.035826923538381274,-1.0,2.150037106226102,-1471.9210534388667,stopped out,0.75,True
ETH/USD,2025-09-02,3.6585241565251896,-0.05261564754014473,-0.014381659185248696,-1.0,1.6331527627299673,-2992.803574875305,stopped out,0.16666666666666666,True
ETH/USD,2025-09-04,4.842539190972834,-0.1717123561396314,-0.035459156729124065,-1.0,0.5411173476046988,-1395.0151804311963,stopped out,0.16666666666666666,True
ETH/USD,2025-09-04,4.842539190972834,-0.06564543917393514,-0.013555995436507227,-1.0,1.543016370602628,-2205.9536710665116,stopped out,0.5,True
ETH/USD,2025-09-05,5.387412353487684,-0.08853384060706682,-0.01643346282000339,-1.0,1.3178660374884013,-1680.4642775930429,stopped out,0.08333333333333333,True
ETH/USD,2025-09-05,5.387412353487684,-0.0,-0.0,0.0,4.272363264611001,-584.6772745420622,break even,1.0833333333333333,True
ETH/USD,2025-09-05,5.387412353487684,1.3228045600158072,0.24553616341608872,4.0,4.328916133170279,2340.10765829112,target,3.0,True
ETH/USD,2025-09-06,2.041780966742482,0.21534700872837265,0.1054701812956674,4.0,5.226925969699924,1257.2574430160114,target,0.4166666666666667,True
ETH/USD,2025-09-06,2.041780966742482,-0.09883067994484972,-0.04840415380231853,-1.0,0.0,-1668.2342103838855,stopped out,0.25,True
ETH/USD,2025-09-07,1.4175046984213775,0.35868441850568766,0.25303931542882446,4.0,4.852672750977941,1863.2119495663214,target,0.6666666666666666,False
ETH/USD,2025-09-07,1.4175046984213775,-0.0,-0.0,0.0,2.031482541499882,-641.8129420772949,break even,0.3333333333333333,False
ETH/USD,2025-09-07,1.4175046984213775,-0.10747697482113856,-0.07582124767616763,-1.0,0.7278132093829154,-1606.9020077200357,stopped out,0.08333333333333333,False
ETH/USD,2025-09-08,2.410389372203568,-0.09163572562430482,-0.03801698044350894,-1.0,3.5576427718796753,-1597.5526965389006,stopped out,0.08333333333333333,True
ETH/USD,2025-09-09,2.391247880849842,-0.16180744346363127,-0.06766652874403194,-1.0,0.4305363536458469,-1120.3371546943938,stopped out,0.08333333333333333,True
ETH/USD,2025-09-09,2.391247880849842,-0.0,-0.0,-0.0,1.3441821910038445,-274.8590994171206,break even,0.4166666666666667,True
ETH/USD,2025-09-10,3.9158903324793903,0.1634796177690808,0.04174775182367577,4.0,5.898507462686573,630.7172566435943,target,0.16666666666666666,True
ETH/USD,2025-09-10,3.9158903324793903,-0.1665514780027501,-0.042532212054390235,-1.0,1.632653061224409,-1067.1821720000098,stopped out,0.16666666666666666,True
ETH/USD,2025-09-11,3.2270918531325874,-0.2283370603814608,-0.07075629414136772,-1.0,0.589865753492672,-897.0274442397699,stopped out,0.16666666666666666,True
ETH/USD,2025-09-12,6.551488944215404,-0.2626982917584656,-0.040097494477253665,-1.0,1.660669508525622,-817.2318104519009,stopped out,0.08333333333333333,True
ETH/USD,2025-09-14,2.2761704223148715,-0.04074387857030511,-0.017900188039904532,-1.0,6.6040928768206015,-2120.383806856131,stopped out,0.08333333333333333,True
ETH/USD,2025-09-15,4.4158463072986605,-0.11999940285300312,-0.027174723598206767,-1.0,1.7067179371182852,-946.2371618457423,stopped out,0.3333333333333333,True
ETH/USD,2025-09-16,2.4182156852990953,-0.16889518868822634,-0.06984289685778655,-1.0,0.7510901281925018,-760.3187292670494,stopped out,0.08333333333333333,True
ETH/USD,2025-09-16,2.4182156852990953,-0.11391789070015558,-0.04710824240893373,-1.0,1.8333252178997832,-866.1847042117497,stopped out,2.25,True
ETH/USD,2025-09-16,2.4182156852990953,-0.3926010406535313,-0.16235154003848615,-1.0,1.0189577512971344,-516.1231382032545,stopped out,1.1666666666666667,True
ETH/USD,2025-09-18,1.933026910837195,-0.056101995765436494,-0.029022873634562435,-1.0,1.0367919018879626,-1194.5356158107068,stopped out,0.08333333333333333,False
ETH/USD,2025-09-19,3.9915199187835406,-0.14322442651762377,-0.03588217757441956,-1.0,1.201022921007782,-632.7030679422387,stopped out,0.6666666666666666,True
ETH/USD,2025-09-19,3.9915199187835406,0.6105904288108609,0.15297191075948458,4.0,5.1117814052518735,1102.9908039183933,target,1.3333333333333333,True
ETH/USD,2025-09-20,1.2084055842869998,-0.03230634914778777,-0.026734690378685737,-1.0,1.9287197231839608,-1692.1397394746193,stopped out,0.08333333333333333,False
ETH/USD,2025-09-20,1.2084055842869998,-0.08441366047818687,-0.06985540415885597,-1.0,0.4039735099339583,-745.1469155908685,stopped out,0.5833333333333334,False
ETH/USD,2025-09-20,1.2084055842869998,0.012295456694602818,0.010174941968558969,4.0,29.45818181822285,-10806.99921410865,target,0.08333333333333333,False
SOL/USD,2025-07-27,3.2201097979825404,-0.03677534321400927,-0.011420524615977293,-1.0,2.301470588234799,-13879.834096134364,stopped out,0.08333333333333333,True
SOL/USD,2025-07-27,3.2201097979825404,-0.06555836096086198,-0.02035904521079857,-1.0,3.7657841140529276,-7839.610079804859,stopped out,0.16666666666666666,True
SOL/USD,2025-07-27,3.2201097979825404,-0.0068075972785688246,-0.00211408855773611,-1.0,14.960784313713077,-48357.020268465545,stopped out,0.08333333333333333,True
SOL/USD,2025-07-28,6.764265155336646,0.501047357396237,0.0740726961303309,4.0,4.1827731092437945,2635.0108368723486,target,0.08333333333333333,True
SOL/USD,2025-07-28,6.764265155336646,-0.14699173805059654,-0.021730629222100773,-1.0,0.14058355437663997,-1862.9958648739462,stopped out,0.08333333333333333,True
SOL/USD,2025-07-28,6.764265155336646,-0.14460795540055332,-0.021378221001059565,-1.0,4.437104072398135,-1770.1687151578385,stopped out,0.08333333333333333,True
SOL/USD,2025-07-29,4.4212289827821865,-0.0,-0.0,-0.0,3.362499999999949,-265.38355038347817,break even,2.0,True
SOL/USD,2025-07-29,4.4212289827821865,-0.24368825466519672,-0.055117763774327026,-1.0,1.069819819819899,-1342.6847910421804,stopped out,0.08333333333333333,True
SOL/USD,2025-07-30,6.641217132699594,0.92403739205079,0.13913675363828637,4.0,4.244922341696299,2804.9400417273077,target,0.5833333333333334,True
SOL/USD,2025-07-30,6.641217132699594,-0.22846774483526397,-0.03440148699706705,-1.0,0.6307506053269214,-1431.1908146959283,stopped out,0.08333333333333333,True
SOL/USD,2025-07-30,6.641217132699594,0.5561739934048509,0.08374579272019243,4.0,5.72306143001042,2617.317502258926,target,0.75,True
SOL/USD,2025-08-01,7.695458308521305,1.1425057066149522,0.14846493357644952,4.0,5.149068322981312,3318.4333021950747,target,0.3333333333333333,True
SOL/USD,2025-08-01,7.695458308521305,1.088403182396213,0.14143448495991548,4.0,6.106521739130701,3646.0488906810524,target,0.4166666666666667,True
SOL/USD,2025-08-02,5.775088132332184,-0.18479888052470259,-0.031999317809557705,-1.0,1.05615194054499,-1976.8348810529455,stopped out,0.16666666666666666,True
SOL/USD,2025-08-02,5.775088132332184,-0.04551452097116425,-0.00788118205787171,-1.0,4.515151515151156,-4279.596653465907,stopped out,0.08333333333333333,True
SOL/USD,2025-08-03,4.3004983477830105,0.10568688705495577,0.024575497653531106,4.0,12.882352941170609,-1006.3430719301118,target,0.08333333333333333,True
SOL/USD,2025-08-03,4.3004983477830105,0.5670590789942997,0.13185892264942495,4.0,5.765864332603999,2845.997682472953,target,0.5833333333333334,True
SOL/USD,2025-08-04,5.317045440502242,-0.3128056809986741,-0.058830733063873694,-1.0,1.635089415176464,-1448.7356303931938,stopped out,0.16666666666666666,True
SOL/USD,2025-08-05,6.125015462004693,-0.21278416720526844,-0.034740184498346566,-1.0,0.7184466019417055,-1581.5935054172023,stopped out,0.08333333333333333,True
SOL/USD,2025-08-05,6.125015462004693,0.7841863623614016,0.1280301033076479,4.0,4.0481927710843975,3069.9708137602634,target,0.4166666666666667,True
SOL/USD,2025-08-05,6.125015462004693,-0.29414131299676155,-0.04802295028011085,-1.0,0.612968591692,-1477.9429509656734,stopped out,0.16666666666666666,True
SOL/USD,2025-08-05,6.125015462004693,-0.37489966189099655,-0.06120795354993168,-1.0,1.1613949716138594,-1318.5105713670325,stopped out,0.25,True
SOL/USD,2025-08-06,5.287835365853667,0.567176708513046,0.1072606594705282,4.0,4.1969860064581646,2854.3648842440152,target,0.16666666666666666,True
SOL/USD,2025-08-06,5.287835365853667,-0.0,-0.0,-0.0,3.909698996655525,-596.9345318262955,break even,1.5833333333333333,True
SOL/USD,2025-08-08,3.389835340428902,-0.1984351967343204,-0.05853829959457948,-1.0,1.8000000000000163,-1673.2803192754423,stopped out,0.4166666666666667,True
SOL/USD,2025-08-08,3.389835340428902,-0.14535293951623898,-0.04287905603634661,-1.0,7.90291262135942,-1822.6448937262735,stopped out,0.16666666666666666,True
SOL/USD,2025-08-09,4.130186481504526,-0.16320820704128058,-0.03951594141624032,-1.0,0.6363636363635021,-1627.8689780923632,stopped out,0.5,True
SOL/USD,2025-08-09,4.130186481504526,0.17120844628334844,0.04145295788702048,4.0,6.042904290429155,748.7664895597918,target,0.25,True
SOL/USD,2025-08-09,4.130186481504526,-0.18843113376666074,-0.04562291184925381,-1.0,2.537214443625771,-1484.839456000764,stopped out,1.5,True
SOL/USD,2025-08-10,4.747937773656252,-0.27760895947536224,-0.058469376118546613,-1.0,1.1232352941175816,-1221.2089309983223,stopped out,0.08333333333333333,True
SOL/USD,2025-08-10,4.747937773656252,-0.37366819930823525,-0.07870115766502221,-1.0,0.7026022304832521,-1069.618222313156,stopped out,0.25,True
SOL/USD,2025-08-11,7.141089515466747,-0.06674763921258886,-0.009346982567298932,-1.0,5.557377049181191,-2267.120211748646,stopped out,0.08333333333333333,True
SOL/USD,2025-08-11,7.141089515466747,-0.09409040908754734,-0.013175917888126,-1.0,3.886297376093006,-1663.6189885081287,stopped out,0.16666666666666666,True
SOL/USD,2025-08-11,7.141089515466747,-0.05685605081678106,-0.007961817408063244,-1.0,4.7846889952165395,-2135.4497999741907,stopped out,0.25,True
SOL/USD,2025-08-11,7.141089515466747,-0.10163309062052128,-0.014232154687375946,-1.0,2.5616438356163806,-1327.6919873879453,stopped out,0.25,True
SOL/USD,2025-08-12,11.404233675090587,-0.17862951781445163,-0.01566343893887572,-1.0,1.3642172523960698,-933.3351141486958,stopped out,0.16666666666666666,True
SOL/USD,2025-08-12,11.404233675090587,-0.12179571484936916,-0.010679868399697772,-1.0,3.2699530516427853,-1060.8470173637322,stopped out,0.08333333333333333,True
SOL/USD,2025-08-12,11.404233675090587,-0.1051497779618064,-0.00922024056657811,-1.0,1.4140730717184204,-1148.6255434325353,stopped out,0.08333333333333333,True
SOL/USD,2025-08-12,11.404233675090587,1.2330368848102997,0.10812097681789262,4.0,4.4252873563217,1569.9158904823357,target,0.75,True
SOL/USD,2025-08-13,6.942339442612874,-0.176758540706886,-0.02546094759094058,-1.0,0.33446130076511843,-854.7675546766238,stopped out,0.08333333333333333,True
SOL/USD,2025-08-13,6.942339442612874,0.42282202417910153,0.06090483297082415,4.0,7.681772329831163,1334.0313535249543,target,0.08333333333333333,True
SOL/USD,2025-08-13,6.942339442612874,-0.35701061775096343,-0.05142511695115214,-1.0,2.848633496846488,-688.9229265095028,stopped out,2.9166666666666665,True
SOL/USD,2025-08-14,11.240618648688844,-0.3163405625065586,-0.028142629190917173,-1.0,1.8077972709551053,-683.6304914008268,stopped out,0.08333333333333333,True
SOL/USD,2025-08-14,11.240618648688844,-0.6425950860375772,-0.05716723484009773,-1.0,0.2495578623606213,-555.9294342190353,stopped out,0.16666666666666666,True
SOL/USD,2025-08-14,11.240618648688844,-0.2699502479895114,-0.024015604160808317,-1.0,3.1094196003804315,-662.9123586857331,stopped out,0.5,True
SOL/USD,2025-08-16,2.8442243513833523,-0.0,-0.0,0.0,2.804924242424126,-200.24130345829397,break even,1.25,True
SOL/USD,2025-08-17,4.346600637462801,-0.10842925321000751,-0.024945759284961563,-1.0,1.6520681265206116,-931.7145201823646,stopped out,0.08333333333333333,True
SOL/USD,2025-08-18,5.895745014915993,-0.22488031676394593,-0.03814281591130688,-1.0,1.8098159509200824,-621.0656795842071,stopped out,0.75,True
SOL/USD,2025-08-18,5.895745014915993,1.3680439665576718,0.23203920167791803,4.0,4.171221864951882,1340.1289347065335,target,0.9166666666666666,True
SOL/USD,2025-08-20,6.741942805265532,-0.05803990934718355,-0.008608781032947021,-1.0,2.0666666666669915,-1356.8428702293452,stopped out,0.08333333333333333,True
SOL/USD,2025-08-20,6.741942805265532,-0.33488141339249344,-0.049671351873668716,-1.0,0.2921810699588687,-518.364493721238,stopped out,0.5833333333333334,True
SOL/USD,2025-08-21,5.602607252556545,-0.1603345185303643,-0.028617840105997345,-1.0,2.2840531561459625,-650.6087413598293,stopped out,0.5,True
SOL/USD,2025-08-22,13.78140440502722,0.4389317477779725,0.03184956589894842,4.0,5.389380530973129,934.654866869396,target,0.16666666666666666,True
SOL/USD,2025-08-22,13.78140440502722,-0.08541617567123255,-0.006197929700116353,-1.0,2.9585326953750526,-931.5640543299992,stopped out,0.16666666666666666,True
SOL/USD,2025-08-23,6.474543276430058,0.5715450091694867,0.08827572614274437,4.0,5.117235345581713,1029.594831148072,target,0.25,True
SOL/USD,2025-08-23,6.474543276430058,-0.2062995294625301,-0.03186317870691256,-1.0,1.766157461809621,-603.6554482432681,stopped out,0.08333333333333333,True
SOL/USD,2025-08-24,5.2831945124938695,-0.5585817335050148,-0.10572802727290519,-1.0,0.37993684301597713,-431.73792755106206,stopped out,0.16666666666666666,True
SOL/USD,2025-08-25,13.329661878410146,-0.14360485760094563,-0.010773330854966416,-1.0,2.3789029535863455,-647.224611159152,stopped out,0.08333333333333333,True
SOL/USD,2025-08-25,13.329661878410146,1.6446764649694685,0.12338470997777719,4.0,4.077436987549311,1162.0656905324695,target,2.0,True
SOL/USD,2025-08-25,13.329661878410146,-0.0,-0.0,-0.0,2.6203625035402114,-131.0251760414231,break even,0.8333333333333334,True
SOL/USD,2025-08-26,6.493533906909624,-0.10302386429253406,-0.015865608121782296,-1.0,2.5734720416119914,-796.405355267251,stopped out,0.08333333333333333,True
SOL/USD,2025-08-26,6.493533906909624,-0.3369625009633121,-0.05189200607773185,-1.0,1.6923501577287305,-451.1128885645472,stopped out,2.25,True
SOL/USD,2025-08-27,9.415609282851234,-0.10826121244888652,-0.01149805702388947,-1.0,2.2349468713105947,-691.1375322870067,stopped out,0.08333333333333333,True
SOL/USD,2025-08-27,9.415609282851234,-0.07391988419218423,-0.007850780759012105,-1.0,1.6840277777777612,-810.2189795302908,stopped out,0.08333333333333333,True
SOL/USD,2025-08-28,7.331404795903284,1.571008359138237,0.2142847657267678,4.0,4.419464033850611,968.6169294181339,target,1.4166666666666667,True
SOL/USD,2025-08-30,4.46883759475467,-0.09709801058587356,-0.021727800244932382,-1.0,1.315789473684293,-697.0607653320644,stopped out,0.08333333333333333,True
SOL/USD,2025-08-30,4.46883759475467,0.3587228865701051,0.08027207947569154,4.0,5.740947075209325,685.4153900309032,target,0.16666666666666666,True
SOL/USD,2025-09-01,4.960606966661688,-0.3460121724798711,-0.06975198293379913,-1.0,0.5927546628407462,-406.390915586753,stopped out,0.08333333333333333,True
SOL/USD,2025-09-01,4.960606966661688,-0.19895531488268609,-0.04010705065323406,-1.0,1.9935549096422547,-469.59631958058446,stopped out,0.08333333333333333,True
SOL/USD,2025-09-03,2.596420402692766,-0.3804668507635354,-0.14653514907252715,-1.0,0.4714640198511042,-360.66031655733474,stopped out,0.5,True
SOL/USD,2025-09-05,4.320383077454709,-0.01970637501232657,-0.00456125641153476,-1.0,12.023749999993315,-1990.3466768477645,stopped out,0.08333333333333333,True
SOL/USD,2025-09-06,2.543694092204868,0.326944176490917,0.12853124811384947,4.0,4.459459459459902,465.4112920106117,target,0.25,True
SOL/USD,2025-09-06,2.543694092204868,-0.06628783211682564,-0.026059671373206476,-1.0,0.3457249070632559,-633.9635234611629,stopped out,0.16666666666666666,True
SOL/USD,2025-09-06,2.543694092204868,0.6491267317358891,0.2551905646693654,4.0,4.16374714394519,608.4954347091409,target,2.25,True
SOL/USD,2025-09-07,4.180915554446791,0.40737561682062207,0.09743693971224564,4.0,4.384038694074935,564.231420946319,target,2.25,True
SOL/USD,2025-09-08,5.52584160813756,-0.0,-0.0,-0.0,3.6148148148143617,-185.36120286146098,break even,1.1666666666666667,True
SOL/USD,2025-09-09,3.9944925439312997,0.2480576242886879,0.062099909202622906,4.0,4.384162062614055,408.86416815528503,target,0.16666666666666666,True
SOL/USD,2025-09-10,4.816627154924393,-0.09356345570235018,-0.01942509824674583,-1.0,0.725461254612759,-565.9748759574047,stopped out,0.08333333333333333,True
SOL/USD,2025-09-10,4.816627154924393,0.23754560852576606,0.04931783193617253,4.0,5.579766536964973,409.3404433295424,target,0.16666666666666666,True
SOL/USD,2025-09-11,4.424098968335494,-0.09776257026684687,-0.02209773582520661,-1.0,0.2500000000000323,-540.5782950279896,stopped out,0.16666666666666666,True
SOL/USD,2025-09-12,6.937652811735948,-0.032691933712103036,-0.004712247009074935,-1.0,7.025723472670768,-1079.0695847192756,stopped out,0.08333333333333333,True
SOL/USD,2025-09-12,6.937652811735948,-0.2897752807817151,-0.04176848981135555,-1.0,1.3576826196473657,-262.9332388474568,stopped out,0.5,True
SOL/USD,2025-09-13,3.3894245658951534,-0.1245163414834976,-0.03673672007230897,-1.0,0.4297520661156745,-356.5861974001573,stopped out,0.08333333333333333,True
SOL/USD,2025-09-13,3.3894245658951534,-0.061625088624716606,-0.018181578443962596,-1.0,3.7257525083606873,-510.93987402532076,stopped out,0.5833333333333334,True
SOL/USD,2025-09-13,3.3894245658951534,-0.09071442235893992,-0.0267639596619794,-1.0,1.5623582766441313,-398.8770445508802,stopped out,0.08333333333333333,True
SOL/USD,2025-09-14,4.170781133716924,-0.12708076734539575,-0.03046929658285466,-1.0,1.591572123176566,-275.00043284307765,stopped out,0.08333333333333333,True
SOL/USD,2025-09-15,5.692083333333334,-0.12456010180353061,-0.021883042553874053,-1.0,3.8868552412645863,-260.76662581448994,stopped out,0.08333333333333333,True
SOL/USD,2025-09-16,3.9165991039044172,-0.05507774435452928,-0.014062645395497038,-1.0,2.576923076923228,-404.1011526117725,stopped out,0.08333333333333333,True
SOL/USD,2025-09-16,3.9165991039044172,-0.08150821962760077,-0.020810968257217358,-1.0,1.233766233766322,-279.40285231610466,stopped out,0.25,True
SOL/USD,2025-09-17,5.9697929352723484,0.17717033662362233,0.029677802654898888,4.0,6.838095238095803,96.51742934385828,target,0.08333333333333333,True
SOL/USD,2025-09-17,5.9697929352723484,-0.07990868303686693,-0.013385503300244938,-1.0,4.059508066648067,-268.2303955022329,stopped out,0.08333333333333333,True
SOL/USD,2025-09-18,4.3069831222337145,0.9715277069089127,0.22557035385015692,4.0,4.053949579831715,319.0360395645116,target,1.4166666666666667,True
SOL/USD,2025-09-18,4.3069831222337145,0.1566287601892732,0.03636623495938879,4.0,10.911227154049376,60.59953094251637,target,0.08333333333333333,True
SOL/USD,2025-09-19,5.372536914755613,-0.087587941118294,-0.01630290168462774,-1.0,1.7926267281107728,-261.9556762396081,stopped out,0.16666666666666666,True
SOL/USD,2025-09-19,5.372536914755613,-0.08704111412626314,-0.016201119788903765,-1.0,2.411764705882235,-243.04880495560718,stopped out,0.08333333333333333,True
SOL/USD,2025-09-19,5.372536914755613,-0.18039288783952714,-0.0335768540452612,-1.0,1.4064293915040753,-154.26014635935275,stopped out,0.08333333333333333,True
SOL/USD,2025-09-20,1.6435522503056845,-0.018395744576654178,-0.011192674022522102,-1.0,1.9579067121731386,-693.5115462925213,stopped out,0.08333333333333333,False
SOL/USD,2025-09-21,2.5172670101973487,-0.033008885239808605,-0.01311298527573393,-1.0,0.0,-318.83831895552447,stopped out,0.08333333333333333,True
SOL/USD,2025-09-22,10.826781235780274,-0.278765576506846,-0.02574777955109903,-1.0,2.4716692189893186,-79.37855336168913,stopped out,0.5833333333333334,True
SOL/USD,2025-09-22,10.826781235780274,-0.33666102758510247,-0.031095209208855848,-1.0,0.46448816272091303,-71.63635167913114,stopped out,0.08333333333333333,True
SOL/USD,2025-09-24,5.389944761726435,-0.13735493636822854,-0.02548355176913406,-1.0,1.568027210884241,-96.89502588953042,stopped out,0.08333333333333333,True
SOL/USD,2025-09-24,5.389944761726435,-0.06049463258406867,-0.011223609008692669,-1.0,5.992156862745061,-148.22755983263568,stopped out,0.08333333333333333,True
SOL/USD,2025-09-25,9.833861768833486,0.8321091787897321,0.08461672518388863,4.0,5.022779043280291,140.4247487831857,target,0.5,True
SOL/USD,2025-09-25,9.833861768833486,-0.20306034424244757,-0.02064909483332457,-1.0,1.5139175884283413,-76.2454421728893,stopped out,0.4166666666666667,True
SOL/USD,2025-09-27,2.7020447906523772,-0.03839206170293549,-0.014208521574383738,-1.0,3.423076923076741,-195.65385775024077,stopped out,0.08333333333333333,True
SOL/USD,2025-09-28,6.333707958912239,-0.1341565536890603,-0.021181360833078346,-1.0,2.0247479376717963,-75.50346662876709,stopped out,0.16666666666666666,True
SOL/USD,2025-09-28,6.333707958912239,-0.04442294104616937,-0.007013733714018389,-1.0,3.4735376044577615,-142.47153985384463,stopped out,0.08333333333333333,True
SOL/USD,2025-09-29,4.656354943366158,-0.0,-0.0,-0.0,2.854278728606409,-17.203073522910007,break even,1.9166666666666667,True
SOL/USD,2025-09-29,4.656354943366158,-0.24209190053940022,-0.0519917195926623,-1.0,1.5828460038986425,-47.77938414428273,stopped out,0.16666666666666666,True
SOL/USD,2025-09-30,4.484433556371641,-0.1406830437387631,-0.031371418925111666,-1.0,2.841567291311818,-57.221082898414465,stopped out,0.08333333333333333,True
SOL/USD,2025-09-30,4.484433556371641,-0.3007847451057422,-0.06707307429683658,-1.0,1.2802087515055167,-42.398648735179435,stopped out,0.08333333333333333,True
SOL/USD,2025-10-01,7.734207817698731,-0.06585643297610663,-0.008514955187188368,-1.0,2.2290909090910915,-79.82016836422676,stopped out,0.08333333333333333,True
SOL/USD,2025-10-01,7.734207817698731,-0.1575934663377519,-0.020376161340935228,-1.0,0.8814589665653046,-44.294033049182445,stopped out,0.08333333333333333,True
SOL/USD,2025-10-01,7.734207817698731,-0.04516016813897797,-0.005839016639252282,-1.0,4.740535083292636,-89.5888677449536,stopped out,0.08333333333333333,True
SOL/USD,2025-10-02,6.861775707451157,-0.1207126948774996,-0.01759204905902396,-1.0,0.0,-42.043057528696444,stopped out,0.08333333333333333,True
SOL/USD,2025-10-02,6.861775707451157,-0.16768847797525144,-0.02443805876562821,-1.0,3.0765676567657425,-33.596336039765696,stopped out,0.3333333333333333,True
SOL/USD,2025-10-03,4.0172861583003305,-0.09130831775293688,-0.022728855788448094,-1.0,2.6190476190479286,-43.56626295963598,stopped out,0.08333333333333333,True
SOL/USD,2025-10-05,4.547727105504162,-0.19066343313006556,-0.041924994333829665,-1.0,0.6147308781869298,-27.868753636304582,stopped out,0.08333333333333333,True
SOL/USD,2025-10-06,4.46235571878279,-0.07105145218238262,-0.01592240884860778,-1.0,6.855384615383508,-44.773553740056016,stopped out,0.08333333333333333,True
SOL/USD,2025-10-06,4.46235571878279,0.5934033047604941,0.1329798299724878,4.0,4.221902017290974,44.092562897042356,target,1.6666666666666667,True
SOL/USD,2025-10-06,4.46235571878279,-0.26494869552231626,-0.05937417638112165,-1.0,0.8075684380032798,-23.36504259554029,stopped out,0.08333333333333333,True
SOL/USD,2025-10-06,4.46235571878279,-0.15947977186718135,-0.035738919511930596,-1.0,2.089572192513221,-27.251735457662374,stopped out,0.08333333333333333,True
SOL/USD,2025-10-07,6.574312996730967,-0.11506242405341652,-0.017501817164870388,-1.0,2.302803738317946,-30.277553097498974,stopped out,0.3333333333333333,True
SOL/USD,2025-10-08,5.538504876292336,-0.07986923524926298,-0.014420721301726138,-1.0,1.6036671368121966,-35.01470601086321,stopped out,0.08333333333333333,True
SOL/USD,2025-10-08,5.538504876292336,-0.35143061451704816,-0.06345225333669974,-1.0,0.5415325177076689,-16.642911545337586,stopped out,0.25,True
SOL/USD,2025-10-09,5.510734283824985,1.5033194553842322,0.27279839272903256,4.0,4.007784431137847,42.15637757295696,target,0.6666666666666666,True
SOL/USD,2025-10-10,23.56832773407087,-0.17042079773381022,-0.007230924470192526,-1.0,0.7774798927613926,-22.870306057851447,stopped out,0.16666666666666666,True
SOL/USD,2025-10-12,16.03444787293237,-0.0,-0.0,-0.0,3.0514895096392722,-3.3737519066737023,break even,0.6666666666666666,True
SOL/USD,2025-10-13,9.683303775018995,-0.4151133705533156,-0.04286898151684819,-1.0,0.48962148962145763,-15.911560613979262,stopped out,0.08333333333333333,True
SOL/USD,2025-10-14,9.749689500334382,-0.4416744181311743,-0.045301382994404726,-1.0,3.8124459809853204,-15.057396917694632,stopped out,1.9166666666666667,True
SOL/USD,2025-10-15,8.295180693203488,-0.27029400813231735,-0.03258446297062318,-1.0,1.693821510297587,-16.597056759657523,stopped out,0.4166666666666667,True
SOL/USD,2025-10-16,8.099091776676952,-0.24309642139454762,-0.03001526937805486,-1.0,0.4164904862579223,-16.439484709350367,stopped out,0.08333333333333333,True
SOL/USD,2025-10-16,8.099091776676952,-0.2614110511101925,-0.032276588328456896,-1.0,11.259021255560876,-15.286649430418093,stopped out,0.25,True
SOL/USD,2025-10-17,7.343885281385274,-0.5952213038449642,-0.08104991854293887,-1.0,0.6872037914691845,-11.829048929260917,stopped out,0.3333333333333333,True
SOL/USD,2025-10-17,7.343885281385274,-0.3582004342747288,-0.04877533084328921,-1.0,0.7911025145067428,-12.774842372661633,stopped out,0.08333333333333333,True
SOL/USD,2025-10-18,3.673805601317956,-0.2207071905802414,-0.060075903444935685,-1.0,0.19283065512980455,-14.319206335047042,stopped out,0.08333333333333333,True
SOL/USD,2025-10-18,3.673805601317956,-0.0,-0.0,-0.0,2.029525032092606,-5.397361989605003,break even,0.5,True
SOL/USD,2025-10-20,5.709115103127079,-0.2326965744899499,-0.04075878140247934,-1.0,2.0290697674419675,-13.110794941050695,stopped out,0.16666666666666666,True
SOL/USD,2025-10-20,5.709115103127079,-0.1928958620227221,-0.03378734857124643,-1.0,1.2179144385026912,-13.431110144015516,stopped out,0.16666666666666666,True
SOL/USD,2025-10-20,5.709115103127079,-0.12349816708897772,-0.021631752882567305,-1.0,2.305174234424484,-15.678231191069129,stopped out,0.08333333333333333,True
SOL/USD,2025-10-21,7.912360261548195,-0.18701005475781093,-0.023635179463026505,-1.0,0.647390691114247,-12.10783124562355,stopped out,0.08333333333333333,True
SOL/USD,2025-10-21,7.912360261548195,0.4967460419790925,0.06278101926085645,4.0,5.207650273224236,19.61703618957183,target,0.08333333333333333,True
SOL/USD,2025-10-22,6.697297300449876,-0.1435200172655459,-0.021429542519473526,-1.0,0.9586466165415776,-14.069792732922808,stopped out,0.08333333333333333,True
SOL/USD,2025-10-22,6.697297300449876,-0.2691717584990983,-0.04019110193615225,-1.0,2.769999999999982,-10.274989501348843,stopped out,0.3333333333333333,True
SOL/USD,2025-10-23,7.67791198111899,0.5287448433400052,0.06886570784352038,4.0,4.820745216515944,19.62854391852749,target,0.5833333333333334,True
SOL/USD,2025-10-24,4.231123216574683,-0.15829876754952732,-0.03741294201251802,-1.0,0.0,-13.176398826637623,stopped out,0.08333333333333333,True
SOL/USD,2025-10-25,1.9736655153617793,0.6067056397916962,0.30740043592466837,4.0,6.705084745762379,21.083413703177754,target,0.5833333333333334,False
SOL/USD,2025-10-29,6.011958150399176,-0.0,-0.0,-0.0,2.988571428571439,-4.374347744525353,break even,0.3333333333333333,True
SOL/USD,2025-10-31,3.6964181491969494,-0.25323204051712345,-0.06850741185007393,-1.0,0.7368421052632146,-11.07946425884796,stopped out,0.08333333333333333,True
SOL/USD,2025-11-01,2.0960442171875537,0.9507192515246571,0.45357786049013815,4.0,4.228409090909117,23.813772827765945,target,0.6666666666666666,True
SOL/USD,2025-11-03,13.856310059360602,0.6277221192444181,0.04530225699015458,4.0,4.28218033876843,24.06482530604547,target,0.25,True
SOL/USD,2025-11-05,11.28757938448635,-0.2495920749679145,-0.02211209919027935,-1.0,3.6795865633075064,-12.829089892984882,stopped out,0.5833333333333334,True
SOL/USD,2025-11-05,11.28757938448635,1.9714596086091751,0.17465743021207447,4.0,4.6913015042511566,29.747077016567705,target,1.6666666666666667,True
SOL/USD,2025-11-06,5.8691433324092035,-0.13669487504203048,-0.023290430527945397,-1.0,0.9126436781608949,-17.521845229611237,stopped out,0.08333333333333333,True
SOL/USD,2025-11-06,5.8691433324092035,-0.21108287242454132,-0.03596485218872559,-1.0,0.9508562918837372,-13.614625349893476,stopped out,0.25,True
SOL/USD,2025-11-07,9.553770558151522,1.7865233995727818,0.186996682482444,4.0,4.130434782608701,29.36936287579232,target,0.25,True
SOL/USD,2025-11-09,7.148315211373759,-0.08192476105277,-0.011460709080430401,-1.0,3.421455938697859,-23.16745933793773,stopped out,0.16666666666666666,True
SOL/USD,2025-11-09,7.148315211373759,-0.37108831995058966,-0.051912696765266754,-1.0,1.28164158779814,-11.039361999653606,stopped out,0.08333333333333333,True
SOL/USD,2025-11-10,5.091482936078332,1.18961708268216,0.233648447341837,4.0,13.025002239977983,27.665067941222162,target,0.08333333333333333,True
SOL/USD,2025-11-10,5.091482936078332,-0.13768182165484602,-0.027041595421881975,-1.0,1.720348204570236,-16.96909226341291,stopped out,0.16666666666666666,True
SOL/USD,2025-11-11,10.835374962653129,0.5360194262073961,0.049469393357860075,4.0,6.487695749440753,24.369772765153215,target,0.08333333333333333,True
SOL/USD,2025-11-12,6.539618856569724,-0.0,-0.0,0.0,3.141815772034732,-4.8237052716789295,break even,1.0833333333333333,True
SOL/USD,2025-11-13,10.574499475830121,-0.4393346379647684,-0.04154661305425803,-1.0,0.8908685968820069,-11.33694668794329,stopped out,0.25,True
SOL/USD,2025-11-13,10.574499475830121,-0.10927556726874559,-0.01033387608732821,-1.0,2.5294117647061087,-18.55602577300109,stopped out,0.08333333333333333,True
SOL/USD,2025-11-13,10.574499475830121,-0.3052691977899421,-0.028868429989304795,-1.0,0.47201689545934683,-11.207820445998404,stopped out,0.25,True
SOL/USD,2025-11-14,9.552019129481879,-0.19906380537227972,-0.020839971389701072,-1.0,2.1757469244286574,-12.464447399133345,stopped out,0.08333333333333333,True
SOL/USD,2025-11-14,9.552019129481879,-0.3768008865903307,-0.039447249998416735,-1.0,1.0877684407095565,-10.105643218804232,stopped out,0.25,True
SOL/USD,2025-11-18,10.028273411530973,-0.11480554128079165,-0.01144818620010728,-1.0,4.187301587301671,-14.670831841419094,stopped out,0.08333333333333333,True
SOL/USD,2025-11-19,8.70607568551987,-0.2946817135892549,-0.033847823546879534,-1.0,1.5767609873569757,-9.218972829296987,stopped out,0.08333333333333333,True
SOL/USD,2025-11-19,8.70607568551987,-0.0,-0.0,0.0,3.335809806835065,-6.70082862532382,break even,0.6666666666666666,True
SOL/USD,2025-11-20,9.988889676384748,-0.6928984165895467,-0.06936691054138518,-1.0,0.31150077359462525,-6.998652401948784,stopped out,0.16666666666666666,True
SOL/USD,2025-11-22,3.722889552981242,-0.35437908470865925,-0.09518925546015113,-1.0,1.6800670016751063,-7.7887868541042415,stopped out,0.4166666666666667,True
SOL/USD,2025-11-22,3.722889552981242,0.33149171270719485,0.08904151143612105,4.0,5.476190476190296,12.970247463316134,target,0.08333333333333333,True
SOL/USD,2025-11-23,11.764660698422901,0.36132433899357075,0.030712686770644197,4.0,4.978540772532209,14.673065389446407,target,0.3333333333333333,True
SOL/USD,2025-11-23,11.764660698422901,-0.4732035614192238,-0.04022245720037286,-1.0,0.483481063658364,-8.017502175104601,stopped out,0.4166666666666667,True
SOL/USD,2025-11-25,5.237829379110945,-0.3710934319538484,-0.07084870565540201,-1.0,1.4787908337396145,-8.175597076668737,stopped out,1.0,True
SOL/USD,2025-11-25,5.237829379110945,0.5821050355017964,0.11113478377575585,4.0,6.229219143576995,17.788497015124662,target,0.16666666666666666,True
SOL/USD,2025-11-25,5.237829379110945,-0.3002958579881701,-0.05733211913808875,-1.0,2.391625615763451,-9.101649945067606,stopped out,0.8333333333333334,True
SOL/USD,2025-11-26,6.621446563512059,-0.04697546159665355,-0.007094440942182497,-1.0,11.244274809162826,-23.14798411490747,stopped out,0.08333333333333333,True
SOL/USD,2025-11-27,2.833838168323403,-0.0,-0.0,0.0,2.8612244897957995,-5.515772270866418,break even,0.6666666666666666,True
SOL/USD,2025-11-28,6.234293611140656,-0.0,-0.0,0.0,3.3835616438355696,-2.6929690332156544,break even,0.16666666666666666,True
SOL/USD,2025-11-28,6.234293611140656,0.5934195271672565,0.09518632970811935,4.0,6.4584323040381095,15.780317457198663,target,0.16666666666666666,True
SOL/USD,2025-11-29,2.3089218250508554,-0.12160282366495166,-0.052666496693656265,-1.0,2.028485757121792,-11.6625917781361,stopped out,0.25,True
SOL/USD,2025-11-30,4.981072078375211,-0.0,-0.0,0.0,2.2714285714282147,-6.786887396450571,break even,0.5,True
SOL/USD,2025-11-30,4.981072078375211,-0.13944475633388786,-0.027994928429016772,-1.0,3.3896103896098393,-9.799188821479218,stopped out,1.4166666666666667,True
SOL/USD,2025-12-01,8.896259663885825,1.0356190177310474,0.11641061039788671,4.0,5.087878787878821,16.430181634774428,target,2.5833333333333335,True
SOL/USD,2025-12-03,6.955666089965396,-0.06584612267637699,-0.009466544515610088,-1.0,1.3571428571432365,-15.755556862022463,stopped out,0.08333333333333333,True
SOL/USD,2025-12-03,6.955666089965396,-0.3064547021643411,-0.04405828258582575,-1.0,0.9705188679244885,-6.795625134706853,stopped out,0.4166666666666667,True
SOL/USD,2025-12-03,6.955666089965396,-0.23410135004313115,-0.03365620876782137,-1.0,1.4481203007518686,-7.112497350950306,stopped out,0.5,True
SOL/USD,2025-12-04,6.443354621227827,-0.22839262578184422,-0.0354462293646539,-1.0,2.1850152905196594,-6.839044988578799,stopped out,0.16666666666666666,True
SOL/USD,2025-12-05,7.164699956828308,-0.0,-0.0,0.0,3.530892448512505,-3.500128405671479,break even,0.8333333333333334,True
SOL/USD,2025-12-06,5.462761133144474,0.4199731412525711,0.07687927972988749,4.0,5.783542039356422,10.939499849197446,target,0.3333333333333333,True
SOL/USD,2025-12-06,5.462761133144474,-0.20254055490872708,-0.03707659001962268,-1.0,0.9112754158963884,-7.190733939076075,stopped out,0.16666666666666666,True
SOL/USD,2025-12-06,5.462761133144474,0.18244254379192165,0.03339749612791583,4.0,4.867768595039792,4.432727672555828,target,0.16666666666666666,True
SOL/USD,2025-12-07,6.629257273453093,-0.31863036051772836,-0.0480642623109056,-1.0,0.619160260201001,-6.033166835081181,stopped out,0.75,True
SOL/USD,2025-12-08,5.86520244591423,-0.0,-0.0,0.0,3.516414141414292,-1.891285656859101,break even,2.5,True
SOL/USD,2025-12-09,9.97157202567155,0.2491239391597272,0.024983416708856353,4.0,6.963855421686916,7.462657085105194,target,0.08333333333333333,True
SOL/USD,2025-12-10,5.11011394099445,0.6035581015025968,0.11811049782290019,4.0,5.0766467065866445,13.209594381508932,target,0.75,True
SOL/USD,2025-12-10,5.11011394099445,-0.0944171363498769,-0.01847652272338627,-1.0,3.465648854961668,-11.183226175564197,stopped out,0.08333333333333333,True
SOL/USD,2025-12-11,6.387641748745428,0.30303030303028583,0.047440090560777436,4.0,8.330000000000458,9.629750931966402,target,0.08333333333333333,True
SOL/USD,2025-12-11,6.387641748745428,-0.2099114025170084,-0.03286211261898592,-1.0,2.2970027247959792,-7.0319320023462115,stopped out,0.08333333333333333,True
SOL/USD,2025-12-12,7.147200164092938,-0.3604649888792801,-0.05043443314911374,-1.0,0.9858156028368696,-5.997637085788984,stopped out,0.8333333333333334,True
SOL/USD,2025-12-13,5.500977405546302,-0.02488744089231811,-0.004524185259736862,-1.0,2.8181818181834624,-26.694296786560322,stopped out,0.08333333333333333,True
SOL/USD,2025-12-13,5.500977405546302,-0.07581330832431742,-0.013781788714107325,-1.0,2.787654320986826,-9.3732340903437,stopped out,0.6666666666666666,True
SOL/USD,2025-12-14,4.196537290383173,-0.24490789333576926,-0.058359517952337195,-1.0,1.510869565217399,-4.81273284886219,stopped out,0.16666666666666666,True
SOL/USD,2025-12-17,9.699458193663832,-0.0,-0.0,-0.0,3.4448491155050935,-2.1326263956038565,break even,0.8333333333333334,True
SOL/USD,2025-12-18,9.798619569630526,-0.8514839388571019,-0.08689835673344838,-1.0,0.5278870631798246,-3.3629554456859543,stopped out,1.0833333333333333,True
SOL/USD,2025-12-19,8.437884481791784,-0.11387942228254139,-0.013496205420716912,-1.0,2.715867158671684,-6.093662365335242,stopped out,0.08333333333333333,True
SOL/USD,2025-12-19,8.437884481791784,1.200754713931898,0.1423051852064367,4.0,4.830417227456289,9.329630111455915,target,0.3333333333333333,True
SOL/USD,2025-12-19,8.437884481791784,-0.34648623834899905,-0.04106316448117843,-1.0,2.17165898617515,-4.021438532292764,stopped out,0.5833333333333334,True
SOL/USD,2025-12-20,8.692242410236922,0.10020000238569553,0.011527520478224262,4.0,9.1587301587323,-3.6852166294929027,target,0.16666666666666666,True
SOL/USD,2025-12-21,2.5457438345266414,-0.050495010138754376,-0.019835071170129524,-1.0,3.905511811024276,-9.73135139785801,stopped out,0.9166666666666666,True
SOL/USD,2025-12-21,2.5457438345266414,0.2544731610337918,0.09996023856858671,4.0,7.3375000000001975,4.531674288543364,target,0.08333333333333333,True
SOL/USD,2025-12-22,4.292740975803243,-0.1765883137778082,-0.04113649408924926,-1.0,2.3333333333334174,-4.417180898029362,stopped out,0.25,True
SOL/USD,2025-12-23,4.783873433387672,0.44686696166248174,0.0934111171386145,4.0,4.380782918149355,6.690000910019631,target,0.08333333333333333,True
SOL/USD,2025-12-23,4.783873433387672,-0.0,-0.0,-0.0,1.9951597289449352,-1.5544721852812264,break even,0.25,True
SOL/USD,2025-12-23,4.783873433387672,-0.09122987517181112,-0.019070294488791946,-1.0,4.854625550660727,-6.248553219564103,stopped out,0.08333333333333333,True
SOL/USD,2025-12-25,3.9600804276396437,0.16085079455801976,0.040618062561394205,4.0,5.543147208121961,1.6063981136266525,target,0.16666666666666666,True
SOL/USD,2025-12-25,3.9600804276396437,0.37659916188226,0.09509886699617542,4.0,7.666666666666625,6.197198540685289,target,0.3333333333333333,True
SOL/USD,2025-12-26,4.993180879770769,-0.16256796497786513,-0.032557996373912344,-1.0,1.1423220973782493,-4.705251848249439,stopped out,0.08333333333333333,True
SOL/USD,2025-12-28,2.1316601852223096,-0.0,-0.0,-0.0,1.579132473622536,-1.9055331911270095,break even,0.4166666666666667,True
SOL/USD,2025-12-30,3.155554833098981,1.0328387165589956,0.32730811891634093,4.0,5.0592361652379205,8.313049252659829,target,1.25,True
SOL/USD,2025-12-31,3.175302490818136,-0.201163833659285,-0.0633526519885839,-1.0,1.5223435948361548,-4.383330440316959,stopped out,0.5833333333333334,True
SOL/USD,2026-01-01,2.4765614020999402,0.2652040262793409,0.10708558489786185,4.0,5.157575757575112,4.979618037557875,target,0.08333333333333333,True
SOL/USD,2026-01-02,5.97721089776447,0.420494972471793,0.07034969648286325,4.0,5.120527306968572,7.248064666138649,target,0.25,True
SOL/USD,2026-01-03,3.200090675532729,-0.08993941816549522,-0.028105271782813693,-1.0,1.4318658280923016,-7.128715762532928,stopped out,0.08333333333333333,True
SOL/USD,2026-01-03,3.200090675532729,0.08875286916601795,0.027734485727109272,4.0,8.931034482760243,-5.3433710458454,target,0.08333333333333333,True
SOL/USD,2026-01-04,4.133053214014029,-0.3548584459647554,-0.08585866854109923,-1.0,0.11912225705320068,-3.435442356746673,stopped out,0.08333333333333333,True
SOL/USD,2026-01-06,6.098568933256033,0.5253316064815833,0.08614014406181487,4.0,4.670360110802659,7.144616677319284,target,1.4166666666666667,True
SOL/USD,2026-01-06,6.098568933256033,-0.24756470720342383,-0.040593901604265174,-1.0,1.275690999291198,-4.013391681619318,stopped out,0.08333333333333333,True
SOL/USD,2026-01-07,6.1003074980582035,-0.28115677973671815,-0.04608895204482946,-1.0,0.7814485387546699,-3.6679928483696975,stopped out,0.4166666666666667,True
SOL/USD,2026-01-07,6.1003074980582035,-0.036971496053365235,-0.00606059548065957,-1.0,6.543689320391752,-10.955462361359636,stopped out,0.08333333333333333,True
SOL/USD,2026-01-08,5.442661215442053,-0.004384971241917875,-0.0008056667626999686,-1.0,24.833333333210174,-64.37445828249336,stopped out,0.08333333333333333,True
SOL/USD,2026-01-09,4.484163918131299,0.6433756937299271,0.1434772915255166,4.0,4.090090090090529,0.3738856341620774,target,0.3333333333333333,True
SOL/USD,2026-01-13,7.575469277294837,0.5829563101129163,0.07695316141801939,4.0,4.30339805825272,0.3983537647645144,target,0.4166666666666667,True
SOL/USD,2026-01-13,7.575469277294837,-0.2092168106059518,-0.027617670001384004,-1.0,1.3080808080807989,-0.21144900803935623,stopped out,0.08333333333333333,True
SOL/USD,2026-01-13,7.575469277294837,-0.1465329874500478,-0.01934309045239426,-1.0,2.399521531100408,-0.2573734100034646,stopped out,0.08333333333333333,True
SOL/USD,2026-01-13,7.575469277294837,-0.24402661470130446,-0.032212739009146264,-1.0,1.8057553956832348,-0.1964371222630465,stopped out,0.08333333333333333,True
SOL/USD,2026-01-14,3.513464268893475,0.3015595964844833,0.08582970350783048,4.0,6.782312925171565,0.2702198062888412,target,0.08333333333333333,True
SOL/USD,2026-01-14,3.513464268893475,0.7962255053897185,0.22662120472922315,4.0,4.524221453286968,0.4033422809839834,target,0.4166666666666667,True
SOL/USD,2026-01-14,3.513464268893475,-0.12316067023899512,-0.03505391283736697,-1.0,2.1022099447516434,-0.29437752346926105,stopped out,0.08333333333333333,True
SOL/USD,2026-01-15,3.9708957948368426,-0.12758050843827604,-0.03212889862387288,-1.0,1.0872483221478897,-0.2710120539756879,stopped out,0.16666666666666666,True
SOL/USD,2026-01-16,3.9370078740157437,0.33268098320239303,0.08450096973340793,4.0,5.257928118393889,0.29804163760903674,target,0.25,True
SOL/USD,2026-01-16,3.9370078740157437,-0.2747639847823128,-0.06979005213470753,-1.0,1.4230769230768867,-0.1980193189214102,stopped out,1.0,True
SOL/USD,2026-01-17,1.1843922651933725,-0.1576760181872724,-0.13312820660942856,-1.0,1.275264043907702,-0.23510567525333081,stopped out,0.5,False
SOL/USD,2026-01-17,1.1843922651933725,0.34657651510030907,0.2926197048776948,4.0,4.406813627253207,0.2960657011237646,target,0.9166666666666666,False
SOL/USD,2026-01-19,8.548788375741237,-0.1440698129715299,-0.016852658720662047,-1.0,2.537061118335511,-0.24880219553323607,stopped out,0.5,True
SOL/USD,2026-01-19,8.548788375741237,-0.11271091239763059,-0.013184431225069107,-1.0,2.3631840796022923,-0.2657825084085162,stopped out,0.5833333333333334,True
SOL/USD,2026-01-20,7.456230844546816,1.2537234497615952,0.16814439840989065,4.0,4.719602977667595,0.4066379260435847,target,1.0833333333333333,True
SOL/USD,2026-01-21,5.523499727602791,-0.21840021840020823,-0.03954018813629857,-1.0,2.339285714285929,-0.20288035741859334,stopped out,0.08333333333333333,True
SOL/USD,2026-01-22,3.196461681087754,0.032433559467252786,0.010146706797440995,4.0,43.28571428580013,-1.4922374072969173,target,0.08333333333333333,True
SOL/USD,2026-01-22,3.196461681087754,-0.45765244296990676,-0.14317470022483358,-1.0,0.990574121679548,-0.09699468737563455,stopped out,0.4166666666666667,True
SOL/USD,2026-01-23,3.7294471322870963,0.120176831623672,0.032223765979482635,4.0,10.142857142857459,-0.03170325409973601,target,0.08333333333333333,True
SOL/USD,2026-01-23,3.7294471322870963,-0.2574392070086355,-0.069028785736067,-1.0,1.3206106870229124,-0.10815590322429337,stopped out,2.3333333333333335,True
SOL/USD,2026-01-25,10.92983594892378,-0.18050972128343976,-0.016515318448234704,-1.0,0.859030837004477,-0.11824413940015502,stopped out,0.25,True
SOL/USD,2026-01-27,3.8797307645802284,-0.09446652709086413,-0.024348732637143454,-1.0,3.179871520342238,-0.15545145545465822,stopped out,0.08333333333333333,True
SOL/USD,2026-01-28,2.7214096555740594,0.34896933914422446,0.1282310946569388,4.0,4.088036117381592,0.14775833512431624,target,0.25,True
SOL/USD,2026-01-29,7.963454321874879,-0.6051360390589415,-0.07598913921019027,-1.0,0.4650488096273195,-0.07837773208615809,stopped out,0.25,True
SOL/USD,2026-01-30,7.21727838415424,-0.0,-0.0,-0.0,3.949579831932771,-0.08158538086080118,break even,0.4166666666666667,True
SOL/USD,2026-01-30,7.21727838415424,-0.10907438266929667,-0.015112952121782205,-1.0,1.765873015872922,-0.13208485997963007,stopped out,0.08333333333333333,True
SOL/USD,2026-01-30,7.21727838415424,-0.3288259283108047,-0.04556093180952425,-1.0,2.027415143603078,-0.07795668386864396,stopped out,0.4166666666666667,True
SOL/USD,2026-01-30,7.21727838415424,-0.3262913275426465,-0.04520974669052939,-1.0,1.6561056105610805,-0.0748367904356009,stopped out,0.08333333333333333,True
SOL/USD,2026-01-31,18.611303855502722,-0.058022516136841264,-0.003117595445613339,-1.0,2.5897435897438728,-0.16782533109164371,stopped out,0.08333333333333333,True
SOL/USD,2026-02-01,12.23989042973099,-0.48356244133685844,-0.03950708906366299,-1.0,0.9656019656019964,-0.05848702901061076,stopped out,0.25,True
SOL/USD,2026-02-01,12.23989042973099,-0.20194750311917947,-0.016499126710206827,-1.0,0.7796014067995471,-0.07611884285260531,stopped out,0.08333333333333333,True
SOL/USD,2026-02-02,13.193975820465718,-0.37279774316801745,-0.02825514827681854,-1.0,2.5763934426230093,-0.05676089110477351,stopped out,0.08333333333333333,True
SOL/USD,2026-02-02,13.193975820465718,-0.3077697018881506,-0.023326532205004982,-1.0,1.6615265998457442,-0.05748015850693916,stopped out,0.3333333333333333,True
SOL/USD,2026-02-03,13.655020172450095,-0.11832327264856993,-0.008665184756540672,-1.0,1.934959349593419,-0.08163583219593369,stopped out,0.08333333333333333,True
SOL/USD,2026-02-03,13.655020172450095,-0.27653161949058885,-0.020251278723740714,-1.0,1.3993085566118553,-0.05325691514968789,stopped out,0.3333333333333333,True
SOL/USD,2026-02-04,13.65731070650956,0.940640351253103,0.06887449304384358,4.0,4.514469453375955,0.11785326000559915,target,0.3333333333333333,True
SOL/USD,2026-02-05,23.78242422606545,-0.7611481151612184,-0.03200464796717413,-1.0,0.810480976310115,-0.04450162931947689,stopped out,0.4166666666666667,True
SOL/USD,2026-02-07,5.72715222687596,1.1306328927369953,0.19741624597146976,4.0,7.1599273919735005,0.12888900923582583,target,0.4166666666666667,True
SOL/USD,2026-02-08,3.6588974578691786,-0.21118027323768127,-0.057716914909297756,-1.0,2.3919394103328036,-0.06591147893541752,stopped out,0.08333333333333333,True
SOL/USD,2026-02-09,9.00993608961562,-0.14587320706752974,-0.016190259910462135,-1.0,2.2522796352583914,-0.07354850847385895,stopped out,0.08333333333333333,True
SOL/USD,2026-02-10,6.243690382564683,-0.0,-0.0,-0.0,3.6915520628681895,-0.03293172707958049,break even,0.9166666666666666,True
SOL/USD,2026-02-10,6.243690382564683,-0.2700525891884143,-0.04325207892155063,-1.0,1.0460526315789813,-0.05262359728910915,stopped out,0.75,True
SOL/USD,2026-02-11,8.912344637523747,0.23509895050262936,0.02637902370974183,4.0,7.083887468031448,0.058238506426550346,target,0.16666666666666666,True
SOL/USD,2026-02-11,8.912344637523747,-0.14115510466081604,-0.015838155996179624,-1.0,3.094498669032686,-0.0688376220164951,stopped out,0.08333333333333333,True
SOL/USD,2026-02-12,10.992319721542616,0.2796850133569946,0.02544367526072511,4.0,9.103803131990936,0.06974486898682307,target,0.08333333333333333,True
SOL/USD,2026-02-12,10.992319721542616,-0.17568639111904485,-0.015982649301469715,-1.0,1.340267983074716,-0.06231230826199349,stopped out,0.25,True
SOL/USD,2026-02-13,10.473959437676113,0.7431884592965068,0.07095582751859503,4.0,4.856732556174886,0.11012594912457363,target,0.25,True
SOL/USD,2026-02-15,7.294532226895535,-0.14063293612587768,-0.01927922610408829,-1.0,1.181891510385119,-0.07180956133765566,stopped out,0.08333333333333333,True
SOL/USD,2026-02-15,7.294532226895535,-0.0,-0.0,-0.0,1.7079598662207376,-0.021637707017831753,break even,0.25,True
SOL/USD,2026-02-16,6.238792108416859,0.7450551191730699,0.11942297583019372,4.0,4.078449905481775,0.11182946182716072,target,0.5,True
SOL/USD,2026-02-18,7.897667687250825,-0.23692200282160542,-0.029998983523207453,-1.0,1.489475650765749,-0.05846596032519518,stopped out,0.08333333333333333,True
SOL/USD,2026-02-18,7.897667687250825,-0.16084545344691897,-0.02036619668191043,-1.0,1.3909555069292596,-0.06521760149747749,stopped out,0.25,True
SOL/USD,2026-02-19,7.3268414681262,0.5240416063975919,0.07152353557495665,4.0,5.490857946554046,0.10048554273812595,target,0.3333333333333333,True
SOL/USD,2026-02-19,7.3268414681262,-0.26089942707790675,-0.035608717373358204,-1.0,3.273972602739752,-0.05547897002125887,stopped out,0.08333333333333333,True
SOL/USD,2026-02-21,3.4555821442287793,-0.07385152777818191,-0.021371660315331376,-1.0,5.1143304620201455,-0.09834093307300171,stopped out,0.16666666666666666,True
SOL/USD,2026-02-22,3.6972318044401336,-0.08745197700474687,-0.02365336598579585,-1.0,0.9872440416244748,-0.08104810982739519,stopped out,0.16666666666666666,True
SOL/USD,2026-02-22,3.6972318044401336,-0.08552067396168699,-0.023131001377566386,-1.0,1.3292096219931204,-0.07593026665861127,stopped out,0.16666666666666666,True
SOL/USD,2026-02-23,10.199676944704771,-0.5162376566778352,-0.05061313799216389,-1.0,1.1872059632186673,-0.034463801878339854,stopped out,0.4166666666666667,True
SOL/USD,2026-02-25,17.23704873884705,1.0272703654646362,0.05959665027514148,4.0,4.625444207533783,0.09173053267446626,target,2.6666666666666665,True
SOL/USD,2026-02-27,9.223957857414323,-0.0,-0.0,-0.0,4.620437956204366,-0.006251332317408532,break even,7.5,True
SOL/USD,2026-03-02,10.057141472442776,1.3632227052606798,0.1355477308334579,4.0,4.049378392575727,0.10435732291731283,target,0.4166666666666667,True
SOL/USD,2026-03-03,7.883131430964753,-0.5054833262590781,-0.06412214875341943,-1.0,1.0706217912150355,-0.04050535689295123,stopped out,0.6666666666666666,True
SOL/USD,2026-03-03,7.883131430964753,1.6676254129033476,0.21154352524847608,4.0,4.136273115220479,0.11347251343851428,target,1.25,True
SOL/USD,2026-03-04,10.559931014659385,-0.2662583520533456,-0.02521402381168243,-1.0,2.978596908442357,-0.05138838769747195,stopped out,0.4166666666666667,True
SOL/USD,2026-03-06,6.314671509716134,0.5614720644333716,0.08891548255035228,4.0,5.072513672270715,0.09972002874931252,target,1.3333333333333333,True
SOL/USD,2026-03-07,6.381997494592264,-0.21407566681119058,-0.0335436776640207,-1.0,1.8261228988702338,-0.057922135996644294,stopped out,0.5833333333333334,True
SOL/USD,2026-03-07,6.381997494592264,0.31919150780104205,0.05001435805506137,4.0,14.192878338277515,0.07905913733090693,target,0.16666666666666666,True
SOL/USD,2026-03-07,6.381997494592264,0.42763114912806444,0.06700584722736327,4.0,7.453888888888465,0.09997644792302918,target,0.08333333333333333,True
SOL/USD,2026-03-08,7.246908304604263,-0.10294259294933074,-0.014205035943938606,-1.0,0.6725146198831246,-0.09026579174241414,stopped out,0.4166666666666667,True
SOL/USD,2026-03-09,6.716944863974272,1.0024731666009232,0.14924540649091786,4.0,4.702366430836888,0.12697022368045763,target,0.08333333333333333,True
SOL/USD,2026-03-09,6.716944863974272,0.18620674446631932,0.02772194029238239,4.0,14.210902011678284,0.04588046145029166,target,0.08333333333333333,True
SOL/USD,2026-03-11,4.5146848268589945,0.27352745210345,0.06058616771566565,4.0,5.741880341880982,0.08567290838327564,target,0.08333333333333333,True
SOL/USD,2026-03-11,4.5146848268589945,0.19972569911315918,0.04423912338795852,4.0,8.409144196950104,0.058964199174174295,target,0.25,True
SOL/USD,2026-03-11,4.5146848268589945,-0.24900767321606576,-0.05515505129719278,-1.0,1.8903724525650898,-0.07085023191410704,stopped out,0.08333333333333333,True
SOL/USD,2026-03-12,3.365858646117622,-0.22148521327991325,-0.06580348034977263,-1.0,1.989637305699726,-0.07051560958508028,stopped out,0.25,True
SOL/USD,2026-03-12,3.365858646117622,0.9534541445889441,0.2832721884172747,4.0,5.576631630408257,0.1441467938933269,target,0.25,True
SOL/USD,2026-03-16,7.076230368758866,-0.2322964483430949,-0.032827711399655644,-1.0,2.5528949178485565,-0.0727593167043563,stopped out,0.16666666666666666,True
SOL/USD,2026-03-16,7.076230368758866,-0.37207065379847387,-0.05258034778533265,-1.0,0.5618006040508257,-0.05982485110006237,stopped out,0.5833333333333334,True
SOL/USD,2026-03-16,7.076230368758866,-0.0,-0.0,-0.0,2.2539859535518176,-0.011448722043761695,break even,1.3333333333333333,True
SOL/USD,2026-03-17,4.642501656805599,-0.0,-0.0,-0.0,2.1318589920394415,-0.01865947226104282,break even,0.25,True
SOL/USD,2026-03-17,4.642501656805599,-0.1891549953596674,-0.04074419555292538,-1.0,1.987516621275086,-0.0704897491928744,stopped out,0.08333333333333333,True
SOL/USD,2026-03-18,7.449235290252762,-0.20758530352380403,-0.027866659520800342,-1.0,0.9952103929735437,-0.06442845060948511,stopped out,1.4166666666666667,True
SOL/USD,2026-03-18,7.449235290252762,0.1013988824899071,0.01361198546414373,4.0,4.193312434690693,-0.04703434832382891,target,0.16666666666666666,True
SOL/USD,2026-03-19,4.903540696634425,-0.1765890639996999,-0.03601256213105417,-1.0,1.5792972459639811,-0.06298275597815028,stopped out,0.08333333333333333,True
SOL/USD,2026-03-21,4.14758977497149,0.24669544780228456,0.059479230393266254,4.0,5.576576576575393,0.062461873773176343,target,0.16666666666666666,True
SOL/USD,2026-03-21,4.14758977497149,-0.21233635987048338,-0.051195120875217937,-1.0,1.8205797858448531,-0.05839490694157709,stopped out,0.5833333333333334,True
SOL/USD,2026-03-24,4.30241132921851,-0.0,-0.0,0.0,3.781954887218172,-0.03130092752722252,break even,0.6666666666666666,True
SOL/USD,2026-03-25,3.1355577579561804,0.6862423087871455,0.21885813043815594,4.0,4.288449266113554,0.10691285487806566,target,0.5833333333333334,True
SOL/USD,2026-03-27,6.076916437054672,-0.08010632132858542,-0.013182067280064646,-1.0,2.051121735932245,-0.09695816472788452,stopped out,0.08333333333333333,True
SOL/USD,2026-03-27,6.076916437054672,-0.344290305826746,-0.05665542868540987,-1.0,1.3052033231307252,-0.046441758212975214,stopped out,0.4166666666666667,True
SOL/USD,2026-03-28,5.162917263320106,-0.0,-0.0,-0.0,3.8858870967742973,-0.028581895283291015,break even,1.75,True
SOL/USD,2026-03-28,5.162917263320106,0.19368623669683924,0.037514882927309555,4.0,6.5340768277564925,0.03889397231501106,target,0.08333333333333333,True
SOL/USD,2026-03-28,5.162917263320106,-0.17284252749952383,-0.03347768687433398,-1.0,1.9441642024698729,-0.057384104848374265,stopped out,0.08333333333333333,True
SOL/USD,2026-03-30,4.582196997616753,-0.0,-0.0,-0.0,2.084968706905527,-0.014642928022756957,break even,0.5833333333333334,True
SOL/USD,2026-03-30,4.582196997616753,-0.0,-0.0,0.0,3.2502968416051097,-0.01631824326971409,break even,1.1666666666666667,True
SOL/USD,2026-03-31,5.284958971527122,0.2530421226220973,0.0478796758849727,4.0,4.117758784425312,0.056260759071168634,target,0.08333333333333333,True
SOL/USD,2026-03-31,5.284958971527122,-0.4035682438486733,-0.0763616607097443,-1.0,1.4133933338417886,-0.04181434994814809,stopped out,1.0,True
SOL/USD,2026-04-01,6.957667818153373,1.5583583868499746,0.22397711813490642,4.0,4.626636225266503,0.11036518812639921,target,5.166666666666667,True
SOL/USD,2026-04-03,2.4249930036102714,0.11907932876865993,0.04910501951608828,4.0,13.947368421048505,-0.016073776899127423,target,0.08333333333333333,True
SOL/USD,2026-04-04,2.191928166849196,0.04132689291370559,0.018854127401953708,4.0,9.531722054383016,-0.2940110005495691,target,0.16666666666666666,True
SOL/USD,2026-04-05,4.435039903094251,0.32792066323842756,0.07393860492881765,4.0,4.570728027159279,0.05738757092957909,target,0.25,True
SOL/USD,2026-04-05,4.435039903094251,1.1521265873179138,0.2597781784362515,4.0,4.944273804300029,0.09162040112539427,target,0.4166666666666667,True
SOL/USD,2026-04-06,4.416785236648602,-0.16536720873893618,-0.03744062703497321,-1.0,4.9615595826471806,-0.05176062586186403,stopped out,0.4166666666666667,True
SOL/USD,2026-04-07,10.744481855592966,-0.0947819223295362,-0.008821451197313729,-1.0,3.782608695652546,-0.06523184532989354,stopped out,0.16666666666666666,True
SOL/USD,2026-04-08,4.316240315060007,-0.19827000457227473,-0.04593581221149366,-1.0,1.1366014048721607,-0.04205512857193379,stopped out,0.3333333333333333,True
SOL/USD,2026-04-08,4.316240315060007,0.2694323652223378,0.062422929576522436,4.0,4.60175824175895,0.048239095528835846,target,0.08333333333333333,True
SOL/USD,2026-04-09,5.185463378289557,-0.241322263876035,-0.04653822547207651,-1.0,0.9119496855346015,-0.039325946336661435,stopped out,0.75,True
SOL/USD,2026-04-10,3.7700835667935744,-0.24328848956388513,-0.06453132543446512,-1.0,2.618811881188195,-0.0373862886099048,stopped out,0.75,True
SOL/USD,2026-04-13,8.224430946683846,-0.16701649175412786,-0.02030736142559142,-1.0,1.2276481149012552,-0.04141450769512789,stopped out,0.08333333333333333,True
SOL/USD,2026-04-14,5.115463432970705,-0.27387378874874513,-0.053538411981121,-1.0,3.733354370463668,-0.032392667071958724,stopped out,0.5833333333333334,True
SOL/USD,2026-04-16,7.76695256531631,-0.32026389046451326,-0.04123417618058679,-1.0,2.1607629427793107,-0.029479577968470026,stopped out,0.16666666666666666,True
SOL/USD,2026-04-16,7.76695256531631,-0.48225378825666615,-0.06209047682487376,-1.0,0.7214650766609745,-0.02656828492534035,stopped out,0.3333333333333333,True
SOL/USD,2026-04-17,3.6912375182317874,0.7136594278731808,0.1933387988034552,4.0,5.257450856056073,0.06222321360102235,target,0.4166666666666667,True
SOL/USD,2026-04-18,3.9983111436372436,-0.18998257370246346,-0.04751570522589127,-1.0,2.1323877068557326,-0.03573838993819401,stopped out,0.75,True
SOL/USD,2026-04-19,5.0333487725799,0.46064885150916773,0.09151935864620345,4.0,4.201409869083689,0.056626444866213224,target,0.25,True
SOL/USD,2026-04-19,5.0333487725799,0.3964831156797398,0.07877123831347732,4.0,4.419470080381222,0.057401299951929,target,0.25,True
SOL/USD,2026-04-19,5.0333487725799,-0.1951516453611146,-0.03877173114333728,-1.0,0.8742231429417255,-0.03930175562544059,stopped out,0.08333333333333333,True
SOL/USD,2026-04-19,5.0333487725799,-0.19458407653639437,-0.0386589694710661,-1.0,1.9794642857144489,-0.03934829463229571,stopped out,0.5,True
SOL/USD,2026-04-20,3.5655256808699645,-0.061369331115992506,-0.017211860636779597,-1.0,3.602620087335145,-0.06659639780744124,stopped out,0.08333333333333333,True
SOL/USD,2026-04-20,3.5655256808699645,-0.34070055359070023,-0.09555408769558255,-1.0,1.5325178740632912,-0.026422431951661697,stopped out,4.083333333333333,True
SOL/USD,2026-04-21,2.961108836774077,-0.1713945923257096,-0.057881895524121346,-1.0,1.102040816326637,-0.032355763073788894,stopped out,0.08333333333333333,True
SOL/USD,2026-04-21,2.961108836774077,0.8840227776608708,0.29854450693678397,4.0,4.983582682377995,0.05850758318964753,target,0.4166666666666667,True
SOL/USD,2026-04-22,3.9501146985510536,-0.1536239872510361,-0.038891019368978604,-1.0,1.997170345217843,-0.035459338211404484,stopped out,0.16666666666666666,True
SOL/USD,2026-04-22,3.9501146985510536,-0.23754320260113965,-0.06013577344685033,-1.0,2.283524904214584,-0.027976797527060976,stopped out,0.5833333333333334,True
SOL/USD,2026-04-24,2.0422371779995414,-0.15230481378330749,-0.07457743665821252,-1.0,2.2894135567400253,-0.0320324928099162,stopped out,0.25,True
SOL/USD,2026-04-26,1.7878174980302342,-0.002730737118901229,-0.0015274138002955428,-1.0,29.21276595753919,-0.8032678902317835,stopped out,0.08333333333333333,False
XRP/USD,2025-07-27,2.9616361828712208,0.5463567102950054,0.1844779968096312,4.0,4.296338672768621,9164.09783378095,target,0.3333333333333333,True
XRP/USD,2025-07-28,6.9668735622607585,0.2129742962056667,0.03056956528669315,4.0,6.06321839080347,5157.869466035192,target,0.08333333333333333,True
XRP/USD,2025-07-29,4.2239487384861825,-0.3791211428022944,-0.08975514767685541,-1.0,0.806751054852365,-4597.70306232411,stopped out,0.5,True
XRP/USD,2025-07-30,5.175275867583566,-0.09621095332087631,-0.018590497546906427,-1.0,2.006655574043305,-7709.320852876397,stopped out,0.08333333333333333,True
XRP/USD,2025-07-31,5.248898473778267,-0.09225351040236048,-0.01757578487433659,-1.0,4.400521285838536,-7343.8462715589685,stopped out,0.16666666666666666,True
XRP/USD,2025-08-02,9.407484143977578,-0.09873273434356897,-0.01049512630927739,-1.0,1.0186757215620166,-6554.320034640463,stopped out,0.08333333333333333,True
XRP/USD,2025-08-02,9.407484143977578,-0.12320993505547079,-0.01309701224788633,-1.0,0.71800136892527,-5816.450124982312,stopped out,0.08333333333333333,True
XRP/USD,2025-08-03,8.48673360825263,-0.07323478024334838,-0.008629324734799472,-1.0,4.02380952380968,-6822.0403301961205,stopped out,0.08333333333333333,True
XRP/USD,2025-08-03,8.48673360825263,-0.20353843745106165,-0.02398313024143208,-1.0,1.1025641025641726,-3700.7741813647353,stopped out,0.08333333333333333,True
XRP/USD,2025-08-04,5.284237288135595,-0.0,-0.0,-0.0,2.613836921990775,-1183.641210489132,break even,0.4166666666666667,True
XRP/USD,2025-08-04,5.284237288135595,-0.2000366733901143,-0.03785535404309825,-1.0,1.925000000000098,-3484.8047886977,stopped out,0.6666666666666666,True
XRP/USD,2025-08-04,5.284237288135595,-0.4068340204545935,-0.07699011196337367,-1.0,1.329754911889815,-2652.2287533340846,stopped out,0.9166666666666666,True
XRP/USD,2025-08-04,5.284237288135595,-0.16553375832071698,-0.03132595099246977,-1.0,1.3829787234042497,-3583.6425945784877,stopped out,0.08333333333333333,True
XRP/USD,2025-08-05,6.138511974463159,0.733442567115138,0.11948214325659613,4.0,4.374211000901633,6018.823258740285,target,0.9166666666666666,True
XRP/USD,2025-08-06,3.9340313729331937,-0.0,-0.0,0.0,1.9320987654322004,-1563.8270549338595,break even,0.3333333333333333,True
XRP/USD,2025-08-06,3.9340313729331937,-0.17978023095235715,-0.045698728329742304,-1.0,1.5419415645617378,-3367.403529120218,stopped out,0.5833333333333334,True
XRP/USD,2025-08-06,3.9340313729331937,-0.1830074219676786,-0.046519055040282815,-1.0,2.444444444444289,-3170.2857862791234,stopped out,0.08333333333333333,True
XRP/USD,2025-08-07,12.344985257397637,-0.09406787101413883,-0.007619925747401714,-1.0,2.2622222222222326,-4184.59575811658,stopped out,0.5,True
XRP/USD,2025-08-07,12.344985257397637,-0.08912737558575287,-0.0072197231286561464,-1.0,1.522875816993594,-4011.3864494917016,stopped out,0.08333333333333333,True
XRP/USD,2025-08-08,5.213457182466137,-0.2391235481650911,-0.04586659864960812,-1.0,1.4866896335733621,-2337.410525177459,stopped out,0.3333333333333333,True
XRP/USD,2025-08-10,3.8273156028203874,0.49692508314229505,0.12983645319871348,4.0,4.788819875777084,4286.194725702975,target,0.08333333333333333,True
XRP/USD,2025-08-11,6.746061633088562,-0.17617799580409307,-0.026115681324339335,-1.0,1.791519434629092,-2731.5418580441365,stopped out,0.08333333333333333,True
XRP/USD,2025-08-11,6.746061633088562,-0.17079512200429398,-0.02531775297850318,-1.0,1.7752502274793982,-2624.0550699603627,stopped out,0.08333333333333333,True
XRP/USD,2025-08-13,4.0571673661958965,-0.0,-0.0,-0.0,3.9813251470964692,-309.2272787804658,break even,11.166666666666666,True
XRP/USD,2025-08-14,10.388936378068141,-0.0,-0.0,0.0,2.9112318840581093,-1086.8948028374919,break even,0.16666666666666666,True
XRP/USD,2025-08-15,4.505662911864966,0.6348445254249333,0.14089925008663398,4.0,4.670694864048454,4377.391663575984,target,1.1666666666666667,True
XRP/USD,2025-08-15,4.505662911864966,-0.0,-0.0,0.0,1.6629348260695478,-883.7851577791185,break even,0.4166666666666667,True
XRP/USD,2025-08-16,2.707331842969558,0.049799750031135154,0.018394401912885532,4.0,10.324675324672194,-9419.824763999744,target,0.08333333333333333,True
XRP/USD,2025-08-16,2.707331842969558,0.34724558014677726,0.12826118122479518,4.0,4.298892988929882,3005.0462914845775,target,0.25,True
XRP/USD,2025-08-16,2.707331842969558,0.37756327821476005,0.13945954914807443,4.0,6.9593564775609735,3385.167618053763,target,0.08333333333333333,True
XRP/USD,2025-08-17,2.229011270607254,-0.013771542195274121,-0.006178318780560636,-1.0,15.736842105270922,-14398.020837267206,stopped out,0.08333333333333333,True
XRP/USD,2025-08-18,5.014152850788509,0.911724679184802,0.18183025255032406,4.0,4.201465201465185,3281.5095792436423,target,0.5833333333333334,True
XRP/USD,2025-08-19,7.6263758147157334,-0.11861968332562285,-0.01555387332168134,-1.0,2.4595715272976113,-2201.6412602392793,stopped out,0.4166666666666667,True
XRP/USD,2025-08-19,7.6263758147157334,-0.17040234669795615,-0.022343817146953406,-1.0,1.4307243558579517,-1736.8466587317432,stopped out,0.4166666666666667,True
XRP/USD,2025-08-20,5.939595438368325,-0.3027797844291342,-0.05097649959006489,-1.0,0.34654033878844503,-1335.1740724006506,stopped out,0.16666666666666666,True
XRP/USD,2025-08-20,5.939595438368325,0.46558601095773566,0.07838682209737124,4.0,7.682527881040511,2589.9640911344986,target,0.08333333333333333,True
XRP/USD,2025-08-21,3.9907247554246656,-0.1651895858370023,-0.041393379889820024,-1.0,1.5398457583548018,-1734.7081015157949,stopped out,0.25,True
XRP/USD,2025-08-21,3.9907247554246656,0.900625740448075,0.22567974381691894,4.0,4.627053878486756,3157.9689327203173,target,0.8333333333333334,True
XRP/USD,2025-08-22,11.347400861441795,-0.13447667615571032,-0.01185087913943879,-1.0,0.4675324675325424,-1992.2165432801444,stopped out,0.08333333333333333,True
XRP/USD,2025-08-22,11.347400861441795,-0.037830120097548735,-0.0033338136688283045,-1.0,2.7788018433189343,-4221.534833526964,stopped out,0.16666666666666666,True
XRP/USD,2025-08-22,11.347400861441795,-0.0383275261324077,-0.0033776480271040517,-1.0,2.959090909090847,-3625.871644434518,stopped out,0.16666666666666666,True
XRP/USD,2025-08-24,4.360112887219398,-0.0,-0.0,0.0,3.324675324675383,-733.6327915182121,break even,0.75,True
XRP/USD,2025-08-24,4.360112887219398,-0.11505973745836402,-0.026389164784158096,-1.0,1.9316054715623063,-1483.7467962322332,stopped out,0.08333333333333333,True
XRP/USD,2025-08-25,7.540106068366187,-0.1722324328698001,-0.02284217639754237,-1.0,1.369127516778703,-1145.4208934107817,stopped out,0.16666666666666666,True
XRP/USD,2025-08-25,7.540106068366187,0.5414747524626118,0.07181261742912592,4.0,6.056603773584885,1889.501383248911,target,0.8333333333333334,True
XRP/USD,2025-08-27,2.7791431418133574,-0.0982352676285598,-0.035347322039865306,-1.0,0.9660441426145291,-1566.7645567541826,stopped out,0.08333333333333333,True
XRP/USD,2025-08-27,2.7791431418133574,1.332532903254832,0.4794761677462106,4.0,4.2116970757309975,2275.7064143074595,target,3.0,True
XRP/USD,2025-08-27,2.7791431418133574,-0.22395674586872283,-0.08058481857202711,-1.0,2.6050295857988495,-993.1642161281698,stopped out,1.25,True
XRP/USD,2025-08-28,2.790058972198819,-0.28672965299893893,-0.10276831273317855,-1.0,1.2655072463768555,-969.4533787690748,stopped out,0.08333333333333333,True
XRP/USD,2025-08-31,3.561295996822415,-0.28657595587119067,-0.08046956954066428,-1.0,0.19778188539736485,-927.4274918788055,stopped out,0.3333333333333333,True
XRP/USD,2025-08-31,3.561295996822415,-0.2940462524885487,-0.0825672038356017,-1.0,0.36861203507711604,-880.0690834938011,stopped out,0.5833333333333334,True
XRP/USD,2025-08-31,3.561295996822415,0.07828902886012688,0.02198329735298068,4.0,12.281818181827093,-1588.1543328756434,target,0.08333333333333333,True
XRP/USD,2025-09-01,4.951536960388054,-0.4022890793264128,-0.08124529465188222,-1.0,0.6587227176749115,-710.0036375084751,stopped out,0.25,True
XRP/USD,2025-09-02,4.188405797101439,0.26105039198403146,0.062326910196879644,4.0,5.698191933240903,1043.5141434390364,target,0.08333333333333333,True
XRP/USD,2025-09-02,4.188405797101439,-0.3442255192245859,-0.08218533157957261,-1.0,0.0,-752.8610588305945,stopped out,0.16666666666666666,True
XRP/USD,2025-09-03,2.643478139326848,-0.1381613640358583,-0.05226499208767453,-1.0,0.8651399491094349,-1015.4633074027557,stopped out,0.08333333333333333,True
XRP/USD,2025-09-03,2.643478139326848,-0.0,-0.0,0.0,2.6095820591231247,-372.89943000803936,break even,1.1666666666666667,True
XRP/USD,2025-09-03,2.643478139326848,0.5799288300769984,0.21938098199089898,4.0,4.333333333333617,1537.4450557497075,target,0.9166666666666666,True
XRP/USD,2025-09-05,3.8462088698140113,0.09563758979209569,0.024865417617509777,4.0,7.455882352940888,-741.294088555981,target,0.08333333333333333,True
XRP/USD,2025-09-06,1.2827364096518499,-0.026042291615013046,-0.020302138006732993,-1.0,8.556313993171,-3021.570981492139,stopped out,0.08333333333333333,False
XRP/USD,2025-09-08,4.630163838705421,-0.06014899243928507,-0.012990683382837384,-1.0,1.8455988455988075,-1310.565048795588,stopped out,0.08333333333333333,True
XRP/USD,2025-09-08,4.630163838705421,-0.25081126347743726,-0.05416898239772942,-1.0,1.6196994991653129,-571.3534204141622,stopped out,1.0833333333333333,True
XRP/USD,2025-09-09,3.413221052631576,-0.0,-0.0,-0.0,3.6306990881462213,-418.01734385842053,break even,0.9166666666666666,True
XRP/USD,2025-09-09,3.413221052631576,-0.08289124668434837,-0.024285343787048202,-1.0,1.8039999999999552,-888.7915557652536,stopped out,0.5,True
XRP/USD,2025-09-10,2.9945744320108627,-0.04882791768036848,-0.016305461356517507,-1.0,1.8730434782613294,-1169.2358490805882,stopped out,0.08333333333333333,True
XRP/USD,2025-09-10,2.9945744320108627,0.5256695317425735,0.17554064648497827,4.0,4.681818181818544,862.2760200811549,target,0.25,True
XRP/USD,2025-09-11,3.1909471919530588,0.6026970693855229,0.18887716816668304,4.0,4.605555555555306,979.4639974323595,target,0.16666666666666666,True
XRP/USD,2025-09-12,3.940150690486864,-0.07003733962715011,-0.017775294685111638,-1.0,1.1050175029173366,-969.6837772464612,stopped out,0.08333333333333333,True
XRP/USD,2025-09-12,3.940150690486864,-0.17040314489200917,-0.043247875088491435,-1.0,0.5308880308881062,-548.2685033308918,stopped out,0.3333333333333333,True
XRP/USD,2025-09-13,3.0945867662203907,0.15509363536902998,0.05011772074449067,4.0,4.813278008300246,197.94813793374362,target,0.08333333333333333,True
XRP/USD,2025-09-14,3.714091109419446,-0.06689446075364919,-0.01801099078695071,-1.0,2.80575539568315,-883.1853027233548,stopped out,0.16666666666666666,True
XRP/USD,2025-09-14,3.714091109419446,-0.067864529472581,-0.01827217681883657,-1.0,1.9142857142861915,-797.9637646516346,stopped out,0.08333333333333333,True
XRP/USD,2025-09-14,3.714091109419446,0.22969711126684436,0.061844770227714896,4.0,4.39548022598852,481.51691168398634,target,0.4166666666666667,True
XRP/USD,2025-09-14,3.714091109419446,-0.06258212877791798,-0.016849917499116025,-1.0,3.1023622047247397,-813.0330323663213,stopped out,0.3333333333333333,True
XRP/USD,2025-09-16,3.123625458180604,0.12310903847823979,0.039412227914785346,4.0,7.369565217392837,-47.05772420596634,target,0.08333333333333333,True
XRP/USD,2025-09-17,4.100861287770777,-0.10113111516885778,-0.024660945121563117,-1.0,1.2058823529408949,-545.5494683730744,stopped out,0.16666666666666666,True
XRP/USD,2025-09-18,2.6691405811990125,-0.13038551055472655,-0.04884924813370291,-1.0,0.5077881619938067,-444.33447570960334,stopped out,0.08333333333333333,True
XRP/USD,2025-09-18,2.6691405811990125,-0.0,-0.0,-0.0,2.4538021259199105,-145.52475472876597,break even,0.8333333333333334,True
XRP/USD,2025-09-19,3.7047869747489477,-0.09474534100083906,-0.025573762174884405,-1.0,2.1930434782608237,-485.68706857695435,stopped out,0.25,True
XRP/USD,2025-09-20,1.546068632809964,-0.10464191536562778,-0.06768258093137959,-1.0,1.3791999999998228,-426.64425140409094,stopped out,0.25,False
XRP/USD,2025-09-21,1.9617125283697938,-0.0848712785608585,-0.043263871404944095,-1.0,0.0,-449.2690346885777,stopped out,0.16666666666666666,False
XRP/USD,2025-09-21,1.9617125283697938,0.4119326506861276,0.20998624657224801,4.0,4.040650406504115,452.32701147296075,target,0.75,False
XRP/USD,2025-09-21,1.9617125283697938,-0.023640384483187855,-0.01205089132138708,-1.0,4.163120567376021,-1064.3064675068342,stopped out,0.08333333333333333,False
XRP/USD,2025-09-23,3.328993960504122,-0.15240819835299482,-0.045782059132938493,-1.0,1.0183802412408907,-270.33422473455755,stopped out,0.25,True
XRP/USD,2025-09-25,7.43698791745558,-0.053614315636510874,-0.007209143840434524,-1.0,4.944353518821963,-471.1571753353338,stopped out,0.08333333333333333,True
XRP/USD,2025-09-25,7.43698791745558,1.2099838604389366,0.16269810760334122,4.0,4.12924774905596,443.44540558633946,target,2.0833333333333335,True
XRP/USD,2025-09-25,7.43698791745558,-0.17434216037892455,-0.023442576795065215,-1.0,1.0030349013655906,-239.1723367446973,stopped out,0.16666666666666666,True
XRP/USD,2025-09-26,4.143429195485986,-0.17989210095323047,-0.043416236278204526,-1.0,0.5188726723704539,-223.70759340278653,stopped out,0.08333333333333333,True
XRP/USD,2025-09-27,2.3721145830338974,-0.12373655623898017,-0.05216297607374558,-1.0,0.356104651162747,-252.41507395720856,stopped out,0.16666666666666666,True
XRP/USD,2025-09-27,2.3721145830338974,-0.08441367555482249,-0.03558583390472593,-1.0,1.6602768903088287,-293.30307880457525,stopped out,0.08333333333333333,True
XRP/USD,2025-09-27,2.3721145830338974,-0.11844800708527152,-0.04993350992926251,-1.0,0.3495440729483455,-223.95215704444837,stopped out,0.08333333333333333,True
XRP/USD,2025-10-01,5.180960606092531,-0.0,-0.0,-0.0,4.792452830189522,-232.25351888502365,break even,0.08333333333333333,True
XRP/USD,2025-10-01,5.180960606092531,-0.14576271186439824,-0.028134302293862094,-1.0,1.2453488372094266,-176.25492422409013,stopped out,0.3333333333333333,True
XRP/USD,2025-10-02,5.463837144261575,-0.19990231473789147,-0.03658643357403871,-1.0,0.6456759026028545,-145.1296291256586,stopped out,0.5,True
XRP/USD,2025-10-03,2.8414319896926092,-0.12453341288486729,-0.043827694393748104,-1.0,0.9455872594559276,-170.7303709558686,stopped out,0.08333333333333333,True
XRP/USD,2025-10-03,2.8414319896926092,-0.11982535044811171,-0.04217076139171454,-1.0,1.523287671232908,-163.50405048028767,stopped out,0.4166666666666667,True
XRP/USD,2025-10-03,2.8414319896926092,-0.12573227100825896,-0.044249614794356164,-1.0,1.8427260812579902,-149.57764005854668,stopped out,0.08333333333333333,True
XRP/USD,2025-10-05,4.21828411636879,-0.17243280043828196,-0.04087747427186499,-1.0,0.4036115178135348,-121.20581481092194,stopped out,0.08333333333333333,True
XRP/USD,2025-10-05,4.21828411636879,-0.03549863781355787,-0.008415421255246325,-1.0,0.5676959619952103,-304.53724491735653,stopped out,0.08333333333333333,True
XRP/USD,2025-10-05,4.21828411636879,-0.26912599691489664,-0.0637998744253783,-1.0,0.5426829268292501,-83.65962123537486,stopped out,0.4166666666666667,True
XRP/USD,2025-10-05,4.21828411636879,0.1702314416142659,0.040355613068757824,4.0,4.355468750000088,52.192420484451986,target,0.08333333333333333,True
XRP/USD,2025-10-07,5.092192439701683,0.7010664325232584,0.13767477188358757,4.0,9.6361867704273,181.4125514553337,target,0.08333333333333333,True
XRP/USD,2025-10-08,3.221531214946729,-0.22456653436392,-0.06970801130903628,-1.0,1.4209302325580064,-96.12643410177958,stopped out,0.3333333333333333,True
XRP/USD,2025-10-08,3.221531214946729,0.3516653905554589,0.10916094462281162,4.0,4.719960278054141,147.19890847226742,target,0.4166666666666667,True
XRP/USD,2025-10-09,3.641075162740294,-0.04313969854502345,-0.011848065919231468,-1.0,0.7090909090904916,-249.82787845409533,stopped out,0.08333333333333333,True
XRP/USD,2025-10-09,3.641075162740294,-0.2496072969509892,-0.06855318437401697,-1.0,1.2696549270721833,-83.55888943616708,stopped out,0.16666666666666666,True
XRP/USD,2025-10-10,50.636571183961756,-0.10980029848624175,-0.002168399161296669,-1.0,1.5938511326862015,-114.3770573675501,stopped out,0.75,True
XRP/USD,2025-10-13,5.32329651399341,-0.18575692238643743,-0.034895092147907994,-1.0,2.4241617881850073,-83.28535129681791,stopped out,0.08333333333333333,True
XRP/USD,2025-10-13,5.32329651399341,-0.0,-0.0,0.0,2.8939393939393074,-23.8975590740188,break even,0.3333333333333333,True
XRP/USD,2025-10-14,8.82561636987484,1.0441057924839268,0.11830400832375333,4.0,4.12132352941201,160.9577413466701,target,0.8333333333333334,True
XRP/USD,2025-10-16,7.486235288023212,0.8299582528506586,0.11086456956254902,4.0,6.4164164164162925,171.40725111755225,target,1.5833333333333333,True
XRP/USD,2025-10-16,7.486235288023212,0.5841771562736006,0.0780335019937446,4.0,4.143059490084978,158.1210676462726,target,0.25,True
XRP/USD,2025-10-17,8.881462702609737,-0.24234441883436492,-0.02728654355134028,-1.0,3.399456521739312,-92.93648976826933,stopped out,0.9166666666666666,True
XRP/USD,2025-10-18,4.431224564008875,0.4307705302278902,0.09721252534269607,4.0,4.784313725489677,162.02484780711984,target,0.25,True
XRP/USD,2025-10-18,4.431224564008875,-0.22137847253087098,-0.04995875729904163,-1.0,1.4168260038240998,-99.27740797589891,stopped out,0.3333333333333333,True
XRP/USD,2025-10-19,4.233094749100131,-0.04463422254624286,-0.01054411138700148,-1.0,4.728571428570341,-232.50407153706658,stopped out,0.08333333333333333,True
XRP/USD,2025-10-22,4.716173991316526,-0.08519989961901225,-0.018065469971184966,-1.0,1.4533333333336922,-132.69499417695698,stopped out,0.08333333333333333,True
XRP/USD,2025-10-22,4.716173991316526,-0.31948280781179983,-0.0677419468408153,-1.0,1.6660124304874888,-68.4812508808757,stopped out,0.16666666666666666,True
XRP/USD,2025-10-22,4.716173991316526,-0.22526533507047003,-0.04776442418902084,-1.0,2.35275080906152,-73.49319457888173,stopped out,0.16666666666666666,True
XRP/USD,2025-10-24,5.434442474183781,0.08179959100207232,0.015052066774220128,4.0,15.29999999999476,-102.99349953217714,target,0.08333333333333333,True
XRP/USD,2025-10-26,2.464814386715201,-0.0,-0.0,-0.0,1.9756838905772827,-21.297208343337363,break even,0.5833333333333334,True
XRP/USD,2025-10-26,2.464814386715201,0.6379755518926282,0.25883310132039716,4.0,4.8028673835129885,130.1155214152289,target,0.5,True
XRP/USD,2025-10-27,3.630383001247676,-0.08732753625691883,-0.024054634518425863,-1.0,3.5088222571757526,-110.75694383225547,stopped out,0.08333333333333333,True
XRP/USD,2025-10-28,4.489563567362432,-0.1617005109963022,-0.0360169777240284,-1.0,2.4132086499122467,-74.39231446940062,stopped out,0.3333333333333333,True
XRP/USD,2025-10-28,4.489563567362432,-0.1582621719455371,-0.03525112621103043,-1.0,0.27413587604289336,-71.05733053227607,stopped out,0.16666666666666666,True
XRP/USD,2025-10-29,5.018970668428055,0.44713371769465643,0.08908872899125729,4.0,4.864610111396548,105.26248500543201,target,0.5,True
XRP/USD,2025-10-29,5.018970668428055,-0.08051353758612514,-0.01604184262175456,-1.0,2.3459268004726184,-104.55832187913245,stopped out,0.25,True
XRP/USD,2025-10-29,5.018970668428055,-0.0,-0.0,0.0,3.634146341463466,-20.444422435563826,break even,0.6666666666666666,True
XRP/USD,2025-10-30,8.530905140037536,1.5324683686938918,0.17963725343769898,4.0,4.1533613445377435,133.3612065758076,target,1.6666666666666667,True
XRP/USD,2025-10-31,4.918654752847034,-0.09936571651509368,-0.020201807507952953,-1.0,0.8581258854484016,-92.91653227623166,stopped out,0.08333333333333333,True
XRP/USD,2025-10-31,4.918654752847034,-0.0,-0.0,-0.0,3.2621082621078448,-23.150935800439356,break even,1.0,True
XRP/USD,2025-10-31,4.918654752847034,-0.4300019164430972,-0.087422666979056,-1.0,0.9619312906220566,-48.01471542478903,stopped out,0.08333333333333333,True
XRP/USD,2025-11-01,1.8409308256295922,-0.20208487564778094,-0.10977320431291522,-1.0,0.7574257425742178,-58.15936876103207,stopped out,1.0,False
XRP/USD,2025-11-01,1.8409308256295922,0.6231354056394823,0.33848931038805985,4.0,4.592020592020711,106.99990565488174,target,0.3333333333333333,False
XRP/USD,2025-11-02,3.0140586833690617,-0.006595791884776342,-0.002188342224778345,-1.0,14.818181818183286,-760.3048097639227,stopped out,0.08333333333333333,True
XRP/USD,2025-11-02,3.0140586833690617,-0.0,-0.0,-0.0,3.1504702194356633,-5.797759017210302,break even,2.5833333333333335,True
XRP/USD,2025-11-02,3.0140586833690617,1.0662170075730573,0.35374792583044823,4.0,4.101081685938167,49.10717550659515,target,1.3333333333333333,True
XRP/USD,2025-11-03,11.060961936825437,-0.2367610018292741,-0.02140510049501408,-1.0,0.766506340183702,-23.862633954634042,stopped out,0.08333333333333333,True
XRP/USD,2025-11-04,12.748566963956977,-0.0,-0.0,0.0,3.9771428571428595,-5.061933112305908,break even,3.8333333333333335,True
XRP/USD,2025-11-05,12.461151062816171,-0.16838749361867858,-0.013512996734398281,-1.0,7.190411883861875,-25.748889261771104,stopped out,0.08333333333333333,True
XRP/USD,2025-11-05,12.461151062816171,-0.29636021000911833,-0.023782731508122983,-1.0,0.2147472443937347,-19.81431764019764,stopped out,0.08333333333333333,True
XRP/USD,2025-11-06,10.106058082070083,1.159702266283493,0.11475317644779896,4.0,4.224429727741055,46.946033992893724,target,0.5833333333333334,True
XRP/USD,2025-11-06,10.106058082070083,-0.523713353507591,-0.05182172408416593,-1.0,0.549075975359345,-18.218612352640665,stopped out,0.6666666666666666,True
XRP/USD,2025-11-08,4.130684467780095,0.8923086870777536,0.21601957109962855,4.0,4.074396135265367,48.13196475743658,target,0.16666666666666666,True
XRP/USD,2025-11-08,4.130684467780095,1.0819672131147922,0.261934122916985,4.0,4.114832535884995,54.64593197274136,target,1.6666666666666667,True
XRP/USD,2025-11-09,6.726910706080558,-0.0,-0.0,-0.0,3.4546048334424033,-13.211598081062629,break even,1.1666666666666667,True
XRP/USD,2025-11-09,6.726910706080558,-0.07891914793662744,-0.011731856030925341,-1.0,1.4728789986093398,-45.214236675030605,stopped out,0.08333333333333333,True
XRP/USD,2025-11-09,6.726910706080558,-0.09960836798052662,-0.01480744614173176,-1.0,0.8700440528632819,-35.36075171870401,stopped out,0.16666666666666666,True
XRP/USD,2025-11-09,6.726910706080558,-0.3055315471045865,-0.045419295788839874,-1.0,0.844413012729833,-20.397947756232288,stopped out,0.3333333333333333,True
XRP/USD,2025-11-10,9.914009171791445,-0.3653775753168918,-0.036854673925106794,-1.0,0.8045818382555826,-18.5772690760736,stopped out,0.25,True
XRP/USD,2025-11-11,7.545392105049606,0.3861043257153517,0.05117087625664396,4.0,5.6342494714581886,35.061148133217145,target,0.08333333333333333,True
XRP/USD,2025-11-13,10.443725779103344,-0.0,-0.0,0.0,2.92022792022778,-6.516918763996711,break even,0.8333333333333334,True
XRP/USD,2025-11-14,4.881251874256763,1.4818819128032106,0.30358644687411207,4.0,4.741169658367136,51.21400171413533,target,0.25,True
XRP/USD,2025-11-14,4.881251874256763,0.11101398601405338,0.02274293334452379,4.0,16.535433070856037,-10.151224396523823,target,0.08333333333333333,True
XRP/USD,2025-11-14,4.881251874256763,-0.2703256594677355,-0.05538039552791901,-1.0,2.090252707581304,-22.544982687561653,stopped out,0.08333333333333333,True
XRP/USD,2025-11-15,4.096831771530574,-0.32091191178128403,-0.07833172794922734,-1.0,1.059958649207501,-20.44775103465365,stopped out,0.25,True
XRP/USD,2025-11-15,4.096831771530574,-0.13830091882423157,-0.0337580175454855,-1.0,3.205457463884794,-27.007884127321695,stopped out,0.3333333333333333,True
XRP/USD,2025-11-17,8.621363345461116,-0.31984118230947295,-0.03709867795768746,-1.0,1.6896551724137805,-18.468995600499483,stopped out,2.1666666666666665,True
XRP/USD,2025-11-17,8.621363345461116,3.88170467149845,0.45024255630544197,4.0,4.021115446407992,48.736515070776804,target,2.5,True
XRP/USD,2025-11-18,6.432690372707449,1.6429670596674253,0.2554090068811937,4.0,4.059154929577629,51.8402927955078,target,0.3333333333333333,True
XRP/USD,2025-11-18,6.432690372707449,0.4296848216122053,0.06679706261555313,4.0,4.531914893617327,43.706963672919635,target,0.08333333333333333,True
XRP/USD,2025-11-19,8.866365688487589,0.8710970551925558,0.09824736377878253,4.0,4.307855626327204,57.688612964979484,target,0.5833333333333334,True
XRP/USD,2025-11-20,10.62830683894979,0.35124273749524093,0.033047854452981536,4.0,5.0958721704381285,47.20851460160358,target,0.3333333333333333,True
XRP/USD,2025-11-22,3.9538461538461513,-0.0,-0.0,0.0,3.3809029579658088,-10.473778080052286,break even,0.8333333333333334,True
XRP/USD,2025-11-22,3.9538461538461513,-0.2865209607540836,-0.07246639085220018,-1.0,2.240529438612479,-28.671278951023993,stopped out,0.3333333333333333,True
XRP/USD,2025-11-22,3.9538461538461513,0.5769213261907594,0.14591395409493924,4.0,5.834986474301016,58.694105496823866,target,0.4166666666666667,True
XRP/USD,2025-11-23,6.884002255369321,0.7312596206188985,0.10622594146428951,4.0,4.382849426063879,68.06563842779276,target,0.25,True
XRP/USD,2025-11-23,6.884002255369321,1.3072247159403232,0.18989312720238086,4.0,4.0232035928144905,81.85749953360896,target,1.3333333333333333,True
XRP/USD,2025-11-25,5.227963935471993,-0.31598203891567495,-0.06044074573118633,-1.0,0.2989473684210862,-35.44513425440323,stopped out,0.08333333333333333,True
XRP/USD,2025-11-25,5.227963935471993,0.9182669199606719,0.1756452284856415,4.0,4.127617148554105,82.84376860944657,target,0.08333333333333333,True
XRP/USD,2025-11-26,5.072114510203331,-0.1907761601383329,-0.03761274706132079,-1.0,1.932698034544586,-44.57764957593462,stopped out,0.25,True
XRP/USD,2025-11-26,5.072114510203331,-0.22621008735330717,-0.044598773726076395,-1.0,0.2632108706592316,-39.658576202073625,stopped out,0.08333333333333333,True
XRP/USD,2025-11-26,5.072114510203331,1.4542659741810735,0.2867178907841288,4.0,4.085004775549309,87.68733482494571,target,0.4166666666666667,True
XRP/USD,2025-11-27,2.997928041628139,0.32656738267507635,0.10893102774332152,4.0,7.193103448274899,64.54558054664716,target,0.16666666666666666,True
XRP/USD,2025-11-29,2.595822813862754,0.20443101942773673,0.07875384187857183,4.0,8.65022421525057,42.1819571651198,target,0.08333333333333333,True
XRP/USD,2025-11-30,2.8710237340983262,-0.17585060640095532,-0.061250140259179346,-1.0,3.5935483870969036,-51.837118307848684,stopped out,0.9166666666666666,True
XRP/USD,2025-11-30,2.8710237340983262,-0.09509552778017578,-0.03312251537692059,-1.0,3.928229665071935,-66.80777398783782,stopped out,0.08333333333333333,True
XRP/USD,2025-11-30,2.8710237340983262,-0.0,-0.0,-0.0,2.6627712854759404,-24.933414864171144,break even,0.5,True
XRP/USD,2025-12-01,8.695295964250407,-0.04526758511462832,-0.005205985546753116,-1.0,8.703504043131533,-98.55370636703609,stopped out,0.16666666666666666,True
XRP/USD,2025-12-01,8.695295964250407,-0.0,-0.0,0.0,3.466165413533888,-4.38757176479654,break even,16.166666666666668,True
XRP/USD,2025-12-02,9.244252360346177,0.11904761904760594,0.01287801483636129,4.0,15.00000000000148,-7.655830462383847,target,0.08333333333333333,True
XRP/USD,2025-12-04,6.516916538921657,-0.22199637765502128,-0.034064634145484184,-1.0,1.4941176470587283,-35.21480885506842,stopped out,0.4166666666666667,True
XRP/USD,2025-12-04,6.516916538921657,-0.12079586634955353,-0.018535739352823048,-1.0,2.7121354656629406,-43.878241545832964,stopped out,0.4166666666666667,True
XRP/USD,2025-12-06,1.7770959184325787,-0.0837864074086348,-0.04714793756463943,-1.0,3.9691629955948367,-50.54682546833817,stopped out,0.25,False
XRP/USD,2025-12-06,1.7770959184325787,0.7004321631942124,0.39414426420606635,4.0,4.574947220267963,59.953629455964325,target,1.4166666666666667,False
XRP/USD,2025-12-06,1.7770959184325787,-0.1664426882343357,-0.0936599350141664,-1.0,1.400000000000158,-35.82471397927585,stopped out,2.1666666666666665,False
XRP/USD,2025-12-08,4.438872853578593,0.375450504780263,0.0845823967401042,4.0,11.900763358780111,50.125104894412196,target,0.08333333333333333,True
XRP/USD,2025-12-09,6.523231639510717,-0.11266232904637374,-0.017270937975586608,-1.0,0.45610278372595486,-44.21620648595436,stopped out,0.08333333333333333,True
XRP/USD,2025-12-10,3.5573244550620826,-0.13470832040374658,-0.037867875732295456,-1.0,3.330357142856833,-37.75388219852145,stopped out,0.08333333333333333,True
XRP/USD,2025-12-12,3.7532523104314874,-0.10494058293753537,-0.02795990630469259,-1.0,2.2629107981223604,-40.468925597416295,stopped out,0.08333333333333333,True
XRP/USD,2025-12-12,3.7532523104314874,-0.049852596335519576,-0.013282506000719238,-1.0,4.432098765432905,-60.7795017930199,stopped out,0.08333333333333333,True
XRP/USD,2025-12-13,2.1872355254642444,-0.18011576565337062,-0.0823485918898198,-1.0,0.9283252929014654,-25.936392567774732,stopped out,0.75,True
XRP/USD,2025-12-13,2.1872355254642444,0.06787347008039303,0.03103162384214968,4.0,12.913043478251355,-51.71725260341942,target,0.08333333333333333,True
XRP/USD,2025-12-14,3.8685983761012714,-0.048863460646354426,-0.012630791800000303,-1.0,1.7848101265823126,-46.54018021756842,stopped out,0.08333333333333333,True
XRP/USD,2025-12-14,3.8685983761012714,-0.14034735971529103,-0.036278606893469116,-1.0,1.767857142857201,-21.851493817455182,stopped out,0.25,True
XRP/USD,2025-12-14,3.8685983761012714,-0.06464253679363062,-0.016709549689357162,-1.0,5.20155038759684,-32.148796827710655,stopped out,0.08333333333333333,True
XRP/USD,2025-12-15,7.323187997982855,-0.08101539292464845,-0.01106285854561754,-1.0,3.2554517133959515,-25.317672163641912,stopped out,0.08333333333333333,True
XRP/USD,2025-12-15,7.323187997982855,-0.027832244281845914,-0.0038005639469466303,-1.0,3.7477477477488326,-50.76088797405603,stopped out,0.08333333333333333,True
XRP/USD,2025-12-17,7.065823244238194,-0.08777713191147715,-0.012422774937521225,-1.0,4.158518518518301,-18.4796548305482,stopped out,0.08333333333333333,True
XRP/USD,2025-12-17,7.065823244238194,-0.09961528341922159,-0.014098185020471972,-1.0,3.599211563732148,-15.899344695830004,stopped out,0.5,True
XRP/USD,2025-12-19,8.139112014378542,-0.21827340142717305,-0.02681783971538561,-1.0,0.7923076923076989,-10.261185250635926,stopped out,0.08333333333333333,True
XRP/USD,2025-12-19,8.139112014378542,-0.25787869654040046,-0.03168388591836952,-1.0,1.2857142857143187,-9.213481751570486,stopped out,1.5833333333333333,True
XRP/USD,2025-12-19,8.139112014378542,-0.2770156815889632,-0.034035123377045035,-1.0,2.5302593659943073,-8.595884630937071,stopped out,0.4166666666666667,True
XRP/USD,2025-12-21,3.054494248232014,-0.20127799244270694,-0.06589568553262445,-1.0,1.0663190751444611,-9.200892149447206,stopped out,0.3333333333333333,True
XRP/USD,2025-12-21,3.054494248232014,-0.27610461530385,-0.09039290725908664,-1.0,1.1539923954373055,-7.82132369590555,stopped out,1.25,True
XRP/USD,2025-12-22,3.0688408623962937,0.24327864762021364,0.07927379050546478,4.0,6.273504273504951,9.562644848158548,target,0.08333333333333333,True
XRP/USD,2025-12-22,3.0688408623962937,-0.2163679651329556,-0.07050478497734985,-1.0,2.985663082437394,-8.592788873997293,stopped out,0.16666666666666666,True
XRP/USD,2025-12-23,2.3856106027137933,-0.22320213403016528,-0.09356184692349111,-1.0,2.4693634741224653,-8.0875545719117,stopped out,0.5833333333333334,True
XRP/USD,2025-12-24,2.3030147585307685,0.6275913754710911,0.2725086207747402,4.0,4.324742268041308,15.507249994045868,target,0.6666666666666666,True
XRP/USD,2025-12-24,2.3030147585307685,0.8412930191434257,0.36530075025664926,4.0,4.047133757961866,18.1028494735196,target,2.5833333333333335,True
XRP/USD,2025-12-26,3.0479395000395932,-0.03350577639584398,-0.010992926990646872,-1.0,0.0,-28.584365655222136,stopped out,0.08333333333333333,True
XRP/USD,2025-12-27,2.131414607656802,-0.19276690906925031,-0.09044083135057945,-1.0,2.3623595505618007,-8.402136144125766,stopped out,3.8333333333333335,True
XRP/USD,2025-12-28,1.676508590771733,-0.1618996222342195,-0.09656951543546438,-1.0,1.2838283828382298,-8.591627919119258,stopped out,0.25,False
XRP/USD,2025-12-28,1.676508590771733,-0.0,-0.0,-0.0,1.7252747252748186,-2.403285868292324,break even,1.3333333333333333,False
XRP/USD,2025-12-28,1.676508590771733,0.017084890549937,0.010190756339681181,4.0,49.99999999995004,-116.71883117289649,target,0.08333333333333333,False
XRP/USD,2025-12-29,4.02439318858038,0.3760288306600062,0.09343739864360814,4.0,4.957325746799153,2.490734252262452,target,0.08333333333333333,True
XRP/USD,2025-12-30,2.5424713816545204,-0.042603550295854796,-0.016756747235491167,-1.0,3.895238095238388,-4.1234983329295645,stopped out,0.08333333333333333,True
XRP/USD,2025-12-30,2.5424713816545204,-0.075941840981562,-0.02986930021298514,-1.0,2.669039145907805,-2.428368172357646,stopped out,0.08333333333333333,True
XRP/USD,2025-12-30,2.5424713816545204,0.7971589811814503,0.31353705175737195,4.0,4.812920592193894,2.7704224673961035,target,1.3333333333333333,True
XRP/USD,2026-01-03,3.7298745361019514,-0.22958350728924892,-0.06155260855749426,-1.0,2.4437827767789018,-1.4211342489630177,stopped out,1.8333333333333333,True
XRP/USD,2026-01-03,3.7298745361019514,0.5340785592299241,0.14318941671107344,4.0,4.1534883720929985,2.6294307386422293,target,1.3333333333333333,True
XRP/USD,2026-01-04,5.1682039815671015,-0.23632174184617055,-0.045726086410102014,-1.0,1.9490114464098884,-1.462602439902017,stopped out,0.3333333333333333,True
XRP/USD,2026-01-05,13.553023328112113,-0.2200636362362002,-0.01623723584830974,-1.0,0.985138004246375,-1.4311582825823495,stopped out,0.08333333333333333,True
XRP/USD,2026-01-05,13.553023328112113,-0.09107680810816639,-0.006720036253405686,-1.0,2.3179487179487683,-2.0768362018170254,stopped out,0.08333333333333333,True
XRP/USD,2026-01-07,7.533987669286618,0.1764166953545858,0.023416111506762052,4.0,12.376558603488444,0.8544247259149933,target,0.08333333333333333,True
XRP/USD,2026-01-10,1.6219135138751433,-0.0,-0.0,-0.0,5.369863013699524,-1.2187690904796893,break even,0.4166666666666667,False
XRP/USD,2026-01-10,1.6219135138751433,-0.1275479738025143,-0.07864042855020756,-1.0,3.685393258426755,-1.581240675409103,stopped out,0.25,False
XRP/USD,2026-01-11,3.0585349494562317,-0.15570727033177506,-0.05090910285640444,-1.0,3.0,-1.3506104937144368,stopped out,4.416666666666667,True
XRP/USD,2026-01-11,3.0585349494562317,-0.0,-0.0,-0.0,3.911627906976783,-0.35241688274178123,break even,1.0833333333333333,True
XRP/USD,2026-01-12,3.7062002749449636,-0.18670057849347876,-0.05037519956911968,-1.0,3.8476992871035014,-1.1625474294376672,stopped out,0.08333333333333333,True
XRP/USD,2026-01-12,3.7062002749449636,-0.4747219070340181,-0.12808857369184337,-1.0,0.46578140960165876,-0.8298185555793327,stopped out,0.3333333333333333,True
XRP/USD,2026-01-12,3.7062002749449636,0.6797541677579424,0.18340999334366426,4.0,4.333333333333461,2.0331840727758705,target,1.0,True
XRP/USD,2026-01-12,3.7062002749449636,-0.3045980953893798,-0.0821860862319166,-1.0,1.2836823389964507,-0.9803253031762278,stopped out,0.16666666666666666,True
XRP/USD,2026-01-13,6.948107343944246,1.5750328131836502,0.22668515830521815,4.0,5.895335370370177,2.4201682008389223,target,2.8333333333333335,True
XRP/USD,2026-01-13,6.948107343944246,-0.21190046431129453,-0.030497580682310614,-1.0,1.4219457013576016,-1.177510582343457,stopped out,0.3333333333333333,True
XRP/USD,2026-01-14,3.7189968130802242,-0.22886068397183718,-0.061538284509118864,-1.0,1.486761710794211,-1.089216030340822,stopped out,0.5,True
XRP/USD,2026-01-16,3.010344902266055,-0.04406270182830486,-0.014637094173207993,-1.0,5.454794520547228,-2.6084538993238184,stopped out,0.08333333333333333,True
XRP/USD,2026-01-17,1.5180256472296103,-0.0,-0.0,0.0,3.483133841132397,-0.6787310554392215,break even,0.3333333333333333,False
XRP/USD,2026-01-17,1.5180256472296103,0.2718974558167197,0.1791125573622101,4.0,4.114285714284853,1.186901945301025,target,0.3333333333333333,False
XRP/USD,2026-01-17,1.5180256472296103,0.1835748792270544,0.12093002483988179,4.0,10.526315789473857,0.7127443858496545,target,0.08333333333333333,False
XRP/USD,2026-01-18,4.0513428867395,0.29182879377433013,0.07203260793588184,4.0,4.933333333333195,1.3873077192620713,target,0.3333333333333333,True
XRP/USD,2026-01-19,8.785755763531204,1.795210801073638,0.20433197204563538,4.0,4.006584597766942,2.463737352245109,target,6.583333333333333,True
XRP/USD,2026-01-19,8.785755763531204,-0.22653551767015434,-0.02578440873697863,-1.0,0.8371961560203381,-1.0419365230591768,stopped out,0.08333333333333333,True
XRP/USD,2026-01-20,6.16879846913082,-0.09434917882103122,-0.01529457953492278,-1.0,2.971212291039392,-1.6729303245289655,stopped out,0.16666666666666666,True
XRP/USD,2026-01-20,6.16879846913082,-0.1957686361191106,-0.031735294498394316,-1.0,3.1383898868930244,-1.088882227775938,stopped out,0.25,True
XRP/USD,2026-01-21,6.2033688290644955,-0.26024663656510777,-0.0419524686885907,-1.0,1.523977788995491,-0.9327921478514511,stopped out,0.4166666666666667,True
XRP/USD,2026-01-21,6.2033688290644955,-0.4137480397281817,-0.0666973141738176,-1.0,1.5792798483891057,-0.7813153425677928,stopped out,0.08333333333333333,True
XRP/USD,2026-01-21,6.2033688290644955,-0.3789255392983343,-0.061083831985446924,-1.0,0.44491597351893275,-0.7983929157298947,stopped out,0.08333333333333333,True
XRP/USD,2026-01-22,3.3843641349842515,0.11381667824488184,0.03363015139782276,4.0,15.306306306303867,-0.2947354702590941,target,0.08333333333333333,True
XRP/USD,2026-01-25,5.585472433733678,0.46649703138252324,0.08351970883699941,4.0,4.593181818181875,1.5599824521856525,target,0.3333333333333333,True
XRP/USD,2026-01-26,6.171768429093689,1.0044447463934152,0.16274828810142442,4.0,4.7148803329862785,2.0428602149100605,target,0.3333333333333333,True
XRP/USD,2026-01-27,2.8933833969646328,-0.046994103169327284,-0.016241920520670534,-1.0,3.632768361580872,-2.425911099981075,stopped out,0.08333333333333333,True
XRP/USD,2026-01-27,2.8933833969646328,-0.3232431845478846,-0.1117180615907971,-1.0,1.0573535436296728,-0.8040624958803915,stopped out,0.16666666666666666,True
XRP/USD,2026-01-28,2.457419017763842,-0.050688087513561374,-0.020626554587213054,-1.0,1.997416020672391,-1.952563527165636,stopped out,0.08333333333333333,True
XRP/USD,2026-01-29,7.076245176198126,-0.41924974913744484,-0.05924748771391444,-1.0,0.5639344262295048,-0.6433390730492443,stopped out,0.16666666666666666,True
XRP/USD,2026-01-30,6.330922093023253,-0.058637102125812544,-0.009262016064047177,-1.0,3.439024390243723,-1.5131261073707298,stopped out,0.08333333333333333,True
XRP/USD,2026-01-31,14.373658581615938,-0.0,-0.0,0.0,3.9250493096643835,-0.37776060484344787,break even,0.5833333333333334,True
XRP/USD,2026-01-31,14.373658581615938,-0.0,-0.0,0.0,2.971428571428644,-0.1329501605952246,break even,2.0,True
XRP/USD,2026-02-01,7.699720330739293,-0.0,-0.0,-0.0,2.4123879380604203,-0.1438190403800967,break even,0.4166666666666667,True
XRP/USD,2026-02-01,7.699720330739293,0.7100584594740171,0.09221873379469102,4.0,4.401694915254233,1.3336955560439303,target,0.08333333333333333,True
XRP/USD,2026-02-01,7.699720330739293,-0.15666897652977832,-0.020347359358536033,-1.0,1.9884615384616333,-0.8163782715487804,stopped out,0.25,True
XRP/USD,2026-02-03,6.351645493117565,0.5279347285720384,0.08311778879096623,4.0,6.891119381931044,1.2783330345044586,target,0.08333333333333333,True
XRP/USD,2026-02-04,7.4391545822423195,0.10551942892377918,0.014184330726996854,4.0,36.33734939758557,-0.4127500704793663,target,0.08333333333333333,True
XRP/USD,2026-02-04,7.4391545822423195,-0.15939551475696212,-0.021426563058314203,-1.0,1.7894221351616586,-0.8127410033762404,stopped out,0.25,True
XRP/USD,2026-02-08,4.095927983683809,0.590186314748512,0.14409098917254604,4.0,4.7556346381970975,1.326940208694749,target,0.3333333333333333,True
XRP/USD,2026-02-09,6.553837971742679,-0.24753729218309753,-0.037769821782346696,-1.0,1.5236414961185427,-0.7067002219311036,stopped out,0.4166666666666667,True
XRP/USD,2026-02-09,6.553837971742679,1.165734102597165,0.17787044898322288,4.0,4.221027479091846,1.576590570392092,target,0.5,True
XRP/USD,2026-02-10,4.318729924517923,0.5714663116437771,0.13232277119240488,4.0,4.52311435523135,1.5188245859923686,target,0.08333333333333333,True
XRP/USD,2026-02-10,4.318729924517923,-0.6222097233451699,-0.14407238568284028,-1.0,1.0225988700564945,-0.647353570364996,stopped out,0.8333333333333334,True
XRP/USD,2026-02-11,5.548075064168107,0.155815008987958,0.02808451709571837,4.0,7.440366972476675,0.35411167714957337,target,0.08333333333333333,True
XRP/USD,2026-02-11,5.548075064168107,-0.1395916303642972,-0.02516037161534474,-1.0,2.259842519684987,-1.015048744185495,stopped out,0.08333333333333333,True
XRP/USD,2026-02-13,5.878030859662019,0.8139405823374983,0.13847164157016678,4.0,4.545454545454479,1.6721503830808675,target,0.75,True
XRP/USD,2026-02-13,5.878030859662019,1.2455622753870472,0.21190128210022122,4.0,4.604203152364321,1.9612577083529446,target,0.08333333333333333,True
XRP/USD,2026-02-14,7.700781805259413,-0.0435823290950185,-0.005659468115984409,-1.0,8.666666666664904,-2.400782539682774,stopped out,0.08333333333333333,True
XRP/USD,2026-02-14,7.700781805259413,0.5691710420549975,0.0739108127523195,4.0,5.6370192307697105,1.6509298074133183,target,0.25,True
XRP/USD,2026-02-14,7.700781805259413,0.35989462667757793,0.04673481677299053,4.0,5.413662239089747,1.369250699711595,target,0.25,True
XRP/USD,2026-02-16,4.586570759678352,-0.13952493626323825,-0.03042031695876919,-1.0,0.8783454987835175,-1.2023022518997897,stopped out,0.16666666666666666,True
XRP/USD,2026-02-18,5.680272108843546,-0.194278056680709,-0.034202244709058895,-1.0,2.7781629116117963,-0.979403265844677,stopped out,1.8333333333333333,True
XRP/USD,2026-02-18,5.680272108843546,-0.19463257433906353,-0.03426465679981113,-1.0,1.4365832614322944,-0.9786910105989343,stopped out,0.4166666666666667,True
XRP/USD,2026-02-19,8.61294398427629,-0.0,-0.0,-0.0,3.217877094972135,-0.2668652149243915,break even,0.25,True
XRP/USD,2026-02-21,3.0900115534082557,-0.2850014129453362,-0.09223312211599408,-1.0,1.7484885126964567,-0.7579384846972433,stopped out,1.0,True
XRP/USD,2026-02-21,3.0900115534082557,1.749291152623651,0.5661115249534255,4.0,4.056514913657616,1.932479544281856,target,8.0,True
XRP/USD,2026-02-22,3.886395516827637,-0.13783488886515627,-0.03546599626012004,-1.0,1.0508259212197004,-1.0784984520183705,stopped out,0.25,True
XRP/USD,2026-02-22,3.886395516827637,0.3865224965967319,0.09945526514816487,4.0,4.620437956204775,1.3971706419885281,target,0.25,True
XRP/USD,2026-02-23,6.965783565334524,-0.2395974439062698,-0.03439633770687841,-1.0,1.301556285014775,-0.8716577390792646,stopped out,0.08333333333333333,True
XRP/USD,2026-02-25,11.499647795944089,0.38693355160356535,0.03364742629248492,4.0,35.3846153846131,1.4399333889171588,target,0.08333333333333333,True
XRP/USD,2026-02-26,5.956274626032984,-0.0,-0.0,0.0,2.4361150400754257,-0.2031735832869186,break even,0.75,True
XRP/USD,2026-02-26,5.956274626032984,-0.25129182157757773,-0.042189428351617805,-1.0,1.3349548297427745,-0.8740337078686263,stopped out,0.25,True
XRP/USD,2026-02-26,5.956274626032984,1.07577256085925,0.18061164543310176,4.0,4.1354838709676525,1.9399965417535425,target,0.75,True
XRP/USD,2026-02-26,5.956274626032984,-0.06605682270140013,-0.011090291641806901,-1.0,3.3455497382205976,-1.6284543969573897,stopped out,0.08333333333333333,True
XRP/USD,2026-02-27,6.165621026720422,-0.04466579218225308,-0.007244329806954001,-1.0,7.482213438734799,-2.1807535387532004,stopped out,0.08333333333333333,True
XRP/USD,2026-02-28,8.837162742834368,-0.4252876946169554,-0.048124913730009204,-1.0,0.9757785467127599,-0.6453786311138127,stopped out,2.5,True
XRP/USD,2026-02-28,8.837162742834368,3.000169382818505,0.3394946398663076,4.0,4.138797259578783,1.8209566251149722,target,4.333333333333333,True
XRP/USD,2026-02-28,8.837162742834368,-0.2625266348464019,-0.02970711782571529,-1.0,1.2516175413371542,-0.7096807707813637,stopped out,0.25,True
XRP/USD,2026-03-01,6.984334203655357,-0.19193719468636194,-0.027481101145748255,-1.0,7.633079135338753,-0.8514934283280168,stopped out,0.5833333333333334,True
XRP/USD,2026-03-02,6.41506641506641,0.6477869885994617,0.10097899954364786,4.0,4.378116728397846,1.5485308406648874,target,0.08333333333333333,True
XRP/USD,2026-03-02,6.41506641506641,-0.20083009773731858,-0.0313060044500318,-1.0,3.5095890410958113,-0.7943617220018323,stopped out,0.08333333333333333,True
XRP/USD,2026-03-02,6.41506641506641,-0.6432431089965408,-0.10027068581641205,-1.0,1.1241036955322459,-0.6077262434798772,stopped out,0.3333333333333333,True
XRP/USD,2026-03-03,4.1303480476907675,-0.2012146720570112,-0.048716154119144546,-1.0,2.5963302752292523,-0.8009800172718669,stopped out,1.0,True
XRP/USD,2026-03-04,9.438296402200805,0.8182377232407088,0.08669337011390249,4.0,7.982251561106741,1.5626843101297878,target,0.4166666666666667,True
XRP/USD,2026-03-04,9.438296402200805,-0.19067826403752536,-0.02020261453042133,-1.0,0.740368522014229,-0.7779791768259661,stopped out,0.16666666666666666,True
XRP/USD,2026-03-04,9.438296402200805,-0.0,-0.0,0.0,3.0147669589293487,-0.08357252660923639,break even,5.333333333333333,True
XRP/USD,2026-03-04,9.438296402200805,-0.0,-0.0,-0.0,3.2466026871401774,-0.17572924294974937,break even,2.5,True
XRP/USD,2026-03-05,3.976256983240223,-0.14715016840908923,-0.03700720779097573,-1.0,2.1819262782400517,-0.9004877199733072,stopped out,0.08333333333333333,True
XRP/USD,2026-03-06,4.796840713578095,-0.0,-0.0,-0.0,3.8834628190899743,-0.3649796354330036,break even,0.4166666666666667,True
XRP/USD,2026-03-06,4.796840713578095,-0.1791655090366413,-0.03735073139483025,-1.0,0.4592445328031795,-0.7599611071333762,stopped out,0.16666666666666666,True
XRP/USD,2026-03-08,3.3019147023498148,-0.0,-0.0,0.0,5.3913043478261455,-0.6365387388831577,break even,0.16666666666666666,True
XRP/USD,2026-03-08,3.3019147023498148,-0.0,-0.0,0.0,2.7861715749039355,-0.17991810001801914,break even,1.1666666666666667,True
XRP/USD,2026-03-09,3.7952503448532933,-0.2532115541694448,-0.06671801097727922,-1.0,2.0234604105572087,-0.5954753595823468,stopped out,0.4166666666666667,True
XRP/USD,2026-03-10,5.783723336341819,1.1320211461257912,0.19572532783730798,4.0,4.898261429491607,1.334265112066163,target,0.75,True
XRP/USD,2026-03-10,5.783723336341819,-0.21410682541208792,-0.03701885670546434,-1.0,2.0282861896838984,-0.6677341146362132,stopped out,0.3333333333333333,True
XRP/USD,2026-03-11,2.8948573117585736,-0.30577182610826,-0.10562587139139826,-1.0,1.4254566882734967,-0.5639393041729607,stopped out,1.6666666666666667,True
XRP/USD,2026-03-11,2.8948573117585736,-0.21963461441521567,-0.07587061839735085,-1.0,1.4524590163936009,-0.6296036422783444,stopped out,0.25,True
XRP/USD,2026-03-11,2.8948573117585736,-0.0,-0.0,-0.0,2.6533075808787654,-0.06298808427523178,break even,2.75,True
XRP/USD,2026-03-11,2.8948573117585736,-0.2972668660398491,-0.1026879165451042,-1.0,1.1411338962606277,-0.5173708850127092,stopped out,0.08333333333333333,True
XRP/USD,2026-03-12,2.072202166064978,-0.33538945047727886,-0.16185170345332128,-1.0,0.9042495965573287,-0.47544915633893103,stopped out,0.25,True
XRP/USD,2026-03-13,5.0131345351673655,0.21909727708425933,0.0437046473712768,4.0,12.916666666670368,0.5405015320141193,target,0.08333333333333333,True
XRP/USD,2026-03-16,8.097743997903319,-0.12459403398206223,-0.015386264867637495,-1.0,1.7451523545707894,-0.7030179756289844,stopped out,0.3333333333333333,True
XRP/USD,2026-03-16,8.097743997903319,-0.312582708139083,-0.038601208956472004,-1.0,0.7266187050359468,-0.4580471409625894,stopped out,0.25,True
XRP/USD,2026-03-17,7.245089713105573,2.5618660566846434,0.35360032216723397,4.0,4.609578268364349,1.1790593412679244,target,1.0,True
XRP/USD,2026-03-17,7.245089713105573,0.5911755426028711,0.08159671805491923,4.0,4.734831460673834,1.0810384744044512,target,0.25,True
XRP/USD,2026-03-19,4.057357459883922,-0.10217884880772475,-0.025183595435697207,-1.0,2.9599332220363213,-0.8561387766437493,stopped out,0.25,True
XRP/USD,2026-03-20,2.8449556177252804,-0.24328802647028255,-0.08551557885630796,-1.0,0.08433734939767303,-0.5396220330566318,stopped out,0.08333333333333333,True
XRP/USD,2026-03-22,5.0292021359692125,-0.022142382663230962,-0.004402762518703924,-1.0,17.32258064515907,-2.297620804873664,stopped out,0.08333333333333333,True
XRP/USD,2026-03-22,5.0292021359692125,0.019987436468509652,0.003974275825097202,4.0,64.57142857141316,-5.840201723858308,target,0.08333333333333333,True
XRP/USD,2026-03-25,2.558106676086194,0.6569230119990367,0.25680047596924455,4.0,4.098501070663887,0.2963282554888095,target,1.0833333333333333,True
XRP/USD,2026-03-26,6.795189246551113,-0.3285540076016912,-0.048350972383653365,-1.0,1.5461400028666639,-0.14082376471869518,stopped out,0.6666666666666666,True
XRP/USD,2026-03-28,4.646903356186372,-0.016593504397286886,-0.003570873574376393,-1.0,9.863636363631501,-0.850637739744231,stopped out,0.08333333333333333,True
XRP/USD,2026-03-28,4.646903356186372,-0.16878267363703725,-0.036321537312012035,-1.0,1.9380530973452161,-0.12593393088919405,stopped out,0.08333333333333333,True
XRP/USD,2026-03-28,4.646903356186372,-0.05914866711539764,-0.012728620025345192,-1.0,5.595611285264621,-0.21508021453375264,stopped out,0.08333333333333333,True
XRP/USD,2026-03-29,3.4600375234521623,0.48352885969025305,0.13974670980094595,4.0,4.257763975155607,0.17919727823182646,target,0.4166666666666667,True
XRP/USD,2026-03-31,3.2775531568998195,-0.27839884059931375,-0.08494106038013015,-1.0,0.9231287929871078,-0.09733655387361088,stopped out,0.4166666666666667,True
XRP/USD,2026-04-02,5.648583104347218,-0.18391625214374827,-0.03255971431175441,-1.0,2.2067510548522713,-0.10820981717684912,stopped out,0.08333333333333333,True
XRP/USD,2026-04-03,2.351582613963354,0.36534525884942703,0.15536143900710112,4.0,6.058091286306323,0.15603428503940814,target,0.25,True
XRP/USD,2026-04-03,2.351582613963354,-0.21234642802972195,-0.09029936978137186,-1.0,1.1375000000000328,-0.1045411477137265,stopped out,0.4166666666666667,True
XRP/USD,2026-04-03,2.351582613963354,0.1941806486847216,0.08257445327742487,4.0,7.25000000000026,0.0829278623446924,target,0.08333333333333333,True
XRP/USD,2026-04-09,3.5711624441132632,0.25749929150157164,0.072105174584269,4.0,7.723323615160763,0.12835710093508937,target,0.08333333333333333,True
XRP/USD,2026-04-10,2.3803172400531065,-0.045490181485375154,-0.019110974251633887,-1.0,4.046464745997784,-0.2618278214340197,stopped out,0.16666666666666666,True
XRP/USD,2026-04-12,2.93519882179676,0.48539129977425377,0.16536913825725955,4.0,4.271086687306073,0.17721067035541793,target,0.08333333333333333,True
XRP/USD,2026-04-13,4.8893185593476325,-0.36294529736174763,-0.07423228676066759,-1.0,0.8213552361396429,-0.0890386414208148,stopped out,1.0,True
XRP/USD,2026-04-14,3.217629413345536,0.7824022954351866,0.24316109623751928,4.0,4.066168859987165,0.2104252957611866,target,2.0833333333333335,True
XRP/USD,2026-04-14,3.217629413345536,-0.0,-0.0,0.0,2.632385120349951,-0.04861659794240483,break even,0.5,True
XRP/USD,2026-04-14,3.217629413345536,-0.00036496350365202595,-0.00011342620816999385,-1.0,1329.9999999912513,-24.074828842841608,stopped out,0.08333333333333333,True
DOT/USD,2025-07-27,3.34061002971319,-0.1896734162089803,-0.056778077812711596,-1.0,0.7666034155597335,-6823.33829656259,stopped out,0.08333333333333333,True
DOT/USD,2025-07-30,7.421874999999993,0.25206085469206785,0.03396188357956286,4.0,9.063265306122227,458.33222009527344,target,0.08333333333333333,True
DOT/USD,2025-07-30,7.421874999999993,-0.4462202291718265,-0.060122304562098786,-1.0,0.3435582822085824,-4330.781648404973,stopped out,0.08333333333333333,True
DOT/USD,2025-07-31,6.651371324650212,-0.07572743258332677,-0.011385236049396053,-1.0,0.0,-11231.130545575284,stopped out,0.16666666666666666,True
DOT/USD,2025-07-31,6.651371324650212,-0.18962904394808683,-0.028509766586826246,-1.0,1.4086170952049484,-5327.888959774686,stopped out,0.25,True
DOT/USD,2025-08-01,9.475221616194503,1.0030512874530528,0.10586045668195194,4.0,4.527913279132672,6625.69146692884,target,0.3333333333333333,True
DOT/USD,2025-08-02,5.679087216518105,0.9173736345701995,0.16153540165784755,4.0,4.799392097264471,7014.792595892196,target,0.5833333333333334,True
DOT/USD,2025-08-03,4.690468718797249,0.6541263951111296,0.13945864141246497,4.0,5.875435540069835,6535.48322942686,target,0.08333333333333333,True
DOT/USD,2025-08-03,4.690468718797249,-0.006436753301639539,-0.0013723049203684017,-1.0,15.15217391303181,-107475.64660311278,stopped out,0.08333333333333333,True
DOT/USD,2025-08-03,4.690468718797249,-0.09547867246900986,-0.020355891530919948,-1.0,1.5505124450952725,-9845.24136653629,stopped out,0.3333333333333333,True
