family,indicator,tf,direction,state,tr_n,tr_exp,tr_win_pct,tr_ret_pct,va_n,va_exp,va_win_pct,va_ret_pct,va_dd_pct,verdict,tr_fee_share,va_fee_share
trend,SMA cross,1h,long,transition|mid range|messy|contracting,29,-22.1366,37.93,-6.42,9,-54.7482,22.22,-4.93,-7.74,FAIL,,
trend,SMA cross,1h,short,transition|mid range|messy|contracting,49,-13.4139,38.78,-6.57,11,-38.9795,27.27,-4.29,-6.13,FAIL,,
trend,SMA cross,1h,long,transition|mid range|messy|expanding,31,-11.8106,38.71,-3.66,10,-11.3033,30.0,-1.13,-3.96,FAIL,,
trend,SMA cross,1h,short,transition|mid range|messy|expanding,41,21.4804,51.22,8.81,12,-54.1091,25.0,-6.49,-7.78,FAIL,,
trend,SMA cross,1h,long,uptrend|at range high|messy|contracting,26,16.1779,42.31,4.21,8,1.723,37.5,0.14,-4.67,SURVIVOR,,
trend,SMA cross,1h,short,uptrend|at range high|messy|contracting,0,,,,0,,,,,NO-TRADES,,
trend,SMA cross,1h,long,downtrend|pulling back in trend|messy|contracting,12,94.0662,75.0,11.29,5,-19.1877,60.0,-0.96,-2.91,UNRELIABLE,,
trend,SMA cross,1h,short,downtrend|pulling back in trend|messy|contracting,17,30.1286,47.06,5.12,6,-76.0846,33.33,-4.57,-6.04,UNRELIABLE,,
trend,SMA cross,1h,long,uptrend|pulling back in trend|messy|contracting,18,-1.6404,33.33,-0.3,5,75.9023,60.0,3.8,-2.9,UNRELIABLE,,
trend,SMA cross,1h,short,uptrend|pulling back in trend|messy|contracting,20,7.1132,45.0,1.42,6,-25.1407,33.33,-1.51,-3.45,UNRELIABLE,,
trend,SMA cross,1h,long,uptrend|at range high|messy|expanding,24,-10.2308,37.5,-2.46,12,-53.0528,33.33,-6.37,-6.72,FAIL,,
trend,SMA cross,1h,short,uptrend|at range high|messy|expanding,0,0.0,0.0,0.0,1,-132.5686,0.0,-1.33,-1.33,UNRELIABLE,,
trend,SMA cross,1h,long,downtrend|pulling back in trend|messy|expanding,18,76.4227,61.11,13.76,4,-101.7876,0.0,-4.07,-4.39,UNRELIABLE,,
trend,SMA cross,1h,short,downtrend|pulling back in trend|messy|expanding,22,36.6153,50.0,8.06,3,12.5528,66.67,0.38,-1.87,UNRELIABLE,,
trend,SMA cross,1h,long,transition|at range high|messy|contracting,56,-3.0818,32.14,-1.73,18,-29.0708,33.33,-5.23,-9.24,FAIL,,
trend,SMA cross,1h,short,transition|at range high|messy|contracting,0,0.0,0.0,0.0,1,238.9234,100.0,2.39,0.0,UNRELIABLE,,
trend,SMA cross,1h,long,uptrend|pulling back in trend|messy|expanding,11,73.0009,54.55,8.03,4,16.5928,75.0,0.66,-1.56,UNRELIABLE,,
trend,SMA cross,1h,short,uptrend|pulling back in trend|messy|expanding,13,10.6173,38.46,1.38,2,53.1022,50.0,1.06,-2.53,UNRELIABLE,,
trend,SMA cross,1h,long,transition|at range high|messy|expanding,50,-17.187,30.0,-8.59,17,-37.1648,23.53,-6.32,-9.05,FAIL,,
trend,SMA cross,1h,short,transition|at range high|messy|expanding,3,-9.6386,33.33,-0.29,2,52.7488,50.0,1.05,-1.73,UNRELIABLE,,
trend,SMA cross,1h,long,downtrend|at range low|messy|contracting,0,,,,0,,,,,NO-TRADES,,
trend,SMA cross,1h,short,downtrend|at range low|messy|contracting,13,-20.923,30.77,-2.72,5,-42.0325,20.0,-2.1,-5.21,UNRELIABLE,,
trend,SMA cross,1h,long,transition|at range low|messy|contracting,2,-106.0097,0.0,-2.12,1,24.971,100.0,0.25,-0.81,UNRELIABLE,,
trend,SMA cross,1h,short,transition|at range low|messy|contracting,54,-5.4467,35.19,-2.94,15,-37.3783,26.67,-5.61,-7.34,FAIL,,
trend,SMA cross,1h,long,downtrend|at range low|messy|expanding,0,,,,0,,,,,NO-TRADES,,
trend,SMA cross,1h,short,downtrend|at range low|messy|expanding,14,-5.8929,35.71,-0.83,5,-98.3769,20.0,-4.92,-6.09,UNRELIABLE,,
trend,SMA cross,1h,long,transition|at range low|messy|expanding,2,-131.8396,0.0,-2.64,0,0.0,0.0,0.0,0.0,UNRELIABLE,,
trend,SMA cross,1h,short,transition|at range low|messy|expanding,36,24.0887,52.78,8.67,15,-26.6129,26.67,-3.99,-7.09,FAIL,,
trend,SMA cross,1h,long,transition|mid range|clean|contracting,18,-19.3073,33.33,-3.48,9,-103.6115,11.11,-9.33,-10.95,UNRELIABLE,,
trend,SMA cross,1h,short,transition|mid range|clean|contracting,21,-30.8985,38.1,-6.49,4,-2.7821,50.0,-0.11,-2.84,UNRELIABLE,,
trend,SMA cross,1h,long,transition|mid range|clean|expanding,14,14.9549,42.86,2.09,1,238.5099,100.0,2.39,-0.47,UNRELIABLE,,
trend,SMA cross,1h,short,transition|mid range|clean|expanding,12,-39.0898,25.0,-4.69,5,3.2702,40.0,0.16,-3.86,UNRELIABLE,,
trend,SMA cross,1h,long,transition|mid range|messy|stalling,9,104.8874,66.67,9.44,2,-132.8205,0.0,-2.66,-2.78,UNRELIABLE,,
trend,SMA cross,1h,short,transition|mid range|messy|stalling,16,-72.2828,12.5,-11.57,3,-91.808,0.0,-2.75,-2.75,UNRELIABLE,,
trend,SMA cross,1h,long,transition|at range high|clean|contracting,24,21.3532,50.0,5.12,5,-35.0983,20.0,-1.75,-3.47,UNRELIABLE,,
trend,SMA cross,1h,short,transition|at range high|clean|contracting,0,0.0,0.0,0.0,0,0.0,0.0,0.0,0.0,UNRELIABLE,,
trend,SMA cross,1h,long,downtrend|pulling back in trend|clean|contracting,7,3.1857,57.14,0.22,2,50.2756,50.0,1.01,-2.18,UNRELIABLE,,
trend,SMA cross,1h,short,downtrend|pulling back in trend|clean|contracting,7,0.2664,42.86,0.02,2,-72.0788,0.0,-1.44,-2.19,UNRELIABLE,,
trend,SMA cross,1h,long,uptrend|pulling back in trend|clean|contracting,6,-56.0197,16.67,-3.36,0,0.0,0.0,0.0,0.0,UNRELIABLE,,
trend,SMA cross,1h,short,uptrend|pulling back in trend|clean|contracting,7,197.0155,85.71,13.79,3,115.7161,66.67,3.47,-2.07,UNRELIABLE,,
trend,SMA cross,1h,long,uptrend|at range high|clean|contracting,12,11.8781,41.67,1.43,1,238.7897,100.0,2.39,-0.32,UNRELIABLE,,
trend,SMA cross,1h,short,uptrend|at range high|clean|contracting,1,-129.1375,0.0,-1.29,0,0.0,0.0,0.0,0.0,UNRELIABLE,,
trend,SMA cross,1h,long,uptrend|pulling back in trend|clean|expanding,6,15.8597,50.0,0.95,4,100.2393,75.0,4.01,-1.54,UNRELIABLE,,
trend,SMA cross,1h,short,uptrend|pulling back in trend|clean|expanding,4,100.4619,50.0,4.02,1,239.5788,100.0,2.4,-0.35,UNRELIABLE,,
trend,SMA cross,1h,long,downtrend|pulling back in trend|clean|expanding,10,57.1142,60.0,5.71,3,-11.5174,33.33,-0.35,-1.77,UNRELIABLE,,
trend,SMA cross,1h,short,downtrend|pulling back in trend|clean|expanding,10,76.686,60.0,7.67,4,106.0942,75.0,4.24,-1.68,UNRELIABLE,,
trend,SMA cross,1h,long,transition|at range high|clean|expanding,22,-29.2942,27.27,-6.44,10,75.2108,70.0,7.52,-3.59,FAIL,,
trend,SMA cross,1h,short,transition|at range high|clean|expanding,0,0.0,0.0,0.0,0,0.0,0.0,0.0,0.0,UNRELIABLE,,
trend,SMA cross,1h,long,transition|at range low|clean|contracting,2,-132.7712,0.0,-2.66,0,0.0,0.0,0.0,0.0,UNRELIABLE,,
trend,SMA cross,1h,short,transition|at range low|clean|contracting,27,-42.6072,29.63,-11.5,11,-55.58,18.18,-6.11,-6.41,FAIL,,
trend,SMA cross,1h,long,downtrend|at range high|messy|contracting,30,-16.0844,36.67,-4.83,11,-72.677,27.27,-7.99,-8.74,FAIL,,
trend,SMA cross,1h,short,downtrend|at range high|messy|contracting,2,11.1777,50.0,0.22,0,0.0,0.0,0.0,0.0,UNRELIABLE,,
trend,SMA cross,1h,long,uptrend|at range high|clean|expanding,10,58.1527,60.0,5.82,1,-133.7306,0.0,-1.34,-2.84,UNRELIABLE,,
trend,SMA cross,1h,short,uptrend|at range high|clean|expanding,1,-131.4467,0.0,-1.31,0,0.0,0.0,0.0,0.0,UNRELIABLE,,
trend,SMA cross,1h,long,downtrend|at range low|clean|contracting,0,,,,0,,,,,NO-TRADES,,
trend,SMA cross,1h,short,downtrend|at range low|clean|contracting,6,6.8082,33.33,0.41,1,238.9636,100.0,2.39,0.0,UNRELIABLE,,
trend,SMA cross,1h,long,downtrend|pulling back in trend|messy|stalling,4,51.362,50.0,2.05,1,238.8664,100.0,2.39,0.0,UNRELIABLE,,
trend,SMA cross,1h,short,downtrend|pulling back in trend|messy|stalling,12,111.2302,75.0,13.35,3,-18.6822,33.33,-0.56,-2.26,UNRELIABLE,,
trend,SMA cross,1h,long,uptrend|at range high|messy|stalling,7,12.0412,71.43,0.84,4,-40.6419,25.0,-1.63,-4.23,UNRELIABLE,,
trend,SMA cross,1h,short,uptrend|at range high|messy|stalling,1,-131.7706,0.0,-1.32,0,0.0,0.0,0.0,0.0,UNRELIABLE,,
trend,SMA cross,1h,long,transition|at range low|clean|expanding,1,-134.1014,0.0,-1.34,3,-11.4622,33.33,-0.34,-3.0,UNRELIABLE,,
trend,SMA cross,1h,short,transition|at range low|clean|expanding,14,-2.4033,42.86,-0.34,11,-37.1506,36.36,-4.09,-8.95,UNRELIABLE,,
trend,SMA cross,1h,long,uptrend|pulling back in trend|messy|stalling,4,18.6713,25.0,0.75,4,54.8986,50.0,2.2,-1.69,UNRELIABLE,,
trend,SMA cross,1h,short,uptrend|pulling back in trend|messy|stalling,5,91.6441,60.0,4.58,2,52.8643,50.0,1.06,-2.6,UNRELIABLE,,
trend,SMA cross,1h,long,uptrend|at range low|messy|contracting,1,-131.884,0.0,-1.32,0,0.0,0.0,0.0,0.0,UNRELIABLE,,
trend,SMA cross,1h,short,uptrend|at range low|messy|contracting,27,-15.2247,33.33,-4.11,15,29.1543,46.67,4.37,-5.88,FAIL,,
trend,SMA cross,1h,long,downtrend|at range high|messy|expanding,24,-5.1966,41.67,-1.25,13,8.5666,38.46,1.11,-3.92,FAIL,,
trend,SMA cross,1h,short,downtrend|at range high|messy|expanding,0,,,,0,,,,,NO-TRADES,,
trend,SMA cross,1h,long,uptrend|at range low|messy|expanding,0,,,,0,,,,,NO-TRADES,,
trend,SMA cross,1h,short,uptrend|at range low|messy|expanding,31,-15.2447,29.03,-4.73,12,-8.9975,33.33,-1.08,-4.66,FAIL,,
trend,SMA cross,1h,long,downtrend|at range low|clean|expanding,0,0.0,0.0,0.0,0,0.0,0.0,0.0,0.0,UNRELIABLE,,
trend,SMA cross,1h,short,downtrend|at range low|clean|expanding,12,-3.1986,41.67,-0.38,3,-118.4877,0.0,-3.55,-4.0,UNRELIABLE,,
trend,SMA cross,15m,long,transition|mid range|messy|contracting,138,-16.9548,28.99,-23.4,36,13.7435,50.0,4.95,-3.81,FAIL,,0.3687
trend,SMA cross,15m,short,transition|mid range|messy|contracting,163,-9.7639,32.52,-15.92,52,-7.7477,36.54,-4.03,-6.65,FAIL,,
trend,SMA cross,15m,long,transition|mid range|messy|expanding,113,-14.6161,28.32,-16.52,42,-6.3516,42.86,-2.67,-7.33,FAIL,,4.2814
trend,SMA cross,15m,short,transition|mid range|messy|expanding,123,-14.3943,30.08,-17.7,34,-15.7604,32.35,-5.36,-6.89,FAIL,,
trend,SMA cross,15m,long,downtrend|pulling back in trend|messy|contracting,63,-11.8529,34.92,-7.47,16,-4.85,37.5,-0.78,-3.09,FAIL,,2.3055
trend,SMA cross,15m,short,downtrend|pulling back in trend|messy|contracting,85,-18.0863,29.41,-15.37,26,-29.5418,23.08,-7.68,-8.01,FAIL,,
trend,SMA cross,15m,long,uptrend|at range high|messy|contracting,101,-13.7771,30.69,-13.91,36,-3.3423,38.89,-1.2,-5.77,FAIL,,1.6965
trend,SMA cross,15m,short,uptrend|at range high|messy|contracting,1,104.8285,100.0,1.05,0,0.0,0.0,0.0,0.0,UNRELIABLE,0.0335,
trend,SMA cross,15m,long,uptrend|pulling back in trend|messy|contracting,61,-13.9526,27.87,-8.51,16,-12.8895,31.25,-2.06,-4.43,FAIL,,
trend,SMA cross,15m,short,uptrend|pulling back in trend|messy|contracting,74,-8.8708,36.49,-6.56,13,34.7999,61.54,4.52,-1.65,FAIL,,0.1537
trend,SMA cross,15m,long,downtrend|pulling back in trend|messy|expanding,58,4.5753,41.38,2.65,14,23.5034,50.0,3.29,-1.75,SURVIVOR,0.6293,0.2516
trend,SMA cross,15m,short,downtrend|pulling back in trend|messy|expanding,52,0.446,42.31,0.23,23,-32.0614,21.74,-7.37,-8.09,FAIL,0.9433,
trend,SMA cross,15m,long,uptrend|pulling back in trend|messy|expanding,66,-2.1431,40.91,-1.41,18,-9.2439,33.33,-1.66,-4.28,FAIL,1.3579,
trend,SMA cross,15m,short,uptrend|pulling back in trend|messy|expanding,66,12.9867,46.97,8.57,18,-27.1776,22.22,-4.89,-7.74,FAIL,0.3551,
trend,SMA cross,15m,long,transition|at range high|messy|contracting,235,-11.1694,31.91,-26.25,67,-17.4544,28.36,-11.69,-13.64,FAIL,,
trend,SMA cross,15m,short,transition|at range high|messy|contracting,12,10.3621,41.67,1.24,2,105.9457,100.0,2.12,-0.67,UNRELIABLE,0.359,0.0283
trend,SMA cross,15m,long,uptrend|at range high|messy|expanding,91,1.022,40.66,0.93,19,16.447,47.37,3.12,-4.02,SURVIVOR,0.8953,0.3147
trend,SMA cross,15m,short,uptrend|at range high|messy|expanding,5,3.0119,40.0,0.15,0,0.0,0.0,0.0,0.0,UNRELIABLE,0.7131,
trend,SMA cross,15m,long,transition|mid range|clean|contracting,60,-15.8919,31.67,-9.54,26,3.392,42.31,0.88,-4.27,FAIL,,0.7067
trend,SMA cross,15m,short,transition|mid range|clean|contracting,84,10.3584,46.43,8.7,25,5.3815,48.0,1.35,-4.43,SURVIVOR,0.4248,0.5604
trend,SMA cross,15m,long,downtrend|at range low|messy|contracting,1,104.3932,100.0,1.04,1,103.9404,100.0,1.04,-0.44,UNRELIABLE,0.0375,0.0417
trend,SMA cross,15m,short,downtrend|at range low|messy|contracting,91,-14.8252,31.87,-13.49,20,30.9156,60.0,6.18,-2.12,FAIL,,0.1662
trend,SMA cross,15m,long,transition|at range high|messy|expanding,180,-12.9683,31.11,-23.34,57,2.7821,40.35,1.59,-5.78,FAIL,,0.7481
trend,SMA cross,15m,short,transition|at range high|messy|expanding,9,9.5683,44.44,0.86,3,-64.8193,0.0,-1.94,-1.94,UNRELIABLE,0.4626,
trend,SMA cross,15m,long,transition|at range low|messy|contracting,3,-41.3446,33.33,-1.24,1,6.0014,100.0,0.06,-0.25,UNRELIABLE,,0.4121
trend,SMA cross,15m,short,transition|at range low|messy|contracting,175,-11.227,33.14,-19.65,70,2.3815,42.86,1.67,-4.6,FAIL,,0.7573
trend,SMA cross,15m,long,transition|mid range|clean|expanding,61,-10.35,34.43,-6.31,14,19.355,50.0,2.71,-2.02,FAIL,,0.2855
trend,SMA cross,15m,short,transition|mid range|clean|expanding,60,-1.5034,40.0,-0.9,16,-22.3838,25.0,-3.58,-3.65,FAIL,1.2478,
trend,SMA cross,15m,long,downtrend|at range low|messy|expanding,2,19.3788,50.0,0.39,0,0.0,0.0,0.0,0.0,UNRELIABLE,0.2759,
trend,SMA cross,15m,short,downtrend|at range low|messy|expanding,80,-0.5643,40.0,-0.45,15,-32.06,20.0,-4.81,-4.96,FAIL,1.0819,
trend,SMA cross,15m,long,transition|at range low|messy|expanding,4,-5.3671,50.0,-0.21,1,-65.6435,0.0,-0.66,-1.02,UNRELIABLE,3.5419,
trend,SMA cross,15m,short,transition|at range low|messy|expanding,187,-0.9771,38.5,-1.83,58,-22.2701,25.86,-12.92,-14.41,FAIL,1.1461,
trend,SMA cross,15m,long,downtrend|pulling back in trend|clean|contracting,28,-12.4761,32.14,-3.49,10,18.8978,50.0,1.89,-2.48,FAIL,,0.301
trend,SMA cross,15m,short,downtrend|pulling back in trend|clean|contracting,47,-26.1942,23.4,-12.31,16,-17.3346,31.25,-2.77,-6.38,FAIL,,
trend,SMA cross,15m,long,uptrend|pulling back in trend|clean|contracting,41,-8.8208,34.15,-3.62,10,10.4832,50.0,1.05,-1.4,FAIL,400.8373,0.4277
trend,SMA cross,15m,short,uptrend|pulling back in trend|clean|contracting,35,-27.5506,22.86,-9.64,13,-38.2653,15.38,-4.97,-5.72,FAIL,,
trend,SMA cross,15m,long,uptrend|at range high|clean|contracting,49,-4.1701,36.73,-2.04,9,-16.6054,22.22,-1.49,-3.15,FAIL,1.964,
trend,SMA cross,15m,short,uptrend|at range high|clean|contracting,2,18.8972,50.0,0.38,1,-64.7505,0.0,-0.65,-0.7,UNRELIABLE,0.2958,
trend,SMA cross,15m,long,downtrend|pulling back in trend|clean|expanding,37,25.2523,59.46,9.34,7,22.2098,57.14,1.55,-1.12,UNRELIABLE,0.23,0.2494
trend,SMA cross,15m,short,downtrend|pulling back in trend|clean|expanding,38,-6.5861,34.21,-2.5,10,-22.8015,30.0,-2.28,-3.69,FAIL,5.4448,
trend,SMA cross,15m,long,uptrend|pulling back in trend|clean|expanding,32,-21.0253,28.12,-6.73,11,-37.6224,9.09,-4.14,-5.3,FAIL,,
trend,SMA cross,15m,short,uptrend|pulling back in trend|clean|expanding,23,-29.9305,17.39,-6.88,10,6.9707,50.0,0.7,-2.6,FAIL,,0.5011
trend,SMA cross,15m,long,transition|at range high|clean|contracting,140,-0.7353,39.29,-1.03,39,7.7866,48.72,3.04,-3.32,FAIL,1.0916,0.5082
trend,SMA cross,15m,short,transition|at range high|clean|contracting,3,-8.5851,33.33,-0.26,2,-64.9743,0.0,-1.3,-1.49,UNRELIABLE,,
trend,SMA cross,15m,long,transition|mid range|messy|stalling,36,-16.7861,27.78,-6.04,13,9.7155,53.85,1.26,-2.7,FAIL,,0.4446
trend,SMA cross,15m,short,transition|mid range|messy|stalling,51,-9.9579,33.33,-5.08,11,6.4528,45.45,0.71,-2.16,FAIL,,0.5415
trend,SMA cross,15m,long,transition|at range high|clean|expanding,100,-2.5129,40.0,-2.51,38,7.771,44.74,2.95,-5.11,FAIL,1.4137,0.5068
trend,SMA cross,15m,short,transition|at range high|clean|expanding,1,105.1706,100.0,1.05,3,-10.2273,66.67,-0.31,-1.01,UNRELIABLE,0.0304,
trend,SMA cross,15m,long,uptrend|at range high|clean|expanding,40,-20.0433,25.0,-8.02,10,-27.195,20.0,-2.72,-3.09,FAIL,,
trend,SMA cross,15m,short,uptrend|at range high|clean|expanding,2,19.8977,50.0,0.4,0,0.0,0.0,0.0,0.0,UNRELIABLE,0.2584,
trend,SMA cross,15m,long,downtrend|at range low|clean|contracting,0,0.0,0.0,0.0,1,-10.5704,0.0,-0.11,-0.45,UNRELIABLE,,
trend,SMA cross,15m,short,downtrend|at range low|clean|contracting,43,-17.8093,32.56,-7.66,10,10.7575,50.0,1.08,-1.79,FAIL,,0.4024
trend,SMA cross,15m,long,transition|at range low|clean|contracting,2,105.0638,100.0,2.1,1,-65.1813,0.0,-0.65,-0.65,UNRELIABLE,0.0364,
trend,SMA cross,15m,short,transition|at range low|clean|contracting,123,-9.1625,34.15,-11.27,35,-9.2539,37.14,-3.24,-6.22,FAIL,,
trend,SMA cross,15m,long,transition|at range low|clean|expanding,5,-64.6927,0.0,-3.23,1,-65.5124,0.0,-0.66,-0.71,UNRELIABLE,,
trend,SMA cross,15m,short,transition|at range low|clean|expanding,96,-3.1784,36.46,-3.05,38,-5.1428,36.84,-1.95,-4.47,FAIL,1.6593,2.8696
trend,SMA cross,15m,long,downtrend|at range low|clean|expanding,1,105.2943,100.0,1.05,2,-64.9638,0.0,-1.3,-1.3,UNRELIABLE,0.0292,
trend,SMA cross,15m,short,downtrend|at range low|clean|expanding,41,-10.4582,31.71,-4.29,8,-4.2292,37.5,-0.34,-2.1,FAIL,,2.1038
trend,SMA cross,15m,long,downtrend|pulling back in trend|messy|stalling,14,26.8861,57.14,3.76,6,-17.715,33.33,-1.06,-1.75,UNRELIABLE,0.2233,
trend,SMA cross,15m,short,downtrend|pulling back in trend|messy|stalling,23,-11.1504,30.43,-2.56,3,-27.311,33.33,-0.82,-1.29,UNRELIABLE,,
trend,SMA cross,15m,long,downtrend|at range high|messy|contracting,101,-11.5291,33.66,-11.64,46,-17.732,30.43,-8.16,-8.16,FAIL,,
trend,SMA cross,15m,short,downtrend|at range high|messy|contracting,2,19.3481,50.0,0.39,1,13.7109,100.0,0.14,-0.39,UNRELIABLE,0.2789,0.1563
trend,SMA cross,15m,long,uptrend|pulling back in trend|messy|stalling,21,-35.5525,14.29,-7.47,3,-64.8192,0.0,-1.94,-1.94,UNRELIABLE,,
trend,SMA cross,15m,short,uptrend|pulling back in trend|messy|stalling,18,-23.2383,27.78,-4.18,3,22.4966,66.67,0.67,-0.94,UNRELIABLE,,0.1569
trend,SMA cross,15m,long,downtrend|at range high|messy|expanding,90,-4.4118,38.89,-3.97,43,-25.3125,20.93,-10.88,-12.27,FAIL,2.1097,
trend,SMA cross,15m,short,downtrend|at range high|messy|expanding,7,1.9031,42.86,0.13,0,0.0,0.0,0.0,0.0,UNRELIABLE,0.7908,
trend,SMA cross,15m,long,uptrend|at range high|messy|stalling,24,-29.3257,25.0,-7.04,7,-17.9915,28.57,-1.26,-2.73,UNRELIABLE,,
trend,SMA cross,15m,short,uptrend|at range high|messy|stalling,0,,,,0,,,,,NO-TRADES,,
trend,EMA cross,1h,long,transition|mid range|messy|contracting,23,-26.4581,34.78,-6.09,4,60.0358,75.0,2.4,-1.49,UNRELIABLE,,
trend,EMA cross,1h,short,transition|mid range|messy|contracting,22,-2.3488,36.36,-0.52,10,-8.0248,40.0,-0.8,-3.14,FAIL,,
trend,EMA cross,1h,long,transition|mid range|messy|expanding,29,12.0713,48.28,3.5,6,85.2703,66.67,5.12,-1.56,UNRELIABLE,,
trend,EMA cross,1h,short,transition|mid range|messy|expanding,30,6.8524,40.0,2.06,9,-33.2707,33.33,-2.99,-8.22,FAIL,,
trend,EMA cross,1h,long,uptrend|at range high|messy|contracting,11,16.7973,45.45,1.85,7,-43.1053,28.57,-3.02,-5.8,UNRELIABLE,,
trend,EMA cross,1h,short,uptrend|at range high|messy|contracting,0,,,,0,,,,,NO-TRADES,,
trend,EMA cross,1h,long,downtrend|pulling back in trend|messy|contracting,15,-28.9613,33.33,-4.34,3,-84.2399,33.33,-2.53,-3.02,UNRELIABLE,,
trend,EMA cross,1h,short,downtrend|pulling back in trend|messy|contracting,9,-48.4062,22.22,-4.36,3,-6.201,33.33,-0.19,-3.1,UNRELIABLE,,
trend,EMA cross,1h,long,uptrend|pulling back in trend|messy|contracting,9,20.6431,33.33,1.86,3,67.4383,66.67,2.02,-1.49,UNRELIABLE,,
trend,EMA cross,1h,short,uptrend|pulling back in trend|messy|contracting,20,-41.8968,25.0,-8.38,6,77.9318,50.0,4.68,-1.97,UNRELIABLE,,
trend,EMA cross,1h,long,uptrend|at range high|messy|expanding,21,20.5825,42.86,4.32,6,-63.6469,33.33,-3.82,-4.23,UNRELIABLE,,
trend,EMA cross,1h,short,uptrend|at range high|messy|expanding,1,-132.3168,0.0,-1.32,0,0.0,0.0,0.0,0.0,UNRELIABLE,,
trend,EMA cross,1h,long,downtrend|pulling back in trend|messy|expanding,18,28.348,44.44,5.1,4,49.7783,50.0,1.99,-2.71,UNRELIABLE,,
trend,EMA cross,1h,short,downtrend|pulling back in trend|messy|expanding,9,-6.6805,44.44,-0.6,2,51.7317,50.0,1.03,-1.6,UNRELIABLE,,
trend,EMA cross,1h,long,transition|at range high|messy|contracting,44,-9.6687,34.09,-4.25,10,69.9535,60.0,7.0,-1.93,FAIL,,
trend,EMA cross,1h,short,transition|at range high|messy|contracting,0,,,,0,,,,,NO-TRADES,,
trend,EMA cross,1h,long,uptrend|pulling back in trend|messy|expanding,11,-28.8068,45.45,-3.17,0,0.0,0.0,0.0,0.0,UNRELIABLE,,
trend,EMA cross,1h,short,uptrend|pulling back in trend|messy|expanding,17,19.0941,47.06,3.25,3,53.6116,66.67,1.61,-1.75,UNRELIABLE,,
trend,EMA cross,1h,long,transition|at range high|messy|expanding,36,-26.1077,27.78,-9.4,19,3.2684,36.84,0.62,-7.0,FAIL,,
trend,EMA cross,1h,short,transition|at range high|messy|expanding,2,-130.9287,0.0,-2.62,0,0.0,0.0,0.0,0.0,UNRELIABLE,,
trend,EMA cross,1h,long,downtrend|at range low|messy|contracting,0,,,,0,,,,,NO-TRADES,,
trend,EMA cross,1h,short,downtrend|at range low|messy|contracting,14,-3.9649,35.71,-0.56,3,-8.8342,33.33,-0.27,-2.61,UNRELIABLE,,
trend,EMA cross,1h,long,transition|at range low|messy|contracting,0,,,,0,,,,,NO-TRADES,,
trend,EMA cross,1h,short,transition|at range low|messy|contracting,37,4.0224,43.24,1.49,13,-88.2987,15.38,-11.48,-11.48,FAIL,,
trend,EMA cross,1h,long,downtrend|at range low|messy|expanding,0,0.0,0.0,0.0,1,7.7494,100.0,0.08,-1.45,UNRELIABLE,,
trend,EMA cross,1h,short,downtrend|at range low|messy|expanding,15,-6.7577,33.33,-1.01,6,-94.9823,16.67,-5.7,-6.21,UNRELIABLE,,
trend,EMA cross,1h,long,transition|at range low|messy|expanding,1,-132.8462,0.0,-1.33,0,0.0,0.0,0.0,0.0,UNRELIABLE,,
trend,EMA cross,1h,short,transition|at range low|messy|expanding,39,9.3668,46.15,3.65,8,-39.0883,25.0,-3.13,-5.83,FAIL,,
trend,EMA cross,1h,long,transition|mid range|clean|contracting,10,-27.043,40.0,-2.7,4,-61.8904,25.0,-2.48,-4.11,UNRELIABLE,,
trend,EMA cross,1h,short,transition|mid range|clean|contracting,12,-39.7337,33.33,-4.77,3,-129.1157,0.0,-3.87,-3.87,UNRELIABLE,,
trend,EMA cross,1h,long,transition|mid range|clean|expanding,12,20.1774,41.67,2.42,5,55.4474,40.0,2.77,-1.32,UNRELIABLE,,
trend,EMA cross,1h,short,transition|mid range|clean|expanding,12,36.8206,41.67,4.42,3,115.0741,66.67,3.45,-1.32,UNRELIABLE,,
trend,EMA cross,1h,long,transition|mid range|messy|stalling,7,75.7134,71.43,5.3,2,114.5823,50.0,2.29,-1.99,UNRELIABLE,,
trend,EMA cross,1h,short,transition|mid range|messy|stalling,7,-40.7832,28.57,-2.85,1,-7.7559,0.0,-0.08,-0.71,UNRELIABLE,,
trend,EMA cross,1h,long,transition|at range high|clean|contracting,24,-1.9198,41.67,-0.46,6,34.9816,50.0,2.1,-3.14,UNRELIABLE,,
trend,EMA cross,1h,short,transition|at range high|clean|contracting,0,,,,0,,,,,NO-TRADES,,
trend,EMA cross,1h,long,downtrend|pulling back in trend|clean|contracting,3,80.3932,66.67,2.41,3,-10.3021,33.33,-0.31,-1.4,UNRELIABLE,,
trend,EMA cross,1h,short,downtrend|pulling back in trend|clean|contracting,0,,,,0,,,,,NO-TRADES,,
trend,EMA cross,1h,long,uptrend|pulling back in trend|clean|contracting,3,-95.975,0.0,-2.88,1,-132.5947,0.0,-1.33,-1.33,UNRELIABLE,,
trend,EMA cross,1h,short,uptrend|pulling back in trend|clean|contracting,4,151.2109,75.0,6.05,2,242.6382,100.0,4.85,-1.16,UNRELIABLE,,
trend,EMA cross,1h,long,uptrend|at range high|clean|contracting,9,48.5061,55.56,4.37,3,-96.6229,0.0,-2.9,-4.06,UNRELIABLE,,
trend,EMA cross,1h,short,uptrend|at range high|clean|contracting,0,,,,0,,,,,NO-TRADES,,
trend,EMA cross,1h,long,uptrend|pulling back in trend|clean|expanding,4,50.682,50.0,2.03,1,-133.5953,0.0,-1.34,-1.86,UNRELIABLE,,
trend,EMA cross,1h,short,uptrend|pulling back in trend|clean|expanding,12,70.4007,58.33,8.45,3,-91.109,0.0,-2.73,-3.58,UNRELIABLE,,
trend,EMA cross,1h,long,downtrend|pulling back in trend|clean|expanding,7,-127.9372,0.0,-8.96,0,0.0,0.0,0.0,0.0,UNRELIABLE,,
trend,EMA cross,1h,short,downtrend|pulling back in trend|clean|expanding,4,-39.5668,25.0,-1.58,3,115.4663,66.67,3.46,-1.49,UNRELIABLE,,
trend,EMA cross,1h,long,transition|at range high|clean|expanding,26,-48.3452,19.23,-12.57,5,-59.7527,20.0,-2.99,-3.21,UNRELIABLE,,
trend,EMA cross,1h,short,transition|at range high|clean|expanding,0,,,,0,,,,,NO-TRADES,,
trend,EMA cross,1h,long,transition|at range low|clean|contracting,0,,,,0,,,,,NO-TRADES,,
trend,EMA cross,1h,short,transition|at range low|clean|contracting,21,14.5606,42.86,3.06,11,-69.9551,18.18,-7.7,-7.7,FAIL,,
trend,EMA cross,1h,long,downtrend|at range high|messy|contracting,22,-27.7867,31.82,-6.11,9,14.5717,55.56,1.31,-3.5,FAIL,,
trend,EMA cross,1h,short,downtrend|at range high|messy|contracting,0,,,,0,,,,,NO-TRADES,,
trend,EMA cross,1h,long,uptrend|at range high|clean|expanding,8,100.6234,62.5,8.05,2,-131.5987,0.0,-2.63,-2.63,UNRELIABLE,,
trend,EMA cross,1h,short,uptrend|at range high|clean|expanding,0,,,,0,,,,,NO-TRADES,,
trend,EMA cross,1h,long,downtrend|at range low|clean|contracting,0,,,,0,,,,,NO-TRADES,,
trend,EMA cross,1h,short,downtrend|at range low|clean|contracting,8,1.9517,37.5,0.16,5,-11.7658,40.0,-0.59,-3.04,UNRELIABLE,,
trend,EMA cross,1h,long,downtrend|pulling back in trend|messy|stalling,1,238.3619,100.0,2.38,0,0.0,0.0,0.0,0.0,UNRELIABLE,,
trend,EMA cross,1h,short,downtrend|pulling back in trend|messy|stalling,5,69.7733,60.0,3.49,1,-132.6057,0.0,-1.33,-1.33,UNRELIABLE,,
trend,EMA cross,1h,long,uptrend|at range high|messy|stalling,6,-128.9933,0.0,-7.74,4,27.839,50.0,1.11,-1.78,UNRELIABLE,,
trend,EMA cross,1h,short,uptrend|at range high|messy|stalling,1,84.48,100.0,0.84,0,0.0,0.0,0.0,0.0,UNRELIABLE,,
trend,EMA cross,1h,long,transition|at range low|clean|expanding,1,238.6126,100.0,2.39,0,0.0,0.0,0.0,0.0,UNRELIABLE,,
trend,EMA cross,1h,short,transition|at range low|clean|expanding,25,-32.634,32.0,-8.16,5,-16.06,40.0,-0.8,-3.3,UNRELIABLE,,
trend,EMA cross,1h,long,uptrend|pulling back in trend|messy|stalling,1,238.6046,100.0,2.39,0,0.0,0.0,0.0,0.0,UNRELIABLE,,
trend,EMA cross,1h,short,uptrend|pulling back in trend|messy|stalling,6,-33.428,33.33,-2.01,1,239.837,100.0,2.4,-0.71,UNRELIABLE,,
trend,EMA cross,1h,long,uptrend|at range low|messy|contracting,0,,,,0,,,,,NO-TRADES,,
trend,EMA cross,1h,short,uptrend|at range low|messy|contracting,27,-3.3464,37.04,-0.9,11,128.1396,72.73,14.1,-3.01,FAIL,,
trend,EMA cross,1h,long,downtrend|at range high|messy|expanding,20,107.9981,65.0,21.6,8,-86.179,12.5,-6.89,-9.06,FAIL,,
trend,EMA cross,1h,short,downtrend|at range high|messy|expanding,1,249.2757,100.0,2.49,0,0.0,0.0,0.0,0.0,UNRELIABLE,,
trend,EMA cross,1h,long,uptrend|at range low|messy|expanding,0,,,,0,,,,,NO-TRADES,,
trend,EMA cross,1h,short,uptrend|at range low|messy|expanding,33,8.9578,42.42,2.96,12,-1.8628,33.33,-0.22,-4.26,FAIL,,
trend,EMA cross,1h,long,downtrend|at range low|clean|expanding,0,,,,0,,,,,NO-TRADES,,
trend,EMA cross,1h,short,downtrend|at range low|clean|expanding,7,0.3582,42.86,0.03,3,-70.0493,33.33,-2.1,-3.31,UNRELIABLE,,
trend,EMA cross,15m,long,transition|mid range|messy|contracting,82,-14.9198,30.49,-12.23,30,-13.4047,30.0,-4.02,-6.14,FAIL,,
trend,EMA cross,15m,short,transition|mid range|messy|contracting,85,-16.5283,31.76,-14.05,24,-21.9936,25.0,-5.28,-6.94,FAIL,,
trend,EMA cross,15m,long,transition|mid range|messy|expanding,92,-11.3089,31.52,-10.4,31,-5.425,38.71,-1.68,-4.49,FAIL,,2.7701
trend,EMA cross,15m,short,transition|mid range|messy|expanding,118,-15.2912,27.12,-18.04,31,-7.5096,35.48,-2.33,-4.36,FAIL,,76.7722
trend,EMA cross,15m,long,downtrend|pulling back in trend|messy|contracting,56,-5.3424,39.29,-2.99,21,-39.6888,14.29,-8.33,-8.56,FAIL,2.9389,
trend,EMA cross,15m,short,downtrend|pulling back in trend|messy|contracting,39,-4.0879,35.9,-1.59,11,-33.7337,18.18,-3.71,-4.16,FAIL,2.1954,
trend,EMA cross,15m,long,uptrend|at range high|messy|contracting,86,-7.1,33.72,-6.11,27,-11.6455,29.63,-3.14,-6.35,FAIL,5.3244,
trend,EMA cross,15m,short,uptrend|at range high|messy|contracting,1,104.4854,100.0,1.04,0,0.0,0.0,0.0,0.0,UNRELIABLE,0.0367,
trend,EMA cross,15m,long,uptrend|pulling back in trend|messy|contracting,30,-20.7437,26.67,-6.22,12,-9.0334,33.33,-1.08,-2.99,FAIL,,
trend,EMA cross,15m,short,uptrend|pulling back in trend|messy|contracting,73,-8.9299,35.62,-6.52,17,-4.4421,41.18,-0.76,-5.04,FAIL,,2.4386
trend,EMA cross,15m,long,downtrend|pulling back in trend|messy|expanding,61,-4.8952,37.7,-2.99,14,-22.4892,28.57,-3.15,-3.57,FAIL,2.4234,
trend,EMA cross,15m,short,downtrend|pulling back in trend|messy|expanding,50,7.8389,42.0,3.92,14,-33.2626,21.43,-4.66,-5.72,FAIL,0.4837,
trend,EMA cross,15m,long,uptrend|pulling back in trend|messy|expanding,38,2.3746,39.47,0.9,9,-4.4113,33.33,-0.4,-3.05,FAIL,0.7616,2.1367
trend,EMA cross,15m,short,uptrend|pulling back in trend|messy|expanding,74,-13.9334,29.73,-10.31,19,6.1828,47.37,1.17,-3.0,FAIL,,0.5106
trend,EMA cross,15m,long,transition|at range high|messy|contracting,157,-13.0349,31.21,-20.46,38,-7.2409,36.84,-2.75,-5.29,FAIL,,11.236
trend,EMA cross,15m,short,transition|at range high|messy|contracting,1,-64.439,0.0,-0.64,0,0.0,0.0,0.0,0.0,UNRELIABLE,,
trend,EMA cross,15m,long,uptrend|at range high|messy|expanding,94,3.7419,42.55,3.52,20,13.628,45.0,2.73,-3.66,SURVIVOR,0.6818,0.3666
trend,EMA cross,15m,short,uptrend|at range high|messy|expanding,1,104.5132,100.0,1.05,1,-65.2925,0.0,-0.65,-0.65,UNRELIABLE,0.0364,
trend,EMA cross,15m,long,transition|mid range|clean|contracting,39,-1.9339,41.03,-0.75,14,13.849,50.0,1.94,-2.75,FAIL,1.3034,0.3778
trend,EMA cross,15m,short,transition|mid range|clean|contracting,53,-10.5043,37.74,-5.57,15,13.5043,46.67,2.03,-2.08,FAIL,,0.342
trend,EMA cross,15m,long,downtrend|at range low|messy|contracting,0,,,,0,,,,,NO-TRADES,,
trend,EMA cross,15m,short,downtrend|at range low|messy|contracting,52,-21.1049,25.0,-10.97,13,-21.2224,23.08,-2.76,-4.41,FAIL,,
trend,EMA cross,15m,long,transition|at range high|messy|expanding,165,-10.8714,32.73,-17.94,65,-0.9444,38.46,-0.61,-4.71,FAIL,,1.1269
trend,EMA cross,15m,short,transition|at range high|messy|expanding,2,-64.8924,0.0,-1.3,0,0.0,0.0,0.0,0.0,UNRELIABLE,,
trend,EMA cross,15m,long,transition|at range low|messy|contracting,0,,,,0,,,,,NO-TRADES,,
trend,EMA cross,15m,short,transition|at range low|messy|contracting,133,-11.6518,30.83,-15.5,56,-4.0584,35.71,-2.27,-8.02,FAIL,,2.0148
trend,EMA cross,15m,long,transition|mid range|clean|expanding,61,-9.781,34.43,-5.97,19,27.3394,63.16,5.19,-2.34,FAIL,,0.2092
trend,EMA cross,15m,short,transition|mid range|clean|expanding,57,0.3946,38.6,0.22,19,38.9636,68.42,7.4,-2.33,SURVIVOR,0.95,0.1317
trend,EMA cross,15m,long,downtrend|at range low|messy|expanding,3,-0.1725,33.33,-0.01,0,0.0,0.0,0.0,0.0,UNRELIABLE,1.0304,
trend,EMA cross,15m,short,downtrend|at range low|messy|expanding,72,-8.2565,34.72,-5.94,31,11.3387,48.39,3.51,-3.09,FAIL,,0.3694
trend,EMA cross,15m,long,transition|at range low|messy|expanding,1,104.6802,100.0,1.05,0,0.0,0.0,0.0,0.0,UNRELIABLE,0.0349,
trend,EMA cross,15m,short,transition|at range low|messy|expanding,160,-7.1366,34.38,-11.42,43,3.247,44.19,1.4,-4.0,FAIL,24.2222,0.6841
trend,EMA cross,15m,long,downtrend|pulling back in trend|clean|contracting,48,2.0005,41.67,0.96,12,-21.808,33.33,-2.62,-3.48,FAIL,0.8084,
trend,EMA cross,15m,short,downtrend|pulling back in trend|clean|contracting,16,-13.3088,37.5,-2.13,10,-30.7465,20.0,-3.07,-4.53,UNRELIABLE,,
trend,EMA cross,15m,long,uptrend|pulling back in trend|clean|contracting,18,-16.1561,27.78,-2.91,6,47.8211,66.67,2.87,-1.45,UNRELIABLE,,0.1228
trend,EMA cross,15m,short,uptrend|pulling back in trend|clean|contracting,41,14.7153,43.9,6.03,7,-11.7276,28.57,-0.82,-2.8,UNRELIABLE,0.2959,
trend,EMA cross,15m,long,uptrend|at range high|clean|contracting,43,4.264,41.86,1.83,11,17.9749,45.45,1.98,-3.89,SURVIVOR,0.6754,0.2881
trend,EMA cross,15m,short,uptrend|at range high|clean|contracting,3,-8.0683,33.33,-0.24,0,0.0,0.0,0.0,0.0,UNRELIABLE,,
trend,EMA cross,15m,long,downtrend|pulling back in trend|clean|expanding,34,-3.1499,38.24,-1.07,14,-28.8394,21.43,-4.04,-4.15,FAIL,1.6199,
trend,EMA cross,15m,short,downtrend|pulling back in trend|clean|expanding,30,-13.9974,30.0,-4.2,5,18.5011,60.0,0.93,-1.42,UNRELIABLE,,0.2651
trend,EMA cross,15m,long,uptrend|pulling back in trend|clean|expanding,25,-19.0918,28.0,-4.77,5,-18.9194,20.0,-0.95,-2.11,UNRELIABLE,,
trend,EMA cross,15m,short,uptrend|pulling back in trend|clean|expanding,51,27.4869,52.94,14.02,11,-25.0916,27.27,-2.76,-4.4,FAIL,0.2123,
trend,EMA cross,15m,long,transition|at range high|clean|contracting,87,-20.9509,27.59,-18.23,29,-17.6345,34.48,-5.11,-7.25,FAIL,,
trend,EMA cross,15m,short,transition|at range high|clean|contracting,2,-64.6669,0.0,-1.29,0,0.0,0.0,0.0,0.0,UNRELIABLE,,
trend,EMA cross,15m,long,transition|mid range|messy|stalling,25,-6.4841,32.0,-1.62,7,37.578,71.43,2.63,-1.06,UNRELIABLE,4.6299,0.1442
trend,EMA cross,15m,short,transition|mid range|messy|stalling,23,-2.4269,39.13,-0.56,12,-23.4862,16.67,-2.82,-3.59,FAIL,1.4273,
trend,EMA cross,15m,long,transition|at range high|clean|expanding,114,0.0336,40.35,0.04,36,9.2782,47.22,3.34,-3.83,SURVIVOR,0.9961,0.4628
trend,EMA cross,15m,short,transition|at range high|clean|expanding,1,104.579,100.0,1.05,0,0.0,0.0,0.0,0.0,UNRELIABLE,0.0358,
trend,EMA cross,15m,long,uptrend|at range high|clean|expanding,48,-22.2576,22.92,-10.68,15,1.7331,40.0,0.26,-2.32,FAIL,,0.8347
trend,EMA cross,15m,short,uptrend|at range high|clean|expanding,0,0.0,0.0,0.0,0,0.0,0.0,0.0,0.0,UNRELIABLE,,
trend,EMA cross,15m,long,downtrend|at range low|clean|contracting,0,,,,0,,,,,NO-TRADES,,
trend,EMA cross,15m,short,downtrend|at range low|clean|contracting,45,-3.3815,37.78,-1.52,8,-11.4634,37.5,-0.92,-2.06,FAIL,1.865,
trend,EMA cross,15m,long,transition|at range low|clean|contracting,2,105.0339,100.0,2.1,1,-65.4933,0.0,-0.65,-0.67,UNRELIABLE,0.0366,
trend,EMA cross,15m,short,transition|at range low|clean|contracting,78,-14.9982,30.77,-11.7,31,-11.5929,35.48,-3.59,-5.64,FAIL,,
trend,EMA cross,15m,long,transition|at range low|clean|expanding,0,,,,0,,,,,NO-TRADES,,
trend,EMA cross,15m,short,transition|at range low|clean|expanding,123,-4.9027,35.77,-6.03,31,-11.8166,29.03,-3.66,-5.11,FAIL,2.7118,
trend,EMA cross,15m,long,downtrend|at range low|clean|expanding,1,36.7663,100.0,0.37,0,0.0,0.0,0.0,0.0,UNRELIABLE,-0.0487,
trend,EMA cross,15m,short,downtrend|at range low|clean|expanding,51,-10.0948,29.41,-5.15,14,-34.7915,21.43,-4.87,-4.87,FAIL,,
trend,EMA cross,15m,long,downtrend|pulling back in trend|messy|stalling,14,-12.7836,35.71,-1.79,7,6.5049,42.86,0.46,-1.72,UNRELIABLE,,0.5716
trend,EMA cross,15m,short,downtrend|pulling back in trend|messy|stalling,13,-41.3203,15.38,-5.37,3,-43.4888,0.0,-1.3,-1.7,UNRELIABLE,,
trend,EMA cross,15m,long,downtrend|at range high|messy|contracting,100,2.5464,42.0,2.55,34,-41.0318,11.76,-13.95,-14.26,FAIL,0.7694,
trend,EMA cross,15m,short,downtrend|at range high|messy|contracting,1,104.8041,100.0,1.05,0,0.0,0.0,0.0,0.0,UNRELIABLE,0.0337,
trend,EMA cross,15m,long,uptrend|pulling back in trend|messy|stalling,14,19.3476,50.0,2.71,3,-30.0458,33.33,-0.9,-1.43,UNRELIABLE,0.2851,
trend,EMA cross,15m,short,uptrend|pulling back in trend|messy|stalling,26,-2.1477,34.62,-0.56,3,-41.3988,33.33,-1.24,-1.51,UNRELIABLE,1.4193,
trend,EMA cross,15m,long,downtrend|at range high|messy|expanding,105,-6.571,34.29,-6.9,38,6.3637,44.74,2.42,-4.93,FAIL,4.3283,0.5702
trend,EMA cross,15m,short,downtrend|at range high|messy|expanding,0,0.0,0.0,0.0,1,104.7351,100.0,1.05,-0.39,UNRELIABLE,,0.0344
trend,EMA cross,15m,long,uptrend|at range high|messy|stalling,21,-33.5515,19.05,-7.05,10,-31.2276,20.0,-3.12,-4.12,FAIL,,
trend,EMA cross,15m,short,uptrend|at range high|messy|stalling,2,-64.9761,0.0,-1.3,0,0.0,0.0,0.0,0.0,UNRELIABLE,,
trend,MACD line/signal cross,1h,long,transition|mid range|messy|contracting,66,15.9936,43.94,10.56,18,46.265,50.0,8.33,-5.13,SURVIVOR,,
trend,MACD line/signal cross,1h,short,transition|mid range|messy|contracting,50,-8.0892,38.0,-4.04,23,30.4527,43.48,7.0,-7.1,FAIL,,
trend,MACD line/signal cross,1h,long,transition|mid range|messy|expanding,91,17.8025,45.05,16.2,21,-15.1934,33.33,-3.19,-9.24,FAIL,,
trend,MACD line/signal cross,1h,short,transition|mid range|messy|expanding,89,-12.8088,37.08,-11.4,31,0.106,41.94,0.03,-7.78,FAIL,,
trend,MACD line/signal cross,1h,long,uptrend|at range high|messy|contracting,10,-53.1294,30.0,-5.31,6,-71.1457,16.67,-4.27,-6.48,UNRELIABLE,,
trend,MACD line/signal cross,1h,short,uptrend|at range high|messy|contracting,33,17.0677,45.45,5.63,13,-67.3995,15.38,-8.76,-9.53,FAIL,,
trend,MACD line/signal cross,1h,long,downtrend|pulling back in trend|messy|contracting,74,33.2716,47.3,24.62,29,15.1679,41.38,4.4,-8.95,SURVIVOR,,
trend,MACD line/signal cross,1h,short,downtrend|pulling back in trend|messy|contracting,12,-53.8678,16.67,-6.46,1,-131.6917,0.0,-1.32,-1.56,UNRELIABLE,,
trend,MACD line/signal cross,1h,long,uptrend|pulling back in trend|messy|contracting,20,-27.7947,40.0,-5.56,4,48.7372,50.0,1.95,-2.77,UNRELIABLE,,
trend,MACD line/signal cross,1h,short,uptrend|pulling back in trend|messy|contracting,76,-23.0212,34.21,-17.5,26,38.8596,50.0,10.1,-5.72,FAIL,,
trend,MACD line/signal cross,1h,long,uptrend|at range high|messy|expanding,36,-8.8867,33.33,-3.2,17,-61.4285,29.41,-10.44,-10.8,FAIL,,
trend,MACD line/signal cross,1h,short,uptrend|at range high|messy|expanding,41,1.3887,41.46,0.57,12,12.0843,50.0,1.45,-5.1,SURVIVOR,,
trend,MACD line/signal cross,1h,long,downtrend|pulling back in trend|messy|expanding,110,1.4878,37.27,1.64,35,-8.7394,34.29,-3.06,-10.51,FAIL,,
trend,MACD line/signal cross,1h,short,downtrend|pulling back in trend|messy|expanding,29,36.0099,51.72,10.44,5,-17.0956,40.0,-0.85,-4.19,UNRELIABLE,,
trend,MACD line/signal cross,1h,long,transition|at range high|messy|contracting,23,43.4675,52.17,10.0,7,-43.6376,28.57,-3.05,-6.84,UNRELIABLE,,
trend,MACD line/signal cross,1h,short,transition|at range high|messy|contracting,18,-47.4453,27.78,-8.54,6,2.1079,33.33,0.13,-2.63,UNRELIABLE,,
trend,MACD line/signal cross,1h,long,uptrend|pulling back in trend|messy|expanding,27,88.2522,62.96,23.83,4,147.5053,75.0,5.9,-1.53,UNRELIABLE,,
trend,MACD line/signal cross,1h,short,uptrend|pulling back in trend|messy|expanding,136,-11.4735,35.29,-15.6,26,6.6867,46.15,1.74,-5.22,FAIL,,
trend,MACD line/signal cross,1h,long,transition|at range high|messy|expanding,65,9.9669,41.54,6.48,24,-31.1461,29.17,-7.48,-10.99,FAIL,,
trend,MACD line/signal cross,1h,short,transition|at range high|messy|expanding,18,-25.5629,33.33,-4.6,8,-96.2257,0.0,-7.7,-8.13,UNRELIABLE,,
trend,MACD line/signal cross,1h,long,downtrend|at range low|messy|contracting,24,-11.2716,41.67,-2.71,7,-103.6041,14.29,-7.25,-8.42,UNRELIABLE,,
trend,MACD line/signal cross,1h,short,downtrend|at range low|messy|contracting,5,-128.682,0.0,-6.43,2,-39.8694,50.0,-0.8,-1.38,UNRELIABLE,,
trend,MACD line/signal cross,1h,long,transition|at range low|messy|contracting,14,-83.4209,14.29,-11.68,5,-14.5884,40.0,-0.73,-3.44,UNRELIABLE,,
trend,MACD line/signal cross,1h,short,transition|at range low|messy|contracting,15,19.2504,46.67,2.89,5,-56.885,20.0,-2.84,-2.99,UNRELIABLE,,
trend,MACD line/signal cross,1h,long,downtrend|at range low|messy|expanding,27,-31.261,25.93,-8.44,3,-131.3282,0.0,-3.94,-3.94,UNRELIABLE,,
trend,MACD line/signal cross,1h,short,downtrend|at range low|messy|expanding,28,0.3073,39.29,0.09,7,-126.8084,0.0,-8.88,-9.78,UNRELIABLE,,
trend,MACD line/signal cross,1h,long,transition|at range low|messy|expanding,9,-22.3818,33.33,-2.01,4,8.9372,25.0,0.36,-2.63,UNRELIABLE,,
trend,MACD line/signal cross,1h,short,transition|at range low|messy|expanding,54,-25.0596,31.48,-13.53,16,89.7095,62.5,14.35,-3.34,FAIL,,
trend,MACD line/signal cross,1h,long,transition|mid range|clean|contracting,30,-0.495,40.0,-0.15,11,77.8129,63.64,8.56,-4.79,FAIL,,
trend,MACD line/signal cross,1h,short,transition|mid range|clean|contracting,20,-5.6779,40.0,-1.14,9,-91.8919,11.11,-8.27,-8.35,FAIL,,
trend,MACD line/signal cross,1h,long,transition|mid range|clean|expanding,33,-8.1792,39.39,-2.7,12,62.371,50.0,7.48,-5.62,FAIL,,
trend,MACD line/signal cross,1h,short,transition|mid range|clean|expanding,49,-37.0012,26.53,-18.13,14,54.0422,57.14,7.57,-5.24,FAIL,,
trend,MACD line/signal cross,1h,long,transition|mid range|messy|stalling,22,18.2637,40.91,4.02,7,-27.9986,28.57,-1.96,-6.99,UNRELIABLE,,
trend,MACD line/signal cross,1h,short,transition|mid range|messy|stalling,24,-14.3762,37.5,-3.45,8,24.9629,50.0,2.0,-3.86,FAIL,,
trend,MACD line/signal cross,1h,long,transition|at range high|clean|contracting,6,-128.6871,0.0,-7.72,3,-131.0861,0.0,-3.93,-5.05,UNRELIABLE,,
trend,MACD line/signal cross,1h,short,transition|at range high|clean|contracting,3,-10.0668,33.33,-0.3,1,-132.0678,0.0,-1.32,-1.41,UNRELIABLE,,
trend,MACD line/signal cross,1h,long,downtrend|pulling back in trend|clean|contracting,45,23.0956,46.67,10.39,14,26.9963,50.0,3.78,-5.82,SURVIVOR,,
trend,MACD line/signal cross,1h,short,downtrend|pulling back in trend|clean|contracting,7,-56.7913,28.57,-3.98,3,-9.5322,33.33,-0.29,-2.7,UNRELIABLE,,
trend,MACD line/signal cross,1h,long,uptrend|pulling back in trend|clean|contracting,5,34.8222,40.0,1.74,2,-131.6977,0.0,-2.63,-2.64,UNRELIABLE,,
trend,MACD line/signal cross,1h,short,uptrend|pulling back in trend|clean|contracting,36,59.6815,58.33,21.49,14,33.2117,42.86,4.65,-5.88,SURVIVOR,,
trend,MACD line/signal cross,1h,long,uptrend|at range high|clean|contracting,3,-12.6379,33.33,-0.38,2,46.7431,50.0,0.93,-2.33,UNRELIABLE,,
trend,MACD line/signal cross,1h,short,uptrend|at range high|clean|contracting,15,2.1503,40.0,0.32,6,-8.1399,33.33,-0.49,-4.05,UNRELIABLE,,
trend,MACD line/signal cross,1h,long,uptrend|pulling back in trend|clean|expanding,11,-16.9477,36.36,-1.86,1,-133.5953,0.0,-1.34,-1.86,UNRELIABLE,,
trend,MACD line/signal cross,1h,short,uptrend|pulling back in trend|clean|expanding,42,-31.5786,33.33,-13.26,21,-38.6669,28.57,-8.12,-9.73,FAIL,,
trend,MACD line/signal cross,1h,long,downtrend|pulling back in trend|clean|expanding,50,-2.0184,36.0,-1.01,20,14.6207,45.0,2.92,-6.2,FAIL,,
trend,MACD line/signal cross,1h,short,downtrend|pulling back in trend|clean|expanding,18,-16.1069,33.33,-2.9,9,-61.4191,22.22,-5.53,-8.2,UNRELIABLE,,
trend,MACD line/signal cross,1h,long,transition|at range high|clean|expanding,28,-32.3162,28.57,-9.05,8,-41.9714,25.0,-3.36,-7.26,FAIL,,
trend,MACD line/signal cross,1h,short,transition|at range high|clean|expanding,4,-40.9988,25.0,-1.64,2,-5.8073,50.0,-0.12,-1.55,UNRELIABLE,,
trend,MACD line/signal cross,1h,long,transition|at range low|clean|contracting,1,-134.2298,0.0,-1.34,1,-132.5704,0.0,-1.33,-1.84,UNRELIABLE,,
trend,MACD line/signal cross,1h,short,transition|at range low|clean|contracting,10,2.5242,40.0,0.25,2,-126.215,0.0,-2.52,-2.95,UNRELIABLE,,
trend,MACD line/signal cross,1h,long,downtrend|at range high|messy|contracting,10,-4.3917,30.0,-0.44,5,-59.2564,20.0,-2.96,-5.31,UNRELIABLE,,
trend,MACD line/signal cross,1h,short,downtrend|at range high|messy|contracting,4,-1.1231,50.0,-0.04,0,0.0,0.0,0.0,0.0,UNRELIABLE,,
trend,MACD line/signal cross,1h,long,uptrend|at range high|clean|expanding,19,8.8011,36.84,1.67,5,88.8254,60.0,4.44,-2.66,UNRELIABLE,,
trend,MACD line/signal cross,1h,short,uptrend|at range high|clean|expanding,6,-107.1455,16.67,-6.43,4,-50.5778,25.0,-2.02,-3.0,UNRELIABLE,,
trend,MACD line/signal cross,1h,long,downtrend|at range low|clean|contracting,7,108.5369,71.43,7.6,3,-11.6646,33.33,-0.35,-2.74,UNRELIABLE,,
trend,MACD line/signal cross,1h,short,downtrend|at range low|clean|contracting,3,-76.7335,33.33,-2.3,1,-64.5643,0.0,-0.65,-2.38,UNRELIABLE,,
trend,MACD line/signal cross,1h,long,downtrend|pulling back in trend|messy|stalling,26,29.7148,50.0,7.73,10,-15.2908,40.0,-1.53,-4.97,FAIL,,
trend,MACD line/signal cross,1h,short,downtrend|pulling back in trend|messy|stalling,7,3.1309,42.86,0.22,3,-130.5871,0.0,-3.92,-4.17,UNRELIABLE,,
trend,MACD line/signal cross,1h,long,uptrend|at range high|messy|stalling,4,-42.0548,25.0,-1.68,1,-132.7192,0.0,-1.33,-1.33,UNRELIABLE,,
trend,MACD line/signal cross,1h,short,uptrend|at range high|messy|stalling,15,-38.1277,26.67,-5.72,5,-15.1101,40.0,-0.76,-2.23,UNRELIABLE,,
trend,MACD line/signal cross,1h,long,transition|at range low|clean|expanding,3,-11.0982,33.33,-0.33,0,0.0,0.0,0.0,0.0,UNRELIABLE,,
trend,MACD line/signal cross,1h,short,transition|at range low|clean|expanding,33,-21.7723,36.36,-7.18,11,15.3322,45.45,1.69,-3.73,FAIL,,
trend,MACD line/signal cross,1h,long,uptrend|pulling back in trend|messy|stalling,6,36.0387,50.0,2.16,3,-24.1994,33.33,-0.73,-2.36,UNRELIABLE,,
trend,MACD line/signal cross,1h,short,uptrend|pulling back in trend|messy|stalling,36,5.8652,47.22,2.11,21,-7.5213,38.1,-1.58,-9.1,FAIL,,
trend,MACD line/signal cross,1h,long,uptrend|at range low|messy|contracting,1,-132.697,0.0,-1.33,0,0.0,0.0,0.0,0.0,UNRELIABLE,,
trend,MACD line/signal cross,1h,short,uptrend|at range low|messy|contracting,10,-21.4821,30.0,-2.15,2,52.0885,50.0,1.04,-2.23,UNRELIABLE,,
trend,MACD line/signal cross,1h,long,downtrend|at range high|messy|expanding,41,-15.7852,36.59,-6.47,19,22.736,42.11,4.32,-7.35,FAIL,,
trend,MACD line/signal cross,1h,short,downtrend|at range high|messy|expanding,3,-128.5008,0.0,-3.86,1,240.0841,100.0,2.4,-2.21,UNRELIABLE,,
trend,MACD line/signal cross,1h,long,uptrend|at range low|messy|expanding,0,0.0,0.0,0.0,1,-132.2861,0.0,-1.32,-1.85,UNRELIABLE,,
trend,MACD line/signal cross,1h,short,uptrend|at range low|messy|expanding,36,10.9298,41.67,3.93,14,180.9829,85.71,25.34,-2.53,SURVIVOR,,
trend,MACD line/signal cross,1h,long,downtrend|at range low|clean|expanding,5,-59.0586,20.0,-2.95,2,-131.3876,0.0,-2.63,-2.63,UNRELIABLE,,
trend,MACD line/signal cross,1h,short,downtrend|at range low|clean|expanding,20,-0.5764,40.0,-0.12,10,-21.3096,30.0,-2.13,-3.89,FAIL,,
trend,MACD line/signal cross,15m,long,transition|mid range|messy|contracting,282,-9.147,33.69,-25.79,64,-13.736,31.25,-8.79,-10.64,FAIL,,
trend,MACD line/signal cross,15m,short,transition|mid range|messy|contracting,230,-7.3308,35.65,-16.86,75,-2.628,41.33,-1.97,-11.4,FAIL,,1.5618
trend,MACD line/signal cross,15m,long,transition|mid range|messy|expanding,296,-9.964,33.11,-29.49,105,-11.3097,33.33,-11.88,-13.76,FAIL,,
trend,MACD line/signal cross,15m,short,transition|mid range|messy|expanding,342,-3.31,37.43,-11.32,95,-28.9141,20.0,-27.47,-29.24,FAIL,1.9117,
trend,MACD line/signal cross,15m,long,downtrend|pulling back in trend|messy|contracting,314,-9.1208,34.08,-28.64,117,3.0108,43.59,3.52,-8.07,FAIL,,0.7415
trend,MACD line/signal cross,15m,short,downtrend|pulling back in trend|messy|contracting,67,-11.8945,32.84,-7.97,26,9.2688,46.15,2.41,-3.25,FAIL,,0.4493
trend,MACD line/signal cross,15m,long,uptrend|at range high|messy|contracting,42,2.7341,40.48,1.15,19,14.3834,47.37,2.73,-1.59,SURVIVOR,0.7594,0.3674
trend,MACD line/signal cross,15m,short,uptrend|at range high|messy|contracting,138,-25.3602,21.74,-35.0,46,-33.5076,17.39,-15.41,-16.19,FAIL,,
trend,MACD line/signal cross,15m,long,uptrend|pulling back in trend|messy|contracting,78,-7.8998,35.9,-6.16,21,15.2206,47.62,3.2,-2.07,FAIL,11.9626,0.3508
trend,MACD line/signal cross,15m,short,uptrend|pulling back in trend|messy|contracting,291,-3.2365,39.52,-9.42,107,-8.9078,35.51,-9.53,-11.77,FAIL,1.871,
trend,MACD line/signal cross,15m,long,downtrend|pulling back in trend|messy|expanding,397,-8.064,34.26,-32.01,130,-16.6037,28.46,-21.58,-22.1,FAIL,,
trend,MACD line/signal cross,15m,short,downtrend|pulling back in trend|messy|expanding,115,-17.6965,30.43,-20.35,35,-20.5518,25.71,-7.19,-8.55,FAIL,,
trend,MACD line/signal cross,15m,long,uptrend|pulling back in trend|messy|expanding,76,-12.0902,30.26,-9.19,36,-20.6222,27.78,-7.42,-8.76,FAIL,,
trend,MACD line/signal cross,15m,short,uptrend|pulling back in trend|messy|expanding,435,-10.4678,31.49,-45.53,143,-13.3902,32.17,-19.15,-21.0,FAIL,,
trend,MACD line/signal cross,15m,long,transition|at range high|messy|contracting,78,-19.5407,28.21,-15.24,31,13.5122,45.16,4.19,-3.57,FAIL,,0.3703
trend,MACD line/signal cross,15m,short,transition|at range high|messy|contracting,56,-22.2581,25.0,-12.46,15,-13.6561,33.33,-2.05,-4.5,FAIL,,
trend,MACD line/signal cross,15m,long,uptrend|at range high|messy|expanding,121,-11.4344,34.71,-13.84,59,-3.4489,37.29,-2.03,-9.89,FAIL,,1.746
trend,MACD line/signal cross,15m,short,uptrend|at range high|messy|expanding,87,-10.0447,32.18,-8.74,40,0.2138,40.0,0.09,-3.46,FAIL,,0.9734
trend,MACD line/signal cross,15m,long,transition|mid range|clean|contracting,136,-1.7227,39.71,-2.34,47,5.0756,42.55,2.39,-4.03,FAIL,1.268,0.6075
trend,MACD line/signal cross,15m,short,transition|mid range|clean|contracting,136,-7.4094,35.29,-10.08,41,12.3724,51.22,5.07,-3.55,FAIL,,0.346
trend,MACD line/signal cross,15m,long,downtrend|at range low|messy|contracting,74,-28.8916,21.62,-21.38,27,7.8923,44.44,2.13,-4.33,FAIL,,0.5106
trend,MACD line/signal cross,15m,short,downtrend|at range low|messy|contracting,32,6.0867,43.75,1.95,21,-7.5132,38.1,-1.58,-3.82,FAIL,0.5569,35.2514
trend,MACD line/signal cross,15m,long,transition|at range high|messy|expanding,197,-9.4752,32.49,-18.67,72,-2.5805,37.5,-1.86,-6.63,FAIL,,1.4597
trend,MACD line/signal cross,15m,short,transition|at range high|messy|expanding,47,3.661,42.55,1.72,10,8.4535,40.0,0.85,-2.25,SURVIVOR,0.6783,0.4528
trend,MACD line/signal cross,15m,long,transition|at range low|messy|contracting,35,-0.8349,40.0,-0.29,10,16.0075,50.0,1.6,-3.44,FAIL,1.1114,0.3226
trend,MACD line/signal cross,15m,short,transition|at range low|messy|contracting,51,-13.6441,31.37,-6.96,22,-31.1215,18.18,-6.85,-6.96,FAIL,,
trend,MACD line/signal cross,15m,long,transition|mid range|clean|expanding,154,-7.5145,35.71,-11.57,52,32.9821,61.54,17.15,-2.49,FAIL,12.453,0.1949
trend,MACD line/signal cross,15m,short,transition|mid range|clean|expanding,204,-6.3794,35.29,-13.01,62,-11.7853,32.26,-7.31,-10.2,FAIL,8.3403,
trend,MACD line/signal cross,15m,long,downtrend|at range low|messy|expanding,57,-0.2308,38.6,-0.13,28,-18.5846,28.57,-5.2,-5.99,FAIL,1.0271,
trend,MACD line/signal cross,15m,short,downtrend|at range low|messy|expanding,121,-9.9806,33.88,-12.08,34,-21.8952,26.47,-7.44,-8.88,FAIL,,
trend,MACD line/signal cross,15m,long,transition|at range low|messy|expanding,26,-26.2962,26.92,-6.84,7,-40.8209,14.29,-2.86,-3.09,UNRELIABLE,,
trend,MACD line/signal cross,15m,short,transition|at range low|messy|expanding,173,1.439,40.46,2.49,63,11.8671,46.03,7.48,-3.16,SURVIVOR,0.8494,0.3913
trend,MACD line/signal cross,15m,long,downtrend|pulling back in trend|clean|contracting,225,-10.4382,34.67,-23.49,68,-6.9135,33.82,-4.7,-8.33,FAIL,,5.8368
trend,MACD line/signal cross,15m,short,downtrend|pulling back in trend|clean|contracting,30,-12.7316,30.0,-3.82,8,-36.7661,25.0,-2.94,-3.41,FAIL,,
trend,MACD line/signal cross,15m,long,uptrend|pulling back in trend|clean|contracting,48,-14.5989,31.25,-7.01,9,-11.546,33.33,-1.04,-3.54,FAIL,,
trend,MACD line/signal cross,15m,short,uptrend|pulling back in trend|clean|contracting,198,-2.8775,37.88,-5.7,84,-16.2465,28.57,-13.65,-15.41,FAIL,1.6943,
trend,MACD line/signal cross,15m,long,uptrend|at range high|clean|contracting,26,4.5083,42.31,1.17,14,-17.895,35.71,-2.51,-3.22,FAIL,0.6513,
trend,MACD line/signal cross,15m,short,uptrend|at range high|clean|contracting,42,1.5092,40.48,0.63,16,-7.6368,37.5,-1.22,-3.21,FAIL,0.8344,18.3579
trend,MACD line/signal cross,15m,long,downtrend|pulling back in trend|clean|expanding,234,-6.2837,36.32,-14.7,82,-13.3041,34.15,-10.91,-13.95,FAIL,4.4664,
trend,MACD line/signal cross,15m,short,downtrend|pulling back in trend|clean|expanding,59,4.1361,44.07,2.44,13,-7.4307,38.46,-0.97,-3.82,FAIL,0.6411,16.1323
trend,MACD line/signal cross,15m,long,uptrend|pulling back in trend|clean|expanding,56,-2.8671,35.71,-1.61,20,-19.7281,25.0,-3.95,-6.23,FAIL,1.5351,
trend,MACD line/signal cross,15m,short,uptrend|pulling back in trend|clean|expanding,246,-3.5994,38.62,-8.85,98,-0.6796,41.84,-0.67,-7.3,FAIL,1.9898,1.1012
trend,MACD line/signal cross,15m,long,transition|at range high|clean|contracting,48,-10.5821,33.33,-5.08,27,9.2045,44.44,2.49,-3.83,FAIL,,0.4542
trend,MACD line/signal cross,15m,short,transition|at range high|clean|contracting,20,-21.2313,30.0,-4.25,6,-36.8561,16.67,-2.21,-2.85,UNRELIABLE,,
trend,MACD line/signal cross,15m,long,transition|mid range|messy|stalling,89,-7.3831,37.08,-6.57,26,-1.5416,38.46,-0.4,-4.23,FAIL,7.6434,1.2216
trend,MACD line/signal cross,15m,short,transition|mid range|messy|stalling,115,-0.7893,40.0,-0.91,36,-25.6205,22.22,-9.22,-11.91,FAIL,1.1162,
trend,MACD line/signal cross,15m,long,transition|at range high|clean|expanding,150,10.4011,46.67,15.6,51,-2.1438,39.22,-1.09,-5.16,FAIL,0.4637,1.3359
trend,MACD line/signal cross,15m,short,transition|at range high|clean|expanding,10,20.3315,50.0,2.03,4,-8.4537,25.0,-0.34,-1.8,UNRELIABLE,0.2482,
trend,MACD line/signal cross,15m,long,uptrend|at range high|clean|expanding,96,-8.589,32.29,-8.25,41,-8.0596,34.15,-3.3,-5.61,FAIL,,14.1304
trend,MACD line/signal cross,15m,short,uptrend|at range high|clean|expanding,32,-31.5136,21.88,-10.08,13,-0.1157,38.46,-0.02,-3.29,FAIL,,1.0144
trend,MACD line/signal cross,15m,long,downtrend|at range low|clean|contracting,25,-8.98,32.0,-2.25,10,-14.5498,30.0,-1.45,-2.51,FAIL,,
trend,MACD line/signal cross,15m,short,downtrend|at range low|clean|contracting,13,-13.1549,30.77,-1.71,9,-3.5607,33.33,-0.32,-1.74,UNRELIABLE,,1.965
trend,MACD line/signal cross,15m,long,transition|at range low|clean|contracting,9,-28.3297,22.22,-2.55,1,-65.0707,0.0,-0.65,-1.29,UNRELIABLE,,
trend,MACD line/signal cross,15m,short,transition|at range low|clean|contracting,45,-8.5717,31.11,-3.86,11,-25.4444,27.27,-2.8,-3.52,FAIL,,
trend,MACD line/signal cross,15m,long,transition|at range low|clean|expanding,7,-3.9326,42.86,-0.28,0,0.0,0.0,0.0,0.0,UNRELIABLE,1.9253,
trend,MACD line/signal cross,15m,short,transition|at range low|clean|expanding,149,-5.2881,38.26,-7.88,57,-1.8549,36.84,-1.06,-9.6,FAIL,3.2813,1.3129
trend,MACD line/signal cross,15m,long,downtrend|at range low|clean|expanding,16,-22.8569,25.0,-3.66,10,-21.5768,30.0,-2.16,-4.27,UNRELIABLE,,
trend,MACD line/signal cross,15m,short,downtrend|at range low|clean|expanding,112,-0.7035,38.39,-0.79,34,-13.1787,32.35,-4.48,-6.92,FAIL,1.0937,
trend,MACD line/signal cross,15m,long,downtrend|pulling back in trend|messy|stalling,141,-9.5193,35.46,-13.42,49,12.6838,51.02,6.22,-2.36,FAIL,,0.3903
trend,MACD line/signal cross,15m,short,downtrend|pulling back in trend|messy|stalling,38,-11.5862,31.58,-4.4,6,-8.3006,33.33,-0.5,-1.51,UNRELIABLE,,
trend,MACD line/signal cross,15m,long,downtrend|at range high|messy|contracting,44,9.3806,45.45,4.13,16,-22.8423,25.0,-3.65,-3.92,FAIL,0.4827,
trend,MACD line/signal cross,15m,short,downtrend|at range high|messy|contracting,10,3.3786,40.0,0.34,2,-63.9828,0.0,-1.28,-1.6,UNRELIABLE,0.6797,
trend,MACD line/signal cross,15m,long,uptrend|pulling back in trend|messy|stalling,25,-6.0082,36.0,-1.5,9,-47.5694,22.22,-4.28,-4.78,FAIL,3.4262,
trend,MACD line/signal cross,15m,short,uptrend|pulling back in trend|messy|stalling,123,3.088,42.28,3.8,39,-0.689,41.03,-0.27,-4.13,FAIL,0.7096,1.1006
trend,MACD line/signal cross,15m,long,downtrend|at range high|messy|expanding,170,7.1892,42.94,12.22,43,-20.3201,25.58,-8.74,-10.12,FAIL,0.5395,
trend,MACD line/signal cross,15m,short,downtrend|at range high|messy|expanding,5,-30.9028,20.0,-1.55,1,105.1699,100.0,1.05,-0.45,UNRELIABLE,,0.0304
trend,MACD line/signal cross,15m,long,uptrend|at range high|messy|stalling,23,-24.5743,26.09,-5.65,21,-17.8407,28.57,-3.75,-5.54,FAIL,,
trend,MACD line/signal cross,15m,short,uptrend|at range high|messy|stalling,33,-11.812,33.33,-3.9,20,2.5937,40.0,0.52,-3.8,FAIL,,0.754
trend,MACD histogram 0-cross,1h,long,transition|mid range|messy|contracting,66,15.9936,43.94,10.56,18,46.265,50.0,8.33,-5.13,SURVIVOR,,
trend,MACD histogram 0-cross,1h,short,transition|mid range|messy|contracting,50,-8.0892,38.0,-4.04,23,30.4527,43.48,7.0,-7.1,FAIL,,
trend,MACD histogram 0-cross,1h,long,transition|mid range|messy|expanding,91,17.8025,45.05,16.2,21,-15.1934,33.33,-3.19,-9.24,FAIL,,
trend,MACD histogram 0-cross,1h,short,transition|mid range|messy|expanding,89,-12.8088,37.08,-11.4,31,0.106,41.94,0.03,-7.78,FAIL,,
trend,MACD histogram 0-cross,1h,long,uptrend|at range high|messy|contracting,10,-53.1294,30.0,-5.31,6,-71.1457,16.67,-4.27,-6.48,UNRELIABLE,,
trend,MACD histogram 0-cross,1h,short,uptrend|at range high|messy|contracting,33,17.0677,45.45,5.63,13,-67.3995,15.38,-8.76,-9.53,FAIL,,
trend,MACD histogram 0-cross,1h,long,downtrend|pulling back in trend|messy|contracting,74,33.2716,47.3,24.62,29,15.1679,41.38,4.4,-8.95,SURVIVOR,,
trend,MACD histogram 0-cross,1h,short,downtrend|pulling back in trend|messy|contracting,12,-53.8678,16.67,-6.46,1,-131.6917,0.0,-1.32,-1.56,UNRELIABLE,,
trend,MACD histogram 0-cross,1h,long,uptrend|pulling back in trend|messy|contracting,20,-27.7947,40.0,-5.56,4,48.7372,50.0,1.95,-2.77,UNRELIABLE,,
trend,MACD histogram 0-cross,1h,short,uptrend|pulling back in trend|messy|contracting,76,-23.0212,34.21,-17.5,26,38.8596,50.0,10.1,-5.72,FAIL,,
trend,MACD histogram 0-cross,1h,long,uptrend|at range high|messy|expanding,36,-8.8867,33.33,-3.2,17,-61.4285,29.41,-10.44,-10.8,FAIL,,
trend,MACD histogram 0-cross,1h,short,uptrend|at range high|messy|expanding,41,1.3887,41.46,0.57,12,12.0843,50.0,1.45,-5.1,SURVIVOR,,
trend,MACD histogram 0-cross,1h,long,downtrend|pulling back in trend|messy|expanding,110,1.4878,37.27,1.64,35,-8.7394,34.29,-3.06,-10.51,FAIL,,
trend,MACD histogram 0-cross,1h,short,downtrend|pulling back in trend|messy|expanding,29,36.0099,51.72,10.44,5,-17.0956,40.0,-0.85,-4.19,UNRELIABLE,,
trend,MACD histogram 0-cross,1h,long,transition|at range high|messy|contracting,23,43.4675,52.17,10.0,7,-43.6376,28.57,-3.05,-6.84,UNRELIABLE,,
trend,MACD histogram 0-cross,1h,short,transition|at range high|messy|contracting,18,-47.4453,27.78,-8.54,6,2.1079,33.33,0.13,-2.63,UNRELIABLE,,
trend,MACD histogram 0-cross,1h,long,uptrend|pulling back in trend|messy|expanding,27,88.2522,62.96,23.83,4,147.5053,75.0,5.9,-1.53,UNRELIABLE,,
trend,MACD histogram 0-cross,1h,short,uptrend|pulling back in trend|messy|expanding,136,-11.4735,35.29,-15.6,26,6.6867,46.15,1.74,-5.22,FAIL,,
trend,MACD histogram 0-cross,1h,long,transition|at range high|messy|expanding,65,9.9669,41.54,6.48,24,-31.1461,29.17,-7.48,-10.99,FAIL,,
trend,MACD histogram 0-cross,1h,short,transition|at range high|messy|expanding,18,-25.5629,33.33,-4.6,8,-96.2257,0.0,-7.7,-8.13,UNRELIABLE,,
trend,MACD histogram 0-cross,1h,long,downtrend|at range low|messy|contracting,24,-11.2716,41.67,-2.71,7,-103.6041,14.29,-7.25,-8.42,UNRELIABLE,,
trend,MACD histogram 0-cross,1h,short,downtrend|at range low|messy|contracting,5,-128.682,0.0,-6.43,2,-39.8694,50.0,-0.8,-1.38,UNRELIABLE,,
trend,MACD histogram 0-cross,1h,long,transition|at range low|messy|contracting,14,-83.4209,14.29,-11.68,5,-14.5884,40.0,-0.73,-3.44,UNRELIABLE,,
trend,MACD histogram 0-cross,1h,short,transition|at range low|messy|contracting,15,19.2504,46.67,2.89,5,-56.885,20.0,-2.84,-2.99,UNRELIABLE,,
trend,MACD histogram 0-cross,1h,long,downtrend|at range low|messy|expanding,27,-31.261,25.93,-8.44,3,-131.3282,0.0,-3.94,-3.94,UNRELIABLE,,
trend,MACD histogram 0-cross,1h,short,downtrend|at range low|messy|expanding,28,0.3073,39.29,0.09,7,-126.8084,0.0,-8.88,-9.78,UNRELIABLE,,
trend,MACD histogram 0-cross,1h,long,transition|at range low|messy|expanding,9,-22.3818,33.33,-2.01,4,8.9372,25.0,0.36,-2.63,UNRELIABLE,,
trend,MACD histogram 0-cross,1h,short,transition|at range low|messy|expanding,54,-25.0596,31.48,-13.53,16,89.7095,62.5,14.35,-3.34,FAIL,,
trend,MACD histogram 0-cross,1h,long,transition|mid range|clean|contracting,30,-0.495,40.0,-0.15,11,77.8129,63.64,8.56,-4.79,FAIL,,
trend,MACD histogram 0-cross,1h,short,transition|mid range|clean|contracting,20,-5.6779,40.0,-1.14,9,-91.8919,11.11,-8.27,-8.35,FAIL,,
trend,MACD histogram 0-cross,1h,long,transition|mid range|clean|expanding,33,-8.1792,39.39,-2.7,12,62.371,50.0,7.48,-5.62,FAIL,,
trend,MACD histogram 0-cross,1h,short,transition|mid range|clean|expanding,49,-37.0012,26.53,-18.13,14,54.0422,57.14,7.57,-5.24,FAIL,,
trend,MACD histogram 0-cross,1h,long,transition|mid range|messy|stalling,22,18.2637,40.91,4.02,7,-27.9986,28.57,-1.96,-6.99,UNRELIABLE,,
trend,MACD histogram 0-cross,1h,short,transition|mid range|messy|stalling,24,-14.3762,37.5,-3.45,8,24.9629,50.0,2.0,-3.86,FAIL,,
trend,MACD histogram 0-cross,1h,long,transition|at range high|clean|contracting,6,-128.6871,0.0,-7.72,3,-131.0861,0.0,-3.93,-5.05,UNRELIABLE,,
trend,MACD histogram 0-cross,1h,short,transition|at range high|clean|contracting,3,-10.0668,33.33,-0.3,1,-132.0678,0.0,-1.32,-1.41,UNRELIABLE,,
trend,MACD histogram 0-cross,1h,long,downtrend|pulling back in trend|clean|contracting,45,23.0956,46.67,10.39,14,26.9963,50.0,3.78,-5.82,SURVIVOR,,
trend,MACD histogram 0-cross,1h,short,downtrend|pulling back in trend|clean|contracting,7,-56.7913,28.57,-3.98,3,-9.5322,33.33,-0.29,-2.7,UNRELIABLE,,
trend,MACD histogram 0-cross,1h,long,uptrend|pulling back in trend|clean|contracting,5,34.8222,40.0,1.74,2,-131.6977,0.0,-2.63,-2.64,UNRELIABLE,,
trend,MACD histogram 0-cross,1h,short,uptrend|pulling back in trend|clean|contracting,36,59.6815,58.33,21.49,14,33.2117,42.86,4.65,-5.88,SURVIVOR,,
trend,MACD histogram 0-cross,1h,long,uptrend|at range high|clean|contracting,3,-12.6379,33.33,-0.38,2,46.7431,50.0,0.93,-2.33,UNRELIABLE,,
trend,MACD histogram 0-cross,1h,short,uptrend|at range high|clean|contracting,15,2.1503,40.0,0.32,6,-8.1399,33.33,-0.49,-4.05,UNRELIABLE,,
trend,MACD histogram 0-cross,1h,long,uptrend|pulling back in trend|clean|expanding,11,-16.9477,36.36,-1.86,1,-133.5953,0.0,-1.34,-1.86,UNRELIABLE,,
trend,MACD histogram 0-cross,1h,short,uptrend|pulling back in trend|clean|expanding,42,-31.5786,33.33,-13.26,21,-38.6669,28.57,-8.12,-9.73,FAIL,,
trend,MACD histogram 0-cross,1h,long,downtrend|pulling back in trend|clean|expanding,50,-2.0184,36.0,-1.01,20,14.6207,45.0,2.92,-6.2,FAIL,,
trend,MACD histogram 0-cross,1h,short,downtrend|pulling back in trend|clean|expanding,18,-16.1069,33.33,-2.9,9,-61.4191,22.22,-5.53,-8.2,UNRELIABLE,,
trend,MACD histogram 0-cross,1h,long,transition|at range high|clean|expanding,28,-32.3162,28.57,-9.05,8,-41.9714,25.0,-3.36,-7.26,FAIL,,
trend,MACD histogram 0-cross,1h,short,transition|at range high|clean|expanding,4,-40.9988,25.0,-1.64,2,-5.8073,50.0,-0.12,-1.55,UNRELIABLE,,
trend,MACD histogram 0-cross,1h,long,transition|at range low|clean|contracting,1,-134.2298,0.0,-1.34,1,-132.5704,0.0,-1.33,-1.84,UNRELIABLE,,
trend,MACD histogram 0-cross,1h,short,transition|at range low|clean|contracting,10,2.5242,40.0,0.25,2,-126.215,0.0,-2.52,-2.95,UNRELIABLE,,
trend,MACD histogram 0-cross,1h,long,downtrend|at range high|messy|contracting,10,-4.3917,30.0,-0.44,5,-59.2564,20.0,-2.96,-5.31,UNRELIABLE,,
trend,MACD histogram 0-cross,1h,short,downtrend|at range high|messy|contracting,4,-1.1231,50.0,-0.04,0,0.0,0.0,0.0,0.0,UNRELIABLE,,
trend,MACD histogram 0-cross,1h,long,uptrend|at range high|clean|expanding,19,8.8011,36.84,1.67,5,88.8254,60.0,4.44,-2.66,UNRELIABLE,,
trend,MACD histogram 0-cross,1h,short,uptrend|at range high|clean|expanding,6,-107.1455,16.67,-6.43,4,-50.5778,25.0,-2.02,-3.0,UNRELIABLE,,
trend,MACD histogram 0-cross,1h,long,downtrend|at range low|clean|contracting,7,108.5369,71.43,7.6,3,-11.6646,33.33,-0.35,-2.74,UNRELIABLE,,
trend,MACD histogram 0-cross,1h,short,downtrend|at range low|clean|contracting,3,-76.7335,33.33,-2.3,1,-64.5643,0.0,-0.65,-2.38,UNRELIABLE,,
trend,MACD histogram 0-cross,1h,long,downtrend|pulling back in trend|messy|stalling,26,29.7148,50.0,7.73,10,-15.2908,40.0,-1.53,-4.97,FAIL,,
trend,MACD histogram 0-cross,1h,short,downtrend|pulling back in trend|messy|stalling,7,3.1309,42.86,0.22,3,-130.5871,0.0,-3.92,-4.17,UNRELIABLE,,
trend,MACD histogram 0-cross,1h,long,uptrend|at range high|messy|stalling,4,-42.0548,25.0,-1.68,1,-132.7192,0.0,-1.33,-1.33,UNRELIABLE,,
trend,MACD histogram 0-cross,1h,short,uptrend|at range high|messy|stalling,15,-38.1277,26.67,-5.72,5,-15.1101,40.0,-0.76,-2.23,UNRELIABLE,,
trend,MACD histogram 0-cross,1h,long,transition|at range low|clean|expanding,3,-11.0982,33.33,-0.33,0,0.0,0.0,0.0,0.0,UNRELIABLE,,
trend,MACD histogram 0-cross,1h,short,transition|at range low|clean|expanding,33,-21.7723,36.36,-7.18,11,15.3322,45.45,1.69,-3.73,FAIL,,
trend,MACD histogram 0-cross,1h,long,uptrend|pulling back in trend|messy|stalling,6,36.0387,50.0,2.16,3,-24.1994,33.33,-0.73,-2.36,UNRELIABLE,,
trend,MACD histogram 0-cross,1h,short,uptrend|pulling back in trend|messy|stalling,36,5.8652,47.22,2.11,21,-7.5213,38.1,-1.58,-9.1,FAIL,,
trend,MACD histogram 0-cross,1h,long,uptrend|at range low|messy|contracting,1,-132.697,0.0,-1.33,0,0.0,0.0,0.0,0.0,UNRELIABLE,,
trend,MACD histogram 0-cross,1h,short,uptrend|at range low|messy|contracting,10,-21.4821,30.0,-2.15,2,52.0885,50.0,1.04,-2.23,UNRELIABLE,,
trend,MACD histogram 0-cross,1h,long,downtrend|at range high|messy|expanding,41,-15.7852,36.59,-6.47,19,22.736,42.11,4.32,-7.35,FAIL,,
trend,MACD histogram 0-cross,1h,short,downtrend|at range high|messy|expanding,3,-128.5008,0.0,-3.86,1,240.0841,100.0,2.4,-2.21,UNRELIABLE,,
trend,MACD histogram 0-cross,1h,long,uptrend|at range low|messy|expanding,0,0.0,0.0,0.0,1,-132.2861,0.0,-1.32,-1.85,UNRELIABLE,,
trend,MACD histogram 0-cross,1h,short,uptrend|at range low|messy|expanding,36,10.9298,41.67,3.93,14,180.9829,85.71,25.34,-2.53,SURVIVOR,,
trend,MACD histogram 0-cross,1h,long,downtrend|at range low|clean|expanding,5,-59.0586,20.0,-2.95,2,-131.3876,0.0,-2.63,-2.63,UNRELIABLE,,
trend,MACD histogram 0-cross,1h,short,downtrend|at range low|clean|expanding,20,-0.5764,40.0,-0.12,10,-21.3096,30.0,-2.13,-3.89,FAIL,,
trend,MACD histogram 0-cross,15m,long,transition|mid range|messy|contracting,282,-9.147,33.69,-25.79,64,-13.736,31.25,-8.79,-10.64,FAIL,,
trend,MACD histogram 0-cross,15m,short,transition|mid range|messy|contracting,230,-7.3308,35.65,-16.86,75,-2.628,41.33,-1.97,-11.4,FAIL,,1.5618
trend,MACD histogram 0-cross,15m,long,transition|mid range|messy|expanding,296,-9.964,33.11,-29.49,105,-11.3097,33.33,-11.88,-13.76,FAIL,,
trend,MACD histogram 0-cross,15m,short,transition|mid range|messy|expanding,342,-3.31,37.43,-11.32,95,-28.9141,20.0,-27.47,-29.24,FAIL,1.9117,
trend,MACD histogram 0-cross,15m,long,downtrend|pulling back in trend|messy|contracting,314,-9.1208,34.08,-28.64,117,3.0108,43.59,3.52,-8.07,FAIL,,0.7415
trend,MACD histogram 0-cross,15m,short,downtrend|pulling back in trend|messy|contracting,67,-11.8945,32.84,-7.97,26,9.2688,46.15,2.41,-3.25,FAIL,,0.4493
trend,MACD histogram 0-cross,15m,long,uptrend|at range high|messy|contracting,42,2.7341,40.48,1.15,19,14.3834,47.37,2.73,-1.59,SURVIVOR,0.7594,0.3674
trend,MACD histogram 0-cross,15m,short,uptrend|at range high|messy|contracting,138,-25.3602,21.74,-35.0,46,-33.5076,17.39,-15.41,-16.19,FAIL,,
trend,MACD histogram 0-cross,15m,long,uptrend|pulling back in trend|messy|contracting,78,-7.8998,35.9,-6.16,21,15.2206,47.62,3.2,-2.07,FAIL,11.9626,0.3508
trend,MACD histogram 0-cross,15m,short,uptrend|pulling back in trend|messy|contracting,291,-3.2365,39.52,-9.42,107,-8.9078,35.51,-9.53,-11.77,FAIL,1.871,
trend,MACD histogram 0-cross,15m,long,downtrend|pulling back in trend|messy|expanding,397,-8.064,34.26,-32.01,130,-16.6037,28.46,-21.58,-22.1,FAIL,,
trend,MACD histogram 0-cross,15m,short,downtrend|pulling back in trend|messy|expanding,115,-17.6965,30.43,-20.35,35,-20.5518,25.71,-7.19,-8.55,FAIL,,
trend,MACD histogram 0-cross,15m,long,uptrend|pulling back in trend|messy|expanding,76,-12.0902,30.26,-9.19,36,-20.6222,27.78,-7.42,-8.76,FAIL,,
trend,MACD histogram 0-cross,15m,short,uptrend|pulling back in trend|messy|expanding,435,-10.4678,31.49,-45.53,143,-13.3902,32.17,-19.15,-21.0,FAIL,,
trend,MACD histogram 0-cross,15m,long,transition|at range high|messy|contracting,78,-19.5407,28.21,-15.24,31,13.5122,45.16,4.19,-3.57,FAIL,,0.3703
trend,MACD histogram 0-cross,15m,short,transition|at range high|messy|contracting,56,-22.2581,25.0,-12.46,15,-13.6561,33.33,-2.05,-4.5,FAIL,,
trend,MACD histogram 0-cross,15m,long,uptrend|at range high|messy|expanding,121,-11.4344,34.71,-13.84,59,-3.4489,37.29,-2.03,-9.89,FAIL,,1.746
trend,MACD histogram 0-cross,15m,short,uptrend|at range high|messy|expanding,87,-10.0447,32.18,-8.74,40,0.2138,40.0,0.09,-3.46,FAIL,,0.9734
trend,MACD histogram 0-cross,15m,long,transition|mid range|clean|contracting,136,-1.7227,39.71,-2.34,47,5.0756,42.55,2.39,-4.03,FAIL,1.268,0.6075
trend,MACD histogram 0-cross,15m,short,transition|mid range|clean|contracting,136,-7.4094,35.29,-10.08,41,12.3724,51.22,5.07,-3.55,FAIL,,0.346
trend,MACD histogram 0-cross,15m,long,downtrend|at range low|messy|contracting,74,-28.8916,21.62,-21.38,27,7.8923,44.44,2.13,-4.33,FAIL,,0.5106
trend,MACD histogram 0-cross,15m,short,downtrend|at range low|messy|contracting,32,6.0867,43.75,1.95,21,-7.5132,38.1,-1.58,-3.82,FAIL,0.5569,35.2514
trend,MACD histogram 0-cross,15m,long,transition|at range high|messy|expanding,197,-9.4752,32.49,-18.67,72,-2.5805,37.5,-1.86,-6.63,FAIL,,1.4597
trend,MACD histogram 0-cross,15m,short,transition|at range high|messy|expanding,47,3.661,42.55,1.72,10,8.4535,40.0,0.85,-2.25,SURVIVOR,0.6783,0.4528
trend,MACD histogram 0-cross,15m,long,transition|at range low|messy|contracting,35,-0.8349,40.0,-0.29,10,16.0075,50.0,1.6,-3.44,FAIL,1.1114,0.3226
trend,MACD histogram 0-cross,15m,short,transition|at range low|messy|contracting,51,-13.6441,31.37,-6.96,22,-31.1215,18.18,-6.85,-6.96,FAIL,,
trend,MACD histogram 0-cross,15m,long,transition|mid range|clean|expanding,154,-7.5145,35.71,-11.57,52,32.9821,61.54,17.15,-2.49,FAIL,12.453,0.1949
trend,MACD histogram 0-cross,15m,short,transition|mid range|clean|expanding,204,-6.3794,35.29,-13.01,62,-11.7853,32.26,-7.31,-10.2,FAIL,8.3403,
trend,MACD histogram 0-cross,15m,long,downtrend|at range low|messy|expanding,57,-0.2308,38.6,-0.13,28,-18.5846,28.57,-5.2,-5.99,FAIL,1.0271,
trend,MACD histogram 0-cross,15m,short,downtrend|at range low|messy|expanding,121,-9.9806,33.88,-12.08,34,-21.8952,26.47,-7.44,-8.88,FAIL,,
trend,MACD histogram 0-cross,15m,long,transition|at range low|messy|expanding,26,-26.2962,26.92,-6.84,7,-40.8209,14.29,-2.86,-3.09,UNRELIABLE,,
trend,MACD histogram 0-cross,15m,short,transition|at range low|messy|expanding,173,1.439,40.46,2.49,63,11.8671,46.03,7.48,-3.16,SURVIVOR,0.8494,0.3913
trend,MACD histogram 0-cross,15m,long,downtrend|pulling back in trend|clean|contracting,225,-10.4382,34.67,-23.49,68,-6.9135,33.82,-4.7,-8.33,FAIL,,5.8368
trend,MACD histogram 0-cross,15m,short,downtrend|pulling back in trend|clean|contracting,30,-12.7316,30.0,-3.82,8,-36.7661,25.0,-2.94,-3.41,FAIL,,
trend,MACD histogram 0-cross,15m,long,uptrend|pulling back in trend|clean|contracting,48,-14.5989,31.25,-7.01,9,-11.546,33.33,-1.04,-3.54,FAIL,,
trend,MACD histogram 0-cross,15m,short,uptrend|pulling back in trend|clean|contracting,198,-2.8775,37.88,-5.7,84,-16.2465,28.57,-13.65,-15.41,FAIL,1.6943,
trend,MACD histogram 0-cross,15m,long,uptrend|at range high|clean|contracting,26,4.5083,42.31,1.17,14,-17.895,35.71,-2.51,-3.22,FAIL,0.6513,
trend,MACD histogram 0-cross,15m,short,uptrend|at range high|clean|contracting,42,1.5092,40.48,0.63,16,-7.6368,37.5,-1.22,-3.21,FAIL,0.8344,18.3579
trend,MACD histogram 0-cross,15m,long,downtrend|pulling back in trend|clean|expanding,234,-6.2837,36.32,-14.7,82,-13.3041,34.15,-10.91,-13.95,FAIL,4.4664,
trend,MACD histogram 0-cross,15m,short,downtrend|pulling back in trend|clean|expanding,59,4.1361,44.07,2.44,13,-7.4307,38.46,-0.97,-3.82,FAIL,0.6411,16.1323
trend,MACD histogram 0-cross,15m,long,uptrend|pulling back in trend|clean|expanding,56,-2.8671,35.71,-1.61,20,-19.7281,25.0,-3.95,-6.23,FAIL,1.5351,
trend,MACD histogram 0-cross,15m,short,uptrend|pulling back in trend|clean|expanding,246,-3.5994,38.62,-8.85,98,-0.6796,41.84,-0.67,-7.3,FAIL,1.9898,1.1012
trend,MACD histogram 0-cross,15m,long,transition|at range high|clean|contracting,48,-10.5821,33.33,-5.08,27,9.2045,44.44,2.49,-3.83,FAIL,,0.4542
trend,MACD histogram 0-cross,15m,short,transition|at range high|clean|contracting,20,-21.2313,30.0,-4.25,6,-36.8561,16.67,-2.21,-2.85,UNRELIABLE,,
trend,MACD histogram 0-cross,15m,long,transition|mid range|messy|stalling,89,-7.3831,37.08,-6.57,26,-1.5416,38.46,-0.4,-4.23,FAIL,7.6434,1.2216
trend,MACD histogram 0-cross,15m,short,transition|mid range|messy|stalling,115,-0.7893,40.0,-0.91,36,-25.6205,22.22,-9.22,-11.91,FAIL,1.1162,
trend,MACD histogram 0-cross,15m,long,transition|at range high|clean|expanding,150,10.4011,46.67,15.6,51,-2.1438,39.22,-1.09,-5.16,FAIL,0.4637,1.3359
trend,MACD histogram 0-cross,15m,short,transition|at range high|clean|expanding,10,20.3315,50.0,2.03,4,-8.4537,25.0,-0.34,-1.8,UNRELIABLE,0.2482,
trend,MACD histogram 0-cross,15m,long,uptrend|at range high|clean|expanding,96,-8.589,32.29,-8.25,41,-8.0596,34.15,-3.3,-5.61,FAIL,,14.1304
trend,MACD histogram 0-cross,15m,short,uptrend|at range high|clean|expanding,32,-31.5136,21.88,-10.08,13,-0.1157,38.46,-0.02,-3.29,FAIL,,1.0144
trend,MACD histogram 0-cross,15m,long,downtrend|at range low|clean|contracting,25,-8.98,32.0,-2.25,10,-14.5498,30.0,-1.45,-2.51,FAIL,,
trend,MACD histogram 0-cross,15m,short,downtrend|at range low|clean|contracting,13,-13.1549,30.77,-1.71,9,-3.5607,33.33,-0.32,-1.74,UNRELIABLE,,1.965
trend,MACD histogram 0-cross,15m,long,transition|at range low|clean|contracting,9,-28.3297,22.22,-2.55,1,-65.0707,0.0,-0.65,-1.29,UNRELIABLE,,
trend,MACD histogram 0-cross,15m,short,transition|at range low|clean|contracting,45,-8.5717,31.11,-3.86,11,-25.4444,27.27,-2.8,-3.52,FAIL,,
trend,MACD histogram 0-cross,15m,long,transition|at range low|clean|expanding,7,-3.9326,42.86,-0.28,0,0.0,0.0,0.0,0.0,UNRELIABLE,1.9253,
trend,MACD histogram 0-cross,15m,short,transition|at range low|clean|expanding,149,-5.2881,38.26,-7.88,57,-1.8549,36.84,-1.06,-9.6,FAIL,3.2813,1.3129
trend,MACD histogram 0-cross,15m,long,downtrend|at range low|clean|expanding,16,-22.8569,25.0,-3.66,10,-21.5768,30.0,-2.16,-4.27,UNRELIABLE,,
trend,MACD histogram 0-cross,15m,short,downtrend|at range low|clean|expanding,112,-0.7035,38.39,-0.79,34,-13.1787,32.35,-4.48,-6.92,FAIL,1.0937,
trend,MACD histogram 0-cross,15m,long,downtrend|pulling back in trend|messy|stalling,141,-9.5193,35.46,-13.42,49,12.6838,51.02,6.22,-2.36,FAIL,,0.3903
trend,MACD histogram 0-cross,15m,short,downtrend|pulling back in trend|messy|stalling,38,-11.5862,31.58,-4.4,6,-8.3006,33.33,-0.5,-1.51,UNRELIABLE,,
trend,MACD histogram 0-cross,15m,long,downtrend|at range high|messy|contracting,44,9.3806,45.45,4.13,16,-22.8423,25.0,-3.65,-3.92,FAIL,0.4827,
trend,MACD histogram 0-cross,15m,short,downtrend|at range high|messy|contracting,10,3.3786,40.0,0.34,2,-63.9828,0.0,-1.28,-1.6,UNRELIABLE,0.6797,
trend,MACD histogram 0-cross,15m,long,uptrend|pulling back in trend|messy|stalling,25,-6.0082,36.0,-1.5,9,-47.5694,22.22,-4.28,-4.78,FAIL,3.4262,
trend,MACD histogram 0-cross,15m,short,uptrend|pulling back in trend|messy|stalling,123,3.088,42.28,3.8,39,-0.689,41.03,-0.27,-4.13,FAIL,0.7096,1.1006
trend,MACD histogram 0-cross,15m,long,downtrend|at range high|messy|expanding,170,7.1892,42.94,12.22,43,-20.3201,25.58,-8.74,-10.12,FAIL,0.5395,
trend,MACD histogram 0-cross,15m,short,downtrend|at range high|messy|expanding,5,-30.9028,20.0,-1.55,1,105.1699,100.0,1.05,-0.45,UNRELIABLE,,0.0304
trend,MACD histogram 0-cross,15m,long,uptrend|at range high|messy|stalling,23,-24.5743,26.09,-5.65,21,-17.8407,28.57,-3.75,-5.54,FAIL,,
trend,MACD histogram 0-cross,15m,short,uptrend|at range high|messy|stalling,33,-11.812,33.33,-3.9,20,2.5937,40.0,0.52,-3.8,FAIL,,0.754
trend,Aroon up/down cross,1h,long,transition|mid range|messy|contracting,98,-3.6083,40.82,-3.54,33,21.5954,39.39,7.13,-7.46,FAIL,,
trend,Aroon up/down cross,1h,short,transition|mid range|messy|contracting,95,-9.4379,35.79,-8.97,31,-2.1534,38.71,-0.67,-7.07,FAIL,,
trend,Aroon up/down cross,1h,long,transition|mid range|messy|expanding,111,5.1725,44.14,5.74,25,-33.6488,36.0,-8.41,-13.4,FAIL,,
trend,Aroon up/down cross,1h,short,transition|mid range|messy|expanding,108,8.8923,43.52,9.6,37,-53.2493,24.32,-19.7,-19.7,FAIL,,
trend,Aroon up/down cross,1h,long,uptrend|at range high|messy|contracting,12,113.2033,66.67,13.58,4,146.3213,75.0,5.85,-1.92,UNRELIABLE,,
trend,Aroon up/down cross,1h,short,uptrend|at range high|messy|contracting,14,88.4702,64.29,12.39,9,3.8136,33.33,0.34,-6.58,UNRELIABLE,,
trend,Aroon up/down cross,1h,long,downtrend|pulling back in trend|messy|contracting,70,8.3906,42.86,5.87,20,39.5229,60.0,7.9,-4.22,SURVIVOR,,
trend,Aroon up/down cross,1h,short,downtrend|pulling back in trend|messy|contracting,16,-56.8402,18.75,-9.09,3,-57.1964,33.33,-1.72,-3.1,UNRELIABLE,,
trend,Aroon up/down cross,1h,long,uptrend|pulling back in trend|messy|contracting,14,-31.084,35.71,-4.35,6,-29.7579,33.33,-1.79,-5.88,UNRELIABLE,,
trend,Aroon up/down cross,1h,short,uptrend|pulling back in trend|messy|contracting,66,-13.061,36.36,-8.62,28,-5.3261,35.71,-1.49,-9.81,FAIL,,
trend,Aroon up/down cross,1h,long,uptrend|at range high|messy|expanding,16,53.316,50.0,8.53,9,-62.2292,22.22,-5.6,-7.8,UNRELIABLE,,
trend,Aroon up/down cross,1h,short,uptrend|at range high|messy|expanding,29,-51.9364,24.14,-15.06,4,149.0718,75.0,5.96,-3.37,UNRELIABLE,,
trend,Aroon up/down cross,1h,long,downtrend|pulling back in trend|messy|expanding,65,-1.8555,38.46,-1.21,27,2.7681,40.74,0.75,-8.64,FAIL,,
trend,Aroon up/down cross,1h,short,downtrend|pulling back in trend|messy|expanding,21,4.9649,38.1,1.04,4,-29.6309,50.0,-1.19,-2.85,UNRELIABLE,,
trend,Aroon up/down cross,1h,long,transition|at range high|messy|contracting,30,-1.5679,33.33,-0.47,18,-12.3022,33.33,-2.21,-6.87,FAIL,,
trend,Aroon up/down cross,1h,short,transition|at range high|messy|contracting,22,-32.1855,36.36,-7.08,7,-0.3553,42.86,-0.02,-5.08,UNRELIABLE,,
trend,Aroon up/down cross,1h,long,uptrend|pulling back in trend|messy|expanding,16,-19.0958,43.75,-3.06,6,-10.369,50.0,-0.62,-5.33,UNRELIABLE,,
trend,Aroon up/down cross,1h,short,uptrend|pulling back in trend|messy|expanding,66,-17.558,31.82,-11.59,32,8.7696,46.88,2.81,-7.35,FAIL,,
trend,Aroon up/down cross,1h,long,transition|at range high|messy|expanding,70,11.6581,42.86,8.16,24,73.8319,58.33,17.72,-3.56,SURVIVOR,,
trend,Aroon up/down cross,1h,short,transition|at range high|messy|expanding,28,-56.8224,25.0,-15.91,7,-3.813,28.57,-0.27,-2.63,UNRELIABLE,,
trend,Aroon up/down cross,1h,long,downtrend|at range low|messy|contracting,11,-4.0943,45.45,-0.45,4,-42.1791,25.0,-1.69,-2.84,UNRELIABLE,,
trend,Aroon up/down cross,1h,short,downtrend|at range low|messy|contracting,10,-71.4871,20.0,-7.15,1,239.7135,100.0,2.4,-0.47,UNRELIABLE,,
trend,Aroon up/down cross,1h,long,transition|at range low|messy|contracting,15,-24.2054,40.0,-3.63,4,25.1672,50.0,1.01,-2.79,UNRELIABLE,,
trend,Aroon up/down cross,1h,short,transition|at range low|messy|contracting,26,9.093,42.31,2.36,5,-107.3044,0.0,-5.37,-6.94,UNRELIABLE,,
trend,Aroon up/down cross,1h,long,downtrend|at range low|messy|expanding,17,-18.4963,35.29,-3.14,1,-132.7216,0.0,-1.33,-1.82,UNRELIABLE,,
trend,Aroon up/down cross,1h,short,downtrend|at range low|messy|expanding,16,-25.3126,37.5,-4.05,2,51.7624,50.0,1.04,-1.33,UNRELIABLE,,
trend,Aroon up/down cross,1h,long,transition|at range low|messy|expanding,23,-21.5703,34.78,-4.96,13,-98.5027,15.38,-12.81,-12.81,FAIL,,
trend,Aroon up/down cross,1h,short,transition|at range low|messy|expanding,76,-21.2265,34.21,-16.13,25,-13.0539,40.0,-3.26,-8.51,FAIL,,
trend,Aroon up/down cross,1h,long,transition|mid range|clean|contracting,27,-38.1338,29.63,-10.3,7,29.4292,57.14,2.06,-3.39,UNRELIABLE,,
trend,Aroon up/down cross,1h,short,transition|mid range|clean|contracting,26,2.5065,42.31,0.65,10,-81.6122,20.0,-8.16,-8.16,FAIL,,
trend,Aroon up/down cross,1h,long,transition|mid range|clean|expanding,43,-15.4516,34.88,-6.64,8,-20.043,37.5,-1.6,-4.77,FAIL,,
trend,Aroon up/down cross,1h,short,transition|mid range|clean|expanding,45,12.0112,46.67,5.41,6,-48.7318,16.67,-2.92,-5.25,UNRELIABLE,,
trend,Aroon up/down cross,1h,long,transition|mid range|messy|stalling,32,19.8351,46.88,6.35,14,-23.8742,42.86,-3.34,-7.12,FAIL,,
trend,Aroon up/down cross,1h,short,transition|mid range|messy|stalling,29,17.4542,44.83,5.06,11,0.3584,45.45,0.04,-3.78,SURVIVOR,,
trend,Aroon up/down cross,1h,long,transition|at range high|clean|contracting,14,-69.2162,14.29,-9.69,6,-53.9957,16.67,-3.24,-4.15,UNRELIABLE,,
trend,Aroon up/down cross,1h,short,transition|at range high|clean|contracting,4,-40.3608,25.0,-1.61,3,-41.1667,33.33,-1.24,-2.62,UNRELIABLE,,
trend,Aroon up/down cross,1h,long,downtrend|pulling back in trend|clean|contracting,20,1.2803,45.0,0.26,12,-55.8545,25.0,-6.7,-6.7,FAIL,,
trend,Aroon up/down cross,1h,short,downtrend|pulling back in trend|clean|contracting,7,-28.5495,42.86,-2.0,1,239.8307,100.0,2.4,-0.43,UNRELIABLE,,
trend,Aroon up/down cross,1h,long,uptrend|pulling back in trend|clean|contracting,12,-90.4314,8.33,-10.85,0,0.0,0.0,0.0,0.0,UNRELIABLE,,
trend,Aroon up/down cross,1h,short,uptrend|pulling back in trend|clean|contracting,18,98.8315,66.67,17.79,3,48.0498,66.67,1.44,-1.67,UNRELIABLE,,
trend,Aroon up/down cross,1h,long,uptrend|at range high|clean|contracting,1,-132.3464,0.0,-1.32,0,0.0,0.0,0.0,0.0,UNRELIABLE,,
trend,Aroon up/down cross,1h,short,uptrend|at range high|clean|contracting,4,-98.14,0.0,-3.93,4,-48.0302,0.0,-1.92,-3.58,UNRELIABLE,,
trend,Aroon up/down cross,1h,long,uptrend|pulling back in trend|clean|expanding,6,68.0955,83.33,4.09,2,-131.9628,0.0,-2.64,-2.64,UNRELIABLE,,
trend,Aroon up/down cross,1h,short,uptrend|pulling back in trend|clean|expanding,39,8.8571,38.46,3.45,11,-81.1582,18.18,-8.93,-8.93,FAIL,,
trend,Aroon up/down cross,1h,long,downtrend|pulling back in trend|clean|expanding,32,1.5278,34.38,0.49,9,56.1449,66.67,5.05,-2.63,SURVIVOR,,
trend,Aroon up/down cross,1h,short,downtrend|pulling back in trend|clean|expanding,8,-67.0509,12.5,-5.36,2,-57.2813,50.0,-1.15,-1.87,UNRELIABLE,,
trend,Aroon up/down cross,1h,long,transition|at range high|clean|expanding,33,-20.142,33.33,-6.65,13,76.4408,61.54,9.94,-5.52,FAIL,,
trend,Aroon up/down cross,1h,short,transition|at range high|clean|expanding,11,-47.2568,27.27,-5.2,3,-79.8011,33.33,-2.39,-3.11,UNRELIABLE,,
trend,Aroon up/down cross,1h,long,transition|at range low|clean|contracting,4,61.4464,75.0,2.46,0,0.0,0.0,0.0,0.0,UNRELIABLE,,
trend,Aroon up/down cross,1h,short,transition|at range low|clean|contracting,11,18.2612,45.45,2.01,3,-6.2795,33.33,-0.19,-3.07,UNRELIABLE,,
trend,Aroon up/down cross,1h,long,downtrend|at range high|messy|contracting,27,-30.9576,29.63,-8.36,7,9.7515,42.86,0.68,-2.64,UNRELIABLE,,
trend,Aroon up/down cross,1h,short,downtrend|at range high|messy|contracting,2,-125.3034,0.0,-2.51,0,0.0,0.0,0.0,0.0,UNRELIABLE,,
trend,Aroon up/down cross,1h,long,uptrend|at range high|clean|expanding,8,-75.759,12.5,-6.06,2,51.0235,50.0,1.02,-1.36,UNRELIABLE,,
trend,Aroon up/down cross,1h,short,uptrend|at range high|clean|expanding,13,42.5174,53.85,5.53,5,29.1248,60.0,1.46,-3.58,UNRELIABLE,,
trend,Aroon up/down cross,1h,long,downtrend|at range low|clean|contracting,3,-130.9566,0.0,-3.93,1,-132.3974,0.0,-1.32,-1.32,UNRELIABLE,,
trend,Aroon up/down cross,1h,short,downtrend|at range low|clean|contracting,0,0.0,0.0,0.0,1,-131.8121,0.0,-1.32,-1.32,UNRELIABLE,,
trend,Aroon up/down cross,1h,long,downtrend|pulling back in trend|messy|stalling,17,87.9869,64.71,14.96,2,51.3102,50.0,1.03,-1.32,UNRELIABLE,,
trend,Aroon up/down cross,1h,short,downtrend|pulling back in trend|messy|stalling,8,-46.0691,12.5,-3.69,0,0.0,0.0,0.0,0.0,UNRELIABLE,,
trend,Aroon up/down cross,1h,long,uptrend|at range high|messy|stalling,3,47.256,66.67,1.42,0,0.0,0.0,0.0,0.0,UNRELIABLE,,
trend,Aroon up/down cross,1h,short,uptrend|at range high|messy|stalling,5,-57.1447,20.0,-2.86,2,-128.057,0.0,-2.56,-2.8,UNRELIABLE,,
trend,Aroon up/down cross,1h,long,transition|at range low|clean|expanding,8,17.0519,37.5,1.36,4,-14.4829,25.0,-0.58,-2.17,UNRELIABLE,,
trend,Aroon up/down cross,1h,short,transition|at range low|clean|expanding,25,-45.0928,24.0,-11.27,14,35.8027,50.0,5.01,-4.78,FAIL,,
trend,Aroon up/down cross,1h,long,uptrend|pulling back in trend|messy|stalling,6,-7.1563,33.33,-0.43,6,6.1019,66.67,0.37,-3.47,UNRELIABLE,,
trend,Aroon up/down cross,1h,short,uptrend|pulling back in trend|messy|stalling,19,42.0341,52.63,7.99,6,-35.7038,33.33,-2.14,-4.95,UNRELIABLE,,
trend,Aroon up/down cross,1h,long,uptrend|at range low|messy|contracting,2,240.4788,100.0,4.81,1,-132.4028,0.0,-1.32,-1.32,UNRELIABLE,,
trend,Aroon up/down cross,1h,short,uptrend|at range low|messy|contracting,15,-61.5185,20.0,-9.23,11,-18.066,27.27,-1.99,-3.35,UNRELIABLE,,
trend,Aroon up/down cross,1h,long,downtrend|at range high|messy|expanding,56,-8.0898,37.5,-4.53,22,-48.2878,27.27,-10.62,-14.3,FAIL,,
trend,Aroon up/down cross,1h,short,downtrend|at range high|messy|expanding,6,55.4331,50.0,3.33,4,5.5675,50.0,0.22,-2.69,UNRELIABLE,,
trend,Aroon up/down cross,1h,long,uptrend|at range low|messy|expanding,1,-132.6136,0.0,-1.33,0,0.0,0.0,0.0,0.0,UNRELIABLE,,
trend,Aroon up/down cross,1h,short,uptrend|at range low|messy|expanding,55,-16.5065,34.55,-9.08,12,119.6338,75.0,14.36,-3.39,FAIL,,
trend,Aroon up/down cross,1h,long,downtrend|at range low|clean|expanding,6,-3.7826,50.0,-0.23,1,-132.6668,0.0,-1.33,-1.61,UNRELIABLE,,
trend,Aroon up/down cross,1h,short,downtrend|at range low|clean|expanding,7,119.698,71.43,8.38,5,15.0145,40.0,0.75,-3.69,UNRELIABLE,,
trend,Aroon up/down cross,15m,long,transition|mid range|messy|contracting,317,-4.3118,38.17,-13.67,105,-6.2303,37.14,-6.54,-9.45,FAIL,2.0864,3.93
trend,Aroon up/down cross,15m,short,transition|mid range|messy|contracting,306,-12.1688,30.72,-37.24,88,-17.7957,30.68,-15.66,-20.79,FAIL,,
trend,Aroon up/down cross,15m,long,transition|mid range|messy|expanding,328,-11.1438,31.4,-36.55,93,-12.782,33.33,-11.89,-13.62,FAIL,,
trend,Aroon up/down cross,15m,short,transition|mid range|messy|expanding,351,-9.6303,33.62,-33.8,108,-17.4621,30.56,-18.86,-19.29,FAIL,,
trend,Aroon up/down cross,15m,long,downtrend|pulling back in trend|messy|contracting,215,-7.5663,37.21,-16.27,67,-1.6423,40.3,-1.1,-9.13,FAIL,12.3689,1.2276
trend,Aroon up/down cross,15m,short,downtrend|pulling back in trend|messy|contracting,58,-15.0148,32.76,-8.71,21,-28.5449,23.81,-5.99,-7.27,FAIL,,
trend,Aroon up/down cross,15m,long,uptrend|at range high|messy|contracting,32,11.2292,46.88,3.59,13,-31.8083,23.08,-4.14,-4.78,FAIL,0.4202,
trend,Aroon up/down cross,15m,short,uptrend|at range high|messy|contracting,66,-18.5317,30.3,-12.23,25,-4.5331,36.0,-1.13,-3.13,FAIL,,2.2691
trend,Aroon up/down cross,15m,long,uptrend|pulling back in trend|messy|contracting,69,-15.745,30.43,-10.86,24,1.5024,41.67,0.36,-2.03,FAIL,,0.8454
trend,Aroon up/down cross,15m,short,uptrend|pulling back in trend|messy|contracting,226,-9.1955,33.19,-20.78,71,14.5679,49.3,10.34,-4.75,FAIL,,0.3173
trend,Aroon up/down cross,15m,long,downtrend|pulling back in trend|messy|expanding,280,-13.5957,29.64,-38.07,89,-5.1486,39.33,-4.58,-9.87,FAIL,,2.4548
trend,Aroon up/down cross,15m,short,downtrend|pulling back in trend|messy|expanding,62,-5.3571,35.48,-3.32,23,17.7554,47.83,4.08,-3.58,FAIL,3.2819,0.2875
trend,Aroon up/down cross,15m,long,uptrend|pulling back in trend|messy|expanding,70,-4.3576,38.57,-3.05,19,-37.4619,15.79,-7.12,-9.38,FAIL,2.0042,
trend,Aroon up/down cross,15m,short,uptrend|pulling back in trend|messy|expanding,288,-11.8187,31.94,-34.04,93,-15.1653,30.11,-14.1,-15.48,FAIL,,
trend,Aroon up/down cross,15m,long,transition|at range high|messy|contracting,135,-3.6928,37.04,-4.99,47,-3.6987,38.3,-1.74,-4.81,FAIL,1.7921,1.7968
trend,Aroon up/down cross,15m,short,transition|at range high|messy|contracting,79,-8.5265,34.18,-6.74,23,-5.2544,43.48,-1.21,-4.91,FAIL,,3.3318
trend,Aroon up/down cross,15m,long,uptrend|at range high|messy|expanding,51,-25.2239,21.57,-12.86,22,-40.6178,13.64,-8.94,-8.94,FAIL,,
trend,Aroon up/down cross,15m,short,uptrend|at range high|messy|expanding,70,-0.5063,40.0,-0.35,26,-18.7036,30.77,-4.86,-7.58,FAIL,1.0684,
trend,Aroon up/down cross,15m,long,transition|mid range|clean|contracting,157,5.7449,43.95,9.02,38,-3.8993,36.84,-1.48,-5.81,FAIL,0.5959,1.8299
trend,Aroon up/down cross,15m,short,transition|mid range|clean|contracting,145,2.3941,40.69,3.47,46,-25.3513,23.91,-11.66,-12.57,FAIL,0.7639,
trend,Aroon up/down cross,15m,long,downtrend|at range low|messy|contracting,39,2.3572,43.59,0.92,11,10.9158,45.45,1.2,-3.03,SURVIVOR,0.7727,0.4386
trend,Aroon up/down cross,15m,short,downtrend|at range low|messy|contracting,28,3.2867,39.29,0.92,7,-11.4787,28.57,-0.8,-2.47,UNRELIABLE,0.702,
trend,Aroon up/down cross,15m,long,transition|at range high|messy|expanding,214,-7.0962,33.64,-15.19,68,1.7273,41.18,1.17,-3.92,FAIL,11.2466,0.8305
trend,Aroon up/down cross,15m,short,transition|at range high|messy|expanding,101,-3.4193,39.6,-3.45,35,-6.8173,34.29,-2.39,-4.23,FAIL,1.9151,6.9275
trend,Aroon up/down cross,15m,long,transition|at range low|messy|contracting,57,-13.9393,33.33,-7.95,20,-2.8063,40.0,-0.56,-4.08,FAIL,,1.5163
trend,Aroon up/down cross,15m,short,transition|at range low|messy|contracting,94,-12.9183,31.91,-12.14,40,-18.5448,27.5,-7.42,-8.65,FAIL,,
trend,Aroon up/down cross,15m,long,transition|mid range|clean|expanding,151,1.3785,43.05,2.08,36,-10.3065,38.89,-3.71,-6.83,FAIL,0.8637,
trend,Aroon up/down cross,15m,short,transition|mid range|clean|expanding,164,-3.5708,39.02,-5.86,45,-11.5004,33.33,-5.18,-8.3,FAIL,1.8949,
trend,Aroon up/down cross,15m,long,downtrend|at range low|messy|expanding,38,8.9602,44.74,3.4,18,-25.9157,27.78,-4.66,-5.09,FAIL,0.471,
trend,Aroon up/down cross,15m,short,downtrend|at range low|messy|expanding,52,-14.8447,30.77,-7.72,19,-28.9431,21.05,-5.5,-5.5,FAIL,,
trend,Aroon up/down cross,15m,long,transition|at range low|messy|expanding,68,-19.6798,29.41,-13.38,20,3.1637,45.0,0.63,-3.28,FAIL,,0.7241
trend,Aroon up/down cross,15m,short,transition|at range low|messy|expanding,204,-2.3671,37.25,-4.83,71,-6.7618,35.21,-4.8,-9.48,FAIL,1.4627,15.7845
trend,Aroon up/down cross,15m,long,downtrend|pulling back in trend|clean|contracting,111,-13.3465,31.53,-14.81,35,-28.9322,22.86,-10.13,-10.58,FAIL,,
trend,Aroon up/down cross,15m,short,downtrend|pulling back in trend|clean|contracting,23,-18.4815,26.09,-4.25,9,12.1879,55.56,1.1,-2.06,FAIL,,0.357
trend,Aroon up/down cross,15m,long,uptrend|pulling back in trend|clean|contracting,34,-15.4456,32.35,-5.25,7,-17.2548,28.57,-1.21,-2.59,UNRELIABLE,,
trend,Aroon up/down cross,15m,short,uptrend|pulling back in trend|clean|contracting,126,-15.6667,30.95,-19.74,35,8.3343,45.71,2.92,-3.13,FAIL,,0.4706
trend,Aroon up/down cross,15m,long,uptrend|at range high|clean|contracting,22,18.4885,54.55,4.07,9,36.6628,66.67,3.3,-1.73,SURVIVOR,0.3095,0.1602
trend,Aroon up/down cross,15m,short,uptrend|at range high|clean|contracting,26,-17.3599,30.77,-4.51,9,-8.4283,33.33,-0.76,-2.55,FAIL,,
trend,Aroon up/down cross,15m,long,downtrend|pulling back in trend|clean|expanding,148,-9.6406,35.14,-14.27,54,-13.8768,31.48,-7.49,-11.54,FAIL,,
trend,Aroon up/down cross,15m,short,downtrend|pulling back in trend|clean|expanding,31,-19.4264,25.81,-6.02,11,-18.9549,27.27,-2.09,-3.38,FAIL,,
trend,Aroon up/down cross,15m,long,uptrend|pulling back in trend|clean|expanding,35,-0.6817,40.0,-0.24,11,22.9426,54.55,2.52,-1.67,FAIL,1.0901,0.2538
trend,Aroon up/down cross,15m,short,uptrend|pulling back in trend|clean|expanding,170,4.6389,43.53,7.89,58,-3.972,36.21,-2.3,-4.67,FAIL,0.6171,2.01
trend,Aroon up/down cross,15m,long,transition|at range high|clean|contracting,63,8.385,44.44,5.28,30,5.8819,40.0,1.76,-3.18,SURVIVOR,0.5006,0.589
trend,Aroon up/down cross,15m,short,transition|at range high|clean|contracting,24,10.0356,45.83,2.41,12,-31.7381,25.0,-3.81,-4.6,FAIL,0.4097,
trend,Aroon up/down cross,15m,long,transition|mid range|messy|stalling,112,-4.0344,36.61,-4.52,41,18.4262,48.78,7.55,-3.78,FAIL,1.8711,0.2898
trend,Aroon up/down cross,15m,short,transition|mid range|messy|stalling,106,-5.2357,35.85,-5.55,39,-22.6134,25.64,-8.82,-9.07,FAIL,3.2657,
trend,Aroon up/down cross,15m,long,transition|at range high|clean|expanding,170,3.4928,40.59,5.94,59,-3.0661,40.68,-1.81,-7.9,FAIL,0.7068,1.5891
trend,Aroon up/down cross,15m,short,transition|at range high|clean|expanding,49,4.4145,40.82,2.16,13,-15.7848,30.77,-2.05,-4.26,FAIL,0.6178,
trend,Aroon up/down cross,15m,long,uptrend|at range high|clean|expanding,35,0.6734,40.0,0.24,12,-23.2005,25.0,-2.78,-3.78,FAIL,0.9269,
trend,Aroon up/down cross,15m,short,uptrend|at range high|clean|expanding,40,-12.5008,30.0,-5.0,13,-17.6068,23.08,-2.29,-3.89,FAIL,,
trend,Aroon up/down cross,15m,long,downtrend|at range low|clean|contracting,16,11.4265,43.75,1.83,5,36.4337,60.0,1.82,-0.82,UNRELIABLE,0.4119,0.1599
trend,Aroon up/down cross,15m,short,downtrend|at range low|clean|contracting,20,8.4518,45.0,1.69,6,-8.7564,33.33,-0.53,-2.12,UNRELIABLE,0.4638,
trend,Aroon up/down cross,15m,long,transition|at range low|clean|contracting,17,-15.8011,41.18,-2.69,6,-14.7599,33.33,-0.89,-2.89,UNRELIABLE,,
trend,Aroon up/down cross,15m,short,transition|at range low|clean|contracting,70,-28.3264,21.43,-19.83,15,14.9186,53.33,2.24,-2.85,FAIL,,0.3162
trend,Aroon up/down cross,15m,long,transition|at range low|clean|expanding,36,-5.7268,36.11,-2.06,12,-39.7413,16.67,-4.77,-5.34,FAIL,2.9671,
trend,Aroon up/down cross,15m,short,transition|at range low|clean|expanding,133,-3.946,39.85,-5.25,49,-15.0511,30.61,-7.38,-10.5,FAIL,1.9546,
trend,Aroon up/down cross,15m,long,downtrend|at range low|clean|expanding,40,-6.5517,35.0,-2.62,10,19.2782,50.0,1.93,-1.65,FAIL,5.0689,0.2843
trend,Aroon up/down cross,15m,short,downtrend|at range low|clean|expanding,29,7.1198,41.38,2.06,13,-25.7174,23.08,-3.34,-5.18,FAIL,0.4882,
trend,Aroon up/down cross,15m,long,downtrend|pulling back in trend|messy|stalling,69,-12.0327,34.78,-8.3,23,-34.7577,21.74,-7.99,-8.53,FAIL,,
trend,Aroon up/down cross,15m,short,downtrend|pulling back in trend|messy|stalling,25,-3.2782,40.0,-0.82,8,-6.5924,37.5,-0.53,-1.81,FAIL,1.7395,31.1263
trend,Aroon up/down cross,15m,long,downtrend|at range high|messy|contracting,103,3.8978,43.69,4.01,54,-3.05,37.04,-1.65,-6.54,FAIL,0.6833,1.561
trend,Aroon up/down cross,15m,short,downtrend|at range high|messy|contracting,10,37.5063,60.0,3.75,4,-22.8826,25.0,-0.92,-2.04,UNRELIABLE,0.1439,
trend,Aroon up/down cross,15m,long,uptrend|pulling back in trend|messy|stalling,20,5.363,40.0,1.07,6,-8.9342,33.33,-0.54,-3.24,UNRELIABLE,0.6001,
trend,Aroon up/down cross,15m,short,uptrend|pulling back in trend|messy|stalling,72,-14.8418,33.33,-10.69,29,-7.9707,31.03,-2.31,-6.23,FAIL,,
trend,Aroon up/down cross,15m,long,downtrend|at range high|messy|expanding,248,-12.6413,31.45,-31.35,68,-10.2722,35.29,-6.99,-9.85,FAIL,,
trend,Aroon up/down cross,15m,short,downtrend|at range high|messy|expanding,15,-32.3309,26.67,-4.85,2,-16.4008,50.0,-0.33,-1.28,UNRELIABLE,,
trend,Aroon up/down cross,15m,long,uptrend|at range high|messy|stalling,9,42.4358,66.67,3.82,6,-30.4439,16.67,-1.83,-2.12,UNRELIABLE,0.1395,
trend,Aroon up/down cross,15m,short,uptrend|at range high|messy|stalling,22,-30.2358,22.73,-6.65,11,-37.9588,18.18,-4.18,-4.18,FAIL,,
trend,Aroon oscillator 0-cross,1h,long,transition|mid range|messy|contracting,98,-3.6083,40.82,-3.54,33,21.5954,39.39,7.13,-7.46,FAIL,,
trend,Aroon oscillator 0-cross,1h,short,transition|mid range|messy|contracting,95,-9.4379,35.79,-8.97,31,-2.1534,38.71,-0.67,-7.07,FAIL,,
trend,Aroon oscillator 0-cross,1h,long,transition|mid range|messy|expanding,111,5.1725,44.14,5.74,25,-33.6488,36.0,-8.41,-13.4,FAIL,,
trend,Aroon oscillator 0-cross,1h,short,transition|mid range|messy|expanding,108,8.8923,43.52,9.6,37,-53.2493,24.32,-19.7,-19.7,FAIL,,
trend,Aroon oscillator 0-cross,1h,long,uptrend|at range high|messy|contracting,12,113.2033,66.67,13.58,4,146.3213,75.0,5.85,-1.92,UNRELIABLE,,
trend,Aroon oscillator 0-cross,1h,short,uptrend|at range high|messy|contracting,14,88.4702,64.29,12.39,9,3.8136,33.33,0.34,-6.58,UNRELIABLE,,
trend,Aroon oscillator 0-cross,1h,long,downtrend|pulling back in trend|messy|contracting,70,8.3906,42.86,5.87,20,39.5229,60.0,7.9,-4.22,SURVIVOR,,
trend,Aroon oscillator 0-cross,1h,short,downtrend|pulling back in trend|messy|contracting,16,-56.8402,18.75,-9.09,3,-57.1964,33.33,-1.72,-3.1,UNRELIABLE,,
trend,Aroon oscillator 0-cross,1h,long,uptrend|pulling back in trend|messy|contracting,14,-31.084,35.71,-4.35,6,-29.7579,33.33,-1.79,-5.88,UNRELIABLE,,
trend,Aroon oscillator 0-cross,1h,short,uptrend|pulling back in trend|messy|contracting,66,-13.061,36.36,-8.62,28,-5.3261,35.71,-1.49,-9.81,FAIL,,
trend,Aroon oscillator 0-cross,1h,long,uptrend|at range high|messy|expanding,16,53.316,50.0,8.53,9,-62.2292,22.22,-5.6,-7.8,UNRELIABLE,,
trend,Aroon oscillator 0-cross,1h,short,uptrend|at range high|messy|expanding,29,-51.9364,24.14,-15.06,4,149.0718,75.0,5.96,-3.37,UNRELIABLE,,
trend,Aroon oscillator 0-cross,1h,long,downtrend|pulling back in trend|messy|expanding,65,-1.8555,38.46,-1.21,27,2.7681,40.74,0.75,-8.64,FAIL,,
trend,Aroon oscillator 0-cross,1h,short,downtrend|pulling back in trend|messy|expanding,21,4.9649,38.1,1.04,4,-29.6309,50.0,-1.19,-2.85,UNRELIABLE,,
trend,Aroon oscillator 0-cross,1h,long,transition|at range high|messy|contracting,30,-1.5679,33.33,-0.47,18,-12.3022,33.33,-2.21,-6.87,FAIL,,
trend,Aroon oscillator 0-cross,1h,short,transition|at range high|messy|contracting,22,-32.1855,36.36,-7.08,7,-0.3553,42.86,-0.02,-5.08,UNRELIABLE,,
trend,Aroon oscillator 0-cross,1h,long,uptrend|pulling back in trend|messy|expanding,16,-19.0958,43.75,-3.06,6,-10.369,50.0,-0.62,-5.33,UNRELIABLE,,
trend,Aroon oscillator 0-cross,1h,short,uptrend|pulling back in trend|messy|expanding,66,-17.558,31.82,-11.59,32,8.7696,46.88,2.81,-7.35,FAIL,,
trend,Aroon oscillator 0-cross,1h,long,transition|at range high|messy|expanding,70,11.6581,42.86,8.16,24,73.8319,58.33,17.72,-3.56,SURVIVOR,,
trend,Aroon oscillator 0-cross,1h,short,transition|at range high|messy|expanding,28,-56.8224,25.0,-15.91,7,-3.813,28.57,-0.27,-2.63,UNRELIABLE,,
trend,Aroon oscillator 0-cross,1h,long,downtrend|at range low|messy|contracting,11,-4.0943,45.45,-0.45,4,-42.1791,25.0,-1.69,-2.84,UNRELIABLE,,
trend,Aroon oscillator 0-cross,1h,short,downtrend|at range low|messy|contracting,10,-71.4871,20.0,-7.15,1,239.7135,100.0,2.4,-0.47,UNRELIABLE,,
trend,Aroon oscillator 0-cross,1h,long,transition|at range low|messy|contracting,15,-24.2054,40.0,-3.63,4,25.1672,50.0,1.01,-2.79,UNRELIABLE,,
trend,Aroon oscillator 0-cross,1h,short,transition|at range low|messy|contracting,26,9.093,42.31,2.36,5,-107.3044,0.0,-5.37,-6.94,UNRELIABLE,,
trend,Aroon oscillator 0-cross,1h,long,downtrend|at range low|messy|expanding,17,-18.4963,35.29,-3.14,1,-132.7216,0.0,-1.33,-1.82,UNRELIABLE,,
trend,Aroon oscillator 0-cross,1h,short,downtrend|at range low|messy|expanding,16,-25.3126,37.5,-4.05,2,51.7624,50.0,1.04,-1.33,UNRELIABLE,,
trend,Aroon oscillator 0-cross,1h,long,transition|at range low|messy|expanding,23,-21.5703,34.78,-4.96,13,-98.5027,15.38,-12.81,-12.81,FAIL,,
trend,Aroon oscillator 0-cross,1h,short,transition|at range low|messy|expanding,76,-21.2265,34.21,-16.13,25,-13.0539,40.0,-3.26,-8.51,FAIL,,
trend,Aroon oscillator 0-cross,1h,long,transition|mid range|clean|contracting,27,-38.1338,29.63,-10.3,7,29.4292,57.14,2.06,-3.39,UNRELIABLE,,
trend,Aroon oscillator 0-cross,1h,short,transition|mid range|clean|contracting,26,2.5065,42.31,0.65,10,-81.6122,20.0,-8.16,-8.16,FAIL,,
trend,Aroon oscillator 0-cross,1h,long,transition|mid range|clean|expanding,43,-15.4516,34.88,-6.64,8,-20.043,37.5,-1.6,-4.77,FAIL,,
trend,Aroon oscillator 0-cross,1h,short,transition|mid range|clean|expanding,45,12.0112,46.67,5.41,6,-48.7318,16.67,-2.92,-5.25,UNRELIABLE,,
trend,Aroon oscillator 0-cross,1h,long,transition|mid range|messy|stalling,32,19.8351,46.88,6.35,14,-23.8742,42.86,-3.34,-7.12,FAIL,,
trend,Aroon oscillator 0-cross,1h,short,transition|mid range|messy|stalling,29,17.4542,44.83,5.06,11,0.3584,45.45,0.04,-3.78,SURVIVOR,,
trend,Aroon oscillator 0-cross,1h,long,transition|at range high|clean|contracting,14,-69.2162,14.29,-9.69,6,-53.9957,16.67,-3.24,-4.15,UNRELIABLE,,
trend,Aroon oscillator 0-cross,1h,short,transition|at range high|clean|contracting,4,-40.3608,25.0,-1.61,3,-41.1667,33.33,-1.24,-2.62,UNRELIABLE,,
trend,Aroon oscillator 0-cross,1h,long,downtrend|pulling back in trend|clean|contracting,20,1.2803,45.0,0.26,12,-55.8545,25.0,-6.7,-6.7,FAIL,,
trend,Aroon oscillator 0-cross,1h,short,downtrend|pulling back in trend|clean|contracting,7,-28.5495,42.86,-2.0,1,239.8307,100.0,2.4,-0.43,UNRELIABLE,,
trend,Aroon oscillator 0-cross,1h,long,uptrend|pulling back in trend|clean|contracting,12,-90.4314,8.33,-10.85,0,0.0,0.0,0.0,0.0,UNRELIABLE,,
trend,Aroon oscillator 0-cross,1h,short,uptrend|pulling back in trend|clean|contracting,18,98.8315,66.67,17.79,3,48.0498,66.67,1.44,-1.67,UNRELIABLE,,
trend,Aroon oscillator 0-cross,1h,long,uptrend|at range high|clean|contracting,1,-132.3464,0.0,-1.32,0,0.0,0.0,0.0,0.0,UNRELIABLE,,
trend,Aroon oscillator 0-cross,1h,short,uptrend|at range high|clean|contracting,4,-98.14,0.0,-3.93,4,-48.0302,0.0,-1.92,-3.58,UNRELIABLE,,
trend,Aroon oscillator 0-cross,1h,long,uptrend|pulling back in trend|clean|expanding,6,68.0955,83.33,4.09,2,-131.9628,0.0,-2.64,-2.64,UNRELIABLE,,
trend,Aroon oscillator 0-cross,1h,short,uptrend|pulling back in trend|clean|expanding,39,8.8571,38.46,3.45,11,-81.1582,18.18,-8.93,-8.93,FAIL,,
trend,Aroon oscillator 0-cross,1h,long,downtrend|pulling back in trend|clean|expanding,32,1.5278,34.38,0.49,9,56.1449,66.67,5.05,-2.63,SURVIVOR,,
trend,Aroon oscillator 0-cross,1h,short,downtrend|pulling back in trend|clean|expanding,8,-67.0509,12.5,-5.36,2,-57.2813,50.0,-1.15,-1.87,UNRELIABLE,,
trend,Aroon oscillator 0-cross,1h,long,transition|at range high|clean|expanding,33,-20.142,33.33,-6.65,13,76.4408,61.54,9.94,-5.52,FAIL,,
trend,Aroon oscillator 0-cross,1h,short,transition|at range high|clean|expanding,11,-47.2568,27.27,-5.2,3,-79.8011,33.33,-2.39,-3.11,UNRELIABLE,,
trend,Aroon oscillator 0-cross,1h,long,transition|at range low|clean|contracting,4,61.4464,75.0,2.46,0,0.0,0.0,0.0,0.0,UNRELIABLE,,
trend,Aroon oscillator 0-cross,1h,short,transition|at range low|clean|contracting,11,18.2612,45.45,2.01,3,-6.2795,33.33,-0.19,-3.07,UNRELIABLE,,
trend,Aroon oscillator 0-cross,1h,long,downtrend|at range high|messy|contracting,27,-30.9576,29.63,-8.36,7,9.7515,42.86,0.68,-2.64,UNRELIABLE,,
trend,Aroon oscillator 0-cross,1h,short,downtrend|at range high|messy|contracting,2,-125.3034,0.0,-2.51,0,0.0,0.0,0.0,0.0,UNRELIABLE,,
trend,Aroon oscillator 0-cross,1h,long,uptrend|at range high|clean|expanding,8,-75.759,12.5,-6.06,2,51.0235,50.0,1.02,-1.36,UNRELIABLE,,
trend,Aroon oscillator 0-cross,1h,short,uptrend|at range high|clean|expanding,13,42.5174,53.85,5.53,5,29.1248,60.0,1.46,-3.58,UNRELIABLE,,
trend,Aroon oscillator 0-cross,1h,long,downtrend|at range low|clean|contracting,3,-130.9566,0.0,-3.93,1,-132.3974,0.0,-1.32,-1.32,UNRELIABLE,,
trend,Aroon oscillator 0-cross,1h,short,downtrend|at range low|clean|contracting,0,0.0,0.0,0.0,1,-131.8121,0.0,-1.32,-1.32,UNRELIABLE,,
trend,Aroon oscillator 0-cross,1h,long,downtrend|pulling back in trend|messy|stalling,17,87.9869,64.71,14.96,2,51.3102,50.0,1.03,-1.32,UNRELIABLE,,
trend,Aroon oscillator 0-cross,1h,short,downtrend|pulling back in trend|messy|stalling,8,-46.0691,12.5,-3.69,0,0.0,0.0,0.0,0.0,UNRELIABLE,,
trend,Aroon oscillator 0-cross,1h,long,uptrend|at range high|messy|stalling,3,47.256,66.67,1.42,0,0.0,0.0,0.0,0.0,UNRELIABLE,,
trend,Aroon oscillator 0-cross,1h,short,uptrend|at range high|messy|stalling,5,-57.1447,20.0,-2.86,2,-128.057,0.0,-2.56,-2.8,UNRELIABLE,,
trend,Aroon oscillator 0-cross,1h,long,transition|at range low|clean|expanding,8,17.0519,37.5,1.36,4,-14.4829,25.0,-0.58,-2.17,UNRELIABLE,,
trend,Aroon oscillator 0-cross,1h,short,transition|at range low|clean|expanding,25,-45.0928,24.0,-11.27,14,35.8027,50.0,5.01,-4.78,FAIL,,
trend,Aroon oscillator 0-cross,1h,long,uptrend|pulling back in trend|messy|stalling,6,-7.1563,33.33,-0.43,6,6.1019,66.67,0.37,-3.47,UNRELIABLE,,
trend,Aroon oscillator 0-cross,1h,short,uptrend|pulling back in trend|messy|stalling,19,42.0341,52.63,7.99,6,-35.7038,33.33,-2.14,-4.95,UNRELIABLE,,
trend,Aroon oscillator 0-cross,1h,long,uptrend|at range low|messy|contracting,2,240.4788,100.0,4.81,1,-132.4028,0.0,-1.32,-1.32,UNRELIABLE,,
trend,Aroon oscillator 0-cross,1h,short,uptrend|at range low|messy|contracting,15,-61.5185,20.0,-9.23,11,-18.066,27.27,-1.99,-3.35,UNRELIABLE,,
trend,Aroon oscillator 0-cross,1h,long,downtrend|at range high|messy|expanding,56,-8.0898,37.5,-4.53,22,-48.2878,27.27,-10.62,-14.3,FAIL,,
trend,Aroon oscillator 0-cross,1h,short,downtrend|at range high|messy|expanding,6,55.4331,50.0,3.33,4,5.5675,50.0,0.22,-2.69,UNRELIABLE,,
trend,Aroon oscillator 0-cross,1h,long,uptrend|at range low|messy|expanding,1,-132.6136,0.0,-1.33,0,0.0,0.0,0.0,0.0,UNRELIABLE,,
trend,Aroon oscillator 0-cross,1h,short,uptrend|at range low|messy|expanding,55,-16.5065,34.55,-9.08,12,119.6338,75.0,14.36,-3.39,FAIL,,
trend,Aroon oscillator 0-cross,1h,long,downtrend|at range low|clean|expanding,6,-3.7826,50.0,-0.23,1,-132.6668,0.0,-1.33,-1.61,UNRELIABLE,,
trend,Aroon oscillator 0-cross,1h,short,downtrend|at range low|clean|expanding,7,119.698,71.43,8.38,5,15.0145,40.0,0.75,-3.69,UNRELIABLE,,
trend,Aroon oscillator 0-cross,15m,long,transition|mid range|messy|contracting,317,-4.3118,38.17,-13.67,105,-6.2303,37.14,-6.54,-9.45,FAIL,2.0864,3.93
trend,Aroon oscillator 0-cross,15m,short,transition|mid range|messy|contracting,306,-12.1688,30.72,-37.24,88,-17.7957,30.68,-15.66,-20.79,FAIL,,
trend,Aroon oscillator 0-cross,15m,long,transition|mid range|messy|expanding,328,-11.1438,31.4,-36.55,93,-12.782,33.33,-11.89,-13.62,FAIL,,
trend,Aroon oscillator 0-cross,15m,short,transition|mid range|messy|expanding,351,-9.6303,33.62,-33.8,108,-17.4621,30.56,-18.86,-19.29,FAIL,,
trend,Aroon oscillator 0-cross,15m,long,downtrend|pulling back in trend|messy|contracting,215,-7.5663,37.21,-16.27,67,-1.6423,40.3,-1.1,-9.13,FAIL,12.3689,1.2276
trend,Aroon oscillator 0-cross,15m,short,downtrend|pulling back in trend|messy|contracting,58,-15.0148,32.76,-8.71,21,-28.5449,23.81,-5.99,-7.27,FAIL,,
trend,Aroon oscillator 0-cross,15m,long,uptrend|at range high|messy|contracting,32,11.2292,46.88,3.59,13,-31.8083,23.08,-4.14,-4.78,FAIL,0.4202,
trend,Aroon oscillator 0-cross,15m,short,uptrend|at range high|messy|contracting,66,-18.5317,30.3,-12.23,25,-4.5331,36.0,-1.13,-3.13,FAIL,,2.2691
trend,Aroon oscillator 0-cross,15m,long,uptrend|pulling back in trend|messy|contracting,69,-15.745,30.43,-10.86,24,1.5024,41.67,0.36,-2.03,FAIL,,0.8454
trend,Aroon oscillator 0-cross,15m,short,uptrend|pulling back in trend|messy|contracting,226,-9.1955,33.19,-20.78,71,14.5679,49.3,10.34,-4.75,FAIL,,0.3173
trend,Aroon oscillator 0-cross,15m,long,downtrend|pulling back in trend|messy|expanding,280,-13.5957,29.64,-38.07,89,-5.1486,39.33,-4.58,-9.87,FAIL,,2.4548
trend,Aroon oscillator 0-cross,15m,short,downtrend|pulling back in trend|messy|expanding,62,-5.3571,35.48,-3.32,23,17.7554,47.83,4.08,-3.58,FAIL,3.2819,0.2875
trend,Aroon oscillator 0-cross,15m,long,uptrend|pulling back in trend|messy|expanding,70,-4.3576,38.57,-3.05,19,-37.4619,15.79,-7.12,-9.38,FAIL,2.0042,
trend,Aroon oscillator 0-cross,15m,short,uptrend|pulling back in trend|messy|expanding,288,-11.8187,31.94,-34.04,93,-15.1653,30.11,-14.1,-15.48,FAIL,,
trend,Aroon oscillator 0-cross,15m,long,transition|at range high|messy|contracting,135,-3.6928,37.04,-4.99,47,-3.6987,38.3,-1.74,-4.81,FAIL,1.7921,1.7968
trend,Aroon oscillator 0-cross,15m,short,transition|at range high|messy|contracting,79,-8.5265,34.18,-6.74,23,-5.2544,43.48,-1.21,-4.91,FAIL,,3.3318
trend,Aroon oscillator 0-cross,15m,long,uptrend|at range high|messy|expanding,51,-25.2239,21.57,-12.86,22,-40.6178,13.64,-8.94,-8.94,FAIL,,
trend,Aroon oscillator 0-cross,15m,short,uptrend|at range high|messy|expanding,70,-0.5063,40.0,-0.35,26,-18.7036,30.77,-4.86,-7.58,FAIL,1.0684,
trend,Aroon oscillator 0-cross,15m,long,transition|mid range|clean|contracting,157,5.7449,43.95,9.02,38,-3.8993,36.84,-1.48,-5.81,FAIL,0.5959,1.8299
trend,Aroon oscillator 0-cross,15m,short,transition|mid range|clean|contracting,145,2.3941,40.69,3.47,46,-25.3513,23.91,-11.66,-12.57,FAIL,0.7639,
trend,Aroon oscillator 0-cross,15m,long,downtrend|at range low|messy|contracting,39,2.3572,43.59,0.92,11,10.9158,45.45,1.2,-3.03,SURVIVOR,0.7727,0.4386
trend,Aroon oscillator 0-cross,15m,short,downtrend|at range low|messy|contracting,28,3.2867,39.29,0.92,7,-11.4787,28.57,-0.8,-2.47,UNRELIABLE,0.702,
trend,Aroon oscillator 0-cross,15m,long,transition|at range high|messy|expanding,214,-7.0962,33.64,-15.19,68,1.7273,41.18,1.17,-3.92,FAIL,11.2466,0.8305
trend,Aroon oscillator 0-cross,15m,short,transition|at range high|messy|expanding,101,-3.4193,39.6,-3.45,35,-6.8173,34.29,-2.39,-4.23,FAIL,1.9151,6.9275
trend,Aroon oscillator 0-cross,15m,long,transition|at range low|messy|contracting,57,-13.9393,33.33,-7.95,20,-2.8063,40.0,-0.56,-4.08,FAIL,,1.5163
trend,Aroon oscillator 0-cross,15m,short,transition|at range low|messy|contracting,94,-12.9183,31.91,-12.14,40,-18.5448,27.5,-7.42,-8.65,FAIL,,
trend,Aroon oscillator 0-cross,15m,long,transition|mid range|clean|expanding,151,1.3785,43.05,2.08,36,-10.3065,38.89,-3.71,-6.83,FAIL,0.8637,
trend,Aroon oscillator 0-cross,15m,short,transition|mid range|clean|expanding,164,-3.5708,39.02,-5.86,45,-11.5004,33.33,-5.18,-8.3,FAIL,1.8949,
trend,Aroon oscillator 0-cross,15m,long,downtrend|at range low|messy|expanding,38,8.9602,44.74,3.4,18,-25.9157,27.78,-4.66,-5.09,FAIL,0.471,
trend,Aroon oscillator 0-cross,15m,short,downtrend|at range low|messy|expanding,52,-14.8447,30.77,-7.72,19,-28.9431,21.05,-5.5,-5.5,FAIL,,
trend,Aroon oscillator 0-cross,15m,long,transition|at range low|messy|expanding,68,-19.6798,29.41,-13.38,20,3.1637,45.0,0.63,-3.28,FAIL,,0.7241
trend,Aroon oscillator 0-cross,15m,short,transition|at range low|messy|expanding,204,-2.3671,37.25,-4.83,71,-6.7618,35.21,-4.8,-9.48,FAIL,1.4627,15.7845
trend,Aroon oscillator 0-cross,15m,long,downtrend|pulling back in trend|clean|contracting,111,-13.3465,31.53,-14.81,35,-28.9322,22.86,-10.13,-10.58,FAIL,,
trend,Aroon oscillator 0-cross,15m,short,downtrend|pulling back in trend|clean|contracting,23,-18.4815,26.09,-4.25,9,12.1879,55.56,1.1,-2.06,FAIL,,0.357
trend,Aroon oscillator 0-cross,15m,long,uptrend|pulling back in trend|clean|contracting,34,-15.4456,32.35,-5.25,7,-17.2548,28.57,-1.21,-2.59,UNRELIABLE,,
trend,Aroon oscillator 0-cross,15m,short,uptrend|pulling back in trend|clean|contracting,126,-15.6667,30.95,-19.74,35,8.3343,45.71,2.92,-3.13,FAIL,,0.4706
trend,Aroon oscillator 0-cross,15m,long,uptrend|at range high|clean|contracting,22,18.4885,54.55,4.07,9,36.6628,66.67,3.3,-1.73,SURVIVOR,0.3095,0.1602
trend,Aroon oscillator 0-cross,15m,short,uptrend|at range high|clean|contracting,26,-17.3599,30.77,-4.51,9,-8.4283,33.33,-0.76,-2.55,FAIL,,
trend,Aroon oscillator 0-cross,15m,long,downtrend|pulling back in trend|clean|expanding,148,-9.6406,35.14,-14.27,54,-13.8768,31.48,-7.49,-11.54,FAIL,,
trend,Aroon oscillator 0-cross,15m,short,downtrend|pulling back in trend|clean|expanding,31,-19.4264,25.81,-6.02,11,-18.9549,27.27,-2.09,-3.38,FAIL,,
trend,Aroon oscillator 0-cross,15m,long,uptrend|pulling back in trend|clean|expanding,35,-0.6817,40.0,-0.24,11,22.9426,54.55,2.52,-1.67,FAIL,1.0901,0.2538
trend,Aroon oscillator 0-cross,15m,short,uptrend|pulling back in trend|clean|expanding,170,4.6389,43.53,7.89,58,-3.972,36.21,-2.3,-4.67,FAIL,0.6171,2.01
trend,Aroon oscillator 0-cross,15m,long,transition|at range high|clean|contracting,63,8.385,44.44,5.28,30,5.8819,40.0,1.76,-3.18,SURVIVOR,0.5006,0.589
trend,Aroon oscillator 0-cross,15m,short,transition|at range high|clean|contracting,24,10.0356,45.83,2.41,12,-31.7381,25.0,-3.81,-4.6,FAIL,0.4097,
trend,Aroon oscillator 0-cross,15m,long,transition|mid range|messy|stalling,112,-4.0344,36.61,-4.52,41,18.4262,48.78,7.55,-3.78,FAIL,1.8711,0.2898
trend,Aroon oscillator 0-cross,15m,short,transition|mid range|messy|stalling,106,-5.2357,35.85,-5.55,39,-22.6134,25.64,-8.82,-9.07,FAIL,3.2657,
trend,Aroon oscillator 0-cross,15m,long,transition|at range high|clean|expanding,170,3.4928,40.59,5.94,59,-3.0661,40.68,-1.81,-7.9,FAIL,0.7068,1.5891
trend,Aroon oscillator 0-cross,15m,short,transition|at range high|clean|expanding,49,4.4145,40.82,2.16,13,-15.7848,30.77,-2.05,-4.26,FAIL,0.6178,
trend,Aroon oscillator 0-cross,15m,long,uptrend|at range high|clean|expanding,35,0.6734,40.0,0.24,12,-23.2005,25.0,-2.78,-3.78,FAIL,0.9269,
trend,Aroon oscillator 0-cross,15m,short,uptrend|at range high|clean|expanding,40,-12.5008,30.0,-5.0,13,-17.6068,23.08,-2.29,-3.89,FAIL,,
trend,Aroon oscillator 0-cross,15m,long,downtrend|at range low|clean|contracting,16,11.4265,43.75,1.83,5,36.4337,60.0,1.82,-0.82,UNRELIABLE,0.4119,0.1599
trend,Aroon oscillator 0-cross,15m,short,downtrend|at range low|clean|contracting,20,8.4518,45.0,1.69,6,-8.7564,33.33,-0.53,-2.12,UNRELIABLE,0.4638,
trend,Aroon oscillator 0-cross,15m,long,transition|at range low|clean|contracting,17,-15.8011,41.18,-2.69,6,-14.7599,33.33,-0.89,-2.89,UNRELIABLE,,
trend,Aroon oscillator 0-cross,15m,short,transition|at range low|clean|contracting,70,-28.3264,21.43,-19.83,15,14.9186,53.33,2.24,-2.85,FAIL,,0.3162
trend,Aroon oscillator 0-cross,15m,long,transition|at range low|clean|expanding,36,-5.7268,36.11,-2.06,12,-39.7413,16.67,-4.77,-5.34,FAIL,2.9671,
trend,Aroon oscillator 0-cross,15m,short,transition|at range low|clean|expanding,133,-3.946,39.85,-5.25,49,-15.0511,30.61,-7.38,-10.5,FAIL,1.9546,
trend,Aroon oscillator 0-cross,15m,long,downtrend|at range low|clean|expanding,40,-6.5517,35.0,-2.62,10,19.2782,50.0,1.93,-1.65,FAIL,5.0689,0.2843
trend,Aroon oscillator 0-cross,15m,short,downtrend|at range low|clean|expanding,29,7.1198,41.38,2.06,13,-25.7174,23.08,-3.34,-5.18,FAIL,0.4882,
trend,Aroon oscillator 0-cross,15m,long,downtrend|pulling back in trend|messy|stalling,69,-12.0327,34.78,-8.3,23,-34.7577,21.74,-7.99,-8.53,FAIL,,
trend,Aroon oscillator 0-cross,15m,short,downtrend|pulling back in trend|messy|stalling,25,-3.2782,40.0,-0.82,8,-6.5924,37.5,-0.53,-1.81,FAIL,1.7395,31.1263
trend,Aroon oscillator 0-cross,15m,long,downtrend|at range high|messy|contracting,103,3.8978,43.69,4.01,54,-3.05,37.04,-1.65,-6.54,FAIL,0.6833,1.561
trend,Aroon oscillator 0-cross,15m,short,downtrend|at range high|messy|contracting,10,37.5063,60.0,3.75,4,-22.8826,25.0,-0.92,-2.04,UNRELIABLE,0.1439,
trend,Aroon oscillator 0-cross,15m,long,uptrend|pulling back in trend|messy|stalling,20,5.363,40.0,1.07,6,-8.9342,33.33,-0.54,-3.24,UNRELIABLE,0.6001,
trend,Aroon oscillator 0-cross,15m,short,uptrend|pulling back in trend|messy|stalling,72,-14.8418,33.33,-10.69,29,-7.9707,31.03,-2.31,-6.23,FAIL,,
trend,Aroon oscillator 0-cross,15m,long,downtrend|at range high|messy|expanding,248,-12.6413,31.45,-31.35,68,-10.2722,35.29,-6.99,-9.85,FAIL,,
trend,Aroon oscillator 0-cross,15m,short,downtrend|at range high|messy|expanding,15,-32.3309,26.67,-4.85,2,-16.4008,50.0,-0.33,-1.28,UNRELIABLE,,
trend,Aroon oscillator 0-cross,15m,long,uptrend|at range high|messy|stalling,9,42.4358,66.67,3.82,6,-30.4439,16.67,-1.83,-2.12,UNRELIABLE,0.1395,
trend,Aroon oscillator 0-cross,15m,short,uptrend|at range high|messy|stalling,22,-30.2358,22.73,-6.65,11,-37.9588,18.18,-4.18,-4.18,FAIL,,
trend,ADX/DMI DI cross,1h,long,transition|mid range|messy|contracting,76,-17.2872,36.84,-13.14,23,30.264,47.83,6.96,-5.11,FAIL,,
trend,ADX/DMI DI cross,1h,short,transition|mid range|messy|contracting,71,8.7498,40.85,6.21,25,30.2517,56.0,7.56,-9.03,SURVIVOR,,
trend,ADX/DMI DI cross,1h,long,transition|mid range|messy|expanding,82,26.7898,46.34,21.97,23,-2.3455,39.13,-0.54,-10.62,FAIL,,
trend,ADX/DMI DI cross,1h,short,transition|mid range|messy|expanding,93,14.3829,43.01,13.38,35,-32.5665,31.43,-11.4,-13.88,FAIL,,
trend,ADX/DMI DI cross,1h,long,uptrend|at range high|messy|contracting,16,1.8193,37.5,0.29,10,56.0675,60.0,5.61,-4.67,UNRELIABLE,,
trend,ADX/DMI DI cross,1h,short,uptrend|at range high|messy|contracting,11,49.1982,54.55,5.41,4,55.227,75.0,2.21,-1.6,UNRELIABLE,,
trend,ADX/DMI DI cross,1h,long,downtrend|pulling back in trend|messy|contracting,41,-17.9733,31.71,-7.37,16,37.7223,50.0,6.04,-4.59,FAIL,,
trend,ADX/DMI DI cross,1h,short,downtrend|pulling back in trend|messy|contracting,40,-42.5873,25.0,-17.03,11,3.9635,45.45,0.44,-3.54,FAIL,,
trend,ADX/DMI DI cross,1h,long,uptrend|pulling back in trend|messy|contracting,36,-31.9252,30.56,-11.49,11,23.7798,45.45,2.62,-3.38,FAIL,,
trend,ADX/DMI DI cross,1h,short,uptrend|pulling back in trend|messy|contracting,40,-0.7746,40.0,-0.31,18,13.9265,50.0,2.51,-8.78,FAIL,,
trend,ADX/DMI DI cross,1h,long,uptrend|at range high|messy|expanding,47,-27.582,27.66,-12.96,15,-62.7578,13.33,-9.41,-11.1,FAIL,,
trend,ADX/DMI DI cross,1h,short,uptrend|at range high|messy|expanding,9,49.5786,55.56,4.46,7,72.7401,57.14,5.09,-2.12,UNRELIABLE,,
trend,ADX/DMI DI cross,1h,long,downtrend|pulling back in trend|messy|expanding,75,62.9792,52.0,47.23,16,-57.4254,18.75,-9.19,-11.56,FAIL,,
trend,ADX/DMI DI cross,1h,short,downtrend|pulling back in trend|messy|expanding,24,-5.3043,37.5,-1.27,11,26.9819,45.45,2.97,-4.96,FAIL,,
trend,ADX/DMI DI cross,1h,long,transition|at range high|messy|contracting,29,-17.7445,34.48,-5.15,9,30.0651,44.44,2.71,-3.32,FAIL,,
trend,ADX/DMI DI cross,1h,short,transition|at range high|messy|contracting,21,1.2024,38.1,0.25,5,-58.2699,20.0,-2.91,-5.19,UNRELIABLE,,
trend,ADX/DMI DI cross,1h,long,uptrend|pulling back in trend|messy|expanding,36,25.6146,50.0,9.22,13,16.619,46.15,2.16,-5.27,SURVIVOR,,
trend,ADX/DMI DI cross,1h,short,uptrend|pulling back in trend|messy|expanding,103,15.2892,42.72,15.75,19,0.3306,31.58,0.06,-10.32,SURVIVOR,,
trend,ADX/DMI DI cross,1h,long,transition|at range high|messy|expanding,80,6.1761,40.0,4.94,30,28.4998,46.67,8.55,-6.1,SURVIVOR,,
trend,ADX/DMI DI cross,1h,short,transition|at range high|messy|expanding,13,96.3317,69.23,12.52,4,-101.3859,0.0,-4.06,-4.11,UNRELIABLE,,
trend,ADX/DMI DI cross,1h,long,downtrend|at range low|messy|contracting,4,-41.5271,25.0,-1.66,2,130.7724,100.0,2.62,-0.63,UNRELIABLE,,
trend,ADX/DMI DI cross,1h,short,downtrend|at range low|messy|contracting,14,-28.3113,28.57,-3.96,7,-24.7651,28.57,-1.73,-5.2,UNRELIABLE,,
trend,ADX/DMI DI cross,1h,long,transition|at range low|messy|contracting,12,-26.2752,33.33,-3.15,3,200.2085,100.0,6.01,-1.62,UNRELIABLE,,
trend,ADX/DMI DI cross,1h,short,transition|at range low|messy|contracting,26,-25.9139,30.77,-6.74,2,-131.3377,0.0,-2.63,-2.75,UNRELIABLE,,
trend,ADX/DMI DI cross,1h,long,downtrend|at range low|messy|expanding,4,-41.6264,25.0,-1.67,3,-4.2174,66.67,-0.13,-1.76,UNRELIABLE,,
trend,ADX/DMI DI cross,1h,short,downtrend|at range low|messy|expanding,24,-3.7273,33.33,-0.89,4,-17.2052,25.0,-0.69,-4.31,UNRELIABLE,,
trend,ADX/DMI DI cross,1h,long,transition|at range low|messy|expanding,8,39.5918,50.0,3.17,6,39.2491,50.0,2.35,-1.87,UNRELIABLE,,
trend,ADX/DMI DI cross,1h,short,transition|at range low|messy|expanding,72,3.8929,41.67,2.8,27,-27.3622,25.93,-7.39,-8.51,FAIL,,
trend,ADX/DMI DI cross,1h,long,transition|mid range|clean|contracting,25,-50.9649,24.0,-12.74,7,-51.8578,28.57,-3.63,-5.27,UNRELIABLE,,
trend,ADX/DMI DI cross,1h,short,transition|mid range|clean|contracting,33,-4.3209,42.42,-1.43,8,-75.1375,12.5,-6.01,-6.01,FAIL,,
trend,ADX/DMI DI cross,1h,long,transition|mid range|clean|expanding,43,45.8352,55.81,19.71,14,57.3718,50.0,8.03,-3.53,SURVIVOR,,
trend,ADX/DMI DI cross,1h,short,transition|mid range|clean|expanding,55,8.0271,38.18,4.41,15,9.4988,40.0,1.42,-7.08,SURVIVOR,,
trend,ADX/DMI DI cross,1h,long,transition|mid range|messy|stalling,24,-24.8992,29.17,-5.98,10,-12.5337,30.0,-1.25,-4.07,FAIL,,
trend,ADX/DMI DI cross,1h,short,transition|mid range|messy|stalling,32,0.3734,37.5,0.12,7,-15.3854,28.57,-1.08,-3.27,UNRELIABLE,,
trend,ADX/DMI DI cross,1h,long,transition|at range high|clean|contracting,13,-38.3872,30.77,-4.99,5,46.9489,60.0,2.35,-2.39,UNRELIABLE,,
trend,ADX/DMI DI cross,1h,short,transition|at range high|clean|contracting,9,5.4269,33.33,0.49,2,-131.4877,0.0,-2.63,-2.63,UNRELIABLE,,
trend,ADX/DMI DI cross,1h,long,downtrend|pulling back in trend|clean|contracting,15,41.4769,46.67,6.22,6,-34.866,33.33,-2.09,-4.54,UNRELIABLE,,
trend,ADX/DMI DI cross,1h,short,downtrend|pulling back in trend|clean|contracting,10,-111.3297,0.0,-11.13,4,18.4498,50.0,0.74,-1.63,UNRELIABLE,,
trend,ADX/DMI DI cross,1h,long,uptrend|pulling back in trend|clean|contracting,15,-64.7334,13.33,-9.71,5,-110.2456,0.0,-5.51,-6.89,UNRELIABLE,,
trend,ADX/DMI DI cross,1h,short,uptrend|pulling back in trend|clean|contracting,21,21.3273,47.62,4.48,5,59.8134,60.0,2.99,-2.58,UNRELIABLE,,
trend,ADX/DMI DI cross,1h,long,uptrend|at range high|clean|contracting,14,-1.8975,42.86,-0.27,3,-55.159,33.33,-1.65,-1.96,UNRELIABLE,,
trend,ADX/DMI DI cross,1h,short,uptrend|at range high|clean|contracting,5,-30.6701,20.0,-1.53,1,240.4522,100.0,2.4,-0.65,UNRELIABLE,,
trend,ADX/DMI DI cross,1h,long,uptrend|pulling back in trend|clean|expanding,17,-17.8293,35.29,-3.03,6,41.5736,50.0,2.49,-1.66,UNRELIABLE,,
trend,ADX/DMI DI cross,1h,short,uptrend|pulling back in trend|clean|expanding,36,-44.2545,22.22,-15.93,15,-54.3521,26.67,-8.15,-8.15,FAIL,,
trend,ADX/DMI DI cross,1h,long,downtrend|pulling back in trend|clean|expanding,24,1.6321,41.67,0.39,10,-6.6774,40.0,-0.67,-4.86,FAIL,,
trend,ADX/DMI DI cross,1h,short,downtrend|pulling back in trend|clean|expanding,20,-69.2826,20.0,-13.86,8,-58.393,25.0,-4.67,-6.01,FAIL,,
trend,ADX/DMI DI cross,1h,long,transition|at range high|clean|expanding,35,-3.4575,37.14,-1.21,14,-57.7359,21.43,-8.08,-11.14,FAIL,,
trend,ADX/DMI DI cross,1h,short,transition|at range high|clean|expanding,3,104.5194,66.67,3.14,1,-131.5968,0.0,-1.32,-1.32,UNRELIABLE,,
trend,ADX/DMI DI cross,1h,long,transition|at range low|clean|contracting,2,156.9081,100.0,3.14,2,61.4345,50.0,1.23,-1.13,UNRELIABLE,,
trend,ADX/DMI DI cross,1h,short,transition|at range low|clean|contracting,5,-57.0993,20.0,-2.85,5,-98.5795,20.0,-4.93,-5.37,UNRELIABLE,,
trend,ADX/DMI DI cross,1h,long,downtrend|at range high|messy|contracting,13,-1.6792,38.46,-0.22,7,29.7654,42.86,2.08,-3.68,UNRELIABLE,,
trend,ADX/DMI DI cross,1h,short,downtrend|at range high|messy|contracting,8,-83.3606,12.5,-6.67,3,-10.0139,33.33,-0.3,-3.66,UNRELIABLE,,
trend,ADX/DMI DI cross,1h,long,uptrend|at range high|clean|expanding,16,-21.5301,37.5,-3.44,3,-10.1636,33.33,-0.3,-1.89,UNRELIABLE,,
trend,ADX/DMI DI cross,1h,short,uptrend|at range high|clean|expanding,3,115.5821,66.67,3.47,1,240.46,100.0,2.4,-1.82,UNRELIABLE,,
trend,ADX/DMI DI cross,1h,long,downtrend|at range low|clean|contracting,1,-132.3464,0.0,-1.32,0,0.0,0.0,0.0,0.0,UNRELIABLE,,
trend,ADX/DMI DI cross,1h,short,downtrend|at range low|clean|contracting,3,-9.4261,33.33,-0.28,1,180.9545,100.0,1.81,-0.67,UNRELIABLE,,
trend,ADX/DMI DI cross,1h,long,downtrend|pulling back in trend|messy|stalling,18,1.8781,38.89,0.34,2,-133.408,0.0,-2.67,-4.24,UNRELIABLE,,
trend,ADX/DMI DI cross,1h,short,downtrend|pulling back in trend|messy|stalling,21,-65.4782,19.05,-13.75,4,52.9447,50.0,2.12,-2.93,UNRELIABLE,,
trend,ADX/DMI DI cross,1h,long,uptrend|at range high|messy|stalling,9,-92.4384,22.22,-8.32,4,-47.9302,50.0,-1.92,-3.27,UNRELIABLE,,
trend,ADX/DMI DI cross,1h,short,uptrend|at range high|messy|stalling,3,37.5227,66.67,1.13,1,-132.0659,0.0,-1.32,-1.32,UNRELIABLE,,
trend,ADX/DMI DI cross,1h,long,transition|at range low|clean|expanding,1,132.4243,100.0,1.32,0,0.0,0.0,0.0,0.0,UNRELIABLE,,
trend,ADX/DMI DI cross,1h,short,transition|at range low|clean|expanding,34,-19.2372,35.29,-6.54,15,-0.2674,40.0,-0.04,-7.84,FAIL,,
trend,ADX/DMI DI cross,1h,long,uptrend|pulling back in trend|messy|stalling,12,-47.3352,25.0,-5.68,5,37.2947,60.0,1.86,-1.77,UNRELIABLE,,
trend,ADX/DMI DI cross,1h,short,uptrend|pulling back in trend|messy|stalling,19,18.5153,52.63,3.52,6,-115.6494,0.0,-6.94,-7.13,UNRELIABLE,,
trend,ADX/DMI DI cross,1h,long,uptrend|at range low|messy|contracting,9,15.3421,55.56,1.38,1,-132.3092,0.0,-1.32,-1.32,UNRELIABLE,,
trend,ADX/DMI DI cross,1h,short,uptrend|at range low|messy|contracting,12,-56.7972,25.0,-6.82,10,-46.9598,20.0,-4.7,-5.89,UNRELIABLE,,
trend,ADX/DMI DI cross,1h,long,downtrend|at range high|messy|expanding,52,24.3678,48.08,12.67,20,22.6363,45.0,4.53,-7.87,SURVIVOR,,
trend,ADX/DMI DI cross,1h,short,downtrend|at range high|messy|expanding,2,191.0273,100.0,3.82,3,68.3853,66.67,2.05,-1.71,UNRELIABLE,,
trend,ADX/DMI DI cross,1h,long,uptrend|at range low|messy|expanding,2,-131.9014,0.0,-2.64,0,0.0,0.0,0.0,0.0,UNRELIABLE,,
trend,ADX/DMI DI cross,1h,short,uptrend|at range low|messy|expanding,55,2.043,38.18,1.12,19,47.2888,57.89,8.98,-7.81,SURVIVOR,,
trend,ADX/DMI DI cross,1h,long,downtrend|at range low|clean|expanding,0,0.0,0.0,0.0,0,0.0,0.0,0.0,0.0,UNRELIABLE,,
trend,ADX/DMI DI cross,1h,short,downtrend|at range low|clean|expanding,13,17.4616,38.46,2.27,1,-130.5025,0.0,-1.31,-1.31,UNRELIABLE,,
trend,ADX/DMI DI cross,15m,long,transition|mid range|messy|contracting,222,-7.1557,34.23,-15.89,65,-7.8504,35.38,-5.1,-6.65,FAIL,9.1887,10.3782
trend,ADX/DMI DI cross,15m,short,transition|mid range|messy|contracting,229,-8.6704,36.68,-19.86,80,-5.1527,37.5,-4.12,-11.6,FAIL,,3.3951
trend,ADX/DMI DI cross,15m,long,transition|mid range|messy|expanding,266,-10.9556,33.08,-29.14,109,-6.676,37.61,-7.28,-11.54,FAIL,,6.0695
trend,ADX/DMI DI cross,15m,short,transition|mid range|messy|expanding,298,-7.6638,34.9,-22.84,99,-15.2727,31.31,-15.12,-18.7,FAIL,,
trend,ADX/DMI DI cross,15m,long,downtrend|pulling back in trend|messy|contracting,139,-8.1276,35.97,-11.3,45,-0.4267,42.22,-0.19,-6.69,FAIL,,1.0518
trend,ADX/DMI DI cross,15m,short,downtrend|pulling back in trend|messy|contracting,131,-16.0253,28.24,-20.99,43,-7.313,37.21,-3.14,-6.74,FAIL,,32.4316
trend,ADX/DMI DI cross,15m,long,uptrend|at range high|messy|contracting,95,-14.5057,31.58,-13.78,24,-18.417,25.0,-4.42,-5.15,FAIL,,
trend,ADX/DMI DI cross,15m,short,uptrend|at range high|messy|contracting,64,4.0026,42.19,2.56,29,-0.2447,41.38,-0.07,-4.63,FAIL,0.6264,1.0331
trend,ADX/DMI DI cross,15m,long,uptrend|pulling back in trend|messy|contracting,136,1.9763,40.44,2.69,47,-0.8343,38.3,-0.39,-4.49,FAIL,0.805,1.111
trend,ADX/DMI DI cross,15m,short,uptrend|pulling back in trend|messy|contracting,176,-3.5658,36.93,-6.28,51,23.2126,54.9,11.84,-3.56,FAIL,1.9629,0.2194
trend,ADX/DMI DI cross,15m,long,downtrend|pulling back in trend|messy|expanding,249,-8.9516,33.33,-22.29,84,-5.4925,38.1,-4.61,-9.41,FAIL,,2.8619
trend,ADX/DMI DI cross,15m,short,downtrend|pulling back in trend|messy|expanding,119,-12.4296,31.09,-14.79,47,-22.5061,27.66,-10.58,-10.58,FAIL,,
trend,ADX/DMI DI cross,15m,long,uptrend|pulling back in trend|messy|expanding,115,-5.2102,36.52,-5.99,44,-12.8793,34.09,-5.67,-7.33,FAIL,2.5724,
trend,ADX/DMI DI cross,15m,short,uptrend|pulling back in trend|messy|expanding,302,-8.317,34.44,-25.12,103,-13.028,30.1,-13.42,-16.59,FAIL,,
trend,ADX/DMI DI cross,15m,long,transition|at range high|messy|contracting,127,-11.2705,33.07,-14.31,38,-30.0715,21.05,-11.43,-13.61,FAIL,,
trend,ADX/DMI DI cross,15m,short,transition|at range high|messy|contracting,97,-7.5755,35.05,-7.35,21,4.0315,42.86,0.85,-3.65,FAIL,92.2082,0.6544
trend,ADX/DMI DI cross,15m,long,uptrend|at range high|messy|expanding,133,-10.4986,31.58,-13.96,48,-5.7158,37.5,-2.74,-5.98,FAIL,,3.3042
trend,ADX/DMI DI cross,15m,short,uptrend|at range high|messy|expanding,56,-11.1065,35.71,-6.22,8,19.6638,50.0,1.57,-1.79,FAIL,,0.27
trend,ADX/DMI DI cross,15m,long,transition|mid range|clean|contracting,124,-10.6298,34.68,-13.18,47,-5.8737,38.3,-2.76,-4.41,FAIL,,3.0659
trend,ADX/DMI DI cross,15m,short,transition|mid range|clean|contracting,128,-2.3512,39.06,-3.01,45,12.2923,46.67,5.53,-5.69,FAIL,1.4757,0.3749
trend,ADX/DMI DI cross,15m,long,downtrend|at range low|messy|contracting,31,-12.2085,35.48,-3.78,5,2.2661,40.0,0.11,-1.67,UNRELIABLE,,0.7835
trend,ADX/DMI DI cross,15m,short,downtrend|at range low|messy|contracting,57,-18.1017,28.07,-10.32,15,-15.8358,26.67,-2.38,-4.68,FAIL,,
trend,ADX/DMI DI cross,15m,long,transition|at range high|messy|expanding,256,-11.9625,31.64,-30.62,92,-6.9431,36.96,-6.39,-8.95,FAIL,,6.3534
trend,ADX/DMI DI cross,15m,short,transition|at range high|messy|expanding,52,1.8572,36.54,0.97,18,-10.9865,33.33,-1.98,-3.97,FAIL,0.796,
trend,ADX/DMI DI cross,15m,long,transition|at range low|messy|contracting,42,-18.134,30.95,-7.62,13,-38.8514,15.38,-5.05,-5.82,FAIL,,
trend,ADX/DMI DI cross,15m,short,transition|at range low|messy|contracting,84,-2.1221,38.1,-1.78,32,-18.5987,31.25,-5.95,-6.46,FAIL,1.3884,
trend,ADX/DMI DI cross,15m,long,transition|mid range|clean|expanding,178,-10.5225,33.15,-18.73,67,-4.2255,38.81,-2.83,-8.46,FAIL,,2.0292
trend,ADX/DMI DI cross,15m,short,transition|mid range|clean|expanding,209,-7.7604,33.97,-16.22,80,-6.1475,37.5,-4.92,-9.74,FAIL,,5.3372
trend,ADX/DMI DI cross,15m,long,downtrend|at range low|messy|expanding,29,1.582,41.38,0.46,12,-9.4462,33.33,-1.13,-2.59,FAIL,0.8352,
trend,ADX/DMI DI cross,15m,short,downtrend|at range low|messy|expanding,125,-12.775,32.0,-15.97,31,-3.5239,38.71,-1.09,-8.47,FAIL,,1.8436
trend,ADX/DMI DI cross,15m,long,transition|at range low|messy|expanding,28,17.1552,50.0,4.8,7,-14.7306,42.86,-1.03,-1.44,UNRELIABLE,0.3089,
trend,ADX/DMI DI cross,15m,short,transition|at range low|messy|expanding,252,-8.2155,34.52,-20.7,83,-15.2868,30.12,-12.69,-12.83,FAIL,,
trend,ADX/DMI DI cross,15m,long,downtrend|pulling back in trend|clean|contracting,113,12.1692,46.02,13.75,31,-3.3364,38.71,-1.03,-3.85,FAIL,0.4174,1.6474
trend,ADX/DMI DI cross,15m,short,downtrend|pulling back in trend|clean|contracting,70,-19.2884,30.0,-13.5,28,-13.9119,35.71,-3.9,-5.01,FAIL,,
trend,ADX/DMI DI cross,15m,long,uptrend|pulling back in trend|clean|contracting,87,-3.8819,37.93,-3.38,29,-30.5838,24.14,-8.87,-10.24,FAIL,1.8554,
trend,ADX/DMI DI cross,15m,short,uptrend|pulling back in trend|clean|contracting,106,-0.6629,37.74,-0.7,32,3.7795,43.75,1.21,-4.38,FAIL,1.0989,0.6663
trend,ADX/DMI DI cross,15m,long,uptrend|at range high|clean|contracting,48,-2.114,39.58,-1.01,7,-32.7862,14.29,-2.3,-3.18,UNRELIABLE,1.3303,
trend,ADX/DMI DI cross,15m,short,uptrend|at range high|clean|contracting,34,24.9859,55.88,8.5,8,-43.161,12.5,-3.45,-3.98,FAIL,0.2045,
trend,ADX/DMI DI cross,15m,long,downtrend|pulling back in trend|clean|expanding,156,-11.6935,30.77,-18.24,50,9.0164,44.0,4.51,-3.59,FAIL,,0.4726
trend,ADX/DMI DI cross,15m,short,downtrend|pulling back in trend|clean|expanding,78,-13.7211,28.21,-10.7,34,-19.8048,29.41,-6.73,-8.03,FAIL,,
trend,ADX/DMI DI cross,15m,long,uptrend|pulling back in trend|clean|expanding,85,-22.1842,23.53,-18.86,31,-16.9908,29.03,-5.27,-8.18,FAIL,,
trend,ADX/DMI DI cross,15m,short,uptrend|pulling back in trend|clean|expanding,203,3.014,42.36,6.12,75,-4.6087,36.0,-3.46,-10.6,FAIL,0.7253,2.7995
trend,ADX/DMI DI cross,15m,long,transition|at range high|clean|contracting,80,1.9123,40.0,1.53,25,8.9582,44.0,2.24,-3.22,SURVIVOR,0.8174,0.4796
trend,ADX/DMI DI cross,15m,short,transition|at range high|clean|contracting,41,6.8477,48.78,2.81,14,-16.4915,28.57,-2.31,-4.11,FAIL,0.5083,
trend,ADX/DMI DI cross,15m,long,transition|mid range|messy|stalling,98,-7.6011,33.67,-7.45,41,-11.801,34.15,-4.84,-7.63,FAIL,8.494,
trend,ADX/DMI DI cross,15m,short,transition|mid range|messy|stalling,102,-8.1353,34.31,-8.3,37,2.9106,43.24,1.08,-5.72,FAIL,,0.7175
trend,ADX/DMI DI cross,15m,long,transition|at range high|clean|expanding,177,-6.7337,36.16,-11.92,68,-12.681,33.82,-8.62,-11.39,FAIL,4.4565,
trend,ADX/DMI DI cross,15m,short,transition|at range high|clean|expanding,28,0.8409,42.86,0.24,9,-35.8194,22.22,-3.22,-3.94,FAIL,0.8901,
trend,ADX/DMI DI cross,15m,long,uptrend|at range high|clean|expanding,104,-15.7643,29.81,-16.39,27,-6.9792,37.04,-1.88,-7.09,FAIL,,5.4103
trend,ADX/DMI DI cross,15m,short,uptrend|at range high|clean|expanding,18,7.4259,44.44,1.34,3,-64.7092,0.0,-1.94,-1.94,UNRELIABLE,0.4869,
trend,ADX/DMI DI cross,15m,long,downtrend|at range low|clean|contracting,15,29.4757,53.33,4.42,5,-21.1987,20.0,-1.06,-2.1,UNRELIABLE,0.1993,
trend,ADX/DMI DI cross,15m,short,downtrend|at range low|clean|contracting,41,7.1158,41.46,2.92,13,-4.7378,38.46,-0.62,-2.94,FAIL,0.4931,2.4845
trend,ADX/DMI DI cross,15m,long,transition|at range low|clean|contracting,21,-3.3204,42.86,-0.7,7,-22.2972,28.57,-1.56,-2.07,UNRELIABLE,1.6439,
trend,ADX/DMI DI cross,15m,short,transition|at range low|clean|contracting,53,-11.2944,37.74,-5.99,16,-16.5737,31.25,-2.65,-4.93,FAIL,,
trend,ADX/DMI DI cross,15m,long,transition|at range low|clean|expanding,10,-5.4025,40.0,-0.54,4,-17.1917,25.0,-0.69,-1.69,UNRELIABLE,2.6941,
trend,ADX/DMI DI cross,15m,short,transition|at range low|clean|expanding,154,-6.4852,36.36,-9.99,56,3.3882,44.64,1.9,-5.96,FAIL,6.3608,0.6823
trend,ADX/DMI DI cross,15m,long,downtrend|at range low|clean|expanding,12,-34.1647,25.0,-4.1,7,31.4881,57.14,2.2,-0.98,UNRELIABLE,,0.1876
trend,ADX/DMI DI cross,15m,short,downtrend|at range low|clean|expanding,77,-8.3981,33.77,-6.47,30,-23.4453,26.67,-7.03,-8.3,FAIL,,
trend,ADX/DMI DI cross,15m,long,downtrend|pulling back in trend|messy|stalling,55,22.5768,52.73,12.42,24,-10.6089,37.5,-2.55,-3.46,FAIL,0.2628,
trend,ADX/DMI DI cross,15m,short,downtrend|pulling back in trend|messy|stalling,38,8.1461,44.74,3.1,15,-18.825,20.0,-2.82,-4.59,FAIL,0.4843,
trend,ADX/DMI DI cross,15m,long,downtrend|at range high|messy|contracting,76,-6.4126,35.53,-4.87,31,-14.1593,29.03,-4.39,-6.24,FAIL,4.1572,
trend,ADX/DMI DI cross,15m,short,downtrend|at range high|messy|contracting,32,-24.4453,25.0,-7.82,15,-29.9268,20.0,-4.49,-5.54,FAIL,,
trend,ADX/DMI DI cross,15m,long,uptrend|pulling back in trend|messy|stalling,40,-1.4303,40.0,-0.57,18,17.5225,50.0,3.15,-3.54,FAIL,1.185,0.3034
trend,ADX/DMI DI cross,15m,short,uptrend|pulling back in trend|messy|stalling,92,-11.9552,32.61,-11.0,25,6.2444,44.0,1.56,-3.13,FAIL,,0.5381
trend,ADX/DMI DI cross,15m,long,downtrend|at range high|messy|expanding,196,-8.4446,33.16,-16.55,65,-14.8918,32.31,-9.68,-10.8,FAIL,,
trend,ADX/DMI DI cross,15m,short,downtrend|at range high|messy|expanding,17,-34.2642,17.65,-5.82,7,7.494,42.86,0.52,-2.23,UNRELIABLE,,0.5055
trend,ADX/DMI DI cross,15m,long,uptrend|at range high|messy|stalling,45,-19.1652,28.89,-8.62,18,-7.0367,33.33,-1.27,-2.92,FAIL,,5.3336
trend,ADX/DMI DI cross,15m,short,uptrend|at range high|messy|stalling,15,-4.897,33.33,-0.73,3,-8.5214,33.33,-0.26,-0.69,UNRELIABLE,5.3096,
trend,ADX/DMI DI-cross+ADX>thresh,1h,long,transition|mid range|messy|contracting,36,-7.4337,38.89,-2.68,6,2.2867,50.0,0.14,-2.88,UNRELIABLE,,
trend,ADX/DMI DI-cross+ADX>thresh,1h,short,transition|mid range|messy|contracting,35,2.8929,40.0,1.01,8,121.9028,75.0,9.75,-2.44,SURVIVOR,,
trend,ADX/DMI DI-cross+ADX>thresh,1h,long,transition|mid range|messy|expanding,35,15.5616,40.0,5.45,12,-33.3054,33.33,-4.0,-7.71,FAIL,,
trend,ADX/DMI DI-cross+ADX>thresh,1h,short,transition|mid range|messy|expanding,47,19.4245,44.68,9.13,16,-37.8528,25.0,-6.06,-6.29,FAIL,,
trend,ADX/DMI DI-cross+ADX>thresh,1h,long,uptrend|at range high|messy|contracting,25,18.2874,44.0,4.57,9,95.1537,66.67,8.56,-2.09,SURVIVOR,,
trend,ADX/DMI DI-cross+ADX>thresh,1h,short,uptrend|at range high|messy|contracting,7,17.8329,42.86,1.25,0,0.0,0.0,0.0,0.0,UNRELIABLE,,
trend,ADX/DMI DI-cross+ADX>thresh,1h,long,downtrend|pulling back in trend|messy|contracting,19,-60.871,21.05,-11.57,9,30.5873,44.44,2.75,-4.8,UNRELIABLE,,
trend,ADX/DMI DI-cross+ADX>thresh,1h,short,downtrend|pulling back in trend|messy|contracting,23,-23.0473,30.43,-5.3,5,-41.4414,20.0,-2.07,-5.22,UNRELIABLE,,
trend,ADX/DMI DI-cross+ADX>thresh,1h,long,uptrend|pulling back in trend|messy|contracting,25,-28.0979,32.0,-7.02,3,-80.2545,33.33,-2.41,-3.18,UNRELIABLE,,
trend,ADX/DMI DI-cross+ADX>thresh,1h,short,uptrend|pulling back in trend|messy|contracting,19,35.3798,47.37,6.72,6,41.5384,50.0,2.49,-2.53,UNRELIABLE,,
trend,ADX/DMI DI-cross+ADX>thresh,1h,long,uptrend|at range high|messy|expanding,37,-14.3269,35.14,-5.3,10,-39.8733,20.0,-3.99,-6.86,FAIL,,
trend,ADX/DMI DI-cross+ADX>thresh,1h,short,uptrend|at range high|messy|expanding,6,79.6491,66.67,4.78,4,114.9952,75.0,4.6,-1.32,UNRELIABLE,,
trend,ADX/DMI DI-cross+ADX>thresh,1h,long,downtrend|pulling back in trend|messy|expanding,28,50.1609,50.0,14.05,7,-67.9863,14.29,-4.76,-8.33,UNRELIABLE,,
trend,ADX/DMI DI-cross+ADX>thresh,1h,short,downtrend|pulling back in trend|messy|expanding,13,-47.7484,38.46,-6.21,4,52.2499,50.0,2.09,-2.16,UNRELIABLE,,
trend,ADX/DMI DI-cross+ADX>thresh,1h,long,transition|at range high|messy|contracting,30,-27.4809,30.0,-8.24,10,28.1245,50.0,2.81,-4.13,FAIL,,
trend,ADX/DMI DI-cross+ADX>thresh,1h,short,transition|at range high|messy|contracting,9,-27.9542,33.33,-2.52,0,0.0,0.0,0.0,0.0,UNRELIABLE,,
trend,ADX/DMI DI-cross+ADX>thresh,1h,long,uptrend|pulling back in trend|messy|expanding,13,-2.8556,46.15,-0.37,9,22.0882,44.44,1.99,-4.93,UNRELIABLE,,
trend,ADX/DMI DI-cross+ADX>thresh,1h,short,uptrend|pulling back in trend|messy|expanding,56,7.9138,39.29,4.43,8,54.5585,50.0,4.36,-4.32,SURVIVOR,,
trend,ADX/DMI DI-cross+ADX>thresh,1h,long,transition|at range high|messy|expanding,46,-1.457,39.13,-0.67,13,-30.5377,30.77,-3.97,-6.7,FAIL,,
trend,ADX/DMI DI-cross+ADX>thresh,1h,short,transition|at range high|messy|expanding,8,158.6994,87.5,12.7,0,0.0,0.0,0.0,0.0,UNRELIABLE,,
trend,ADX/DMI DI-cross+ADX>thresh,1h,long,downtrend|at range low|messy|contracting,0,0.0,0.0,0.0,0,0.0,0.0,0.0,0.0,UNRELIABLE,,
trend,ADX/DMI DI-cross+ADX>thresh,1h,short,downtrend|at range low|messy|contracting,30,-56.7421,20.0,-17.02,8,-25.145,25.0,-2.01,-5.31,FAIL,,
trend,ADX/DMI DI-cross+ADX>thresh,1h,long,transition|at range low|messy|contracting,7,-30.8833,28.57,-2.16,1,230.1606,100.0,2.3,-1.62,UNRELIABLE,,
trend,ADX/DMI DI-cross+ADX>thresh,1h,short,transition|at range low|messy|contracting,34,5.7703,41.18,1.96,7,-83.3221,14.29,-5.83,-6.13,UNRELIABLE,,
trend,ADX/DMI DI-cross+ADX>thresh,1h,long,downtrend|at range low|messy|expanding,0,0.0,0.0,0.0,0,0.0,0.0,0.0,0.0,UNRELIABLE,,
trend,ADX/DMI DI-cross+ADX>thresh,1h,short,downtrend|at range low|messy|expanding,20,25.6115,45.0,5.12,4,52.2797,50.0,2.09,-3.35,UNRELIABLE,,
trend,ADX/DMI DI-cross+ADX>thresh,1h,long,transition|at range low|messy|expanding,1,-132.7237,0.0,-1.33,1,-132.3464,0.0,-1.32,-1.32,UNRELIABLE,,
trend,ADX/DMI DI-cross+ADX>thresh,1h,short,transition|at range low|messy|expanding,42,18.9383,45.24,7.95,16,-21.542,25.0,-3.45,-6.34,FAIL,,
trend,ADX/DMI DI-cross+ADX>thresh,1h,long,transition|mid range|clean|contracting,12,-11.2123,41.67,-1.35,4,-79.3712,0.0,-3.17,-3.44,UNRELIABLE,,
trend,ADX/DMI DI-cross+ADX>thresh,1h,short,transition|mid range|clean|contracting,12,50.9342,58.33,6.11,1,-131.3156,0.0,-1.31,-1.63,UNRELIABLE,,
trend,ADX/DMI DI-cross+ADX>thresh,1h,long,transition|mid range|clean|expanding,14,132.5021,78.57,18.55,6,105.1289,66.67,6.31,-1.57,UNRELIABLE,,
trend,ADX/DMI DI-cross+ADX>thresh,1h,short,transition|mid range|clean|expanding,26,-12.1028,30.77,-3.15,8,-45.0471,12.5,-3.6,-6.98,FAIL,,
trend,ADX/DMI DI-cross+ADX>thresh,1h,long,transition|mid range|messy|stalling,9,-90.5284,11.11,-8.15,4,50.6152,50.0,2.02,-1.71,UNRELIABLE,,
trend,ADX/DMI DI-cross+ADX>thresh,1h,short,transition|mid range|messy|stalling,13,-7.3952,38.46,-0.96,1,-51.2576,0.0,-0.51,-1.86,UNRELIABLE,,
trend,ADX/DMI DI-cross+ADX>thresh,1h,long,transition|at range high|clean|contracting,20,-3.6585,40.0,-0.73,6,142.7586,83.33,8.57,-2.7,UNRELIABLE,,
trend,ADX/DMI DI-cross+ADX>thresh,1h,short,transition|at range high|clean|contracting,6,76.262,50.0,4.58,2,-131.4877,0.0,-2.63,-2.63,UNRELIABLE,,
trend,ADX/DMI DI-cross+ADX>thresh,1h,long,downtrend|pulling back in trend|clean|contracting,5,-62.0428,20.0,-3.1,3,-19.9087,33.33,-0.6,-2.16,UNRELIABLE,,
trend,ADX/DMI DI-cross+ADX>thresh,1h,short,downtrend|pulling back in trend|clean|contracting,5,-126.9342,0.0,-6.35,3,-130.1386,0.0,-3.9,-3.9,UNRELIABLE,,
trend,ADX/DMI DI-cross+ADX>thresh,1h,long,uptrend|pulling back in trend|clean|contracting,8,-24.8679,25.0,-1.99,2,-131.7783,0.0,-2.64,-2.64,UNRELIABLE,,
trend,ADX/DMI DI-cross+ADX>thresh,1h,short,uptrend|pulling back in trend|clean|contracting,11,17.7761,45.45,1.96,3,-59.1503,33.33,-1.77,-2.58,UNRELIABLE,,
trend,ADX/DMI DI-cross+ADX>thresh,1h,long,uptrend|at range high|clean|contracting,15,55.9138,53.33,8.39,3,-13.2872,33.33,-0.4,-2.71,UNRELIABLE,,
trend,ADX/DMI DI-cross+ADX>thresh,1h,short,uptrend|at range high|clean|contracting,3,-111.9236,0.0,-3.36,1,240.4522,100.0,2.4,-0.65,UNRELIABLE,,
trend,ADX/DMI DI-cross+ADX>thresh,1h,long,uptrend|pulling back in trend|clean|expanding,9,-70.8401,11.11,-6.38,2,51.3686,50.0,1.03,-1.32,UNRELIABLE,,
trend,ADX/DMI DI-cross+ADX>thresh,1h,short,uptrend|pulling back in trend|clean|expanding,21,-37.0838,23.81,-7.79,7,-106.9573,14.29,-7.49,-7.97,UNRELIABLE,,
trend,ADX/DMI DI-cross+ADX>thresh,1h,long,downtrend|pulling back in trend|clean|expanding,8,13.7997,37.5,1.1,4,-41.2402,25.0,-1.65,-3.94,UNRELIABLE,,
trend,ADX/DMI DI-cross+ADX>thresh,1h,short,downtrend|pulling back in trend|clean|expanding,6,-62.3397,16.67,-3.74,2,53.8247,50.0,1.08,-1.89,UNRELIABLE,,
trend,ADX/DMI DI-cross+ADX>thresh,1h,long,transition|at range high|clean|expanding,28,2.9321,35.71,0.82,15,3.9097,33.33,0.59,-4.68,SURVIVOR,,
trend,ADX/DMI DI-cross+ADX>thresh,1h,short,transition|at range high|clean|expanding,2,243.5751,100.0,4.87,0,0.0,0.0,0.0,0.0,UNRELIABLE,,
trend,ADX/DMI DI-cross+ADX>thresh,1h,long,transition|at range low|clean|contracting,2,156.9081,100.0,3.14,2,61.4345,50.0,1.23,-1.13,UNRELIABLE,,
trend,ADX/DMI DI-cross+ADX>thresh,1h,short,transition|at range low|clean|contracting,10,22.96,50.0,2.3,8,11.9973,37.5,0.96,-4.38,UNRELIABLE,,
trend,ADX/DMI DI-cross+ADX>thresh,1h,long,downtrend|at range high|messy|contracting,17,22.1079,41.18,3.76,6,13.9366,50.0,0.84,-2.66,UNRELIABLE,,
trend,ADX/DMI DI-cross+ADX>thresh,1h,short,downtrend|at range high|messy|contracting,1,-129.778,0.0,-1.3,2,-131.3381,0.0,-2.63,-3.52,UNRELIABLE,,
trend,ADX/DMI DI-cross+ADX>thresh,1h,long,uptrend|at range high|clean|expanding,21,-32.0228,33.33,-6.72,3,-84.9093,33.33,-2.55,-3.77,UNRELIABLE,,
trend,ADX/DMI DI-cross+ADX>thresh,1h,short,uptrend|at range high|clean|expanding,3,115.5821,66.67,3.47,1,240.46,100.0,2.4,-1.82,UNRELIABLE,,
trend,ADX/DMI DI-cross+ADX>thresh,1h,long,downtrend|at range low|clean|contracting,0,0.0,0.0,0.0,0,0.0,0.0,0.0,0.0,UNRELIABLE,,
trend,ADX/DMI DI-cross+ADX>thresh,1h,short,downtrend|at range low|clean|contracting,7,51.9794,57.14,3.64,2,212.4779,100.0,4.25,-0.84,UNRELIABLE,,
trend,ADX/DMI DI-cross+ADX>thresh,1h,long,downtrend|pulling back in trend|messy|stalling,6,29.0616,33.33,1.74,1,-132.3464,0.0,-1.32,-1.32,UNRELIABLE,,
trend,ADX/DMI DI-cross+ADX>thresh,1h,short,downtrend|pulling back in trend|messy|stalling,9,-29.7981,33.33,-2.68,1,-132.5686,0.0,-1.33,-1.33,UNRELIABLE,,
trend,ADX/DMI DI-cross+ADX>thresh,1h,long,uptrend|at range high|messy|stalling,9,-41.2128,33.33,-3.71,4,138.3323,100.0,5.53,-1.26,UNRELIABLE,,
trend,ADX/DMI DI-cross+ADX>thresh,1h,short,uptrend|at range high|messy|stalling,1,4.6782,100.0,0.05,0,0.0,0.0,0.0,0.0,UNRELIABLE,,
trend,ADX/DMI DI-cross+ADX>thresh,1h,long,transition|at range low|clean|expanding,0,0.0,0.0,0.0,0,0.0,0.0,0.0,0.0,UNRELIABLE,,
trend,ADX/DMI DI-cross+ADX>thresh,1h,short,transition|at range low|clean|expanding,33,-4.9228,36.36,-1.62,11,-19.358,36.36,-2.13,-6.63,FAIL,,
trend,ADX/DMI DI-cross+ADX>thresh,1h,long,uptrend|pulling back in trend|messy|stalling,6,-45.5354,33.33,-2.73,0,0.0,0.0,0.0,0.0,UNRELIABLE,,
trend,ADX/DMI DI-cross+ADX>thresh,1h,short,uptrend|pulling back in trend|messy|stalling,6,-2.1233,33.33,-0.13,3,-8.3695,33.33,-0.25,-3.6,UNRELIABLE,,
trend,ADX/DMI DI-cross+ADX>thresh,1h,long,uptrend|at range low|messy|contracting,6,92.3793,83.33,5.54,0,0.0,0.0,0.0,0.0,UNRELIABLE,,
trend,ADX/DMI DI-cross+ADX>thresh,1h,short,uptrend|at range low|messy|contracting,21,-28.0649,33.33,-5.89,8,5.3453,37.5,0.43,-4.24,FAIL,,
trend,ADX/DMI DI-cross+ADX>thresh,1h,long,downtrend|at range high|messy|expanding,38,-9.585,39.47,-3.64,11,15.6722,45.45,1.72,-5.34,FAIL,,
trend,ADX/DMI DI-cross+ADX>thresh,1h,short,downtrend|at range high|messy|expanding,2,191.0273,100.0,3.82,2,170.9989,100.0,3.42,-1.21,UNRELIABLE,,
trend,ADX/DMI DI-cross+ADX>thresh,1h,long,uptrend|at range low|messy|expanding,1,-133.2196,0.0,-1.33,0,0.0,0.0,0.0,0.0,UNRELIABLE,,
trend,ADX/DMI DI-cross+ADX>thresh,1h,short,uptrend|at range low|messy|expanding,36,7.3779,41.67,2.66,12,57.6515,58.33,6.92,-3.92,SURVIVOR,,
trend,ADX/DMI DI-cross+ADX>thresh,1h,long,downtrend|at range low|clean|expanding,0,0.0,0.0,0.0,0,0.0,0.0,0.0,0.0,UNRELIABLE,,
trend,ADX/DMI DI-cross+ADX>thresh,1h,short,downtrend|at range low|clean|expanding,8,-63.1112,25.0,-5.05,1,-130.803,0.0,-1.31,-1.31,UNRELIABLE,,
trend,ADX/DMI DI-cross+ADX>thresh,15m,long,transition|mid range|messy|contracting,84,-1.1909,39.29,-1.0,29,16.4015,48.28,4.76,-4.86,FAIL,1.1589,0.3338
trend,ADX/DMI DI-cross+ADX>thresh,15m,short,transition|mid range|messy|contracting,112,-2.5954,40.18,-2.91,39,-4.1554,33.33,-1.62,-6.18,FAIL,1.5534,2.2698
trend,ADX/DMI DI-cross+ADX>thresh,15m,long,transition|mid range|messy|expanding,90,-14.5289,31.11,-13.08,44,6.6654,43.18,2.93,-3.67,FAIL,,0.5555
trend,ADX/DMI DI-cross+ADX>thresh,15m,short,transition|mid range|messy|expanding,133,-9.3613,34.59,-12.45,48,-10.5935,35.42,-5.08,-8.27,FAIL,,
trend,ADX/DMI DI-cross+ADX>thresh,15m,long,downtrend|pulling back in trend|messy|contracting,45,-5.9618,35.56,-2.68,10,2.1221,40.0,0.21,-3.86,FAIL,3.3465,0.8016
trend,ADX/DMI DI-cross+ADX>thresh,15m,short,downtrend|pulling back in trend|messy|contracting,64,-17.415,26.56,-11.15,14,-16.5337,28.57,-2.31,-4.2,FAIL,,
trend,ADX/DMI DI-cross+ADX>thresh,15m,long,uptrend|at range high|messy|contracting,112,-5.3013,36.61,-5.94,34,-3.3937,38.24,-1.15,-7.72,FAIL,2.7759,1.6717
trend,ADX/DMI DI-cross+ADX>thresh,15m,short,uptrend|at range high|messy|contracting,24,9.7103,45.83,2.33,8,23.7058,50.0,1.9,-1.75,SURVIVOR,0.3954,0.2135
trend,ADX/DMI DI-cross+ADX>thresh,15m,long,uptrend|pulling back in trend|messy|contracting,72,-4.4708,38.89,-3.22,18,24.4665,55.56,4.4,-2.12,FAIL,2.2145,0.2382
trend,ADX/DMI DI-cross+ADX>thresh,15m,short,uptrend|pulling back in trend|messy|contracting,64,-2.7463,35.94,-1.76,22,36.4019,59.09,8.01,-2.19,FAIL,1.5532,0.1558
trend,ADX/DMI DI-cross+ADX>thresh,15m,long,downtrend|pulling back in trend|messy|expanding,95,-10.9554,33.68,-10.41,36,2.5509,41.67,0.92,-4.29,FAIL,,0.7639
trend,ADX/DMI DI-cross+ADX>thresh,15m,short,downtrend|pulling back in trend|messy|expanding,64,2.8372,42.19,1.82,19,-23.8905,26.32,-4.54,-5.57,FAIL,0.7207,
trend,ADX/DMI DI-cross+ADX>thresh,15m,long,uptrend|pulling back in trend|messy|expanding,65,8.0264,44.62,5.22,13,-20.0678,30.77,-2.61,-4.94,FAIL,0.5131,
trend,ADX/DMI DI-cross+ADX>thresh,15m,short,uptrend|pulling back in trend|messy|expanding,114,-15.8855,28.95,-18.11,36,-23.648,25.0,-8.51,-8.57,FAIL,,
trend,ADX/DMI DI-cross+ADX>thresh,15m,long,transition|at range high|messy|contracting,119,-8.0069,34.45,-9.53,43,-16.917,27.91,-7.27,-9.53,FAIL,22.369,
trend,ADX/DMI DI-cross+ADX>thresh,15m,short,transition|at range high|messy|contracting,41,0.8821,41.46,0.36,10,2.322,40.0,0.23,-3.23,SURVIVOR,0.8969,0.7823
trend,ADX/DMI DI-cross+ADX>thresh,15m,long,uptrend|at range high|messy|expanding,110,-16.9872,27.27,-18.69,30,-11.9482,33.33,-3.58,-5.24,FAIL,,
trend,ADX/DMI DI-cross+ADX>thresh,15m,short,uptrend|at range high|messy|expanding,16,-1.998,37.5,-0.32,0,0.0,0.0,0.0,0.0,UNRELIABLE,1.3843,
trend,ADX/DMI DI-cross+ADX>thresh,15m,long,transition|mid range|clean|contracting,45,-16.1566,28.89,-7.27,24,-8.378,37.5,-2.01,-5.24,FAIL,,19.98
trend,ADX/DMI DI-cross+ADX>thresh,15m,short,transition|mid range|clean|contracting,63,-10.4622,33.33,-6.59,28,3.1372,42.86,0.88,-4.28,FAIL,,0.708
trend,ADX/DMI DI-cross+ADX>thresh,15m,long,downtrend|at range low|messy|contracting,10,-7.1743,50.0,-0.72,2,105.0559,100.0,2.1,-0.32,UNRELIABLE,56.8908,0.0365
trend,ADX/DMI DI-cross+ADX>thresh,15m,short,downtrend|at range low|messy|contracting,80,-5.6703,35.0,-4.54,26,5.9384,38.46,1.54,-5.42,FAIL,4.2306,0.5382
trend,ADX/DMI DI-cross+ADX>thresh,15m,long,transition|at range high|messy|expanding,154,-6.6145,36.36,-10.19,55,-0.0903,41.82,-0.05,-5.2,FAIL,4.9703,1.0108
trend,ADX/DMI DI-cross+ADX>thresh,15m,short,transition|at range high|messy|expanding,17,11.6532,41.18,1.98,3,-8.9142,33.33,-0.27,-1.93,UNRELIABLE,0.3744,
trend,ADX/DMI DI-cross+ADX>thresh,15m,long,transition|at range low|messy|contracting,15,-4.3559,40.0,-0.65,7,-17.4663,28.57,-1.22,-3.3,UNRELIABLE,2.1236,
trend,ADX/DMI DI-cross+ADX>thresh,15m,short,transition|at range low|messy|contracting,105,-6.8929,34.29,-7.24,37,-27.2668,24.32,-10.09,-10.84,FAIL,10.0921,
trend,ADX/DMI DI-cross+ADX>thresh,15m,long,transition|mid range|clean|expanding,87,-0.2511,37.93,-0.22,22,4.8592,45.45,1.07,-4.98,FAIL,1.0311,0.6332
trend,ADX/DMI DI-cross+ADX>thresh,15m,short,transition|mid range|clean|expanding,94,-11.5336,31.91,-10.84,34,-11.5217,32.35,-3.92,-5.34,FAIL,,
trend,ADX/DMI DI-cross+ADX>thresh,15m,long,downtrend|at range low|messy|expanding,14,8.471,42.86,1.19,7,11.4453,42.86,0.8,-1.3,UNRELIABLE,0.4758,0.4093
trend,ADX/DMI DI-cross+ADX>thresh,15m,short,downtrend|at range low|messy|expanding,104,-4.067,38.46,-4.23,28,-17.1505,28.57,-4.8,-6.27,FAIL,2.2024,
trend,ADX/DMI DI-cross+ADX>thresh,15m,long,transition|at range low|messy|expanding,10,2.4653,40.0,0.25,1,-65.1919,0.0,-0.65,-0.65,UNRELIABLE,0.7646,
trend,ADX/DMI DI-cross+ADX>thresh,15m,short,transition|at range low|messy|expanding,167,-7.1488,34.13,-11.94,62,-13.028,30.65,-8.08,-11.26,FAIL,23.2509,
trend,ADX/DMI DI-cross+ADX>thresh,15m,long,downtrend|pulling back in trend|clean|contracting,34,23.775,52.94,8.08,8,40.6252,62.5,3.25,-1.31,SURVIVOR,0.2421,0.1512
trend,ADX/DMI DI-cross+ADX>thresh,15m,short,downtrend|pulling back in trend|clean|contracting,36,-22.4588,30.56,-8.09,11,-58.9063,0.0,-6.48,-6.62,FAIL,,
trend,ADX/DMI DI-cross+ADX>thresh,15m,long,uptrend|pulling back in trend|clean|contracting,48,-17.4896,29.17,-8.4,16,-23.0305,25.0,-3.68,-5.75,FAIL,,
trend,ADX/DMI DI-cross+ADX>thresh,15m,short,uptrend|pulling back in trend|clean|contracting,31,-4.3999,35.48,-1.36,10,-14.1649,30.0,-1.42,-4.15,FAIL,2.354,
trend,ADX/DMI DI-cross+ADX>thresh,15m,long,uptrend|at range high|clean|contracting,65,7.6488,46.15,4.97,22,1.3714,40.91,0.3,-2.72,SURVIVOR,0.5376,0.8574
trend,ADX/DMI DI-cross+ADX>thresh,15m,short,uptrend|at range high|clean|contracting,16,11.2848,50.0,1.81,3,-8.5754,33.33,-0.26,-1.23,UNRELIABLE,0.3669,
trend,ADX/DMI DI-cross+ADX>thresh,15m,long,downtrend|pulling back in trend|clean|expanding,61,-12.2013,32.79,-7.44,20,19.3954,50.0,3.88,-3.28,FAIL,,0.2859
trend,ADX/DMI DI-cross+ADX>thresh,15m,short,downtrend|pulling back in trend|clean|expanding,33,-26.1354,24.24,-8.62,19,-27.0924,21.05,-5.15,-5.16,FAIL,,
trend,ADX/DMI DI-cross+ADX>thresh,15m,long,uptrend|pulling back in trend|clean|expanding,26,-9.7294,30.77,-2.53,19,-17.6792,26.32,-3.36,-4.99,FAIL,,
trend,ADX/DMI DI-cross+ADX>thresh,15m,short,uptrend|pulling back in trend|clean|expanding,89,17.0874,51.69,15.21,36,7.5094,44.44,2.7,-7.78,SURVIVOR,0.2972,0.5007
trend,ADX/DMI DI-cross+ADX>thresh,15m,long,transition|at range high|clean|contracting,83,7.2029,44.58,5.98,26,-6.9741,34.62,-1.81,-7.88,FAIL,0.5465,4.7677
trend,ADX/DMI DI-cross+ADX>thresh,15m,short,transition|at range high|clean|contracting,16,-12.2993,37.5,-1.97,7,7.4204,42.86,0.52,-1.45,UNRELIABLE,,0.5097
trend,ADX/DMI DI-cross+ADX>thresh,15m,long,transition|mid range|messy|stalling,37,-11.2645,29.73,-4.17,18,11.4444,50.0,2.06,-1.82,FAIL,,0.4023
trend,ADX/DMI DI-cross+ADX>thresh,15m,short,transition|mid range|messy|stalling,42,-22.8409,26.19,-9.59,11,6.4877,45.45,0.71,-1.95,FAIL,,0.5377
trend,ADX/DMI DI-cross+ADX>thresh,15m,long,transition|at range high|clean|expanding,124,-18.1922,29.03,-22.56,48,-2.6623,37.5,-1.28,-6.88,FAIL,,1.4485
trend,ADX/DMI DI-cross+ADX>thresh,15m,short,transition|at range high|clean|expanding,16,4.0481,43.75,0.65,4,-63.3215,0.0,-2.53,-2.53,UNRELIABLE,0.6321,
trend,ADX/DMI DI-cross+ADX>thresh,15m,long,uptrend|at range high|clean|expanding,77,0.0777,42.86,0.06,17,-3.2645,35.29,-0.55,-4.11,FAIL,0.9912,1.6614
trend,ADX/DMI DI-cross+ADX>thresh,15m,short,uptrend|at range high|clean|expanding,11,-15.7834,27.27,-1.74,0,0.0,0.0,0.0,0.0,UNRELIABLE,,
trend,ADX/DMI DI-cross+ADX>thresh,15m,long,downtrend|at range low|clean|contracting,6,47.9322,66.67,2.88,0,0.0,0.0,0.0,0.0,UNRELIABLE,0.1224,
trend,ADX/DMI DI-cross+ADX>thresh,15m,short,downtrend|at range low|clean|contracting,52,-18.1363,26.92,-9.43,17,-20.3742,29.41,-3.46,-5.2,FAIL,,
trend,ADX/DMI DI-cross+ADX>thresh,15m,long,transition|at range low|clean|contracting,9,-30.8296,22.22,-2.77,3,-20.6484,33.33,-0.62,-1.74,UNRELIABLE,,
trend,ADX/DMI DI-cross+ADX>thresh,15m,short,transition|at range low|clean|contracting,60,-2.2543,38.33,-1.35,22,-12.5706,31.82,-2.77,-5.99,FAIL,1.4035,
trend,ADX/DMI DI-cross+ADX>thresh,15m,long,transition|at range low|clean|expanding,5,-64.5337,0.0,-3.23,2,-53.1951,0.0,-1.06,-1.44,UNRELIABLE,,
trend,ADX/DMI DI-cross+ADX>thresh,15m,short,transition|at range low|clean|expanding,118,-7.7117,36.44,-9.1,37,4.6331,43.24,1.71,-3.66,FAIL,57.4773,0.6237
trend,ADX/DMI DI-cross+ADX>thresh,15m,long,downtrend|at range low|clean|expanding,4,-64.5034,0.0,-2.58,1,-65.3376,0.0,-0.65,-0.98,UNRELIABLE,,
trend,ADX/DMI DI-cross+ADX>thresh,15m,short,downtrend|at range low|clean|expanding,79,-17.4515,27.85,-13.79,21,-0.6599,38.1,-0.14,-5.08,FAIL,,1.0898
trend,ADX/DMI DI-cross+ADX>thresh,15m,long,downtrend|pulling back in trend|messy|stalling,17,-10.0909,29.41,-1.72,7,31.4318,57.14,2.2,-1.41,UNRELIABLE,,0.1882
trend,ADX/DMI DI-cross+ADX>thresh,15m,short,downtrend|pulling back in trend|messy|stalling,10,19.601,50.0,1.96,2,-64.9599,0.0,-1.3,-1.5,UNRELIABLE,0.2744,
trend,ADX/DMI DI-cross+ADX>thresh,15m,long,downtrend|at range high|messy|contracting,59,7.313,42.37,4.31,25,-11.4173,32.0,-2.85,-5.08,FAIL,0.5368,
trend,ADX/DMI DI-cross+ADX>thresh,15m,short,downtrend|at range high|messy|contracting,12,-1.5851,41.67,-0.19,8,-43.382,12.5,-3.47,-4.07,UNRELIABLE,1.2503,
trend,ADX/DMI DI-cross+ADX>thresh,15m,long,uptrend|pulling back in trend|messy|stalling,14,-9.2304,28.57,-1.29,10,1.7571,40.0,0.18,-2.59,UNRELIABLE,,0.8321
trend,ADX/DMI DI-cross+ADX>thresh,15m,short,uptrend|pulling back in trend|messy|stalling,27,-17.0548,29.63,-4.6,10,23.545,60.0,2.35,-2.37,FAIL,,0.2125
trend,ADX/DMI DI-cross+ADX>thresh,15m,long,downtrend|at range high|messy|expanding,113,-14.772,30.09,-16.69,38,-24.2812,26.32,-9.23,-10.74,FAIL,,
trend,ADX/DMI DI-cross+ADX>thresh,15m,short,downtrend|at range high|messy|expanding,8,-43.2827,12.5,-3.46,0,0.0,0.0,0.0,0.0,UNRELIABLE,,
trend,ADX/DMI DI-cross+ADX>thresh,15m,long,uptrend|at range high|messy|stalling,31,-24.3451,25.81,-7.55,12,4.6256,41.67,0.56,-2.59,FAIL,,0.6521
trend,ADX/DMI DI-cross+ADX>thresh,15m,short,uptrend|at range high|messy|stalling,5,-50.5675,0.0,-2.53,1,104.5363,100.0,1.05,0.0,UNRELIABLE,,0.0362
trend,SuperTrend,1h,long,transition|mid range|messy|contracting,1,-132.464,0.0,-1.32,1,-132.3495,0.0,-1.32,-1.32,UNRELIABLE,,
trend,SuperTrend,1h,short,transition|mid range|messy|contracting,2,-18.9823,0.0,-0.38,0,0.0,0.0,0.0,0.0,UNRELIABLE,,
trend,SuperTrend,1h,long,transition|mid range|messy|expanding,2,-131.4706,0.0,-2.63,1,-132.4702,0.0,-1.32,-1.32,UNRELIABLE,,
trend,SuperTrend,1h,short,transition|mid range|messy|expanding,3,85.4576,66.67,2.56,1,241.4432,100.0,2.41,-0.54,UNRELIABLE,,
trend,SuperTrend,1h,long,uptrend|at range high|messy|contracting,5,110.8879,60.0,5.54,0,0.0,0.0,0.0,0.0,UNRELIABLE,,
trend,SuperTrend,1h,short,uptrend|at range high|messy|contracting,0,,,,0,,,,,NO-TRADES,,
trend,SuperTrend,1h,long,downtrend|pulling back in trend|messy|contracting,0,,,,0,,,,,NO-TRADES,,
trend,SuperTrend,1h,short,downtrend|pulling back in trend|messy|contracting,0,,,,0,,,,,NO-TRADES,,
trend,SuperTrend,1h,long,uptrend|pulling back in trend|messy|contracting,0,,,,0,,,,,NO-TRADES,,
trend,SuperTrend,1h,short,uptrend|pulling back in trend|messy|contracting,1,241.5357,100.0,2.42,0,0.0,0.0,0.0,0.0,UNRELIABLE,,
trend,SuperTrend,1h,long,uptrend|at range high|messy|expanding,18,-4.4203,38.89,-0.8,2,-131.5318,0.0,-2.63,-2.63,UNRELIABLE,,
trend,SuperTrend,1h,short,uptrend|at range high|messy|expanding,0,,,,0,,,,,NO-TRADES,,
trend,SuperTrend,1h,long,downtrend|pulling back in trend|messy|expanding,2,-131.5934,0.0,-2.63,1,237.6998,100.0,2.38,-0.28,UNRELIABLE,,
trend,SuperTrend,1h,short,downtrend|pulling back in trend|messy|expanding,1,246.0829,100.0,2.46,1,-132.1017,0.0,-1.32,-1.34,UNRELIABLE,,
trend,SuperTrend,1h,long,transition|at range high|messy|contracting,5,-64.2241,20.0,-3.21,5,-130.0214,0.0,-6.5,-6.5,UNRELIABLE,,
trend,SuperTrend,1h,short,transition|at range high|messy|contracting,0,,,,0,,,,,NO-TRADES,,
trend,SuperTrend,1h,long,uptrend|pulling back in trend|messy|expanding,3,-130.3189,0.0,-3.91,0,0.0,0.0,0.0,0.0,UNRELIABLE,,
trend,SuperTrend,1h,short,uptrend|pulling back in trend|messy|expanding,3,-10.1944,33.33,-0.31,0,0.0,0.0,0.0,0.0,UNRELIABLE,,
trend,SuperTrend,1h,long,transition|at range high|messy|expanding,19,-15.4029,36.84,-2.93,10,-59.0106,20.0,-5.9,-7.04,UNRELIABLE,,
trend,SuperTrend,1h,short,transition|at range high|messy|expanding,0,,,,0,,,,,NO-TRADES,,
trend,SuperTrend,1h,long,downtrend|at range low|messy|contracting,0,,,,0,,,,,NO-TRADES,,
trend,SuperTrend,1h,short,downtrend|at range low|messy|contracting,2,52.2697,50.0,1.05,3,-99.6557,0.0,-2.99,-3.99,UNRELIABLE,,
trend,SuperTrend,1h,long,transition|at range low|messy|contracting,0,,,,0,,,,,NO-TRADES,,
trend,SuperTrend,1h,short,transition|at range low|messy|contracting,8,-0.9619,37.5,-0.08,3,114.8559,66.67,3.45,-1.33,UNRELIABLE,,
trend,SuperTrend,1h,long,downtrend|at range low|messy|expanding,0,,,,0,,,,,NO-TRADES,,
trend,SuperTrend,1h,short,downtrend|at range low|messy|expanding,12,-101.8468,8.33,-12.22,3,-130.579,0.0,-3.92,-3.92,UNRELIABLE,,
trend,SuperTrend,1h,long,transition|at range low|messy|expanding,0,,,,0,,,,,NO-TRADES,,
trend,SuperTrend,1h,short,transition|at range low|messy|expanding,19,-14.0568,31.58,-2.67,10,-56.9285,20.0,-5.69,-6.19,UNRELIABLE,,
trend,SuperTrend,1h,long,transition|mid range|clean|contracting,0,,,,0,,,,,NO-TRADES,,
trend,SuperTrend,1h,short,transition|mid range|clean|contracting,1,61.7637,100.0,0.62,0,0.0,0.0,0.0,0.0,UNRELIABLE,,
trend,SuperTrend,1h,long,transition|mid range|clean|expanding,1,238.7396,100.0,2.39,0,0.0,0.0,0.0,0.0,UNRELIABLE,,
trend,SuperTrend,1h,short,transition|mid range|clean|expanding,3,-8.8949,33.33,-0.27,0,0.0,0.0,0.0,0.0,UNRELIABLE,,
trend,SuperTrend,1h,long,transition|mid range|messy|stalling,0,,,,0,,,,,NO-TRADES,,
trend,SuperTrend,1h,short,transition|mid range|messy|stalling,1,42.9302,100.0,0.43,0,0.0,0.0,0.0,0.0,UNRELIABLE,,
trend,SuperTrend,1h,long,transition|at range high|clean|contracting,7,-16.2982,42.86,-1.14,0,0.0,0.0,0.0,0.0,UNRELIABLE,,
trend,SuperTrend,1h,short,transition|at range high|clean|contracting,0,,,,0,,,,,NO-TRADES,,
trend,SuperTrend,1h,long,downtrend|pulling back in trend|clean|contracting,0,,,,0,,,,,NO-TRADES,,
trend,SuperTrend,1h,short,downtrend|pulling back in trend|clean|contracting,0,,,,0,,,,,NO-TRADES,,
trend,SuperTrend,1h,long,uptrend|pulling back in trend|clean|contracting,0,0.0,0.0,0.0,0,0.0,0.0,0.0,0.0,UNRELIABLE,,
trend,SuperTrend,1h,short,uptrend|pulling back in trend|clean|contracting,0,0.0,0.0,0.0,0,0.0,0.0,0.0,0.0,UNRELIABLE,,
trend,SuperTrend,1h,long,uptrend|at range high|clean|contracting,3,-9.2031,33.33,-0.28,1,-132.3464,0.0,-1.32,-1.32,UNRELIABLE,,
trend,SuperTrend,1h,short,uptrend|at range high|clean|contracting,0,,,,0,,,,,NO-TRADES,,
trend,SuperTrend,1h,long,uptrend|pulling back in trend|clean|expanding,1,-132.5528,0.0,-1.33,0,0.0,0.0,0.0,0.0,UNRELIABLE,,
trend,SuperTrend,1h,short,uptrend|pulling back in trend|clean|expanding,5,-32.5173,20.0,-1.63,0,0.0,0.0,0.0,0.0,UNRELIABLE,,
trend,SuperTrend,1h,long,downtrend|pulling back in trend|clean|expanding,1,-132.3464,0.0,-1.32,0,0.0,0.0,0.0,0.0,UNRELIABLE,,
trend,SuperTrend,1h,short,downtrend|pulling back in trend|clean|expanding,1,240.0894,100.0,2.4,1,-129.6851,0.0,-1.3,-1.89,UNRELIABLE,,
trend,SuperTrend,1h,long,transition|at range high|clean|expanding,18,-51.2064,16.67,-9.22,3,59.8309,66.67,1.79,-1.6,UNRELIABLE,,
trend,SuperTrend,1h,short,transition|at range high|clean|expanding,0,,,,0,,,,,NO-TRADES,,
trend,SuperTrend,1h,long,transition|at range low|clean|contracting,0,,,,0,,,,,NO-TRADES,,
trend,SuperTrend,1h,short,transition|at range low|clean|contracting,4,-104.4206,0.0,-4.18,0,0.0,0.0,0.0,0.0,UNRELIABLE,,
trend,SuperTrend,1h,long,downtrend|at range high|messy|contracting,4,-9.6563,25.0,-0.39,3,-131.0087,0.0,-3.93,-4.57,UNRELIABLE,,
trend,SuperTrend,1h,short,downtrend|at range high|messy|contracting,0,,,,0,,,,,NO-TRADES,,
trend,SuperTrend,1h,long,uptrend|at range high|clean|expanding,7,45.8817,57.14,3.21,1,-33.0519,0.0,-0.33,-1.76,UNRELIABLE,,
trend,SuperTrend,1h,short,uptrend|at range high|clean|expanding,0,,,,0,,,,,NO-TRADES,,
trend,SuperTrend,1h,long,downtrend|at range low|clean|contracting,0,,,,0,,,,,NO-TRADES,,
trend,SuperTrend,1h,short,downtrend|at range low|clean|contracting,4,-40.6239,25.0,-1.62,0,0.0,0.0,0.0,0.0,UNRELIABLE,,
trend,SuperTrend,1h,long,downtrend|pulling back in trend|messy|stalling,1,239.2532,100.0,2.39,0,0.0,0.0,0.0,0.0,UNRELIABLE,,
trend,SuperTrend,1h,short,downtrend|pulling back in trend|messy|stalling,0,,,,0,,,,,NO-TRADES,,
trend,SuperTrend,1h,long,uptrend|at range high|messy|stalling,0,0.0,0.0,0.0,1,-132.3464,0.0,-1.32,-1.32,UNRELIABLE,,
trend,SuperTrend,1h,short,uptrend|at range high|messy|stalling,0,,,,0,,,,,NO-TRADES,,
trend,SuperTrend,1h,long,transition|at range low|clean|expanding,0,,,,0,,,,,NO-TRADES,,
trend,SuperTrend,1h,short,transition|at range low|clean|expanding,19,23.3765,42.11,4.44,8,-58.7901,25.0,-4.7,-6.33,UNRELIABLE,,
trend,SuperTrend,1h,long,uptrend|pulling back in trend|messy|stalling,0,,,,0,,,,,NO-TRADES,,
trend,SuperTrend,1h,short,uptrend|pulling back in trend|messy|stalling,1,178.3557,100.0,1.78,0,0.0,0.0,0.0,0.0,UNRELIABLE,,
trend,SuperTrend,1h,long,uptrend|at range low|messy|contracting,0,,,,0,,,,,NO-TRADES,,
trend,SuperTrend,1h,short,uptrend|at range low|messy|contracting,7,-53.5867,28.57,-3.75,5,32.1516,60.0,1.61,-2.73,UNRELIABLE,,
trend,SuperTrend,1h,long,downtrend|at range high|messy|expanding,10,-22.5194,30.0,-2.25,7,12.934,42.86,0.91,-2.73,UNRELIABLE,,
trend,SuperTrend,1h,short,downtrend|at range high|messy|expanding,0,,,,0,,,,,NO-TRADES,,
trend,SuperTrend,1h,long,uptrend|at range low|messy|expanding,0,,,,0,,,,,NO-TRADES,,
trend,SuperTrend,1h,short,uptrend|at range low|messy|expanding,25,15.1171,44.0,3.78,10,52.8555,50.0,5.29,-3.97,SURVIVOR,,
trend,SuperTrend,1h,long,downtrend|at range low|clean|expanding,0,,,,0,,,,,NO-TRADES,,
trend,SuperTrend,1h,short,downtrend|at range low|clean|expanding,4,53.0612,50.0,2.12,1,239.031,100.0,2.39,0.0,UNRELIABLE,,
trend,SuperTrend,15m,long,transition|mid range|messy|contracting,6,-64.2486,0.0,-3.85,0,0.0,0.0,0.0,0.0,UNRELIABLE,,
trend,SuperTrend,15m,short,transition|mid range|messy|contracting,4,-52.5155,0.0,-2.1,0,0.0,0.0,0.0,0.0,UNRELIABLE,,
trend,SuperTrend,15m,long,transition|mid range|messy|expanding,8,-22.939,25.0,-1.84,1,-65.1813,0.0,-0.65,-0.65,UNRELIABLE,,
trend,SuperTrend,15m,short,transition|mid range|messy|expanding,21,2.1071,42.86,0.44,0,0.0,0.0,0.0,0.0,UNRELIABLE,0.7708,
trend,SuperTrend,15m,long,downtrend|pulling back in trend|messy|contracting,2,-65.061,0.0,-1.3,1,-65.5554,0.0,-0.66,-0.66,UNRELIABLE,,
trend,SuperTrend,15m,short,downtrend|pulling back in trend|messy|contracting,2,-64.2773,0.0,-1.29,0,0.0,0.0,0.0,0.0,UNRELIABLE,,
trend,SuperTrend,15m,long,uptrend|at range high|messy|contracting,22,-16.3914,27.27,-3.61,10,54.3262,70.0,5.43,-1.0,FAIL,,0.106
trend,SuperTrend,15m,short,uptrend|at range high|messy|contracting,0,,,,0,,,,,NO-TRADES,,
trend,SuperTrend,15m,long,uptrend|pulling back in trend|messy|contracting,2,-65.0102,0.0,-1.3,0,0.0,0.0,0.0,0.0,UNRELIABLE,,
trend,SuperTrend,15m,short,uptrend|pulling back in trend|messy|contracting,3,-8.5433,33.33,-0.26,1,-65.2702,0.0,-0.65,-0.65,UNRELIABLE,,
trend,SuperTrend,15m,long,downtrend|pulling back in trend|messy|expanding,16,1.6948,43.75,0.27,0,0.0,0.0,0.0,0.0,UNRELIABLE,0.8356,
trend,SuperTrend,15m,short,downtrend|pulling back in trend|messy|expanding,6,48.5978,66.67,2.92,0,0.0,0.0,0.0,0.0,UNRELIABLE,0.1095,
trend,SuperTrend,15m,long,uptrend|pulling back in trend|messy|expanding,1,-65.2423,0.0,-0.65,0,0.0,0.0,0.0,0.0,UNRELIABLE,,
trend,SuperTrend,15m,short,uptrend|pulling back in trend|messy|expanding,19,35.9629,57.89,6.83,2,19.4537,50.0,0.39,-0.69,UNRELIABLE,0.1543,0.2731
trend,SuperTrend,15m,long,transition|at range high|messy|contracting,45,-19.2209,26.67,-8.65,17,-18.5908,29.41,-3.16,-5.74,FAIL,,
trend,SuperTrend,15m,short,transition|at range high|messy|contracting,0,,,,0,,,,,NO-TRADES,,
trend,SuperTrend,15m,long,uptrend|at range high|messy|expanding,41,-4.472,34.15,-1.83,16,-11.563,31.25,-1.85,-4.25,FAIL,2.1058,
trend,SuperTrend,15m,short,uptrend|at range high|messy|expanding,0,,,,0,,,,,NO-TRADES,,
trend,SuperTrend,15m,long,transition|mid range|clean|contracting,3,-4.4631,66.67,-0.13,0,0.0,0.0,0.0,0.0,UNRELIABLE,2.5953,
trend,SuperTrend,15m,short,transition|mid range|clean|contracting,10,-11.1418,40.0,-1.11,0,0.0,0.0,0.0,0.0,UNRELIABLE,,
trend,SuperTrend,15m,long,downtrend|at range low|messy|contracting,0,,,,0,,,,,NO-TRADES,,
trend,SuperTrend,15m,short,downtrend|at range low|messy|contracting,22,19.7883,50.0,4.35,1,-65.1572,0.0,-0.65,-0.65,UNRELIABLE,0.2742,
trend,SuperTrend,15m,long,transition|at range high|messy|expanding,69,-4.6092,36.23,-3.18,23,10.3377,43.48,2.38,-2.78,FAIL,2.282,0.4233
trend,SuperTrend,15m,short,transition|at range high|messy|expanding,0,,,,0,,,,,NO-TRADES,,
trend,SuperTrend,15m,long,transition|at range low|messy|contracting,0,,,,0,,,,,NO-TRADES,,
trend,SuperTrend,15m,short,transition|at range low|messy|contracting,30,-3.435,46.67,-1.03,15,-19.9075,26.67,-2.99,-4.06,FAIL,1.9245,
trend,SuperTrend,15m,long,transition|mid range|clean|expanding,10,-14.6191,30.0,-1.46,5,-31.3255,20.0,-1.57,-2.4,UNRELIABLE,,
trend,SuperTrend,15m,short,transition|mid range|clean|expanding,16,6.3489,43.75,1.02,7,-36.1772,14.29,-2.53,-3.81,UNRELIABLE,0.5353,
trend,SuperTrend,15m,long,downtrend|at range low|messy|expanding,1,103.1593,100.0,1.03,0,0.0,0.0,0.0,0.0,UNRELIABLE,0.0489,
trend,SuperTrend,15m,short,downtrend|at range low|messy|expanding,31,12.8702,45.16,3.99,11,9.0447,45.45,0.99,-1.88,SURVIVOR,0.3431,0.4279
trend,SuperTrend,15m,long,transition|at range low|messy|expanding,0,,,,0,,,,,NO-TRADES,,
trend,SuperTrend,15m,short,transition|at range low|messy|expanding,81,-3.6666,35.8,-2.97,30,-17.5257,26.67,-5.26,-8.71,FAIL,1.9152,
trend,SuperTrend,15m,long,downtrend|pulling back in trend|clean|contracting,6,36.4555,66.67,2.19,0,0.0,0.0,0.0,0.0,UNRELIABLE,0.1673,
trend,SuperTrend,15m,short,downtrend|pulling back in trend|clean|contracting,0,,,,0,,,,,NO-TRADES,,
trend,SuperTrend,15m,long,uptrend|pulling back in trend|clean|contracting,1,103.0943,100.0,1.03,0,0.0,0.0,0.0,0.0,UNRELIABLE,0.0495,
trend,SuperTrend,15m,short,uptrend|pulling back in trend|clean|contracting,5,3.1287,40.0,0.16,2,19.2762,50.0,0.39,-0.69,UNRELIABLE,0.7012,0.2816
trend,SuperTrend,15m,long,uptrend|at range high|clean|contracting,7,6.1016,42.86,0.43,5,50.9197,80.0,2.55,-0.65,UNRELIABLE,0.6,0.1004
trend,SuperTrend,15m,short,uptrend|at range high|clean|contracting,0,,,,0,,,,,NO-TRADES,,
trend,SuperTrend,15m,long,downtrend|pulling back in trend|clean|expanding,18,-12.5282,33.33,-2.26,4,-6.5091,50.0,-0.26,-1.13,UNRELIABLE,,6.5293
trend,SuperTrend,15m,short,downtrend|pulling back in trend|clean|expanding,2,-23.2377,50.0,-0.46,0,0.0,0.0,0.0,0.0,UNRELIABLE,,
trend,SuperTrend,15m,long,uptrend|pulling back in trend|clean|expanding,2,19.2124,50.0,0.38,0,0.0,0.0,0.0,0.0,UNRELIABLE,0.284,
trend,SuperTrend,15m,short,uptrend|pulling back in trend|clean|expanding,27,16.6279,51.85,4.49,5,2.3651,40.0,0.12,-1.61,UNRELIABLE,0.2931,0.774
trend,SuperTrend,15m,long,transition|at range high|clean|contracting,29,-13.5464,31.03,-3.93,7,50.8331,71.43,3.56,-1.34,UNRELIABLE,,0.0961
trend,SuperTrend,15m,short,transition|at range high|clean|contracting,0,,,,0,,,,,NO-TRADES,,
trend,SuperTrend,15m,long,transition|mid range|messy|stalling,1,104.3267,100.0,1.04,0,0.0,0.0,0.0,0.0,UNRELIABLE,0.0381,
trend,SuperTrend,15m,short,transition|mid range|messy|stalling,5,47.5113,60.0,2.38,0,0.0,0.0,0.0,0.0,UNRELIABLE,0.1009,
trend,SuperTrend,15m,long,transition|at range high|clean|expanding,83,7.926,44.58,6.58,25,-7.0987,36.0,-1.77,-3.69,FAIL,0.5133,6.6671
trend,SuperTrend,15m,short,transition|at range high|clean|expanding,0,,,,0,,,,,NO-TRADES,,
trend,SuperTrend,15m,long,uptrend|at range high|clean|expanding,35,-4.0465,40.0,-1.42,4,-23.1866,25.0,-0.93,-2.19,UNRELIABLE,1.9216,
trend,SuperTrend,15m,short,uptrend|at range high|clean|expanding,0,,,,0,,,,,NO-TRADES,,
trend,SuperTrend,15m,long,downtrend|at range low|clean|contracting,0,,,,0,,,,,NO-TRADES,,
trend,SuperTrend,15m,short,downtrend|at range low|clean|contracting,11,-2.956,45.45,-0.33,5,-31.0876,20.0,-1.55,-2.58,UNRELIABLE,1.6743,
trend,SuperTrend,15m,long,transition|at range low|clean|contracting,0,,,,0,,,,,NO-TRADES,,
trend,SuperTrend,15m,short,transition|at range low|clean|contracting,31,-10.7389,35.48,-3.33,5,2.4517,40.0,0.12,-0.96,UNRELIABLE,,0.767
trend,SuperTrend,15m,long,transition|at range low|clean|expanding,0,,,,0,,,,,NO-TRADES,,
trend,SuperTrend,15m,short,transition|at range low|clean|expanding,84,0.1736,41.67,0.15,24,-28.3182,25.0,-6.8,-8.25,FAIL,0.9776,
trend,SuperTrend,15m,long,downtrend|at range low|clean|expanding,0,,,,0,,,,,NO-TRADES,,
trend,SuperTrend,15m,short,downtrend|at range low|clean|expanding,34,-10.1833,35.29,-3.46,7,-0.6629,42.86,-0.05,-1.94,UNRELIABLE,,1.1134
trend,SuperTrend,15m,long,downtrend|pulling back in trend|messy|stalling,0,0.0,0.0,0.0,0,0.0,0.0,0.0,0.0,UNRELIABLE,,
trend,SuperTrend,15m,short,downtrend|pulling back in trend|messy|stalling,1,-64.8439,0.0,-0.65,0,0.0,0.0,0.0,0.0,UNRELIABLE,,
trend,SuperTrend,15m,long,downtrend|at range high|messy|contracting,32,-25.7876,21.88,-8.25,14,-6.6078,35.71,-0.93,-2.62,FAIL,,3.5275
trend,SuperTrend,15m,short,downtrend|at range high|messy|contracting,0,,,,0,,,,,NO-TRADES,,
trend,SuperTrend,15m,long,uptrend|pulling back in trend|messy|stalling,0,,,,0,,,,,NO-TRADES,,
trend,SuperTrend,15m,short,uptrend|pulling back in trend|messy|stalling,4,-18.7361,25.0,-0.75,0,0.0,0.0,0.0,0.0,UNRELIABLE,,
trend,SuperTrend,15m,long,downtrend|at range high|messy|expanding,79,-6.9668,35.44,-5.5,9,-27.6441,22.22,-2.49,-2.96,FAIL,7.1387,
trend,SuperTrend,15m,short,downtrend|at range high|messy|expanding,0,,,,0,,,,,NO-TRADES,,
trend,SuperTrend,15m,long,uptrend|at range high|messy|stalling,11,-4.0008,36.36,-0.44,3,-9.128,33.33,-0.27,-1.3,UNRELIABLE,1.948,
trend,SuperTrend,15m,short,uptrend|at range high|messy|stalling,0,,,,0,,,,,NO-TRADES,,
trend,Parabolic SAR,1h,long,transition|mid range|messy|contracting,48,-42.8465,27.08,-20.57,15,52.5718,60.0,7.89,-3.3,FAIL,,
trend,Parabolic SAR,1h,short,transition|mid range|messy|contracting,37,17.7573,45.95,6.57,17,-22.7936,41.18,-3.87,-5.44,FAIL,,
trend,Parabolic SAR,1h,long,transition|mid range|messy|expanding,89,12.001,43.82,10.68,33,-27.4777,30.3,-9.07,-12.0,FAIL,,
trend,Parabolic SAR,1h,short,transition|mid range|messy|expanding,84,-12.0431,36.9,-10.12,38,-13.6384,36.84,-5.18,-9.84,FAIL,,
trend,Parabolic SAR,1h,long,uptrend|at range high|messy|contracting,16,33.7167,43.75,5.39,2,50.0943,50.0,1.0,-1.33,UNRELIABLE,,
trend,Parabolic SAR,1h,short,uptrend|at range high|messy|contracting,37,15.0245,43.24,5.56,14,-29.3419,28.57,-4.11,-6.48,FAIL,,
trend,Parabolic SAR,1h,long,downtrend|pulling back in trend|messy|contracting,54,10.9151,44.44,5.89,36,26.8587,44.44,9.67,-6.19,SURVIVOR,,
trend,Parabolic SAR,1h,short,downtrend|pulling back in trend|messy|contracting,8,-43.6466,25.0,-3.49,2,-41.1378,50.0,-0.82,-1.45,UNRELIABLE,,
trend,Parabolic SAR,1h,long,uptrend|pulling back in trend|messy|contracting,11,-14.5103,27.27,-1.6,4,-41.2146,25.0,-1.65,-4.46,UNRELIABLE,,
trend,Parabolic SAR,1h,short,uptrend|pulling back in trend|messy|contracting,54,16.6086,44.44,8.97,12,68.7131,75.0,8.25,-3.42,SURVIVOR,,
trend,Parabolic SAR,1h,long,uptrend|at range high|messy|expanding,44,9.8757,43.18,4.35,16,-46.3803,31.25,-7.42,-10.95,FAIL,,
trend,Parabolic SAR,1h,short,uptrend|at range high|messy|expanding,53,-0.6288,39.62,-0.33,18,-29.5322,27.78,-5.32,-11.54,FAIL,,
trend,Parabolic SAR,1h,long,downtrend|pulling back in trend|messy|expanding,127,3.6628,40.16,4.65,33,-19.9323,36.36,-6.58,-15.32,FAIL,,
trend,Parabolic SAR,1h,short,downtrend|pulling back in trend|messy|expanding,20,-71.6155,15.0,-14.32,8,3.7505,37.5,0.3,-3.6,FAIL,,
trend,Parabolic SAR,1h,long,transition|at range high|messy|contracting,16,115.1204,75.0,18.42,6,-24.8163,33.33,-1.49,-4.13,UNRELIABLE,,
trend,Parabolic SAR,1h,short,transition|at range high|messy|contracting,11,-20.0227,36.36,-2.2,4,-3.5052,50.0,-0.14,-2.62,UNRELIABLE,,
trend,Parabolic SAR,1h,long,uptrend|pulling back in trend|messy|expanding,26,6.2665,42.31,1.63,7,33.6008,42.86,2.35,-3.36,UNRELIABLE,,
trend,Parabolic SAR,1h,short,uptrend|pulling back in trend|messy|expanding,113,-15.25,34.51,-17.23,36,54.7034,55.56,19.69,-6.8,FAIL,,
trend,Parabolic SAR,1h,long,transition|at range high|messy|expanding,76,-4.7945,40.79,-3.64,26,-11.1464,34.62,-2.9,-12.51,FAIL,,
trend,Parabolic SAR,1h,short,transition|at range high|messy|expanding,22,23.3,50.0,5.13,7,-26.6605,28.57,-1.87,-6.41,UNRELIABLE,,
trend,Parabolic SAR,1h,long,downtrend|at range low|messy|contracting,21,-45.0154,28.57,-9.45,8,-22.0451,37.5,-1.76,-4.82,FAIL,,
trend,Parabolic SAR,1h,short,downtrend|at range low|messy|contracting,16,-1.6299,37.5,-0.26,3,116.6845,66.67,3.5,-1.36,UNRELIABLE,,
trend,Parabolic SAR,1h,long,transition|at range low|messy|contracting,10,-43.1751,30.0,-4.32,3,152.9504,100.0,4.59,-1.54,UNRELIABLE,,
trend,Parabolic SAR,1h,short,transition|at range low|messy|contracting,20,-39.081,30.0,-7.82,6,-128.2379,0.0,-7.69,-8.74,UNRELIABLE,,
trend,Parabolic SAR,1h,long,downtrend|at range low|messy|expanding,23,-8.027,43.48,-1.85,10,-57.745,20.0,-5.77,-6.98,FAIL,,
trend,Parabolic SAR,1h,short,downtrend|at range low|messy|expanding,37,-20.5593,32.43,-7.61,14,25.0842,42.86,3.51,-5.4,FAIL,,
trend,Parabolic SAR,1h,long,transition|at range low|messy|expanding,9,-72.5682,22.22,-6.53,6,17.321,50.0,1.04,-4.04,UNRELIABLE,,
trend,Parabolic SAR,1h,short,transition|at range low|messy|expanding,79,25.5221,48.1,20.16,28,-2.1876,39.29,-0.61,-8.06,FAIL,,
trend,Parabolic SAR,1h,long,transition|mid range|clean|contracting,17,-33.9911,29.41,-5.78,8,-86.4138,12.5,-6.91,-9.11,UNRELIABLE,,
trend,Parabolic SAR,1h,short,transition|mid range|clean|contracting,17,-26.3481,35.29,-4.48,4,-39.3273,25.0,-1.57,-4.03,UNRELIABLE,,
trend,Parabolic SAR,1h,long,transition|mid range|clean|expanding,52,9.2052,50.0,4.79,19,24.2162,42.11,4.6,-5.82,SURVIVOR,,
trend,Parabolic SAR,1h,short,transition|mid range|clean|expanding,41,-21.0447,31.71,-8.63,13,9.1297,46.15,1.19,-6.03,FAIL,,
trend,Parabolic SAR,1h,long,transition|mid range|messy|stalling,23,-8.9909,39.13,-2.07,7,109.1238,71.43,7.64,-3.23,UNRELIABLE,,
trend,Parabolic SAR,1h,short,transition|mid range|messy|stalling,25,-19.1062,36.0,-4.78,4,31.1663,50.0,1.25,-3.04,UNRELIABLE,,
trend,Parabolic SAR,1h,long,transition|at range high|clean|contracting,10,-40.2123,20.0,-4.02,5,-59.7065,20.0,-2.99,-5.3,UNRELIABLE,,
trend,Parabolic SAR,1h,short,transition|at range high|clean|contracting,3,-9.7445,33.33,-0.29,1,-130.8195,0.0,-1.31,-2.0,UNRELIABLE,,
trend,Parabolic SAR,1h,long,downtrend|pulling back in trend|clean|contracting,34,25.2983,50.0,8.6,14,-54.0439,21.43,-7.57,-8.47,FAIL,,
trend,Parabolic SAR,1h,short,downtrend|pulling back in trend|clean|contracting,5,-57.2513,20.0,-2.86,1,-132.1929,0.0,-1.32,-1.5,UNRELIABLE,,
trend,Parabolic SAR,1h,long,uptrend|pulling back in trend|clean|contracting,2,-131.7501,0.0,-2.64,1,-132.9701,0.0,-1.33,-1.33,UNRELIABLE,,
trend,Parabolic SAR,1h,short,uptrend|pulling back in trend|clean|contracting,27,-21.8201,37.04,-5.89,12,28.1309,50.0,3.38,-6.97,FAIL,,
trend,Parabolic SAR,1h,long,uptrend|at range high|clean|contracting,5,12.8805,40.0,0.64,1,-132.9937,0.0,-1.33,-2.3,UNRELIABLE,,
trend,Parabolic SAR,1h,short,uptrend|at range high|clean|contracting,9,-11.1703,33.33,-1.01,6,13.0929,50.0,0.79,-2.07,UNRELIABLE,,
trend,Parabolic SAR,1h,long,uptrend|pulling back in trend|clean|expanding,9,-43.5092,33.33,-3.92,1,-132.3464,0.0,-1.32,-1.32,UNRELIABLE,,
trend,Parabolic SAR,1h,short,uptrend|pulling back in trend|clean|expanding,72,-10.727,34.72,-7.72,18,-31.5773,33.33,-5.68,-11.03,FAIL,,
trend,Parabolic SAR,1h,long,downtrend|pulling back in trend|clean|expanding,42,16.396,42.86,6.89,22,4.2492,45.45,0.93,-7.78,SURVIVOR,,
trend,Parabolic SAR,1h,short,downtrend|pulling back in trend|clean|expanding,8,-58.7796,25.0,-4.7,4,-127.6595,0.0,-5.11,-5.68,UNRELIABLE,,
trend,Parabolic SAR,1h,long,transition|at range high|clean|expanding,41,-38.8926,26.83,-15.95,9,-6.5494,33.33,-0.59,-5.45,FAIL,,
trend,Parabolic SAR,1h,short,transition|at range high|clean|expanding,9,-39.2801,22.22,-3.54,5,-4.2508,40.0,-0.21,-2.17,UNRELIABLE,,
trend,Parabolic SAR,1h,long,transition|at range low|clean|contracting,4,-13.1638,25.0,-0.53,3,87.7565,66.67,2.63,-1.96,UNRELIABLE,,
trend,Parabolic SAR,1h,short,transition|at range low|clean|contracting,9,93.0863,66.67,8.38,1,-131.5607,0.0,-1.32,-1.32,UNRELIABLE,,
trend,Parabolic SAR,1h,long,downtrend|at range high|messy|contracting,10,-53.2644,20.0,-5.33,3,-92.8574,0.0,-2.79,-2.79,UNRELIABLE,,
trend,Parabolic SAR,1h,short,downtrend|at range high|messy|contracting,2,138.0624,100.0,2.76,1,-131.4323,0.0,-1.31,-1.31,UNRELIABLE,,
trend,Parabolic SAR,1h,long,uptrend|at range high|clean|expanding,20,1.4535,45.0,0.29,8,-83.2538,25.0,-6.66,-6.66,FAIL,,
trend,Parabolic SAR,1h,short,uptrend|at range high|clean|expanding,12,16.4286,41.67,1.97,6,25.9232,33.33,1.56,-3.92,UNRELIABLE,,
trend,Parabolic SAR,1h,long,downtrend|at range low|clean|contracting,8,-56.1746,25.0,-4.49,2,-131.4477,0.0,-2.63,-2.63,UNRELIABLE,,
trend,Parabolic SAR,1h,short,downtrend|at range low|clean|contracting,1,32.6711,100.0,0.33,2,52.1857,50.0,1.04,-1.92,UNRELIABLE,,
trend,Parabolic SAR,1h,long,downtrend|pulling back in trend|messy|stalling,32,-23.4186,31.25,-7.49,12,-6.1885,50.0,-0.74,-4.43,FAIL,,
trend,Parabolic SAR,1h,short,downtrend|pulling back in trend|messy|stalling,6,-37.2784,33.33,-2.24,0,0.0,0.0,0.0,0.0,UNRELIABLE,,
trend,Parabolic SAR,1h,long,uptrend|at range high|messy|stalling,9,-38.9408,22.22,-3.5,7,46.8832,57.14,3.28,-3.79,UNRELIABLE,,
trend,Parabolic SAR,1h,short,uptrend|at range high|messy|stalling,12,-88.4538,8.33,-10.61,3,-22.737,33.33,-0.68,-2.47,UNRELIABLE,,
trend,Parabolic SAR,1h,long,transition|at range low|clean|expanding,6,75.5685,66.67,4.53,2,-78.7119,0.0,-1.57,-3.22,UNRELIABLE,,
trend,Parabolic SAR,1h,short,transition|at range low|clean|expanding,37,-43.9498,24.32,-16.26,17,27.0991,41.18,4.61,-5.53,FAIL,,
trend,Parabolic SAR,1h,long,uptrend|pulling back in trend|messy|stalling,1,247.2718,100.0,2.47,1,-131.326,0.0,-1.31,-2.2,UNRELIABLE,,
trend,Parabolic SAR,1h,short,uptrend|pulling back in trend|messy|stalling,27,0.7436,40.74,0.2,12,-10.1272,41.67,-1.22,-8.64,FAIL,,
trend,Parabolic SAR,1h,long,uptrend|at range low|messy|contracting,0,0.0,0.0,0.0,1,-132.4591,0.0,-1.32,-1.32,UNRELIABLE,,
trend,Parabolic SAR,1h,short,uptrend|at range low|messy|contracting,14,21.9351,50.0,3.07,7,-56.0616,14.29,-3.92,-5.34,UNRELIABLE,,
trend,Parabolic SAR,1h,long,downtrend|at range high|messy|expanding,48,34.0074,50.0,16.32,11,-0.5,36.36,-0.06,-4.82,FAIL,,
trend,Parabolic SAR,1h,short,downtrend|at range high|messy|expanding,2,51.9812,50.0,1.04,2,-131.4417,0.0,-2.63,-2.63,UNRELIABLE,,
trend,Parabolic SAR,1h,long,uptrend|at range low|messy|expanding,1,22.9391,100.0,0.23,1,-132.7524,0.0,-1.33,-2.11,UNRELIABLE,,
trend,Parabolic SAR,1h,short,uptrend|at range low|messy|expanding,43,-15.9477,37.21,-6.86,11,113.9661,72.73,12.54,-3.38,FAIL,,
trend,Parabolic SAR,1h,long,downtrend|at range low|clean|expanding,4,-130.1729,0.0,-5.21,2,51.475,50.0,1.03,-1.33,UNRELIABLE,,
trend,Parabolic SAR,1h,short,downtrend|at range low|clean|expanding,20,31.5184,45.0,6.3,13,-9.5023,30.77,-1.24,-6.62,FAIL,,
trend,Parabolic SAR,15m,long,transition|mid range|messy|contracting,166,-13.4761,31.93,-22.37,71,-13.9556,33.8,-9.91,-11.46,FAIL,,
trend,Parabolic SAR,15m,short,transition|mid range|messy|contracting,159,-2.5151,38.36,-4.0,60,-9.1538,35.0,-5.49,-14.75,FAIL,1.4758,
trend,Parabolic SAR,15m,long,transition|mid range|messy|expanding,284,-8.9551,34.86,-25.43,97,-13.81,30.93,-13.4,-16.84,FAIL,,
trend,Parabolic SAR,15m,short,transition|mid range|messy|expanding,291,-6.8817,35.74,-20.03,99,-14.9834,33.33,-14.83,-17.86,FAIL,15.368,
trend,Parabolic SAR,15m,long,downtrend|pulling back in trend|messy|contracting,262,-10.2485,33.59,-26.85,92,4.5909,44.57,4.22,-4.89,FAIL,,0.648
trend,Parabolic SAR,15m,short,downtrend|pulling back in trend|messy|contracting,46,-18.3499,28.26,-8.44,20,-5.871,35.0,-1.17,-3.49,FAIL,,3.3701
trend,Parabolic SAR,15m,long,uptrend|at range high|messy|contracting,60,-11.2153,33.33,-6.73,28,-21.2337,25.0,-5.95,-6.06,FAIL,,
trend,Parabolic SAR,15m,short,uptrend|at range high|messy|contracting,120,-21.0189,26.67,-25.22,50,-10.1296,34.0,-5.06,-7.72,FAIL,,
trend,Parabolic SAR,15m,long,uptrend|pulling back in trend|messy|contracting,33,-29.5784,21.21,-9.76,20,16.5925,50.0,3.32,-2.92,FAIL,,0.3298
trend,Parabolic SAR,15m,short,uptrend|pulling back in trend|messy|contracting,222,-3.9264,36.04,-8.72,88,-3.5215,39.77,-3.1,-8.37,FAIL,2.2089,1.922
trend,Parabolic SAR,15m,long,downtrend|pulling back in trend|messy|expanding,408,-5.165,37.25,-21.07,147,-15.0741,31.97,-22.16,-23.72,FAIL,3.139,
trend,Parabolic SAR,15m,short,downtrend|pulling back in trend|messy|expanding,81,-13.5163,29.63,-10.95,39,-6.8551,35.9,-2.67,-6.37,FAIL,,9.3832
trend,Parabolic SAR,15m,long,uptrend|pulling back in trend|messy|expanding,81,-7.612,34.57,-6.17,34,-4.3045,41.18,-1.46,-6.92,FAIL,7.9133,2.0968
trend,Parabolic SAR,15m,short,uptrend|pulling back in trend|messy|expanding,414,-7.6233,35.51,-31.56,132,-11.6409,31.82,-15.37,-18.25,FAIL,,
trend,Parabolic SAR,15m,long,transition|at range high|messy|contracting,73,-19.3336,26.03,-14.11,26,-7.2866,38.46,-1.89,-4.51,FAIL,,5.5034
trend,Parabolic SAR,15m,short,transition|at range high|messy|contracting,42,-12.2564,33.33,-5.15,16,-12.1664,31.25,-1.95,-3.87,FAIL,,
trend,Parabolic SAR,15m,long,uptrend|at range high|messy|expanding,134,-12.4751,32.09,-16.72,72,-7.1738,34.72,-5.17,-9.96,FAIL,,7.3213
trend,Parabolic SAR,15m,short,uptrend|at range high|messy|expanding,139,-19.6821,25.9,-27.36,62,-19.4465,27.42,-12.06,-15.65,FAIL,,
trend,Parabolic SAR,15m,long,transition|mid range|clean|contracting,108,-14.3731,31.48,-15.52,36,-25.6976,25.0,-9.25,-9.25,FAIL,,
trend,Parabolic SAR,15m,short,transition|mid range|clean|contracting,76,-5.6454,38.16,-4.29,38,-20.3484,28.95,-7.73,-10.54,FAIL,3.5996,
trend,Parabolic SAR,15m,long,downtrend|at range low|messy|contracting,88,-13.0293,31.82,-11.47,36,-16.6553,27.78,-6.0,-8.63,FAIL,,
trend,Parabolic SAR,15m,short,downtrend|at range low|messy|contracting,57,10.0749,43.86,5.74,20,-22.4732,25.0,-4.49,-5.69,FAIL,0.438,
trend,Parabolic SAR,15m,long,transition|at range high|messy|expanding,222,-7.3099,34.68,-16.23,93,3.3411,41.94,3.11,-5.06,FAIL,9.0033,0.7152
trend,Parabolic SAR,15m,short,transition|at range high|messy|expanding,59,-6.3827,38.98,-3.77,28,-20.1732,25.0,-5.65,-7.08,FAIL,5.7017,
trend,Parabolic SAR,15m,long,transition|at range low|messy|contracting,33,-11.3196,33.33,-3.74,16,-0.1854,37.5,-0.03,-5.28,FAIL,,1.0235
trend,Parabolic SAR,15m,short,transition|at range low|messy|contracting,54,-6.1256,35.19,-3.31,34,-18.968,29.41,-6.45,-8.73,FAIL,4.9421,
trend,Parabolic SAR,15m,long,transition|mid range|clean|expanding,153,-2.5793,37.25,-3.95,56,-2.261,42.86,-1.27,-8.67,FAIL,1.4608,1.3568
trend,Parabolic SAR,15m,short,transition|mid range|clean|expanding,184,-11.8747,30.98,-21.85,57,-4.9305,36.84,-2.81,-7.23,FAIL,,2.6406
trend,Parabolic SAR,15m,long,downtrend|at range low|messy|expanding,73,-26.739,23.29,-19.52,43,-12.4119,32.56,-5.34,-7.02,FAIL,,
trend,Parabolic SAR,15m,short,downtrend|at range low|messy|expanding,147,-14.8317,29.93,-21.8,57,-12.1883,31.58,-6.95,-12.02,FAIL,,
trend,Parabolic SAR,15m,long,transition|at range low|messy|expanding,49,-17.6129,28.57,-8.63,16,-21.8817,25.0,-3.5,-4.94,FAIL,,
trend,Parabolic SAR,15m,short,transition|at range low|messy|expanding,215,-3.2867,37.21,-7.07,82,2.5858,40.24,2.12,-8.69,FAIL,1.7851,0.7464
trend,Parabolic SAR,15m,long,downtrend|pulling back in trend|clean|contracting,172,-1.3263,38.95,-2.28,69,-7.784,33.33,-5.37,-9.38,FAIL,1.1784,8.9494
trend,Parabolic SAR,15m,short,downtrend|pulling back in trend|clean|contracting,20,-12.5471,35.0,-2.51,9,10.3677,44.44,0.93,-1.38,FAIL,,0.4155
trend,Parabolic SAR,15m,long,uptrend|pulling back in trend|clean|contracting,22,16.6158,50.0,3.66,8,-38.5396,12.5,-3.08,-5.09,FAIL,0.3238,
trend,Parabolic SAR,15m,short,uptrend|pulling back in trend|clean|contracting,161,1.9664,42.86,3.17,55,-0.4498,43.64,-0.25,-5.17,FAIL,0.7985,1.0648
trend,Parabolic SAR,15m,long,uptrend|at range high|clean|contracting,34,-3.8993,35.29,-1.33,15,-24.2881,20.0,-3.64,-4.85,FAIL,1.8075,
trend,Parabolic SAR,15m,short,uptrend|at range high|clean|contracting,49,-17.1788,28.57,-8.42,29,-17.4084,34.48,-5.05,-6.1,FAIL,,
trend,Parabolic SAR,15m,long,downtrend|pulling back in trend|clean|expanding,267,-12.1545,30.71,-32.45,82,-15.657,30.49,-12.84,-14.22,FAIL,,
trend,Parabolic SAR,15m,short,downtrend|pulling back in trend|clean|expanding,45,-0.6,40.0,-0.27,21,-33.9558,23.81,-7.13,-9.19,FAIL,1.0851,
trend,Parabolic SAR,15m,long,uptrend|pulling back in trend|clean|expanding,36,-12.1573,30.56,-4.38,13,-13.4983,30.77,-1.75,-3.75,FAIL,,
trend,Parabolic SAR,15m,short,uptrend|pulling back in trend|clean|expanding,264,-0.353,40.91,-0.93,96,-3.604,37.5,-3.46,-10.19,FAIL,1.0521,1.9384
trend,Parabolic SAR,15m,long,transition|at range high|clean|contracting,55,-10.9416,34.55,-6.02,18,-22.2128,27.78,-4.0,-6.21,FAIL,,
trend,Parabolic SAR,15m,short,transition|at range high|clean|contracting,17,29.186,58.82,4.96,6,19.941,50.0,1.2,-0.99,UNRELIABLE,0.1902,0.259
trend,Parabolic SAR,15m,long,transition|mid range|messy|stalling,80,-13.5762,31.25,-10.86,33,-15.0309,33.33,-4.96,-6.64,FAIL,,
trend,Parabolic SAR,15m,short,transition|mid range|messy|stalling,72,15.6323,47.22,11.26,30,23.1724,56.67,6.95,-2.83,SURVIVOR,0.3086,0.2305
trend,Parabolic SAR,15m,long,transition|at range high|clean|expanding,193,-5.5051,37.31,-10.62,59,1.2299,42.37,0.73,-6.94,FAIL,3.1208,0.8783
trend,Parabolic SAR,15m,short,transition|at range high|clean|expanding,21,-25.5026,23.81,-5.36,9,-2.548,33.33,-0.23,-2.36,FAIL,,1.491
trend,Parabolic SAR,15m,long,uptrend|at range high|clean|expanding,113,6.7511,42.48,7.63,36,-24.3936,25.0,-8.78,-11.68,FAIL,0.5644,
trend,Parabolic SAR,15m,short,uptrend|at range high|clean|expanding,40,-15.2339,30.0,-6.09,16,-29.7272,18.75,-4.76,-4.76,FAIL,,
trend,Parabolic SAR,15m,long,downtrend|at range low|clean|contracting,23,5.1378,43.48,1.18,11,27.1386,54.55,2.99,-1.74,SURVIVOR,0.6113,0.2172
trend,Parabolic SAR,15m,short,downtrend|at range low|clean|contracting,39,-19.8011,25.64,-7.72,16,8.4578,43.75,1.35,-3.14,FAIL,,0.4634
trend,Parabolic SAR,15m,long,transition|at range low|clean|contracting,12,-7.0628,41.67,-0.85,3,-9.2169,33.33,-0.28,-1.35,UNRELIABLE,5.274,
trend,Parabolic SAR,15m,short,transition|at range low|clean|contracting,38,-5.6698,36.84,-2.15,23,4.6131,43.48,1.06,-4.59,FAIL,3.6398,0.575
trend,Parabolic SAR,15m,long,transition|at range low|clean|expanding,21,-51.0985,9.52,-10.73,9,14.0197,44.44,1.26,-1.42,FAIL,,0.3488
trend,Parabolic SAR,15m,short,transition|at range low|clean|expanding,162,-6.4718,35.8,-10.48,59,0.2647,40.68,0.16,-10.21,FAIL,6.4788,0.9661
trend,Parabolic SAR,15m,long,downtrend|at range low|clean|expanding,40,-19.465,27.5,-7.79,15,-1.0027,40.0,-0.15,-1.94,FAIL,,1.1366
trend,Parabolic SAR,15m,short,downtrend|at range low|clean|expanding,100,-3.3706,37.0,-3.37,43,-27.9288,20.93,-12.01,-15.5,FAIL,1.7829,
trend,Parabolic SAR,15m,long,downtrend|pulling back in trend|messy|stalling,127,0.5518,40.16,0.7,49,-3.4599,36.73,-1.7,-5.18,FAIL,0.9382,1.6652
trend,Parabolic SAR,15m,short,downtrend|pulling back in trend|messy|stalling,18,-18.3886,27.78,-3.31,8,-22.7866,25.0,-1.82,-2.87,UNRELIABLE,,
trend,Parabolic SAR,15m,long,downtrend|at range high|messy|contracting,51,6.7087,43.14,3.42,16,30.2217,56.25,4.84,-2.02,SURVIVOR,0.5676,0.2017
trend,Parabolic SAR,15m,short,downtrend|at range high|messy|contracting,5,-30.9604,20.0,-1.55,3,-9.2892,33.33,-0.28,-1.17,UNRELIABLE,,
trend,Parabolic SAR,15m,long,uptrend|pulling back in trend|messy|stalling,17,-7.9595,35.29,-1.35,9,-42.5359,11.11,-3.83,-4.22,UNRELIABLE,20.6906,
trend,Parabolic SAR,15m,short,uptrend|pulling back in trend|messy|stalling,121,-10.4328,32.23,-12.62,40,-9.1688,37.5,-3.67,-9.13,FAIL,,
trend,Parabolic SAR,15m,long,downtrend|at range high|messy|expanding,167,-11.3565,31.74,-18.97,46,-11.5434,32.61,-5.31,-10.13,FAIL,,
trend,Parabolic SAR,15m,short,downtrend|at range high|messy|expanding,7,-16.7864,28.57,-1.18,5,-54.4135,0.0,-2.72,-3.33,UNRELIABLE,,
trend,Parabolic SAR,15m,long,uptrend|at range high|messy|stalling,27,7.5537,44.44,2.04,22,-4.5959,36.36,-1.01,-5.97,FAIL,0.5254,2.2729
trend,Parabolic SAR,15m,short,uptrend|at range high|messy|stalling,55,-12.787,30.91,-7.03,23,-9.7914,34.78,-2.25,-5.07,FAIL,,
trend,TRIX 0-cross,1h,long,transition|mid range|messy|contracting,14,66.3335,57.14,9.29,2,-111.3678,0.0,-2.23,-2.57,UNRELIABLE,,
trend,TRIX 0-cross,1h,short,transition|mid range|messy|contracting,16,-90.5101,6.25,-14.48,5,-57.4279,20.0,-2.87,-4.27,UNRELIABLE,,
trend,TRIX 0-cross,1h,long,transition|mid range|messy|expanding,16,47.1137,62.5,7.54,6,100.6691,66.67,6.04,-1.54,UNRELIABLE,,
trend,TRIX 0-cross,1h,short,transition|mid range|messy|expanding,26,34.9772,50.0,9.09,6,60.1383,66.67,3.61,-3.06,UNRELIABLE,,
trend,TRIX 0-cross,1h,long,uptrend|at range high|messy|contracting,25,25.7829,48.0,6.45,12,-11.7588,33.33,-1.41,-4.5,FAIL,,
trend,TRIX 0-cross,1h,short,uptrend|at range high|messy|contracting,0,,,,0,,,,,NO-TRADES,,
trend,TRIX 0-cross,1h,long,downtrend|pulling back in trend|messy|contracting,3,34.3927,66.67,1.03,0,0.0,0.0,0.0,0.0,UNRELIABLE,,
trend,TRIX 0-cross,1h,short,downtrend|pulling back in trend|messy|contracting,20,54.4472,60.0,10.89,5,40.742,40.0,2.04,-2.08,UNRELIABLE,,
trend,TRIX 0-cross,1h,long,uptrend|pulling back in trend|messy|contracting,17,2.8409,47.06,0.48,4,-78.5728,25.0,-3.14,-3.51,UNRELIABLE,,
trend,TRIX 0-cross,1h,short,uptrend|pulling back in trend|messy|contracting,5,22.1972,40.0,1.11,2,5.2485,50.0,0.1,-1.66,UNRELIABLE,,
trend,TRIX 0-cross,1h,long,uptrend|at range high|messy|expanding,25,-23.1416,32.0,-5.79,8,32.1901,62.5,2.58,-4.7,FAIL,,
trend,TRIX 0-cross,1h,short,uptrend|at range high|messy|expanding,0,,,,0,,,,,NO-TRADES,,
trend,TRIX 0-cross,1h,long,downtrend|pulling back in trend|messy|expanding,1,-138.3034,0.0,-1.38,3,243.7335,100.0,7.31,-0.88,UNRELIABLE,,
trend,TRIX 0-cross,1h,short,downtrend|pulling back in trend|messy|expanding,12,-9.256,50.0,-1.11,5,15.5773,40.0,0.78,-6.2,UNRELIABLE,,
trend,TRIX 0-cross,1h,long,transition|at range high|messy|contracting,54,-28.9642,33.33,-15.64,19,-87.3566,10.53,-16.6,-18.48,FAIL,,
trend,TRIX 0-cross,1h,short,transition|at range high|messy|contracting,1,-130.1865,0.0,-1.3,0,0.0,0.0,0.0,0.0,UNRELIABLE,,
trend,TRIX 0-cross,1h,long,uptrend|pulling back in trend|messy|expanding,9,-59.9001,33.33,-5.39,6,-27.1942,33.33,-1.63,-3.14,UNRELIABLE,,
trend,TRIX 0-cross,1h,short,uptrend|pulling back in trend|messy|expanding,4,-65.0257,25.0,-2.6,0,0.0,0.0,0.0,0.0,UNRELIABLE,,
trend,TRIX 0-cross,1h,long,transition|at range high|messy|expanding,29,-32.4324,34.48,-9.41,11,-18.1865,45.45,-2.0,-6.81,FAIL,,
trend,TRIX 0-cross,1h,short,transition|at range high|messy|expanding,0,0.0,0.0,0.0,1,-130.9384,0.0,-1.31,-2.39,UNRELIABLE,,
trend,TRIX 0-cross,1h,long,downtrend|at range low|messy|contracting,0,,,,0,,,,,NO-TRADES,,
trend,TRIX 0-cross,1h,short,downtrend|at range low|messy|contracting,24,-7.5941,33.33,-1.82,8,-99.4494,12.5,-7.96,-8.97,FAIL,,
trend,TRIX 0-cross,1h,long,transition|at range low|messy|contracting,0,,,,0,,,,,NO-TRADES,,
trend,TRIX 0-cross,1h,short,transition|at range low|messy|contracting,37,-25.0011,32.43,-9.25,7,25.275,42.86,1.77,-4.39,UNRELIABLE,,
trend,TRIX 0-cross,1h,long,downtrend|at range low|messy|expanding,0,,,,0,,,,,NO-TRADES,,
trend,TRIX 0-cross,1h,short,downtrend|at range low|messy|expanding,16,-42.5992,18.75,-6.82,10,27.903,40.0,2.79,-3.9,UNRELIABLE,,
trend,TRIX 0-cross,1h,long,transition|at range low|messy|expanding,0,,,,0,,,,,NO-TRADES,,
trend,TRIX 0-cross,1h,short,transition|at range low|messy|expanding,31,-7.4535,35.48,-2.31,7,6.6314,42.86,0.46,-4.29,UNRELIABLE,,
trend,TRIX 0-cross,1h,long,transition|mid range|clean|contracting,13,-12.786,30.77,-1.66,3,-82.8797,33.33,-2.49,-3.13,UNRELIABLE,,
trend,TRIX 0-cross,1h,short,transition|mid range|clean|contracting,14,-30.3422,35.71,-4.25,2,-131.4128,0.0,-2.63,-2.63,UNRELIABLE,,
trend,TRIX 0-cross,1h,long,transition|mid range|clean|expanding,5,-83.8109,20.0,-4.19,3,-130.4694,0.0,-3.91,-4.29,UNRELIABLE,,
trend,TRIX 0-cross,1h,short,transition|mid range|clean|expanding,5,-66.2861,40.0,-3.31,3,-8.5815,33.33,-0.26,-1.39,UNRELIABLE,,
trend,TRIX 0-cross,1h,long,transition|mid range|messy|stalling,6,26.493,66.67,1.59,0,0.0,0.0,0.0,0.0,UNRELIABLE,,
trend,TRIX 0-cross,1h,short,transition|mid range|messy|stalling,4,52.6924,50.0,2.11,0,0.0,0.0,0.0,0.0,UNRELIABLE,,
trend,TRIX 0-cross,1h,long,transition|at range high|clean|contracting,9,27.2039,55.56,2.45,6,-30.1849,33.33,-1.81,-4.95,UNRELIABLE,,
trend,TRIX 0-cross,1h,short,transition|at range high|clean|contracting,0,,,,0,,,,,NO-TRADES,,
trend,TRIX 0-cross,1h,long,downtrend|pulling back in trend|clean|contracting,1,-132.969,0.0,-1.33,0,0.0,0.0,0.0,0.0,UNRELIABLE,,
trend,TRIX 0-cross,1h,short,downtrend|pulling back in trend|clean|contracting,8,12.9976,37.5,1.04,1,-131.1909,0.0,-1.31,-1.44,UNRELIABLE,,
trend,TRIX 0-cross,1h,long,uptrend|pulling back in trend|clean|contracting,6,-129.0776,0.0,-7.74,0,0.0,0.0,0.0,0.0,UNRELIABLE,,
trend,TRIX 0-cross,1h,short,uptrend|pulling back in trend|clean|contracting,2,-130.828,0.0,-2.62,1,240.6908,100.0,2.41,-0.33,UNRELIABLE,,
trend,TRIX 0-cross,1h,long,uptrend|at range high|clean|contracting,13,-32.887,38.46,-4.28,1,143.342,100.0,1.43,-1.17,UNRELIABLE,,
trend,TRIX 0-cross,1h,short,uptrend|at range high|clean|contracting,0,,,,0,,,,,NO-TRADES,,
trend,TRIX 0-cross,1h,long,uptrend|pulling back in trend|clean|expanding,5,0.7302,40.0,0.04,0,0.0,0.0,0.0,0.0,UNRELIABLE,,
trend,TRIX 0-cross,1h,short,uptrend|pulling back in trend|clean|expanding,1,-132.3163,0.0,-1.32,0,0.0,0.0,0.0,0.0,UNRELIABLE,,
trend,TRIX 0-cross,1h,long,downtrend|pulling back in trend|clean|expanding,0,0.0,0.0,0.0,0,0.0,0.0,0.0,0.0,UNRELIABLE,,
trend,TRIX 0-cross,1h,short,downtrend|pulling back in trend|clean|expanding,4,-39.9417,25.0,-1.6,2,103.1309,50.0,2.06,-1.5,UNRELIABLE,,
trend,TRIX 0-cross,1h,long,transition|at range high|clean|expanding,17,-11.1198,41.18,-1.89,3,113.6189,66.67,3.41,-1.55,UNRELIABLE,,
trend,TRIX 0-cross,1h,short,transition|at range high|clean|expanding,0,,,,0,,,,,NO-TRADES,,
trend,TRIX 0-cross,1h,long,transition|at range low|clean|contracting,0,0.0,0.0,0.0,1,236.2163,100.0,2.36,-1.09,UNRELIABLE,,
trend,TRIX 0-cross,1h,short,transition|at range low|clean|contracting,17,-1.6174,35.29,-0.27,8,23.6302,37.5,1.89,-4.24,UNRELIABLE,,
trend,TRIX 0-cross,1h,long,downtrend|at range high|messy|contracting,12,19.9161,41.67,2.39,5,86.3298,60.0,4.32,-2.85,UNRELIABLE,,
trend,TRIX 0-cross,1h,short,downtrend|at range high|messy|contracting,0,,,,0,,,,,NO-TRADES,,
trend,TRIX 0-cross,1h,long,uptrend|at range high|clean|expanding,11,7.2308,36.36,0.8,3,-130.6228,0.0,-3.92,-3.92,UNRELIABLE,,
trend,TRIX 0-cross,1h,short,uptrend|at range high|clean|expanding,0,,,,0,,,,,NO-TRADES,,
trend,TRIX 0-cross,1h,long,downtrend|at range low|clean|contracting,0,,,,0,,,,,NO-TRADES,,
trend,TRIX 0-cross,1h,short,downtrend|at range low|clean|contracting,14,-19.5297,28.57,-2.73,3,96.4405,66.67,2.89,-1.4,UNRELIABLE,,
trend,TRIX 0-cross,1h,long,downtrend|pulling back in trend|messy|stalling,1,-132.3464,0.0,-1.32,0,0.0,0.0,0.0,0.0,UNRELIABLE,,
trend,TRIX 0-cross,1h,short,downtrend|pulling back in trend|messy|stalling,8,32.723,50.0,2.62,2,52.6873,50.0,1.05,-1.31,UNRELIABLE,,
trend,TRIX 0-cross,1h,long,uptrend|at range high|messy|stalling,4,147.5688,75.0,5.9,2,-11.8499,50.0,-0.24,-1.87,UNRELIABLE,,
trend,TRIX 0-cross,1h,short,uptrend|at range high|messy|stalling,0,,,,0,,,,,NO-TRADES,,
trend,TRIX 0-cross,1h,long,transition|at range low|clean|expanding,0,0.0,0.0,0.0,0,0.0,0.0,0.0,0.0,UNRELIABLE,,
trend,TRIX 0-cross,1h,short,transition|at range low|clean|expanding,12,8.106,33.33,0.97,1,-132.7884,0.0,-1.33,-1.33,UNRELIABLE,,
trend,TRIX 0-cross,1h,long,uptrend|pulling back in trend|messy|stalling,1,-9.4573,0.0,-0.09,0,0.0,0.0,0.0,0.0,UNRELIABLE,,
trend,TRIX 0-cross,1h,short,uptrend|pulling back in trend|messy|stalling,1,-132.443,0.0,-1.32,0,0.0,0.0,0.0,0.0,UNRELIABLE,,
trend,TRIX 0-cross,1h,long,uptrend|at range low|messy|contracting,0,,,,0,,,,,NO-TRADES,,
trend,TRIX 0-cross,1h,short,uptrend|at range low|messy|contracting,13,-16.9599,30.77,-2.2,9,-0.1855,44.44,-0.02,-4.16,UNRELIABLE,,
trend,TRIX 0-cross,1h,long,downtrend|at range high|messy|expanding,3,7.6666,33.33,0.23,3,-66.3757,33.33,-1.99,-2.54,UNRELIABLE,,
trend,TRIX 0-cross,1h,short,downtrend|at range high|messy|expanding,1,252.6953,100.0,2.53,1,244.2933,100.0,2.44,-0.42,UNRELIABLE,,
trend,TRIX 0-cross,1h,long,uptrend|at range low|messy|expanding,1,-132.5764,0.0,-1.33,0,0.0,0.0,0.0,0.0,UNRELIABLE,,
trend,TRIX 0-cross,1h,short,uptrend|at range low|messy|expanding,12,94.7372,58.33,11.37,5,-97.0245,20.0,-4.85,-6.16,UNRELIABLE,,
trend,TRIX 0-cross,1h,long,downtrend|at range low|clean|expanding,0,,,,0,,,,,NO-TRADES,,
trend,TRIX 0-cross,1h,short,downtrend|at range low|clean|expanding,7,40.2893,42.86,2.82,2,-4.3748,50.0,-0.09,-1.49,UNRELIABLE,,
trend,TRIX 0-cross,15m,long,transition|mid range|messy|contracting,45,-16.8991,28.89,-7.6,17,-34.6474,23.53,-5.89,-7.87,FAIL,,
trend,TRIX 0-cross,15m,short,transition|mid range|messy|contracting,64,-17.1772,28.12,-10.99,21,-26.9585,23.81,-5.66,-6.74,FAIL,,
trend,TRIX 0-cross,15m,long,transition|mid range|messy|expanding,49,-6.7237,32.65,-3.29,11,65.9826,81.82,7.26,-1.27,FAIL,5.5718,0.082
trend,TRIX 0-cross,15m,short,transition|mid range|messy|expanding,66,-10.9515,31.82,-7.23,16,-9.5484,37.5,-1.53,-5.02,FAIL,,
trend,TRIX 0-cross,15m,long,downtrend|pulling back in trend|messy|contracting,17,6.3998,52.94,1.09,3,-64.9154,0.0,-1.95,-1.98,UNRELIABLE,0.5321,
trend,TRIX 0-cross,15m,short,downtrend|pulling back in trend|messy|contracting,59,-31.5197,16.95,-18.6,12,-22.5467,25.0,-2.71,-4.83,FAIL,,
trend,TRIX 0-cross,15m,long,uptrend|at range high|messy|contracting,135,-13.9096,30.37,-18.78,38,-2.941,36.84,-1.12,-5.1,FAIL,,1.5495
trend,TRIX 0-cross,15m,short,uptrend|at range high|messy|contracting,1,105.0157,100.0,1.05,0,0.0,0.0,0.0,0.0,UNRELIABLE,0.0318,
trend,TRIX 0-cross,15m,long,uptrend|pulling back in trend|messy|contracting,36,3.8683,38.89,1.39,13,-41.6345,15.38,-5.41,-5.41,FAIL,0.6686,
trend,TRIX 0-cross,15m,short,uptrend|pulling back in trend|messy|contracting,23,7.7206,43.48,1.78,10,-14.4791,30.0,-1.45,-2.94,FAIL,0.4896,
trend,TRIX 0-cross,15m,long,downtrend|pulling back in trend|messy|expanding,22,-38.7134,13.64,-8.52,6,-9.2857,33.33,-0.56,-1.5,UNRELIABLE,,
trend,TRIX 0-cross,15m,short,downtrend|pulling back in trend|messy|expanding,61,-5.8742,39.34,-3.58,16,17.0159,50.0,2.72,-1.51,FAIL,3.7712,0.2716
trend,TRIX 0-cross,15m,long,uptrend|pulling back in trend|messy|expanding,55,-9.0521,36.36,-4.98,7,-7.4623,42.86,-0.52,-2.98,UNRELIABLE,,11.7403
trend,TRIX 0-cross,15m,short,uptrend|pulling back in trend|messy|expanding,20,8.4689,50.0,1.69,7,-16.8731,42.86,-1.18,-2.67,UNRELIABLE,0.4407,
trend,TRIX 0-cross,15m,long,transition|at range high|messy|contracting,146,-2.3964,37.67,-3.5,54,-25.2939,24.07,-13.66,-14.93,FAIL,1.347,
trend,TRIX 0-cross,15m,short,transition|at range high|messy|contracting,2,-64.8675,0.0,-1.3,0,0.0,0.0,0.0,0.0,UNRELIABLE,,
trend,TRIX 0-cross,15m,long,uptrend|at range high|messy|expanding,94,-21.2439,25.53,-19.97,34,-9.1559,35.29,-3.11,-7.92,FAIL,,
trend,TRIX 0-cross,15m,short,uptrend|at range high|messy|expanding,1,104.8158,100.0,1.05,0,0.0,0.0,0.0,0.0,UNRELIABLE,0.0336,
trend,TRIX 0-cross,15m,long,transition|mid range|clean|contracting,34,-17.1188,29.41,-5.82,12,-32.5165,16.67,-3.9,-5.46,FAIL,,
trend,TRIX 0-cross,15m,short,transition|mid range|clean|contracting,45,-7.6669,40.0,-3.45,12,17.7464,50.0,2.13,-2.65,FAIL,124.398,0.2857
trend,TRIX 0-cross,15m,long,downtrend|at range low|messy|contracting,0,,,,0,,,,,NO-TRADES,,
trend,TRIX 0-cross,15m,short,downtrend|at range low|messy|contracting,108,-15.3329,30.56,-16.56,31,-35.5891,19.35,-11.03,-11.03,FAIL,,
trend,TRIX 0-cross,15m,long,transition|at range high|messy|expanding,89,4.4495,42.7,3.96,24,-3.3548,37.5,-0.81,-6.09,FAIL,0.6424,1.6573
trend,TRIX 0-cross,15m,short,transition|at range high|messy|expanding,3,47.9352,66.67,1.44,1,-65.2815,0.0,-0.65,-0.85,UNRELIABLE,0.1145,
trend,TRIX 0-cross,15m,long,transition|at range low|messy|contracting,1,104.3794,100.0,1.04,0,0.0,0.0,0.0,0.0,UNRELIABLE,0.0377,
trend,TRIX 0-cross,15m,short,transition|at range low|messy|contracting,115,5.044,43.48,5.8,49,-6.4382,34.69,-3.15,-6.65,FAIL,0.6058,5.7566
trend,TRIX 0-cross,15m,long,transition|mid range|clean|expanding,34,-17.9499,32.35,-6.1,11,-0.2839,36.36,-0.03,-1.98,FAIL,,1.0352
trend,TRIX 0-cross,15m,short,transition|mid range|clean|expanding,28,-10.7546,28.57,-3.01,15,-9.5164,33.33,-1.43,-3.19,FAIL,,
trend,TRIX 0-cross,15m,long,downtrend|at range low|messy|expanding,0,0.0,0.0,0.0,1,-65.1813,0.0,-0.65,-0.65,UNRELIABLE,,
trend,TRIX 0-cross,15m,short,downtrend|at range low|messy|expanding,87,-11.3967,33.33,-9.92,23,9.5062,47.83,2.19,-3.44,FAIL,,0.4325
trend,TRIX 0-cross,15m,long,transition|at range low|messy|expanding,1,98.9431,100.0,0.99,0,0.0,0.0,0.0,0.0,UNRELIABLE,0.0878,
trend,TRIX 0-cross,15m,short,transition|at range low|messy|expanding,100,-15.7978,29.0,-15.8,42,-1.2915,38.1,-0.54,-6.65,FAIL,,1.2188
trend,TRIX 0-cross,15m,long,downtrend|pulling back in trend|clean|contracting,8,-44.4102,12.5,-3.55,4,-65.0843,0.0,-2.6,-2.6,UNRELIABLE,,
trend,TRIX 0-cross,15m,short,downtrend|pulling back in trend|clean|contracting,36,-19.311,27.78,-6.95,2,-64.7164,0.0,-1.29,-1.29,UNRELIABLE,,
trend,TRIX 0-cross,15m,long,uptrend|pulling back in trend|clean|contracting,24,-15.5963,29.17,-3.74,1,-65.1194,0.0,-0.65,-0.83,UNRELIABLE,,
trend,TRIX 0-cross,15m,short,uptrend|pulling back in trend|clean|contracting,21,18.0544,47.62,3.79,2,-64.5484,0.0,-1.29,-1.86,UNRELIABLE,0.2918,
trend,TRIX 0-cross,15m,long,uptrend|at range high|clean|contracting,68,-14.3862,30.88,-9.78,19,-15.2503,31.58,-2.9,-4.52,FAIL,,
trend,TRIX 0-cross,15m,short,uptrend|at range high|clean|contracting,0,,,,0,,,,,NO-TRADES,,
trend,TRIX 0-cross,15m,long,downtrend|pulling back in trend|clean|expanding,9,8.3112,44.44,0.75,1,39.2624,100.0,0.39,-0.81,UNRELIABLE,0.4923,0.1241
trend,TRIX 0-cross,15m,short,downtrend|pulling back in trend|clean|expanding,32,6.7543,50.0,2.16,9,-18.1981,33.33,-1.64,-2.76,FAIL,0.498,
trend,TRIX 0-cross,15m,long,uptrend|pulling back in trend|clean|expanding,28,-20.4663,28.57,-5.73,7,3.6169,57.14,0.25,-2.15,UNRELIABLE,,0.6687
trend,TRIX 0-cross,15m,short,uptrend|pulling back in trend|clean|expanding,11,-29.802,18.18,-3.28,3,-8.7659,33.33,-0.26,-1.32,UNRELIABLE,,
trend,TRIX 0-cross,15m,long,transition|at range high|clean|contracting,90,-5.0747,36.67,-4.57,30,-1.1689,40.0,-0.35,-5.36,FAIL,2.263,1.1594
trend,TRIX 0-cross,15m,short,transition|at range high|clean|contracting,0,,,,0,,,,,NO-TRADES,,
trend,TRIX 0-cross,15m,long,transition|mid range|messy|stalling,15,13.062,46.67,1.96,5,6.9756,40.0,0.35,-1.07,UNRELIABLE,0.3684,0.506
trend,TRIX 0-cross,15m,short,transition|mid range|messy|stalling,24,-4.3119,37.5,-1.03,5,37.4544,60.0,1.87,-0.87,UNRELIABLE,2.3516,0.1361
trend,TRIX 0-cross,15m,long,transition|at range high|clean|expanding,56,11.4916,50.0,6.44,15,-22.3967,26.67,-3.36,-5.12,FAIL,0.4142,
trend,TRIX 0-cross,15m,short,transition|at range high|clean|expanding,0,0.0,0.0,0.0,1,-65.2496,0.0,-0.65,-1.0,UNRELIABLE,,
trend,TRIX 0-cross,15m,long,uptrend|at range high|clean|expanding,58,-23.2735,24.14,-13.5,16,-1.9018,37.5,-0.3,-3.77,FAIL,,1.2932
trend,TRIX 0-cross,15m,short,uptrend|at range high|clean|expanding,0,,,,0,,,,,NO-TRADES,,
trend,TRIX 0-cross,15m,long,downtrend|at range low|clean|contracting,1,100.2753,100.0,1.0,0,0.0,0.0,0.0,0.0,UNRELIABLE,0.0755,
trend,TRIX 0-cross,15m,short,downtrend|at range low|clean|contracting,56,-16.8625,26.79,-9.44,11,18.5699,63.64,2.04,-1.6,FAIL,,0.2582
trend,TRIX 0-cross,15m,long,transition|at range low|clean|contracting,0,,,,0,,,,,NO-TRADES,,
trend,TRIX 0-cross,15m,short,transition|at range low|clean|contracting,77,-11.213,31.17,-8.63,22,6.5053,45.45,1.43,-2.56,FAIL,,0.5408
trend,TRIX 0-cross,15m,long,transition|at range low|clean|expanding,1,-65.1813,0.0,-0.65,2,19.2165,50.0,0.38,-1.35,UNRELIABLE,,0.282
trend,TRIX 0-cross,15m,short,transition|at range low|clean|expanding,53,-3.7689,39.62,-2.0,19,11.0757,47.37,2.1,-2.04,FAIL,2.031,0.3929
trend,TRIX 0-cross,15m,long,downtrend|at range low|clean|expanding,0,,,,0,,,,,NO-TRADES,,
trend,TRIX 0-cross,15m,short,downtrend|at range low|clean|expanding,31,-26.223,22.58,-8.13,14,-28.5342,21.43,-3.99,-4.72,FAIL,,
trend,TRIX 0-cross,15m,long,downtrend|pulling back in trend|messy|stalling,4,18.8232,50.0,0.75,1,-65.4815,0.0,-0.65,-0.94,UNRELIABLE,0.2999,
trend,TRIX 0-cross,15m,short,downtrend|pulling back in trend|messy|stalling,20,-29.6436,20.0,-5.93,9,-38.0934,22.22,-3.43,-3.43,FAIL,,
trend,TRIX 0-cross,15m,long,downtrend|at range high|messy|contracting,48,0.6071,39.58,0.29,21,-9.1305,33.33,-1.92,-3.45,FAIL,0.933,
trend,TRIX 0-cross,15m,short,downtrend|at range high|messy|contracting,1,-61.5809,0.0,-0.62,0,0.0,0.0,0.0,0.0,UNRELIABLE,,
trend,TRIX 0-cross,15m,long,uptrend|pulling back in trend|messy|stalling,11,-34.463,18.18,-3.79,1,-65.2747,0.0,-0.65,-0.65,UNRELIABLE,,
trend,TRIX 0-cross,15m,short,uptrend|pulling back in trend|messy|stalling,7,-40.6924,14.29,-2.85,0,0.0,0.0,0.0,0.0,UNRELIABLE,,
trend,TRIX 0-cross,15m,long,downtrend|at range high|messy|expanding,32,-5.6922,37.5,-1.82,11,6.7067,45.45,0.74,-2.21,FAIL,3.1106,0.5288
trend,TRIX 0-cross,15m,short,downtrend|at range high|messy|expanding,1,105.2038,100.0,1.05,0,0.0,0.0,0.0,0.0,UNRELIABLE,0.0301,
trend,TRIX 0-cross,15m,long,uptrend|at range high|messy|stalling,40,-17.5382,30.0,-7.02,7,31.4535,57.14,2.2,-1.83,UNRELIABLE,,0.1863
trend,TRIX 0-cross,15m,short,uptrend|at range high|messy|stalling,0,,,,0,,,,,NO-TRADES,,
trend,Vortex VI+/VI- cross,1h,long,transition|mid range|messy|contracting,162,3.8741,43.21,6.28,57,3.9063,42.11,2.23,-13.88,SURVIVOR,,
trend,Vortex VI+/VI- cross,1h,short,transition|mid range|messy|contracting,165,-5.3394,36.97,-8.81,46,14.7249,41.3,6.77,-10.99,FAIL,,
trend,Vortex VI+/VI- cross,1h,long,transition|mid range|messy|expanding,179,19.2393,46.37,34.44,45,-16.9454,35.56,-7.63,-17.02,FAIL,,
trend,Vortex VI+/VI- cross,1h,short,transition|mid range|messy|expanding,180,-5.0307,39.44,-9.06,44,7.9643,45.45,3.5,-9.85,FAIL,,
trend,Vortex VI+/VI- cross,1h,long,uptrend|at range high|messy|contracting,19,-14.5082,36.84,-2.76,4,80.0517,50.0,3.2,-1.32,UNRELIABLE,,
trend,Vortex VI+/VI- cross,1h,short,uptrend|at range high|messy|contracting,15,61.5534,53.33,9.23,8,-69.7008,25.0,-5.58,-6.77,UNRELIABLE,,
trend,Vortex VI+/VI- cross,1h,long,downtrend|pulling back in trend|messy|contracting,117,-15.5817,33.33,-18.23,37,-6.7545,40.54,-2.5,-9.51,FAIL,,
trend,Vortex VI+/VI- cross,1h,short,downtrend|pulling back in trend|messy|contracting,81,-12.4169,37.04,-10.06,21,-39.1161,19.05,-8.21,-12.59,FAIL,,
trend,Vortex VI+/VI- cross,1h,long,uptrend|pulling back in trend|messy|contracting,77,-35.6832,28.57,-27.48,23,-39.443,30.43,-9.07,-11.58,FAIL,,
trend,Vortex VI+/VI- cross,1h,short,uptrend|pulling back in trend|messy|contracting,99,3.0999,39.39,3.07,45,17.4219,42.22,7.84,-8.31,SURVIVOR,,
trend,Vortex VI+/VI- cross,1h,long,uptrend|at range high|messy|expanding,34,4.0101,35.29,1.36,16,-18.0511,37.5,-2.89,-6.16,FAIL,,
trend,Vortex VI+/VI- cross,1h,short,uptrend|at range high|messy|expanding,20,-41.9953,30.0,-8.4,9,31.9693,44.44,2.88,-3.92,FAIL,,
trend,Vortex VI+/VI- cross,1h,long,downtrend|pulling back in trend|messy|expanding,104,16.4986,49.04,17.16,36,-8.5264,41.67,-3.07,-8.13,FAIL,,
trend,Vortex VI+/VI- cross,1h,short,downtrend|pulling back in trend|messy|expanding,55,-24.0146,32.73,-13.21,19,10.5652,47.37,2.01,-6.06,FAIL,,
trend,Vortex VI+/VI- cross,1h,long,transition|at range high|messy|contracting,48,16.2732,45.83,7.81,17,16.1067,47.06,2.74,-6.64,SURVIVOR,,
trend,Vortex VI+/VI- cross,1h,short,transition|at range high|messy|contracting,35,-48.013,25.71,-16.8,9,-8.5857,44.44,-0.77,-4.72,FAIL,,
trend,Vortex VI+/VI- cross,1h,long,uptrend|pulling back in trend|messy|expanding,61,-9.0476,40.98,-5.52,16,3.5461,43.75,0.57,-6.05,FAIL,,
trend,Vortex VI+/VI- cross,1h,short,uptrend|pulling back in trend|messy|expanding,123,-6.6633,38.21,-8.2,31,-30.4524,35.48,-9.44,-10.78,FAIL,,
trend,Vortex VI+/VI- cross,1h,long,transition|at range high|messy|expanding,90,-5.391,36.67,-4.85,24,-1.1693,41.67,-0.28,-12.84,FAIL,,
trend,Vortex VI+/VI- cross,1h,short,transition|at range high|messy|expanding,25,-16.9581,36.0,-4.24,9,-31.6259,22.22,-2.85,-5.72,FAIL,,
trend,Vortex VI+/VI- cross,1h,long,downtrend|at range low|messy|contracting,14,-4.6452,35.71,-0.65,2,62.8476,100.0,1.26,-0.6,UNRELIABLE,,
trend,Vortex VI+/VI- cross,1h,short,downtrend|at range low|messy|contracting,19,-9.9837,42.11,-1.9,4,-13.8517,25.0,-0.55,-3.31,UNRELIABLE,,
trend,Vortex VI+/VI- cross,1h,long,transition|at range low|messy|contracting,23,-32.6824,30.43,-7.52,6,-8.7838,50.0,-0.53,-3.06,UNRELIABLE,,
trend,Vortex VI+/VI- cross,1h,short,transition|at range low|messy|contracting,32,-3.1427,40.62,-1.01,12,-23.9641,33.33,-2.88,-5.45,FAIL,,
trend,Vortex VI+/VI- cross,1h,long,downtrend|at range low|messy|expanding,13,-31.9279,38.46,-4.15,0,0.0,0.0,0.0,0.0,UNRELIABLE,,
trend,Vortex VI+/VI- cross,1h,short,downtrend|at range low|messy|expanding,26,-23.2135,34.62,-6.04,4,5.5892,50.0,0.22,-4.07,UNRELIABLE,,
trend,Vortex VI+/VI- cross,1h,long,transition|at range low|messy|expanding,22,-21.6101,36.36,-4.75,7,-63.9139,14.29,-4.47,-4.59,UNRELIABLE,,
trend,Vortex VI+/VI- cross,1h,short,transition|at range low|messy|expanding,91,-0.4182,39.56,-0.38,32,-24.5121,28.12,-7.84,-15.04,FAIL,,
trend,Vortex VI+/VI- cross,1h,long,transition|mid range|clean|contracting,59,-18.9109,32.2,-11.16,17,-41.1693,29.41,-7.0,-8.39,FAIL,,
trend,Vortex VI+/VI- cross,1h,short,transition|mid range|clean|contracting,67,2.234,40.3,1.5,12,-38.1381,33.33,-4.58,-6.28,FAIL,,
trend,Vortex VI+/VI- cross,1h,long,transition|mid range|clean|expanding,56,2.9686,42.86,1.66,17,22.322,47.06,3.79,-4.89,SURVIVOR,,
trend,Vortex VI+/VI- cross,1h,short,transition|mid range|clean|expanding,63,-3.0618,39.68,-1.93,14,-47.7411,28.57,-6.68,-9.69,FAIL,,
trend,Vortex VI+/VI- cross,1h,long,transition|mid range|messy|stalling,65,13.6224,43.08,8.85,11,-40.0697,27.27,-4.41,-5.64,FAIL,,
trend,Vortex VI+/VI- cross,1h,short,transition|mid range|messy|stalling,52,51.9305,51.92,27.0,17,-39.4413,29.41,-6.71,-9.43,FAIL,,
trend,Vortex VI+/VI- cross,1h,long,transition|at range high|clean|contracting,9,-88.9279,11.11,-8.0,6,-17.7884,33.33,-1.07,-3.94,UNRELIABLE,,
trend,Vortex VI+/VI- cross,1h,short,transition|at range high|clean|contracting,5,51.2743,80.0,2.56,2,52.4043,50.0,1.05,-2.02,UNRELIABLE,,
trend,Vortex VI+/VI- cross,1h,long,downtrend|pulling back in trend|clean|contracting,40,43.0855,52.5,17.23,21,0.3158,42.86,0.07,-5.82,SURVIVOR,,
trend,Vortex VI+/VI- cross,1h,short,downtrend|pulling back in trend|clean|contracting,33,-50.9748,27.27,-16.82,9,21.5328,44.44,1.94,-4.0,FAIL,,
trend,Vortex VI+/VI- cross,1h,long,uptrend|pulling back in trend|clean|contracting,24,-61.195,16.67,-14.69,8,4.7987,37.5,0.38,-4.37,FAIL,,
trend,Vortex VI+/VI- cross,1h,short,uptrend|pulling back in trend|clean|contracting,36,44.7274,50.0,16.1,10,-19.2854,30.0,-1.93,-7.53,FAIL,,
trend,Vortex VI+/VI- cross,1h,long,uptrend|at range high|clean|contracting,7,-47.9865,28.57,-3.36,0,0.0,0.0,0.0,0.0,UNRELIABLE,,
trend,Vortex VI+/VI- cross,1h,short,uptrend|at range high|clean|contracting,7,-1.119,28.57,-0.08,2,-71.944,0.0,-1.44,-1.81,UNRELIABLE,,
trend,Vortex VI+/VI- cross,1h,long,uptrend|pulling back in trend|clean|expanding,30,-8.9589,40.0,-2.69,12,-45.3703,16.67,-5.44,-8.13,FAIL,,
trend,Vortex VI+/VI- cross,1h,short,uptrend|pulling back in trend|clean|expanding,51,-10.6778,31.37,-5.45,17,-46.5743,35.29,-7.92,-8.92,FAIL,,
trend,Vortex VI+/VI- cross,1h,long,downtrend|pulling back in trend|clean|expanding,45,58.0947,53.33,26.14,17,6.9805,47.06,1.19,-3.15,SURVIVOR,,
trend,Vortex VI+/VI- cross,1h,short,downtrend|pulling back in trend|clean|expanding,34,-13.2863,47.06,-4.52,10,18.9737,50.0,1.9,-3.47,FAIL,,
trend,Vortex VI+/VI- cross,1h,long,transition|at range high|clean|expanding,42,6.0694,42.86,2.55,12,-11.1595,33.33,-1.34,-7.08,FAIL,,
trend,Vortex VI+/VI- cross,1h,short,transition|at range high|clean|expanding,6,52.8644,50.0,3.17,2,-128.6363,0.0,-2.57,-3.33,UNRELIABLE,,
trend,Vortex VI+/VI- cross,1h,long,transition|at range low|clean|contracting,6,-73.5809,16.67,-4.41,3,-130.4223,0.0,-3.91,-3.95,UNRELIABLE,,
trend,Vortex VI+/VI- cross,1h,short,transition|at range low|clean|contracting,17,52.9296,52.94,9.0,5,-17.1983,20.0,-0.86,-3.68,UNRELIABLE,,
trend,Vortex VI+/VI- cross,1h,long,downtrend|at range high|messy|contracting,29,3.4546,37.93,1.0,8,-53.6295,25.0,-4.29,-4.9,FAIL,,
trend,Vortex VI+/VI- cross,1h,short,downtrend|at range high|messy|contracting,15,0.5639,40.0,0.08,3,205.3483,100.0,6.16,-0.34,UNRELIABLE,,
trend,Vortex VI+/VI- cross,1h,long,uptrend|at range high|clean|expanding,19,-18.9431,31.58,-3.6,3,114.5153,66.67,3.44,-2.57,UNRELIABLE,,
trend,Vortex VI+/VI- cross,1h,short,uptrend|at range high|clean|expanding,8,88.3836,62.5,7.07,3,48.8894,66.67,1.47,-3.34,UNRELIABLE,,
trend,Vortex VI+/VI- cross,1h,long,downtrend|at range low|clean|contracting,3,-94.0114,0.0,-2.82,0,0.0,0.0,0.0,0.0,UNRELIABLE,,
trend,Vortex VI+/VI- cross,1h,short,downtrend|at range low|clean|contracting,2,-131.4908,0.0,-2.63,2,-131.126,0.0,-2.62,-3.1,UNRELIABLE,,
trend,Vortex VI+/VI- cross,1h,long,downtrend|pulling back in trend|messy|stalling,38,5.9483,39.47,2.26,8,-41.4777,25.0,-3.32,-5.57,FAIL,,
trend,Vortex VI+/VI- cross,1h,short,downtrend|pulling back in trend|messy|stalling,23,-26.1292,34.78,-6.01,7,-109.3678,0.0,-7.66,-7.8,UNRELIABLE,,
trend,Vortex VI+/VI- cross,1h,long,uptrend|at range high|messy|stalling,9,-97.1698,11.11,-8.75,4,-97.8109,25.0,-3.91,-4.23,UNRELIABLE,,
trend,Vortex VI+/VI- cross,1h,short,uptrend|at range high|messy|stalling,4,-13.6513,25.0,-0.55,1,-132.6319,0.0,-1.33,-1.66,UNRELIABLE,,
trend,Vortex VI+/VI- cross,1h,long,transition|at range low|clean|expanding,6,64.9619,50.0,3.9,2,108.7883,50.0,2.18,-0.44,UNRELIABLE,,
trend,Vortex VI+/VI- cross,1h,short,transition|at range low|clean|expanding,31,-39.7118,29.03,-12.31,14,47.094,50.0,6.59,-3.3,FAIL,,
trend,Vortex VI+/VI- cross,1h,long,uptrend|pulling back in trend|messy|stalling,27,-34.5387,29.63,-9.33,8,-62.4831,37.5,-5.0,-7.17,FAIL,,
trend,Vortex VI+/VI- cross,1h,short,uptrend|pulling back in trend|messy|stalling,35,-36.0583,31.43,-12.62,11,5.3925,36.36,0.59,-4.22,FAIL,,
trend,Vortex VI+/VI- cross,1h,long,uptrend|at range low|messy|contracting,9,63.2796,55.56,5.7,2,-73.2484,0.0,-1.46,-1.79,UNRELIABLE,,
trend,Vortex VI+/VI- cross,1h,short,uptrend|at range low|messy|contracting,15,78.6319,60.0,11.79,14,27.8874,42.86,3.9,-4.94,UNRELIABLE,,
trend,Vortex VI+/VI- cross,1h,long,downtrend|at range high|messy|expanding,64,-0.5944,39.06,-0.38,20,-53.2475,20.0,-10.65,-18.19,FAIL,,
trend,Vortex VI+/VI- cross,1h,short,downtrend|at range high|messy|expanding,14,-3.1439,50.0,-0.44,1,44.5223,100.0,0.45,-0.43,UNRELIABLE,,
trend,Vortex VI+/VI- cross,1h,long,uptrend|at range low|messy|expanding,4,-67.428,0.0,-2.7,3,114.6614,66.67,3.44,-1.33,UNRELIABLE,,
trend,Vortex VI+/VI- cross,1h,short,uptrend|at range low|messy|expanding,60,-8.4909,38.33,-5.09,21,56.9093,57.14,11.95,-3.37,FAIL,,
trend,Vortex VI+/VI- cross,1h,long,downtrend|at range low|clean|expanding,2,22.2488,50.0,0.44,1,-132.6668,0.0,-1.33,-1.61,UNRELIABLE,,
trend,Vortex VI+/VI- cross,1h,short,downtrend|at range low|clean|expanding,19,41.1709,47.37,7.82,10,-18.2061,30.0,-1.82,-4.33,UNRELIABLE,,
trend,Vortex VI+/VI- cross,15m,long,transition|mid range|messy|contracting,533,-7.3392,34.33,-39.12,152,-2.8134,38.82,-4.28,-15.72,FAIL,22.0334,1.5247
trend,Vortex VI+/VI- cross,15m,short,transition|mid range|messy|contracting,515,-4.6293,37.09,-23.84,155,-13.5599,31.61,-21.02,-24.93,FAIL,3.8647,
trend,Vortex VI+/VI- cross,15m,long,transition|mid range|messy|expanding,466,-4.8409,36.91,-22.56,140,-5.6527,37.86,-7.91,-9.48,FAIL,2.8752,3.3005
trend,Vortex VI+/VI- cross,15m,short,transition|mid range|messy|expanding,523,-9.1411,32.5,-47.81,155,-13.0722,31.61,-20.26,-20.42,FAIL,,
trend,Vortex VI+/VI- cross,15m,long,downtrend|pulling back in trend|messy|contracting,354,-6.6816,37.29,-23.65,103,6.1585,42.72,6.34,-5.98,FAIL,8.0091,0.5817
trend,Vortex VI+/VI- cross,15m,short,downtrend|pulling back in trend|messy|contracting,274,-7.5983,35.04,-20.82,69,-5.831,36.23,-4.02,-11.25,FAIL,,5.8085
trend,Vortex VI+/VI- cross,15m,long,uptrend|at range high|messy|contracting,61,-2.0837,39.34,-1.27,22,-18.418,31.82,-4.05,-5.47,FAIL,1.3144,
trend,Vortex VI+/VI- cross,15m,short,uptrend|at range high|messy|contracting,65,-8.3603,33.85,-5.43,20,4.3701,45.0,0.87,-4.78,FAIL,,0.6344
trend,Vortex VI+/VI- cross,15m,long,uptrend|pulling back in trend|messy|contracting,280,-7.6256,35.36,-21.35,83,-2.0782,38.55,-1.72,-12.95,FAIL,13.6011,1.3254
trend,Vortex VI+/VI- cross,15m,short,uptrend|pulling back in trend|messy|contracting,356,-8.2597,34.55,-29.4,122,8.4428,44.26,10.3,-4.32,FAIL,,0.4706
trend,Vortex VI+/VI- cross,15m,long,downtrend|pulling back in trend|messy|expanding,398,-11.2719,30.9,-44.86,123,-10.6161,33.33,-13.06,-16.27,FAIL,,
trend,Vortex VI+/VI- cross,15m,short,downtrend|pulling back in trend|messy|expanding,205,-13.8343,30.24,-28.36,73,-18.7931,28.77,-13.72,-14.11,FAIL,,
trend,Vortex VI+/VI- cross,15m,long,uptrend|pulling back in trend|messy|expanding,195,-9.6186,34.36,-18.76,70,5.3767,42.86,3.76,-7.54,FAIL,,0.6111
trend,Vortex VI+/VI- cross,15m,short,uptrend|pulling back in trend|messy|expanding,428,-5.0439,36.68,-21.59,126,-9.284,34.13,-11.7,-12.09,FAIL,4.4883,
trend,Vortex VI+/VI- cross,15m,long,transition|at range high|messy|contracting,167,-10.9923,32.34,-18.36,58,-6.5395,36.21,-3.79,-7.87,FAIL,,4.1738
trend,Vortex VI+/VI- cross,15m,short,transition|at range high|messy|contracting,106,11.9539,47.17,12.67,40,-11.7803,35.0,-4.71,-6.9,FAIL,0.3864,
trend,Vortex VI+/VI- cross,15m,long,uptrend|at range high|messy|expanding,119,-6.162,34.45,-7.33,40,-15.0437,30.0,-6.02,-6.02,FAIL,3.856,
trend,Vortex VI+/VI- cross,15m,short,uptrend|at range high|messy|expanding,64,-16.5389,28.12,-10.58,20,-4.2237,40.0,-0.84,-4.27,FAIL,,2.1636
trend,Vortex VI+/VI- cross,15m,long,transition|mid range|clean|contracting,267,-3.2298,38.2,-8.62,83,2.2921,42.17,1.9,-4.95,FAIL,1.5999,0.7868
trend,Vortex VI+/VI- cross,15m,short,transition|mid range|clean|contracting,283,-7.0609,36.4,-19.98,90,-4.3842,37.78,-3.95,-12.12,FAIL,,2.2343
trend,Vortex VI+/VI- cross,15m,long,downtrend|at range low|messy|contracting,46,-13.1878,34.78,-6.07,8,7.0181,50.0,0.56,-1.56,FAIL,,0.5259
trend,Vortex VI+/VI- cross,15m,short,downtrend|at range low|messy|contracting,57,-11.6563,31.58,-6.64,18,-8.4327,38.89,-1.52,-4.6,FAIL,,
trend,Vortex VI+/VI- cross,15m,long,transition|at range high|messy|expanding,304,-6.794,34.54,-20.65,93,0.2935,39.78,0.27,-6.07,FAIL,13.3783,0.9663
trend,Vortex VI+/VI- cross,15m,short,transition|at range high|messy|expanding,81,-4.3991,37.04,-3.56,27,-12.2371,33.33,-3.3,-5.13,FAIL,2.4254,
trend,Vortex VI+/VI- cross,15m,long,transition|at range low|messy|contracting,77,-15.2319,32.47,-11.73,19,-5.7922,36.84,-1.1,-4.07,FAIL,,2.9728
trend,Vortex VI+/VI- cross,15m,short,transition|at range low|messy|contracting,130,-13.0249,32.31,-16.93,43,-25.6223,23.26,-11.02,-12.39,FAIL,,
trend,Vortex VI+/VI- cross,15m,long,transition|mid range|clean|expanding,277,-6.5483,35.74,-18.14,65,-3.6558,38.46,-2.38,-8.04,FAIL,5.1176,1.7379
trend,Vortex VI+/VI- cross,15m,short,transition|mid range|clean|expanding,293,-0.8158,39.59,-2.39,83,-12.9562,32.53,-10.75,-13.01,FAIL,1.1235,
trend,Vortex VI+/VI- cross,15m,long,downtrend|at range low|messy|expanding,33,5.8945,42.42,1.95,16,-7.2859,37.5,-1.17,-3.48,FAIL,0.5559,7.3563
trend,Vortex VI+/VI- cross,15m,short,downtrend|at range low|messy|expanding,112,-9.806,33.93,-10.98,35,-34.2002,20.0,-11.97,-12.3,FAIL,,
trend,Vortex VI+/VI- cross,15m,long,transition|at range low|messy|expanding,61,-14.1156,32.79,-8.61,15,16.216,46.67,2.43,-2.83,FAIL,,0.3242
trend,Vortex VI+/VI- cross,15m,short,transition|at range low|messy|expanding,249,-8.3458,33.33,-20.78,76,8.3872,43.42,6.37,-4.97,FAIL,,0.4617
trend,Vortex VI+/VI- cross,15m,long,downtrend|pulling back in trend|clean|contracting,189,-8.5758,35.45,-16.21,57,-16.5118,33.33,-9.41,-11.77,FAIL,,
trend,Vortex VI+/VI- cross,15m,short,downtrend|pulling back in trend|clean|contracting,117,-18.8063,26.5,-22.0,49,0.6265,44.9,0.31,-6.84,FAIL,,0.9207
trend,Vortex VI+/VI- cross,15m,long,uptrend|pulling back in trend|clean|contracting,140,-13.2621,30.0,-18.57,44,-26.7171,22.73,-11.76,-13.01,FAIL,,
trend,Vortex VI+/VI- cross,15m,short,uptrend|pulling back in trend|clean|contracting,210,-12.5676,31.43,-26.39,60,-6.5053,36.67,-3.9,-8.5,FAIL,,5.478
trend,Vortex VI+/VI- cross,15m,long,uptrend|at range high|clean|contracting,38,-1.5152,42.11,-0.58,7,31.3396,57.14,2.19,-2.06,UNRELIABLE,1.2155,0.1892
trend,Vortex VI+/VI- cross,15m,short,uptrend|at range high|clean|contracting,30,-0.5721,40.0,-0.17,7,-40.4507,14.29,-2.83,-2.83,UNRELIABLE,1.0869,
trend,Vortex VI+/VI- cross,15m,long,downtrend|pulling back in trend|clean|expanding,223,-8.7072,35.87,-19.42,76,-5.2896,36.84,-4.02,-7.79,FAIL,,2.6235
trend,Vortex VI+/VI- cross,15m,short,downtrend|pulling back in trend|clean|expanding,107,-4.1293,36.45,-4.42,37,-33.1546,16.22,-12.27,-13.6,FAIL,2.2857,
trend,Vortex VI+/VI- cross,15m,long,uptrend|pulling back in trend|clean|expanding,127,2.0304,40.16,2.58,37,9.3673,43.24,3.47,-4.07,SURVIVOR,0.8139,0.4641
trend,Vortex VI+/VI- cross,15m,short,uptrend|pulling back in trend|clean|expanding,237,-1.9117,38.82,-4.53,82,-5.1132,36.59,-4.19,-8.35,FAIL,1.3699,2.9756
trend,Vortex VI+/VI- cross,15m,long,transition|at range high|clean|contracting,77,-1.9449,37.66,-1.5,40,15.4337,47.5,6.17,-5.08,FAIL,1.289,0.3473
trend,Vortex VI+/VI- cross,15m,short,transition|at range high|clean|contracting,37,-16.2823,29.73,-6.02,14,-32.6121,21.43,-4.57,-5.28,FAIL,,
trend,Vortex VI+/VI- cross,15m,long,transition|mid range|messy|stalling,182,-3.6712,37.36,-6.68,53,0.5519,41.51,0.29,-4.95,FAIL,1.7843,0.9369
trend,Vortex VI+/VI- cross,15m,short,transition|mid range|messy|stalling,202,-6.2699,35.15,-12.67,66,-19.6669,28.79,-12.98,-13.89,FAIL,9.4672,
trend,Vortex VI+/VI- cross,15m,long,transition|at range high|clean|expanding,198,-0.0347,39.9,-0.07,69,-3.8312,39.13,-2.64,-8.71,FAIL,1.0041,1.8556
trend,Vortex VI+/VI- cross,15m,short,transition|at range high|clean|expanding,42,8.1082,42.86,3.41,10,2.4229,40.0,0.24,-2.87,SURVIVOR,0.4543,0.7674
trend,Vortex VI+/VI- cross,15m,long,uptrend|at range high|clean|expanding,78,-16.3857,28.21,-12.78,23,18.8851,52.17,4.34,-3.87,FAIL,,0.2974
trend,Vortex VI+/VI- cross,15m,short,uptrend|at range high|clean|expanding,19,18.1972,52.63,3.46,11,-20.4445,27.27,-2.25,-2.91,UNRELIABLE,0.2683,
trend,Vortex VI+/VI- cross,15m,long,downtrend|at range low|clean|contracting,15,-38.0279,13.33,-5.7,5,13.2248,40.0,0.66,-1.09,UNRELIABLE,,0.3476
trend,Vortex VI+/VI- cross,15m,short,downtrend|at range low|clean|contracting,25,1.145,40.0,0.29,7,7.2192,42.86,0.51,-1.95,UNRELIABLE,0.8743,0.5254
trend,Vortex VI+/VI- cross,15m,long,transition|at range low|clean|contracting,32,-11.4512,34.38,-3.66,10,-14.5545,30.0,-1.46,-3.61,FAIL,,
trend,Vortex VI+/VI- cross,15m,short,transition|at range low|clean|contracting,67,-13.869,28.36,-9.29,22,0.3002,45.45,0.07,-4.69,FAIL,,0.9603
trend,Vortex VI+/VI- cross,15m,long,transition|at range low|clean|expanding,26,-33.263,19.23,-8.65,7,-29.3964,14.29,-2.06,-2.27,UNRELIABLE,,
trend,Vortex VI+/VI- cross,15m,short,transition|at range low|clean|expanding,161,-5.2392,37.89,-8.44,61,-2.7841,37.7,-1.7,-10.98,FAIL,2.9926,1.5929
trend,Vortex VI+/VI- cross,15m,long,downtrend|at range low|clean|expanding,17,-6.2938,35.29,-1.07,3,-8.8435,33.33,-0.27,-1.3,UNRELIABLE,3.9064,
trend,Vortex VI+/VI- cross,15m,short,downtrend|at range low|clean|expanding,69,-4.6969,36.23,-3.24,24,-26.1163,25.0,-6.27,-8.6,FAIL,2.4717,
trend,Vortex VI+/VI- cross,15m,long,downtrend|pulling back in trend|messy|stalling,135,-4.3661,40.0,-5.89,54,-19.7938,29.63,-10.69,-13.27,FAIL,2.1686,
trend,Vortex VI+/VI- cross,15m,short,downtrend|pulling back in trend|messy|stalling,81,2.8962,43.21,2.35,23,-17.8215,26.09,-4.1,-6.34,FAIL,0.7175,
trend,Vortex VI+/VI- cross,15m,long,downtrend|at range high|messy|contracting,118,-0.8993,39.83,-1.06,52,8.3396,44.23,4.34,-5.93,FAIL,1.1224,0.5032
trend,Vortex VI+/VI- cross,15m,short,downtrend|at range high|messy|contracting,46,-22.7544,28.26,-10.47,16,-2.1715,43.75,-0.35,-2.01,FAIL,,1.4227
trend,Vortex VI+/VI- cross,15m,long,uptrend|pulling back in trend|messy|stalling,78,-15.2106,29.49,-11.86,33,-34.4756,18.18,-11.38,-12.38,FAIL,,
trend,Vortex VI+/VI- cross,15m,short,uptrend|pulling back in trend|messy|stalling,134,-17.8973,28.36,-23.98,38,-3.3556,36.84,-1.28,-7.12,FAIL,,1.8871
trend,Vortex VI+/VI- cross,15m,long,downtrend|at range high|messy|expanding,262,-8.2534,35.88,-21.62,73,-10.6296,34.25,-7.76,-8.76,FAIL,,
trend,Vortex VI+/VI- cross,15m,short,downtrend|at range high|messy|expanding,31,0.2305,41.94,0.07,11,-33.8999,18.18,-3.73,-4.73,FAIL,0.971,
trend,Vortex VI+/VI- cross,15m,long,uptrend|at range high|messy|stalling,31,-11.0435,32.26,-3.42,9,-4.869,33.33,-0.44,-2.37,FAIL,,2.3897
trend,Vortex VI+/VI- cross,15m,short,uptrend|at range high|messy|stalling,20,-21.9814,25.0,-4.4,5,36.9599,60.0,1.85,-1.58,UNRELIABLE,,0.1483
trend,KAMA cross,1h,long,transition|mid range|messy|contracting,128,3.6599,39.06,4.68,51,-14.2734,35.29,-7.28,-9.51,FAIL,,
trend,KAMA cross,1h,short,transition|mid range|messy|contracting,140,-10.5638,37.86,-14.79,32,-21.1631,34.38,-6.77,-15.22,FAIL,,
trend,KAMA cross,1h,long,transition|mid range|messy|expanding,215,-4.1375,40.93,-8.9,63,23.0415,46.03,14.52,-11.91,FAIL,,
trend,KAMA cross,1h,short,transition|mid range|messy|expanding,240,-10.5878,35.83,-25.41,81,-0.7451,39.51,-0.6,-15.1,FAIL,,
trend,KAMA cross,1h,long,uptrend|at range high|messy|contracting,48,-2.9483,35.42,-1.42,11,57.5,54.55,6.32,-3.51,FAIL,,
trend,KAMA cross,1h,short,uptrend|at range high|messy|contracting,22,-37.8989,27.27,-8.34,11,-15.5768,45.45,-1.71,-5.21,FAIL,,
trend,KAMA cross,1h,long,downtrend|pulling back in trend|messy|contracting,96,-28.2354,32.29,-27.11,24,-4.8141,37.5,-1.16,-8.51,FAIL,,
trend,KAMA cross,1h,short,downtrend|pulling back in trend|messy|contracting,92,-19.693,34.78,-18.12,17,-0.4605,41.18,-0.08,-5.28,FAIL,,
trend,KAMA cross,1h,long,uptrend|pulling back in trend|messy|contracting,87,-16.3728,34.48,-14.24,32,-20.8514,34.38,-6.67,-10.7,FAIL,,
trend,KAMA cross,1h,short,uptrend|pulling back in trend|messy|contracting,94,11.425,42.55,10.74,28,-31.7151,28.57,-8.88,-11.23,FAIL,,
trend,KAMA cross,1h,long,uptrend|at range high|messy|expanding,83,23.7811,48.19,19.74,36,-13.3131,41.67,-4.79,-8.26,FAIL,,
trend,KAMA cross,1h,short,uptrend|at range high|messy|expanding,37,-15.4522,35.14,-5.72,12,6.8589,41.67,0.82,-5.89,FAIL,,
trend,KAMA cross,1h,long,downtrend|pulling back in trend|messy|expanding,204,21.0386,43.63,42.92,54,13.7148,44.44,7.41,-9.7,SURVIVOR,,
trend,KAMA cross,1h,short,downtrend|pulling back in trend|messy|expanding,127,-4.5929,36.22,-5.83,29,27.4176,51.72,7.95,-5.18,FAIL,,
trend,KAMA cross,1h,long,transition|at range high|messy|contracting,52,-5.68,36.54,-2.95,10,-81.6194,10.0,-8.16,-9.09,FAIL,,
trend,KAMA cross,1h,short,transition|at range high|messy|contracting,14,-30.6448,28.57,-4.29,1,-132.804,0.0,-1.33,-1.35,UNRELIABLE,,
trend,KAMA cross,1h,long,uptrend|pulling back in trend|messy|expanding,120,-6.2197,40.0,-7.46,42,18.781,47.62,7.89,-9.34,FAIL,,
trend,KAMA cross,1h,short,uptrend|pulling back in trend|messy|expanding,210,14.9753,41.9,31.45,58,7.5784,37.93,4.4,-11.21,SURVIVOR,,
trend,KAMA cross,1h,long,transition|at range high|messy|expanding,129,9.3192,43.41,12.02,39,42.2008,48.72,16.46,-5.17,SURVIVOR,,
trend,KAMA cross,1h,short,transition|at range high|messy|expanding,38,6.3821,42.11,2.43,13,-24.0876,30.77,-3.13,-6.1,FAIL,,
trend,KAMA cross,1h,long,downtrend|at range low|messy|contracting,11,-57.9068,27.27,-6.37,7,54.3037,71.43,3.8,-3.37,UNRELIABLE,,
trend,KAMA cross,1h,short,downtrend|at range low|messy|contracting,20,-38.6737,25.0,-7.73,7,-18.8661,28.57,-1.32,-4.34,UNRELIABLE,,
trend,KAMA cross,1h,long,transition|at range low|messy|contracting,12,-26.4668,41.67,-3.18,5,-68.5695,20.0,-3.43,-3.73,UNRELIABLE,,
trend,KAMA cross,1h,short,transition|at range low|messy|contracting,32,-11.7514,34.38,-3.76,9,-105.3659,11.11,-9.48,-10.0,FAIL,,
trend,KAMA cross,1h,long,downtrend|at range low|messy|expanding,22,-25.5258,36.36,-5.62,6,31.1274,66.67,1.87,-3.66,UNRELIABLE,,
trend,KAMA cross,1h,short,downtrend|at range low|messy|expanding,72,-0.0513,38.89,-0.04,23,-41.9124,21.74,-9.64,-15.32,FAIL,,
trend,KAMA cross,1h,long,transition|at range low|messy|expanding,24,-60.3456,20.83,-14.48,7,79.2276,57.14,5.55,-2.98,UNRELIABLE,,
trend,KAMA cross,1h,short,transition|at range low|messy|expanding,102,-19.9905,33.33,-20.39,49,-28.2013,28.57,-13.82,-19.5,FAIL,,
trend,KAMA cross,1h,long,transition|mid range|clean|contracting,61,-29.0445,31.15,-17.72,15,-27.7329,33.33,-4.16,-9.64,FAIL,,
trend,KAMA cross,1h,short,transition|mid range|clean|contracting,60,1.0042,38.33,0.6,15,14.2661,40.0,2.14,-7.62,SURVIVOR,,
trend,KAMA cross,1h,long,transition|mid range|clean|expanding,105,-9.3951,40.0,-9.86,33,-13.272,33.33,-4.38,-9.78,FAIL,,
trend,KAMA cross,1h,short,transition|mid range|clean|expanding,94,-31.198,28.72,-29.33,35,-22.0878,28.57,-7.73,-14.92,FAIL,,
trend,KAMA cross,1h,long,transition|mid range|messy|stalling,70,-19.387,31.43,-13.57,19,-26.3977,31.58,-5.02,-12.65,FAIL,,
trend,KAMA cross,1h,short,transition|mid range|messy|stalling,71,14.4993,39.44,10.29,16,-22.3309,31.25,-3.57,-10.23,FAIL,,
trend,KAMA cross,1h,long,transition|at range high|clean|contracting,12,94.9721,66.67,11.4,3,50.2833,66.67,1.51,-1.32,UNRELIABLE,,
trend,KAMA cross,1h,short,transition|at range high|clean|contracting,5,101.6415,80.0,5.08,3,156.158,66.67,4.68,-0.6,UNRELIABLE,,
trend,KAMA cross,1h,long,downtrend|pulling back in trend|clean|contracting,52,39.8322,48.08,20.71,16,-31.9202,37.5,-5.11,-6.19,FAIL,,
trend,KAMA cross,1h,short,downtrend|pulling back in trend|clean|contracting,34,-34.7108,32.35,-11.8,8,5.932,37.5,0.47,-6.15,FAIL,,
trend,KAMA cross,1h,long,uptrend|pulling back in trend|clean|contracting,28,-5.7564,32.14,-1.61,10,-30.8282,30.0,-3.08,-7.41,FAIL,,
trend,KAMA cross,1h,short,uptrend|pulling back in trend|clean|contracting,49,-19.4494,34.69,-9.53,10,-91.2229,10.0,-9.12,-9.78,FAIL,,
trend,KAMA cross,1h,long,uptrend|at range high|clean|contracting,16,-18.8185,31.25,-3.01,3,-90.4825,33.33,-2.71,-3.23,UNRELIABLE,,
trend,KAMA cross,1h,short,uptrend|at range high|clean|contracting,12,6.2675,41.67,0.75,1,-130.9537,0.0,-1.31,-1.82,UNRELIABLE,,
trend,KAMA cross,1h,long,uptrend|pulling back in trend|clean|expanding,50,5.7568,38.0,2.88,17,-6.7041,35.29,-1.14,-6.34,FAIL,,
trend,KAMA cross,1h,short,uptrend|pulling back in trend|clean|expanding,100,-14.2886,36.0,-14.29,33,-19.9543,36.36,-6.58,-11.36,FAIL,,
trend,KAMA cross,1h,long,downtrend|pulling back in trend|clean|expanding,92,-15.0055,33.7,-13.81,31,-0.3604,41.94,-0.11,-9.81,FAIL,,
trend,KAMA cross,1h,short,downtrend|pulling back in trend|clean|expanding,55,-26.6852,32.73,-14.68,15,20.6386,46.67,3.1,-5.24,FAIL,,
trend,KAMA cross,1h,long,transition|at range high|clean|expanding,49,1.8954,36.73,0.93,15,-30.5087,33.33,-4.58,-8.06,FAIL,,
trend,KAMA cross,1h,short,transition|at range high|clean|expanding,17,-62.7664,23.53,-10.67,5,135.5047,60.0,6.78,-1.17,UNRELIABLE,,
trend,KAMA cross,1h,long,transition|at range low|clean|contracting,4,-92.3949,25.0,-3.7,3,-99.0254,0.0,-2.97,-3.67,UNRELIABLE,,
trend,KAMA cross,1h,short,transition|at range low|clean|contracting,13,-7.4375,30.77,-0.97,4,-85.8894,25.0,-3.44,-4.04,UNRELIABLE,,
trend,KAMA cross,1h,long,downtrend|at range high|messy|contracting,22,-18.8982,36.36,-4.16,5,6.985,40.0,0.35,-3.5,UNRELIABLE,,
trend,KAMA cross,1h,short,downtrend|at range high|messy|contracting,3,-129.8006,0.0,-3.89,5,109.2513,60.0,5.46,-2.23,UNRELIABLE,,
trend,KAMA cross,1h,long,uptrend|at range high|clean|expanding,35,-53.9531,25.71,-18.88,10,-58.0701,20.0,-5.81,-6.45,FAIL,,
trend,KAMA cross,1h,short,uptrend|at range high|clean|expanding,8,-39.7493,25.0,-3.18,5,-41.5585,20.0,-2.08,-4.91,UNRELIABLE,,
trend,KAMA cross,1h,long,downtrend|at range low|clean|contracting,4,-42.9566,50.0,-1.72,3,-28.9035,33.33,-0.87,-2.31,UNRELIABLE,,
trend,KAMA cross,1h,short,downtrend|at range low|clean|contracting,8,-58.7205,37.5,-4.7,3,115.1377,66.67,3.45,-2.12,UNRELIABLE,,
trend,KAMA cross,1h,long,downtrend|pulling back in trend|messy|stalling,58,-14.2243,36.21,-8.25,19,2.192,42.11,0.42,-6.74,FAIL,,
trend,KAMA cross,1h,short,downtrend|pulling back in trend|messy|stalling,35,14.2967,42.86,5.0,12,-86.9187,16.67,-10.43,-10.92,FAIL,,
trend,KAMA cross,1h,long,uptrend|at range high|messy|stalling,21,-37.6463,28.57,-7.91,6,-43.9212,33.33,-2.64,-5.59,UNRELIABLE,,
trend,KAMA cross,1h,short,uptrend|at range high|messy|stalling,12,-21.3803,33.33,-2.57,3,27.0312,33.33,0.81,-2.19,UNRELIABLE,,
trend,KAMA cross,1h,long,transition|at range low|clean|expanding,6,-33.9217,33.33,-2.04,1,-43.5042,0.0,-0.44,-1.27,UNRELIABLE,,
trend,KAMA cross,1h,short,transition|at range low|clean|expanding,43,-14.5111,34.88,-6.24,17,-28.0965,29.41,-4.78,-8.2,FAIL,,
trend,KAMA cross,1h,long,uptrend|pulling back in trend|messy|stalling,40,-35.3046,25.0,-14.12,9,-5.8736,44.44,-0.53,-5.19,FAIL,,
trend,KAMA cross,1h,short,uptrend|pulling back in trend|messy|stalling,56,-3.7103,46.43,-2.08,21,-16.5264,38.1,-3.47,-9.18,FAIL,,
trend,KAMA cross,1h,long,uptrend|at range low|messy|contracting,8,-81.0319,25.0,-6.48,0,0.0,0.0,0.0,0.0,UNRELIABLE,,
trend,KAMA cross,1h,short,uptrend|at range low|messy|contracting,11,-11.3604,36.36,-1.25,6,-34.0049,16.67,-2.04,-4.96,UNRELIABLE,,
trend,KAMA cross,1h,long,downtrend|at range high|messy|expanding,82,43.6613,52.44,35.8,21,40.7692,47.62,8.56,-8.16,SURVIVOR,,
trend,KAMA cross,1h,short,downtrend|at range high|messy|expanding,4,29.6885,50.0,1.19,4,37.222,50.0,1.49,-1.81,UNRELIABLE,,
trend,KAMA cross,1h,long,uptrend|at range low|messy|expanding,5,-115.2904,0.0,-5.76,5,-27.1815,40.0,-1.36,-4.19,UNRELIABLE,,
trend,KAMA cross,1h,short,uptrend|at range low|messy|expanding,71,7.2536,39.44,5.15,20,88.2611,70.0,17.65,-3.05,SURVIVOR,,
trend,KAMA cross,1h,long,downtrend|at range low|clean|expanding,5,-99.3826,20.0,-4.97,1,-132.7455,0.0,-1.33,-1.33,UNRELIABLE,,
trend,KAMA cross,1h,short,downtrend|at range low|clean|expanding,25,-18.5913,32.0,-4.65,5,117.6821,80.0,5.88,-1.84,UNRELIABLE,,
trend,KAMA cross,15m,long,transition|mid range|messy|contracting,461,-8.0384,33.19,-37.06,124,-1.22,38.71,-1.51,-9.61,FAIL,,1.1632
trend,KAMA cross,15m,short,transition|mid range|messy|contracting,445,-6.6463,34.38,-29.58,142,-0.6436,40.14,-0.91,-11.7,FAIL,494.9109,1.0892
trend,KAMA cross,15m,long,transition|mid range|messy|expanding,723,-6.5667,34.44,-47.48,216,-5.1576,37.5,-11.14,-14.32,FAIL,29.7296,2.8055
trend,KAMA cross,15m,short,transition|mid range|messy|expanding,728,-7.8165,32.28,-56.9,218,-9.7555,35.78,-21.27,-25.51,FAIL,,
trend,KAMA cross,15m,long,downtrend|pulling back in trend|messy|contracting,360,-5.9457,36.39,-21.4,111,-10.3979,35.14,-11.54,-11.99,FAIL,4.3368,
trend,KAMA cross,15m,short,downtrend|pulling back in trend|messy|contracting,307,-6.7522,35.18,-20.73,85,-10.188,32.94,-8.66,-12.91,FAIL,122.912,
trend,KAMA cross,15m,long,uptrend|at range high|messy|contracting,128,-2.5313,38.28,-3.24,40,-5.5391,37.5,-2.22,-5.48,FAIL,1.426,2.8152
trend,KAMA cross,15m,short,uptrend|at range high|messy|contracting,67,-18.0648,28.36,-12.1,21,-8.221,33.33,-1.73,-3.17,FAIL,,
trend,KAMA cross,15m,long,uptrend|pulling back in trend|messy|contracting,283,-4.1648,38.52,-11.79,98,-12.6778,32.65,-12.42,-16.1,FAIL,2.1834,
trend,KAMA cross,15m,short,uptrend|pulling back in trend|messy|contracting,366,-10.6718,31.97,-39.06,115,-2.5698,38.26,-2.96,-8.0,FAIL,,1.5137
trend,KAMA cross,15m,long,downtrend|pulling back in trend|messy|expanding,666,-8.3496,33.63,-55.61,199,-8.5947,35.18,-17.1,-18.77,FAIL,,
trend,KAMA cross,15m,short,downtrend|pulling back in trend|messy|expanding,439,-5.2689,36.45,-23.13,141,-13.4595,31.91,-18.98,-23.56,FAIL,4.0764,
trend,KAMA cross,15m,long,uptrend|pulling back in trend|messy|expanding,432,-7.9898,34.95,-34.52,153,-2.8339,40.52,-4.34,-11.47,FAIL,,1.5348
trend,KAMA cross,15m,short,uptrend|pulling back in trend|messy|expanding,665,-9.3055,31.13,-61.88,217,-10.4575,32.26,-22.69,-23.89,FAIL,,
trend,KAMA cross,15m,long,transition|at range high|messy|contracting,159,-12.2169,32.08,-19.42,56,-13.8592,32.14,-7.76,-10.52,FAIL,,
trend,KAMA cross,15m,short,transition|at range high|messy|contracting,71,-0.3,40.85,-0.21,23,-13.6269,34.78,-3.13,-4.8,FAIL,1.0442,
trend,KAMA cross,15m,long,uptrend|at range high|messy|expanding,327,-4.6012,36.7,-15.05,118,-8.261,33.9,-9.75,-16.47,FAIL,2.5828,90.8142
trend,KAMA cross,15m,short,uptrend|at range high|messy|expanding,116,-20.2897,25.86,-23.54,37,3.5404,43.24,1.31,-4.33,FAIL,,0.6883
trend,KAMA cross,15m,long,transition|mid range|clean|contracting,264,-11.3688,32.2,-30.01,91,10.8187,45.05,9.85,-4.26,FAIL,,0.432
trend,KAMA cross,15m,short,transition|mid range|clean|contracting,261,-1.7319,39.08,-4.52,77,-8.9884,33.77,-6.92,-11.77,FAIL,1.3303,
trend,KAMA cross,15m,long,downtrend|at range low|messy|contracting,41,-16.8891,29.27,-6.92,13,-21.189,23.08,-2.75,-4.94,FAIL,,
trend,KAMA cross,15m,short,downtrend|at range low|messy|contracting,92,-9.4483,35.87,-8.69,26,-0.3095,46.15,-0.08,-3.49,FAIL,,1.0445
trend,KAMA cross,15m,long,transition|at range high|messy|expanding,445,-7.3695,34.61,-32.79,140,-3.1309,37.14,-4.38,-8.2,FAIL,,1.6526
trend,KAMA cross,15m,short,transition|at range high|messy|expanding,105,-12.6198,31.43,-13.25,36,-11.4442,36.11,-4.12,-5.34,FAIL,,
trend,KAMA cross,15m,long,transition|at range low|messy|contracting,43,-18.1949,30.23,-7.82,9,-30.9951,22.22,-2.79,-2.97,FAIL,,
trend,KAMA cross,15m,short,transition|at range low|messy|contracting,124,-5.932,37.1,-7.36,39,-3.8555,38.46,-1.5,-4.61,FAIL,3.9546,2.0992
trend,KAMA cross,15m,long,transition|mid range|clean|expanding,411,-9.5711,33.09,-39.34,140,-0.8981,40.71,-1.26,-11.1,FAIL,,1.1176
trend,KAMA cross,15m,short,transition|mid range|clean|expanding,435,-7.9601,33.56,-34.63,131,-5.9388,37.4,-7.78,-12.34,FAIL,,5.0805
trend,KAMA cross,15m,long,downtrend|at range low|messy|expanding,72,-14.5651,33.33,-10.49,25,-23.6955,24.0,-5.92,-6.56,FAIL,,
trend,KAMA cross,15m,short,downtrend|at range low|messy|expanding,289,-3.6691,37.72,-10.6,92,-14.2222,31.52,-13.08,-14.91,FAIL,1.9361,
trend,KAMA cross,15m,long,transition|at range low|messy|expanding,70,-22.2844,25.71,-15.6,28,-12.8376,32.14,-3.59,-6.75,FAIL,,
trend,KAMA cross,15m,short,transition|at range low|messy|expanding,355,-5.2682,36.34,-18.7,111,-6.5429,36.94,-7.26,-8.59,FAIL,4.2984,6.3471
trend,KAMA cross,15m,long,downtrend|pulling back in trend|clean|contracting,222,-0.7504,40.99,-1.67,73,-11.2522,31.51,-8.21,-10.61,FAIL,1.0959,
trend,KAMA cross,15m,short,downtrend|pulling back in trend|clean|contracting,156,-9.4003,33.97,-14.66,61,-11.3599,31.15,-6.93,-10.63,FAIL,,
trend,KAMA cross,15m,long,uptrend|pulling back in trend|clean|contracting,181,-10.1177,32.6,-18.31,48,-23.0496,27.08,-11.06,-12.3,FAIL,,
trend,KAMA cross,15m,short,uptrend|pulling back in trend|clean|contracting,225,-9.3691,34.22,-21.08,80,-1.7417,41.25,-1.39,-7.62,FAIL,,1.2946
trend,KAMA cross,15m,long,uptrend|at range high|clean|contracting,61,-3.2227,39.34,-1.97,18,-20.224,22.22,-3.64,-4.87,FAIL,1.602,
trend,KAMA cross,15m,short,uptrend|at range high|clean|contracting,40,-24.5098,25.0,-9.8,16,-28.5418,18.75,-4.57,-6.44,FAIL,,
trend,KAMA cross,15m,long,downtrend|pulling back in trend|clean|expanding,415,-8.2241,33.49,-34.13,128,3.3838,42.19,4.33,-6.48,FAIL,,0.7148
trend,KAMA cross,15m,short,downtrend|pulling back in trend|clean|expanding,227,-7.859,33.04,-17.84,80,-13.5172,33.75,-10.81,-12.56,FAIL,,
trend,KAMA cross,15m,long,uptrend|pulling back in trend|clean|expanding,243,-7.7117,32.92,-18.74,85,-11.9055,31.76,-10.12,-11.57,FAIL,,
trend,KAMA cross,15m,short,uptrend|pulling back in trend|clean|expanding,464,-2.6785,39.22,-12.43,150,-2.6111,40.0,-3.92,-6.91,FAIL,1.5958,1.5467
trend,KAMA cross,15m,long,transition|at range high|clean|contracting,70,-10.5985,35.71,-7.42,26,-35.0884,15.38,-9.12,-9.89,FAIL,,
trend,KAMA cross,15m,short,transition|at range high|clean|contracting,47,-13.6691,29.79,-6.42,15,-12.4077,33.33,-1.86,-4.84,FAIL,,
trend,KAMA cross,15m,long,transition|mid range|messy|stalling,230,-2.2115,37.39,-5.09,82,1.7637,42.68,1.45,-5.34,FAIL,1.3731,0.8188
trend,KAMA cross,15m,short,transition|mid range|messy|stalling,273,-9.8203,32.23,-26.81,83,-11.3951,33.73,-9.46,-14.54,FAIL,,
trend,KAMA cross,15m,long,transition|at range high|clean|expanding,211,-0.2971,40.28,-0.63,71,-17.8748,30.99,-12.69,-13.01,FAIL,1.0354,
trend,KAMA cross,15m,short,transition|at range high|clean|expanding,54,-1.0018,40.74,-0.54,20,5.4816,40.0,1.1,-3.63,FAIL,1.1585,0.5787
trend,KAMA cross,15m,long,uptrend|at range high|clean|expanding,161,-12.5401,31.06,-20.19,40,-3.3576,40.0,-1.34,-8.11,FAIL,,1.6516
trend,KAMA cross,15m,short,uptrend|at range high|clean|expanding,61,-18.1253,27.87,-11.06,18,-10.1289,33.33,-1.82,-2.89,FAIL,,
trend,KAMA cross,15m,long,downtrend|at range low|clean|contracting,20,-7.1697,40.0,-1.43,11,-38.1062,18.18,-4.19,-4.19,FAIL,5.749,
trend,KAMA cross,15m,short,downtrend|at range low|clean|contracting,42,-12.1471,30.95,-5.1,13,-38.2671,15.38,-4.97,-5.46,FAIL,,
trend,KAMA cross,15m,long,transition|at range low|clean|contracting,26,-14.9632,30.77,-3.89,10,15.7293,50.0,1.57,-2.26,FAIL,,0.3299
trend,KAMA cross,15m,short,transition|at range low|clean|contracting,54,4.1585,40.74,2.25,18,-10.8686,33.33,-1.96,-4.81,FAIL,0.6467,
trend,KAMA cross,15m,long,transition|at range low|clean|expanding,47,-17.002,31.91,-7.99,17,-14.1562,29.41,-2.41,-4.34,FAIL,,
trend,KAMA cross,15m,short,transition|at range low|clean|expanding,178,-2.3401,38.2,-4.17,55,-11.4132,34.55,-6.28,-10.44,FAIL,1.4376,
trend,KAMA cross,15m,long,downtrend|at range low|clean|expanding,36,4.1846,47.22,1.51,14,-33.9797,21.43,-4.76,-5.97,FAIL,0.6527,
trend,KAMA cross,15m,short,downtrend|at range low|clean|expanding,118,-3.9191,38.14,-4.62,35,-20.7731,28.57,-7.27,-8.93,FAIL,2.0142,
trend,KAMA cross,15m,long,downtrend|pulling back in trend|messy|stalling,191,-9.5159,36.13,-18.18,70,-6.065,37.14,-4.25,-9.39,FAIL,,3.3775
trend,KAMA cross,15m,short,downtrend|pulling back in trend|messy|stalling,119,-6.7292,34.45,-8.01,46,-18.1702,26.09,-8.36,-10.51,FAIL,8.3052,
trend,KAMA cross,15m,long,downtrend|at range high|messy|contracting,68,-3.316,38.24,-2.25,34,-29.3182,20.59,-9.97,-12.01,FAIL,1.6142,
trend,KAMA cross,15m,short,downtrend|at range high|messy|contracting,28,-20.267,28.57,-5.67,13,-23.0955,23.08,-3.0,-3.36,FAIL,,
trend,KAMA cross,15m,long,uptrend|pulling back in trend|messy|stalling,119,-16.5978,30.25,-19.75,49,-10.2615,38.78,-5.03,-9.44,FAIL,,
trend,KAMA cross,15m,short,uptrend|pulling back in trend|messy|stalling,201,-5.7291,37.31,-11.52,71,2.0317,42.25,1.44,-7.77,FAIL,5.1698,0.7848
trend,KAMA cross,15m,long,downtrend|at range high|messy|expanding,281,-9.1189,33.45,-25.62,77,-8.84,33.77,-6.81,-8.59,FAIL,,
trend,KAMA cross,15m,short,downtrend|at range high|messy|expanding,25,-17.4388,36.0,-4.36,10,19.6293,50.0,1.96,-2.25,FAIL,,0.2741
trend,KAMA cross,15m,long,uptrend|at range high|messy|stalling,75,-7.5169,34.67,-5.64,25,-35.3149,16.0,-8.83,-8.83,FAIL,6.8344,
trend,KAMA cross,15m,short,uptrend|at range high|messy|stalling,39,-23.1402,23.08,-9.02,12,-35.7982,16.67,-4.3,-5.36,FAIL,,
trend,Hull MA cross,1h,long,transition|mid range|messy|contracting,276,0.8228,42.39,2.27,101,-7.7296,38.61,-7.81,-14.74,FAIL,,
trend,Hull MA cross,1h,short,transition|mid range|messy|contracting,291,-12.3299,35.4,-35.88,79,-7.8858,37.97,-6.23,-11.91,FAIL,,
trend,Hull MA cross,1h,long,transition|mid range|messy|expanding,309,7.7716,41.75,24.01,76,-1.1081,39.47,-0.84,-9.91,FAIL,,
trend,Hull MA cross,1h,short,transition|mid range|messy|expanding,285,-0.762,40.0,-2.17,88,-1.1612,40.91,-1.02,-9.99,FAIL,,
trend,Hull MA cross,1h,long,uptrend|at range high|messy|contracting,153,0.0608,40.52,0.09,57,-1.1279,40.35,-0.64,-10.68,FAIL,,
trend,Hull MA cross,1h,short,uptrend|at range high|messy|contracting,203,-10.3272,37.44,-20.96,81,-26.4339,34.57,-21.41,-29.87,FAIL,,
trend,Hull MA cross,1h,long,downtrend|pulling back in trend|messy|contracting,173,-2.9684,39.31,-5.14,49,11.015,44.9,5.4,-7.1,FAIL,,
trend,Hull MA cross,1h,short,downtrend|pulling back in trend|messy|contracting,238,-12.0442,35.29,-28.67,79,-11.8432,35.44,-9.36,-19.1,FAIL,,
trend,Hull MA cross,1h,long,uptrend|pulling back in trend|messy|contracting,240,-6.4935,40.0,-15.58,77,-18.9145,33.77,-14.56,-18.1,FAIL,,
trend,Hull MA cross,1h,short,uptrend|pulling back in trend|messy|contracting,172,-1.1621,39.53,-2.0,59,2.2771,42.37,1.34,-15.19,FAIL,,
trend,Hull MA cross,1h,long,uptrend|at range high|messy|expanding,201,8.9921,43.78,18.07,73,-5.0878,42.47,-3.71,-12.96,FAIL,,
trend,Hull MA cross,1h,short,uptrend|at range high|messy|expanding,173,7.4859,42.2,12.95,63,-18.5061,39.68,-11.66,-18.94,FAIL,,
trend,Hull MA cross,1h,long,downtrend|pulling back in trend|messy|expanding,242,21.6982,47.52,52.51,65,15.1864,41.54,9.87,-5.36,SURVIVOR,,
trend,Hull MA cross,1h,short,downtrend|pulling back in trend|messy|expanding,178,-5.2331,35.96,-9.31,43,38.6712,53.49,16.63,-7.3,FAIL,,
trend,Hull MA cross,1h,long,transition|at range high|messy|contracting,131,7.8126,40.46,10.23,46,-14.0848,34.78,-6.48,-13.54,FAIL,,
trend,Hull MA cross,1h,short,transition|at range high|messy|contracting,207,0.9895,43.0,2.05,74,3.8481,36.49,2.85,-8.91,SURVIVOR,,
trend,Hull MA cross,1h,long,uptrend|pulling back in trend|messy|expanding,174,7.3296,44.25,12.75,61,-5.6138,40.98,-3.42,-13.87,FAIL,,
trend,Hull MA cross,1h,short,uptrend|pulling back in trend|messy|expanding,210,-7.1721,37.62,-15.06,73,-8.9344,35.62,-6.52,-14.84,FAIL,,
trend,Hull MA cross,1h,long,transition|at range high|messy|expanding,207,0.9522,39.61,1.97,68,-16.3069,33.82,-11.09,-15.43,FAIL,,
trend,Hull MA cross,1h,short,transition|at range high|messy|expanding,134,-10.8569,38.06,-14.55,53,20.3455,43.4,10.78,-7.74,FAIL,,
trend,Hull MA cross,1h,long,downtrend|at range low|messy|contracting,146,-8.8864,37.67,-12.97,56,15.917,48.21,8.91,-10.2,FAIL,,
trend,Hull MA cross,1h,short,downtrend|at range low|messy|contracting,124,-19.7238,32.26,-24.46,37,18.6333,43.24,6.89,-6.41,FAIL,,
trend,Hull MA cross,1h,long,transition|at range low|messy|contracting,168,5.1763,44.64,8.7,52,43.1748,55.77,22.45,-5.2,SURVIVOR,,
trend,Hull MA cross,1h,short,transition|at range low|messy|contracting,109,1.3099,36.7,1.43,35,-46.1266,25.71,-16.14,-18.41,FAIL,,
trend,Hull MA cross,1h,long,downtrend|at range low|messy|expanding,124,-12.1571,35.48,-15.07,41,8.9813,43.9,3.68,-6.45,FAIL,,
trend,Hull MA cross,1h,short,downtrend|at range low|messy|expanding,160,1.6741,38.75,2.68,49,-17.9435,32.65,-8.79,-18.72,FAIL,,
trend,Hull MA cross,1h,long,transition|at range low|messy|expanding,113,-32.5917,28.32,-36.83,44,6.2228,43.18,2.74,-9.54,FAIL,,
trend,Hull MA cross,1h,short,transition|at range low|messy|expanding,167,0.4436,38.92,0.74,64,-32.6187,28.12,-20.88,-27.91,FAIL,,
trend,Hull MA cross,1h,long,transition|mid range|clean|contracting,102,-9.4439,36.27,-9.63,32,-8.9975,34.38,-2.88,-8.29,FAIL,,
trend,Hull MA cross,1h,short,transition|mid range|clean|contracting,112,-5.0886,39.29,-5.7,32,-32.5246,28.12,-10.41,-11.52,FAIL,,
trend,Hull MA cross,1h,long,transition|mid range|clean|expanding,100,-21.1714,34.0,-21.17,33,35.8689,48.48,11.84,-6.29,FAIL,,
trend,Hull MA cross,1h,short,transition|mid range|clean|expanding,94,-19.679,34.04,-18.5,26,12.0151,38.46,3.12,-6.96,FAIL,,
trend,Hull MA cross,1h,long,transition|mid range|messy|stalling,101,-7.1016,34.65,-7.17,37,-11.0138,40.54,-4.08,-9.96,FAIL,,
trend,Hull MA cross,1h,short,transition|mid range|messy|stalling,99,9.8442,41.41,9.75,30,-3.4095,36.67,-1.02,-10.44,FAIL,,
trend,Hull MA cross,1h,long,transition|at range high|clean|contracting,23,43.6389,52.17,10.04,10,4.5749,50.0,0.46,-4.46,SURVIVOR,,
trend,Hull MA cross,1h,short,transition|at range high|clean|contracting,110,-20.4642,32.73,-22.51,38,-48.1625,21.05,-18.3,-19.14,FAIL,,
trend,Hull MA cross,1h,long,downtrend|pulling back in trend|clean|contracting,66,28.57,50.0,18.86,18,-30.9705,27.78,-5.57,-9.81,FAIL,,
trend,Hull MA cross,1h,short,downtrend|pulling back in trend|clean|contracting,69,-8.7559,39.13,-6.04,26,34.3311,46.15,8.93,-6.79,FAIL,,
trend,Hull MA cross,1h,long,uptrend|pulling back in trend|clean|contracting,67,-4.0225,35.82,-2.7,27,9.4326,44.44,2.55,-10.04,FAIL,,
trend,Hull MA cross,1h,short,uptrend|pulling back in trend|clean|contracting,69,15.1279,44.93,10.44,15,-27.8731,40.0,-4.18,-7.76,FAIL,,
trend,Hull MA cross,1h,long,uptrend|at range high|clean|contracting,40,-16.9509,37.5,-6.78,12,-37.5082,33.33,-4.5,-8.03,FAIL,,
trend,Hull MA cross,1h,short,uptrend|at range high|clean|contracting,87,-29.057,29.89,-25.28,31,-13.77,38.71,-4.27,-9.12,FAIL,,
trend,Hull MA cross,1h,long,uptrend|pulling back in trend|clean|expanding,57,-10.9205,35.09,-6.22,22,23.9097,45.45,5.26,-5.58,FAIL,,
trend,Hull MA cross,1h,short,uptrend|pulling back in trend|clean|expanding,75,15.4827,44.0,11.61,29,7.8979,44.83,2.29,-6.55,SURVIVOR,,
trend,Hull MA cross,1h,long,downtrend|pulling back in trend|clean|expanding,81,-9.2344,39.51,-7.48,27,-22.1728,33.33,-5.99,-14.12,FAIL,,
trend,Hull MA cross,1h,short,downtrend|pulling back in trend|clean|expanding,51,-7.8491,37.25,-4.0,21,-59.2404,19.05,-12.44,-14.43,FAIL,,
trend,Hull MA cross,1h,long,transition|at range high|clean|expanding,68,-11.4847,35.29,-7.81,23,3.0858,43.48,0.71,-5.94,FAIL,,
trend,Hull MA cross,1h,short,transition|at range high|clean|expanding,62,-4.7584,38.71,-2.95,21,4.721,38.1,0.99,-6.24,FAIL,,
trend,Hull MA cross,1h,long,transition|at range low|clean|contracting,82,-12.6335,36.59,-10.36,34,-49.1625,26.47,-16.72,-19.2,FAIL,,
trend,Hull MA cross,1h,short,transition|at range low|clean|contracting,28,-33.966,32.14,-9.51,15,-44.5076,33.33,-6.68,-10.2,FAIL,,
trend,Hull MA cross,1h,long,downtrend|at range high|messy|contracting,34,-24.4048,35.29,-8.3,15,8.2117,40.0,1.23,-4.96,FAIL,,
trend,Hull MA cross,1h,short,downtrend|at range high|messy|contracting,93,-8.3226,39.78,-7.74,29,3.9231,37.93,1.14,-8.98,FAIL,,
trend,Hull MA cross,1h,long,uptrend|at range high|clean|expanding,51,-44.1611,25.49,-22.52,32,-32.5985,28.12,-10.43,-11.95,FAIL,,
trend,Hull MA cross,1h,short,uptrend|at range high|clean|expanding,53,-41.0898,24.53,-21.78,25,-32.3194,32.0,-8.08,-13.74,FAIL,,
trend,Hull MA cross,1h,long,downtrend|at range low|clean|contracting,60,10.3761,45.0,6.23,27,-16.5272,33.33,-4.46,-8.62,FAIL,,
trend,Hull MA cross,1h,short,downtrend|at range low|clean|contracting,27,-41.2684,25.93,-11.14,13,48.0783,46.15,6.25,-5.17,FAIL,,
trend,Hull MA cross,1h,long,downtrend|pulling back in trend|messy|stalling,78,7.6546,41.03,5.97,19,8.8744,47.37,1.69,-5.65,SURVIVOR,,
trend,Hull MA cross,1h,short,downtrend|pulling back in trend|messy|stalling,68,-31.1209,30.88,-21.16,20,-55.2843,25.0,-11.06,-11.06,FAIL,,
trend,Hull MA cross,1h,long,uptrend|at range high|messy|stalling,74,-28.0266,29.73,-20.74,24,-12.0069,41.67,-2.88,-8.25,FAIL,,
trend,Hull MA cross,1h,short,uptrend|at range high|messy|stalling,52,-18.0245,38.46,-9.37,19,-27.6834,26.32,-5.26,-8.5,FAIL,,
trend,Hull MA cross,1h,long,transition|at range low|clean|expanding,45,-22.0488,35.56,-9.92,16,-33.4765,25.0,-5.36,-8.85,FAIL,,
trend,Hull MA cross,1h,short,transition|at range low|clean|expanding,48,-27.8978,33.33,-13.39,16,-5.0963,37.5,-0.82,-7.53,FAIL,,
trend,Hull MA cross,1h,long,uptrend|pulling back in trend|messy|stalling,49,2.6098,38.78,1.28,15,16.1703,46.67,2.43,-7.94,SURVIVOR,,
trend,Hull MA cross,1h,short,uptrend|pulling back in trend|messy|stalling,68,10.4502,47.06,7.11,29,-3.4236,41.38,-0.99,-7.72,FAIL,,
trend,Hull MA cross,1h,long,uptrend|at range low|messy|contracting,91,-13.7371,36.26,-12.5,28,-55.9172,25.0,-15.66,-20.15,FAIL,,
trend,Hull MA cross,1h,short,uptrend|at range low|messy|contracting,34,15.8889,44.12,5.4,18,-26.566,33.33,-4.78,-9.45,FAIL,,
trend,Hull MA cross,1h,long,downtrend|at range high|messy|expanding,76,3.7645,42.11,2.86,34,32.7592,47.06,11.14,-10.55,SURVIVOR,,
trend,Hull MA cross,1h,short,downtrend|at range high|messy|expanding,39,-1.7556,41.03,-0.68,17,-3.0502,41.18,-0.52,-4.5,FAIL,,
trend,Hull MA cross,1h,long,uptrend|at range low|messy|expanding,51,22.2143,47.06,11.33,22,-38.0183,36.36,-8.36,-10.09,FAIL,,
trend,Hull MA cross,1h,short,uptrend|at range low|messy|expanding,68,10.3581,39.71,7.04,28,12.625,42.86,3.53,-9.31,SURVIVOR,,
trend,Hull MA cross,1h,long,downtrend|at range low|clean|expanding,43,-4.9373,41.86,-2.12,27,-11.766,33.33,-3.18,-6.78,FAIL,,
trend,Hull MA cross,1h,short,downtrend|at range low|clean|expanding,45,-6.2785,35.56,-2.83,20,-12.1677,40.0,-2.43,-7.89,FAIL,,
trend,Hull MA cross,15m,long,transition|mid range|messy|contracting,902,-5.2979,35.37,-47.79,264,-4.712,38.64,-12.44,-18.35,FAIL,3.3984,2.3466
trend,Hull MA cross,15m,short,transition|mid range|messy|contracting,879,-5.4626,35.84,-48.02,268,-13.3892,30.22,-35.88,-36.43,FAIL,38.8754,
trend,Hull MA cross,15m,long,transition|mid range|messy|expanding,919,-5.6764,35.58,-52.17,272,-3.0385,38.6,-8.26,-13.45,FAIL,6.9136,1.6183
trend,Hull MA cross,15m,short,transition|mid range|messy|expanding,900,-6.2649,34.89,-56.38,278,-7.5882,37.05,-21.1,-27.94,FAIL,,
trend,Hull MA cross,15m,long,downtrend|pulling back in trend|messy|contracting,583,-4.9972,38.42,-29.13,170,-7.1437,35.88,-12.14,-16.13,FAIL,3.0964,7.9009
trend,Hull MA cross,15m,short,downtrend|pulling back in trend|messy|contracting,764,-7.1997,33.64,-55.01,229,-8.3431,34.06,-19.11,-25.93,FAIL,,
trend,Hull MA cross,15m,long,uptrend|at range high|messy|contracting,516,-7.9066,33.33,-40.8,199,-3.7739,36.68,-7.51,-14.68,FAIL,,1.9334
trend,Hull MA cross,15m,short,uptrend|at range high|messy|contracting,647,-6.9754,34.62,-45.13,228,-15.647,28.95,-35.68,-36.85,FAIL,,
trend,Hull MA cross,15m,long,uptrend|pulling back in trend|messy|contracting,722,-8.0399,32.69,-58.05,227,-14.3736,29.96,-32.63,-36.21,FAIL,,
trend,Hull MA cross,15m,short,uptrend|pulling back in trend|messy|contracting,586,-4.8666,37.54,-28.52,181,-6.0944,37.57,-11.03,-15.37,FAIL,3.9058,6.0814
trend,Hull MA cross,15m,long,downtrend|pulling back in trend|messy|expanding,786,-7.0407,35.11,-55.34,252,-4.4332,39.68,-11.17,-14.25,FAIL,,2.1521
trend,Hull MA cross,15m,short,downtrend|pulling back in trend|messy|expanding,645,-6.7504,34.88,-43.54,184,-15.2711,29.35,-28.1,-30.41,FAIL,72.323,
trend,Hull MA cross,15m,long,uptrend|pulling back in trend|messy|expanding,631,-7.3951,34.55,-46.66,198,-3.9933,37.88,-7.91,-15.73,FAIL,,1.9655
trend,Hull MA cross,15m,short,uptrend|pulling back in trend|messy|expanding,754,-8.3589,31.7,-63.03,256,-7.35,35.55,-18.82,-23.35,FAIL,,
trend,Hull MA cross,15m,long,transition|at range high|messy|contracting,455,-9.2921,32.09,-42.28,162,0.3811,39.51,0.62,-7.79,FAIL,,0.9553
trend,Hull MA cross,15m,short,transition|at range high|messy|contracting,669,-5.08,36.47,-33.98,212,-5.0687,36.79,-10.75,-17.16,FAIL,5.6853,3.0957
trend,Hull MA cross,15m,long,uptrend|at range high|messy|expanding,694,-4.2704,37.03,-29.64,238,-2.5901,37.82,-6.16,-13.9,FAIL,2.3325,1.437
trend,Hull MA cross,15m,short,uptrend|at range high|messy|expanding,571,-3.7898,37.83,-21.64,202,-9.4517,35.15,-19.09,-20.36,FAIL,2.1809,
trend,Hull MA cross,15m,long,transition|mid range|clean|contracting,462,-5.5291,36.36,-25.54,143,-6.464,37.06,-9.24,-12.35,FAIL,3.368,4.6805
trend,Hull MA cross,15m,short,transition|mid range|clean|contracting,498,-9.5418,32.93,-47.52,154,-9.7632,35.06,-15.04,-17.88,FAIL,,
trend,Hull MA cross,15m,long,downtrend|at range low|messy|contracting,550,-8.3389,33.82,-45.86,175,-12.7996,32.0,-22.4,-25.6,FAIL,,
trend,Hull MA cross,15m,short,downtrend|at range low|messy|contracting,418,-8.6763,33.01,-36.27,150,-3.1151,37.33,-4.67,-14.51,FAIL,,1.6585
trend,Hull MA cross,15m,long,transition|at range high|messy|expanding,672,-3.6061,37.8,-24.23,216,4.5119,41.67,9.75,-7.91,FAIL,1.8767,0.6555
trend,Hull MA cross,15m,short,transition|at range high|messy|expanding,517,-2.5575,38.68,-13.22,190,-8.5569,36.32,-16.26,-18.02,FAIL,1.6466,
trend,Hull MA cross,15m,long,transition|at range low|messy|contracting,556,-8.4053,34.53,-46.73,174,-8.9763,35.63,-15.62,-20.83,FAIL,,
trend,Hull MA cross,15m,short,transition|at range low|messy|contracting,381,-3.1136,38.32,-11.86,141,-16.3395,29.79,-23.04,-24.11,FAIL,1.7117,
trend,Hull MA cross,15m,long,transition|mid range|clean|expanding,447,-8.5472,34.45,-38.21,145,-14.4063,29.66,-20.89,-23.92,FAIL,,
trend,Hull MA cross,15m,short,transition|mid range|clean|expanding,420,-7.262,35.0,-30.5,134,-14.0285,31.34,-18.8,-20.24,FAIL,,
trend,Hull MA cross,15m,long,downtrend|at range low|messy|expanding,468,-0.648,40.38,-3.03,172,3.3127,43.02,5.7,-5.66,FAIL,1.08,0.7139
trend,Hull MA cross,15m,short,downtrend|at range low|messy|expanding,573,-6.3751,34.9,-36.53,191,-8.8767,35.08,-16.95,-21.55,FAIL,,
trend,Hull MA cross,15m,long,transition|at range low|messy|expanding,420,-7.9438,34.52,-33.36,168,-10.458,34.52,-17.57,-27.12,FAIL,,
trend,Hull MA cross,15m,short,transition|at range low|messy|expanding,616,-6.3892,34.58,-39.36,199,-7.1637,36.68,-14.26,-18.26,FAIL,,184.2939
trend,Hull MA cross,15m,long,downtrend|pulling back in trend|clean|contracting,268,-2.9887,39.18,-8.01,81,-23.1071,24.69,-18.72,-19.97,FAIL,1.5555,
trend,Hull MA cross,15m,short,downtrend|pulling back in trend|clean|contracting,397,-12.5087,28.97,-49.66,138,0.1657,42.03,0.23,-9.91,FAIL,,0.9782
trend,Hull MA cross,15m,long,uptrend|pulling back in trend|clean|contracting,395,-10.2506,31.39,-40.49,113,-5.7505,38.05,-6.5,-9.39,FAIL,,3.3259
trend,Hull MA cross,15m,short,uptrend|pulling back in trend|clean|contracting,296,-3.6497,38.85,-10.8,92,-4.1241,38.04,-3.79,-6.78,FAIL,1.9956,2.1588
trend,Hull MA cross,15m,long,uptrend|at range high|clean|contracting,211,-10.834,33.65,-22.86,76,-10.6267,32.89,-8.08,-10.73,FAIL,,
trend,Hull MA cross,15m,short,uptrend|at range high|clean|contracting,428,-13.1452,28.5,-56.26,143,-3.9537,37.76,-5.65,-9.35,FAIL,,2.0615
trend,Hull MA cross,15m,long,downtrend|pulling back in trend|clean|expanding,380,-8.7178,33.95,-33.13,117,-18.6543,29.91,-21.83,-22.78,FAIL,,
trend,Hull MA cross,15m,short,downtrend|pulling back in trend|clean|expanding,248,-9.1059,33.47,-22.58,95,-10.7444,36.84,-10.21,-14.88,FAIL,,
trend,Hull MA cross,15m,long,uptrend|pulling back in trend|clean|expanding,273,-11.6946,31.14,-31.93,93,-7.1425,36.56,-6.64,-9.15,FAIL,,8.985
trend,Hull MA cross,15m,short,uptrend|pulling back in trend|clean|expanding,328,-3.8175,39.33,-12.52,118,-3.4583,38.98,-4.08,-7.21,FAIL,2.1572,1.9045
trend,Hull MA cross,15m,long,transition|at range high|clean|contracting,159,-7.361,35.22,-11.7,60,-9.2163,31.67,-5.53,-6.93,FAIL,8.8997,
trend,Hull MA cross,15m,short,transition|at range high|clean|contracting,476,-6.9636,35.29,-33.15,157,-15.7125,28.66,-24.67,-29.73,FAIL,,
trend,Hull MA cross,15m,long,transition|mid range|messy|stalling,330,-8.2402,34.55,-27.19,115,17.6265,50.43,20.27,-5.16,FAIL,,0.318
trend,Hull MA cross,15m,short,transition|mid range|messy|stalling,365,-3.8016,36.99,-13.88,113,-3.5635,38.05,-4.03,-14.89,FAIL,2.1874,1.8342
trend,Hull MA cross,15m,long,transition|at range high|clean|expanding,284,-2.9329,39.44,-8.33,95,-13.3256,33.68,-12.66,-14.18,FAIL,1.522,
trend,Hull MA cross,15m,short,transition|at range high|clean|expanding,278,-9.293,32.37,-25.83,103,-13.9943,32.04,-14.41,-17.63,FAIL,,
trend,Hull MA cross,15m,long,uptrend|at range high|clean|expanding,270,-7.1297,35.19,-19.25,89,-3.2749,39.33,-2.91,-10.0,FAIL,9.5459,1.5978
trend,Hull MA cross,15m,short,uptrend|at range high|clean|expanding,287,-7.1676,36.24,-20.57,112,-2.9751,38.39,-3.33,-7.44,FAIL,,1.6399
trend,Hull MA cross,15m,long,downtrend|at range low|clean|contracting,339,-9.4061,33.63,-31.89,115,-9.7766,35.65,-11.24,-14.45,FAIL,,
trend,Hull MA cross,15m,short,downtrend|at range low|clean|contracting,178,-6.2118,35.39,-11.06,50,-17.0605,32.0,-8.53,-10.65,FAIL,6.606,
trend,Hull MA cross,15m,long,transition|at range low|clean|contracting,378,-6.2144,37.04,-23.49,104,-7.9847,35.58,-8.3,-10.85,FAIL,4.1128,17.6421
trend,Hull MA cross,15m,short,transition|at range low|clean|contracting,140,-2.8432,39.29,-3.98,63,-12.9928,31.75,-8.19,-11.25,FAIL,1.5925,
trend,Hull MA cross,15m,long,transition|at range low|clean|expanding,260,-9.8694,35.0,-25.66,96,-20.6513,26.04,-19.83,-23.52,FAIL,,
trend,Hull MA cross,15m,short,transition|at range low|clean|expanding,205,-0.5899,39.51,-1.21,68,-15.4199,32.35,-10.49,-12.78,FAIL,1.083,
trend,Hull MA cross,15m,long,downtrend|at range low|clean|expanding,226,-4.1659,38.05,-9.41,98,-2.2765,40.82,-2.23,-9.83,FAIL,2.1455,1.3759
trend,Hull MA cross,15m,short,downtrend|at range low|clean|expanding,240,-13.6499,29.17,-32.76,86,-4.1147,36.05,-3.54,-8.25,FAIL,,2.1152
trend,Hull MA cross,15m,long,downtrend|pulling back in trend|messy|stalling,238,-11.5576,33.61,-27.51,84,7.8816,46.43,6.62,-6.42,FAIL,,0.5065
trend,Hull MA cross,15m,short,downtrend|pulling back in trend|messy|stalling,223,-6.0417,35.43,-13.47,61,-6.9539,34.43,-4.24,-9.33,FAIL,6.1352,12.7458
trend,Hull MA cross,15m,long,downtrend|at range high|messy|contracting,139,-8.0377,35.97,-11.17,49,-15.2053,30.61,-7.45,-7.76,FAIL,,
trend,Hull MA cross,15m,short,downtrend|at range high|messy|contracting,321,-11.0123,31.46,-35.35,111,-9.7102,34.23,-10.78,-13.26,FAIL,,
trend,Hull MA cross,15m,long,uptrend|pulling back in trend|messy|stalling,220,-12.5214,31.36,-27.55,70,-15.4962,31.43,-10.85,-14.35,FAIL,,
trend,Hull MA cross,15m,short,uptrend|pulling back in trend|messy|stalling,260,-6.0421,37.31,-15.71,84,3.7628,44.05,3.16,-6.26,FAIL,8.4112,0.6552
trend,Hull MA cross,15m,long,downtrend|at range high|messy|expanding,323,-10.9102,31.58,-35.24,107,-6.3753,37.38,-6.82,-11.11,FAIL,,4.2121
trend,Hull MA cross,15m,short,downtrend|at range high|messy|expanding,213,-9.4719,33.8,-20.18,77,-12.9559,33.77,-9.98,-13.27,FAIL,,
trend,Hull MA cross,15m,long,uptrend|at range high|messy|stalling,275,-9.8024,31.27,-26.96,102,-2.1891,37.25,-2.23,-11.6,FAIL,,1.3796
trend,Hull MA cross,15m,short,uptrend|at range high|messy|stalling,188,-7.9396,34.57,-14.93,75,-4.8537,37.33,-3.64,-9.84,FAIL,,2.8314
trend,DEMA cross,1h,long,transition|mid range|messy|contracting,56,18.7408,48.21,10.49,14,-10.3929,28.57,-1.46,-4.76,FAIL,,
trend,DEMA cross,1h,short,transition|mid range|messy|contracting,52,9.7076,51.92,5.05,13,-18.5151,38.46,-2.41,-6.4,FAIL,,
trend,DEMA cross,1h,long,transition|mid range|messy|expanding,73,-1.4048,39.73,-1.03,23,-14.9295,30.43,-3.43,-8.21,FAIL,,
trend,DEMA cross,1h,short,transition|mid range|messy|expanding,73,-2.6183,38.36,-1.91,22,-18.5153,36.36,-4.07,-12.37,FAIL,,
trend,DEMA cross,1h,long,uptrend|at range high|messy|contracting,12,39.7426,50.0,4.77,4,50.8214,50.0,2.03,-1.7,UNRELIABLE,,
trend,DEMA cross,1h,short,uptrend|at range high|messy|contracting,22,47.8634,54.55,10.53,9,-49.3684,22.22,-4.44,-7.84,FAIL,,
trend,DEMA cross,1h,long,downtrend|pulling back in trend|messy|contracting,53,57.2907,58.49,30.36,21,2.7863,38.1,0.59,-6.35,SURVIVOR,,
trend,DEMA cross,1h,short,downtrend|pulling back in trend|messy|contracting,13,-24.2119,30.77,-3.15,4,15.9189,50.0,0.64,-4.57,UNRELIABLE,,
trend,DEMA cross,1h,long,uptrend|pulling back in trend|messy|contracting,15,-94.907,13.33,-14.24,8,1.8223,37.5,0.15,-2.64,UNRELIABLE,,
trend,DEMA cross,1h,short,uptrend|pulling back in trend|messy|contracting,59,-27.9682,25.42,-16.5,24,-6.0666,29.17,-1.46,-10.78,FAIL,,
trend,DEMA cross,1h,long,uptrend|at range high|messy|expanding,27,21.4248,44.44,5.78,8,-40.8993,25.0,-3.27,-5.0,FAIL,,
trend,DEMA cross,1h,short,uptrend|at range high|messy|expanding,13,44.1162,53.85,5.74,9,-74.2283,11.11,-6.68,-7.33,UNRELIABLE,,
trend,DEMA cross,1h,long,downtrend|pulling back in trend|messy|expanding,62,-17.6259,33.87,-10.93,24,-28.2987,33.33,-6.79,-10.34,FAIL,,
trend,DEMA cross,1h,short,downtrend|pulling back in trend|messy|expanding,20,21.0106,45.0,4.2,6,26.1276,50.0,1.57,-2.61,UNRELIABLE,,
trend,DEMA cross,1h,long,transition|at range high|messy|contracting,28,39.7116,46.43,11.12,7,28.5592,57.14,2.0,-4.83,UNRELIABLE,,
trend,DEMA cross,1h,short,transition|at range high|messy|contracting,8,-14.6263,37.5,-1.17,3,29.2737,33.33,0.88,-1.94,UNRELIABLE,,
trend,DEMA cross,1h,long,uptrend|pulling back in trend|messy|expanding,19,57.1386,52.63,10.86,5,-58.5693,20.0,-2.93,-5.19,UNRELIABLE,,
trend,DEMA cross,1h,short,uptrend|pulling back in trend|messy|expanding,84,4.1447,44.05,3.48,34,-42.8747,26.47,-14.58,-18.72,FAIL,,
trend,DEMA cross,1h,long,transition|at range high|messy|expanding,57,-0.1926,35.09,-0.11,17,-3.7473,35.29,-0.64,-9.5,FAIL,,
trend,DEMA cross,1h,short,transition|at range high|messy|expanding,6,-4.4741,33.33,-0.27,1,-16.9979,0.0,-0.17,-1.42,UNRELIABLE,,
trend,DEMA cross,1h,long,downtrend|at range low|messy|contracting,10,-76.3349,20.0,-7.63,2,-131.6254,0.0,-2.63,-2.63,UNRELIABLE,,
trend,DEMA cross,1h,short,downtrend|at range low|messy|contracting,8,-51.2279,12.5,-4.1,0,0.0,0.0,0.0,0.0,UNRELIABLE,,
trend,DEMA cross,1h,long,transition|at range low|messy|contracting,11,-9.7886,54.55,-1.08,1,48.2309,100.0,0.48,-0.49,UNRELIABLE,,
trend,DEMA cross,1h,short,transition|at range low|messy|contracting,16,-19.3302,31.25,-3.09,6,-54.0866,16.67,-3.25,-3.43,UNRELIABLE,,
trend,DEMA cross,1h,long,downtrend|at range low|messy|expanding,6,-35.7428,33.33,-2.14,1,-132.9377,0.0,-1.33,-1.9,UNRELIABLE,,
trend,DEMA cross,1h,short,downtrend|at range low|messy|expanding,19,5.9422,42.11,1.13,4,-40.6287,25.0,-1.63,-3.92,UNRELIABLE,,
trend,DEMA cross,1h,long,transition|at range low|messy|expanding,5,-13.0429,40.0,-0.65,2,122.1989,100.0,2.44,-2.09,UNRELIABLE,,
trend,DEMA cross,1h,short,transition|at range low|messy|expanding,61,-1.1142,39.34,-0.68,18,-12.9342,38.89,-2.33,-7.59,FAIL,,
trend,DEMA cross,1h,long,transition|mid range|clean|contracting,30,-10.9131,33.33,-3.27,8,-57.4368,25.0,-4.59,-7.55,FAIL,,
trend,DEMA cross,1h,short,transition|mid range|clean|contracting,19,-35.2635,26.32,-6.7,6,-69.1454,16.67,-4.15,-4.92,UNRELIABLE,,
trend,DEMA cross,1h,long,transition|mid range|clean|expanding,23,27.2925,47.83,6.28,8,146.3269,75.0,11.71,-3.96,SURVIVOR,,
trend,DEMA cross,1h,short,transition|mid range|clean|expanding,36,5.78,38.89,2.08,6,156.6932,83.33,9.4,-1.66,UNRELIABLE,,
trend,DEMA cross,1h,long,transition|mid range|messy|stalling,16,-18.1829,37.5,-2.91,6,10.1743,33.33,0.61,-1.87,UNRELIABLE,,
trend,DEMA cross,1h,short,transition|mid range|messy|stalling,13,-31.7979,38.46,-4.13,9,7.3973,44.44,0.67,-3.5,UNRELIABLE,,
trend,DEMA cross,1h,long,transition|at range high|clean|contracting,8,-89.1917,0.0,-7.14,4,-130.9224,0.0,-5.24,-5.24,UNRELIABLE,,
trend,DEMA cross,1h,short,transition|at range high|clean|contracting,1,-131.7942,0.0,-1.32,0,0.0,0.0,0.0,0.0,UNRELIABLE,,
trend,DEMA cross,1h,long,downtrend|pulling back in trend|clean|contracting,28,4.7735,42.86,1.34,17,-35.1633,29.41,-5.98,-9.85,FAIL,,
trend,DEMA cross,1h,short,downtrend|pulling back in trend|clean|contracting,3,-8.874,33.33,-0.27,4,-23.4361,25.0,-0.94,-3.39,UNRELIABLE,,
trend,DEMA cross,1h,long,uptrend|pulling back in trend|clean|contracting,3,-94.6475,0.0,-2.84,1,90.1804,100.0,0.9,-0.48,UNRELIABLE,,
trend,DEMA cross,1h,short,uptrend|pulling back in trend|clean|contracting,30,40.2271,56.67,12.07,7,-27.3032,42.86,-1.91,-5.37,UNRELIABLE,,
trend,DEMA cross,1h,long,uptrend|at range high|clean|contracting,5,-60.1859,20.0,-3.01,3,-131.7772,0.0,-3.95,-5.08,UNRELIABLE,,
trend,DEMA cross,1h,short,uptrend|at range high|clean|contracting,2,-133.3641,0.0,-2.67,3,-9.3333,33.33,-0.28,-2.23,UNRELIABLE,,
trend,DEMA cross,1h,long,uptrend|pulling back in trend|clean|expanding,9,3.883,33.33,0.35,0,0.0,0.0,0.0,0.0,UNRELIABLE,,
trend,DEMA cross,1h,short,uptrend|pulling back in trend|clean|expanding,41,-25.6333,29.27,-10.51,10,-21.0945,30.0,-2.11,-5.04,FAIL,,
trend,DEMA cross,1h,long,downtrend|pulling back in trend|clean|expanding,31,54.7653,51.61,16.98,9,159.3518,88.89,14.34,-1.54,SURVIVOR,,
trend,DEMA cross,1h,short,downtrend|pulling back in trend|clean|expanding,13,41.1876,38.46,5.35,1,-132.5686,0.0,-1.33,-1.33,UNRELIABLE,,
trend,DEMA cross,1h,long,transition|at range high|clean|expanding,28,9.4898,39.29,2.66,7,-28.6741,28.57,-2.01,-5.03,UNRELIABLE,,
trend,DEMA cross,1h,short,transition|at range high|clean|expanding,4,-58.9899,25.0,-2.36,0,0.0,0.0,0.0,0.0,UNRELIABLE,,
trend,DEMA cross,1h,long,transition|at range low|clean|contracting,1,-132.3464,0.0,-1.32,1,-133.0569,0.0,-1.33,-1.39,UNRELIABLE,,
trend,DEMA cross,1h,short,transition|at range low|clean|contracting,8,-4.793,37.5,-0.38,5,-70.4635,20.0,-3.52,-3.52,UNRELIABLE,,
trend,DEMA cross,1h,long,downtrend|at range high|messy|contracting,22,32.3312,45.45,7.11,7,-111.7837,0.0,-7.82,-8.09,UNRELIABLE,,
trend,DEMA cross,1h,short,downtrend|at range high|messy|contracting,0,,,,0,,,,,NO-TRADES,,
trend,DEMA cross,1h,long,uptrend|at range high|clean|expanding,20,-64.5558,25.0,-12.91,7,-16.3268,28.57,-1.14,-4.72,UNRELIABLE,,
trend,DEMA cross,1h,short,uptrend|at range high|clean|expanding,3,85.2405,66.67,2.56,3,-9.5797,33.33,-0.29,-2.69,UNRELIABLE,,
trend,DEMA cross,1h,long,downtrend|at range low|clean|contracting,2,-132.6332,0.0,-2.65,1,-132.4103,0.0,-1.32,-1.32,UNRELIABLE,,
trend,DEMA cross,1h,short,downtrend|at range low|clean|contracting,5,15.3331,40.0,0.77,1,55.9464,100.0,0.56,-0.84,UNRELIABLE,,
trend,DEMA cross,1h,long,downtrend|pulling back in trend|messy|stalling,29,-36.3636,31.03,-10.55,2,94.7381,50.0,1.89,-2.12,UNRELIABLE,,
trend,DEMA cross,1h,short,downtrend|pulling back in trend|messy|stalling,8,9.6523,37.5,0.77,1,-132.5675,0.0,-1.33,-1.59,UNRELIABLE,,
trend,DEMA cross,1h,long,uptrend|at range high|messy|stalling,8,17.3969,37.5,1.39,1,-142.5863,0.0,-1.43,-2.14,UNRELIABLE,,
trend,DEMA cross,1h,short,uptrend|at range high|messy|stalling,2,-131.5958,0.0,-2.63,1,-127.172,0.0,-1.27,-2.3,UNRELIABLE,,
trend,DEMA cross,1h,long,transition|at range low|clean|expanding,0,,,,0,,,,,NO-TRADES,,
trend,DEMA cross,1h,short,transition|at range low|clean|expanding,23,26.2505,39.13,6.04,8,-66.5691,25.0,-5.33,-7.45,FAIL,,
trend,DEMA cross,1h,long,uptrend|pulling back in trend|messy|stalling,3,-10.5886,33.33,-0.32,1,-132.7407,0.0,-1.33,-1.92,UNRELIABLE,,
trend,DEMA cross,1h,short,uptrend|pulling back in trend|messy|stalling,26,30.3638,50.0,7.89,4,-95.9147,25.0,-3.84,-4.04,UNRELIABLE,,
trend,DEMA cross,1h,long,uptrend|at range low|messy|contracting,1,-132.4711,0.0,-1.32,0,0.0,0.0,0.0,0.0,UNRELIABLE,,
trend,DEMA cross,1h,short,uptrend|at range low|messy|contracting,13,-18.3042,30.77,-2.38,8,66.1288,50.0,5.29,-2.88,UNRELIABLE,,
trend,DEMA cross,1h,long,downtrend|at range high|messy|expanding,37,29.4831,43.24,10.91,12,-8.8946,33.33,-1.07,-7.09,FAIL,,
trend,DEMA cross,1h,short,downtrend|at range high|messy|expanding,1,169.3632,100.0,1.69,1,239.4616,100.0,2.39,-0.48,UNRELIABLE,,
trend,DEMA cross,1h,long,uptrend|at range low|messy|expanding,1,-58.7838,0.0,-0.59,0,0.0,0.0,0.0,0.0,UNRELIABLE,,
trend,DEMA cross,1h,short,uptrend|at range low|messy|expanding,40,56.3758,57.5,22.55,13,207.6828,92.31,27.0,-2.97,SURVIVOR,,
trend,DEMA cross,1h,long,downtrend|at range low|clean|expanding,0,,,,0,,,,,NO-TRADES,,
trend,DEMA cross,1h,short,downtrend|at range low|clean|expanding,10,17.2727,50.0,1.73,6,-9.8168,33.33,-0.59,-3.97,UNRELIABLE,,
trend,DEMA cross,15m,long,transition|mid range|messy|contracting,216,-9.0916,33.8,-19.64,66,-2.8491,39.39,-1.88,-4.87,FAIL,,1.5116
trend,DEMA cross,15m,short,transition|mid range|messy|contracting,211,-0.2316,40.28,-0.49,62,-24.1764,25.81,-14.99,-17.48,FAIL,1.0332,
trend,DEMA cross,15m,long,transition|mid range|messy|expanding,237,-6.7806,37.55,-16.07,83,-7.5153,37.35,-6.24,-14.32,FAIL,5.8411,8.1475
trend,DEMA cross,15m,short,transition|mid range|messy|expanding,247,-2.9665,38.46,-7.33,84,-24.865,25.0,-20.89,-21.17,FAIL,1.6128,
trend,DEMA cross,15m,long,downtrend|pulling back in trend|messy|contracting,256,-6.5047,38.28,-16.65,79,-8.9424,36.71,-7.06,-8.42,FAIL,5.195,
trend,DEMA cross,15m,short,downtrend|pulling back in trend|messy|contracting,59,-6.4669,37.29,-3.82,13,7.647,46.15,0.99,-2.4,FAIL,7.5414,0.4877
trend,DEMA cross,15m,long,uptrend|at range high|messy|contracting,36,-3.5533,38.89,-1.28,12,13.9881,41.67,1.68,-2.77,FAIL,1.7163,0.3411
trend,DEMA cross,15m,short,uptrend|at range high|messy|contracting,46,-29.9737,19.57,-13.79,15,-32.3443,20.0,-4.85,-5.83,FAIL,,
trend,DEMA cross,15m,long,uptrend|pulling back in trend|messy|contracting,62,4.1141,41.94,2.55,20,-5.6927,35.0,-1.14,-3.17,FAIL,0.6703,3.0149
trend,DEMA cross,15m,short,uptrend|pulling back in trend|messy|contracting,246,-9.0007,32.52,-22.14,94,-12.1635,35.11,-11.43,-16.32,FAIL,,
trend,DEMA cross,15m,long,downtrend|pulling back in trend|messy|expanding,279,-8.8806,34.05,-24.78,87,-14.3448,32.18,-12.48,-15.28,FAIL,,
trend,DEMA cross,15m,short,downtrend|pulling back in trend|messy|expanding,85,-10.2184,34.12,-8.69,23,-34.2222,17.39,-7.87,-8.45,FAIL,,
trend,DEMA cross,15m,long,uptrend|pulling back in trend|messy|expanding,82,-9.2916,34.15,-7.62,24,-11.0284,37.5,-2.65,-6.3,FAIL,,
trend,DEMA cross,15m,short,uptrend|pulling back in trend|messy|expanding,315,-13.6131,30.16,-42.88,102,-4.9105,38.24,-5.01,-10.64,FAIL,,3.1011
trend,DEMA cross,15m,long,transition|at range high|messy|contracting,93,11.3025,45.16,10.51,27,5.5968,44.44,1.51,-4.65,SURVIVOR,0.4252,0.5873
trend,DEMA cross,15m,short,transition|at range high|messy|contracting,30,-11.0074,30.0,-3.3,8,-63.4744,0.0,-5.08,-5.18,FAIL,,
trend,DEMA cross,15m,long,uptrend|at range high|messy|expanding,83,14.5689,49.4,12.09,27,9.6829,44.44,2.61,-2.89,SURVIVOR,0.3515,0.4561
trend,DEMA cross,15m,short,uptrend|at range high|messy|expanding,35,-3.5907,37.14,-1.26,14,-16.7196,28.57,-2.34,-3.75,FAIL,1.7353,
trend,DEMA cross,15m,long,transition|mid range|clean|contracting,117,-3.6451,38.46,-4.26,45,-7.3831,37.78,-3.32,-5.25,FAIL,1.7036,8.1322
trend,DEMA cross,15m,short,transition|mid range|clean|contracting,115,-15.2977,30.43,-17.59,33,-8.9003,36.36,-2.94,-5.31,FAIL,,
trend,DEMA cross,15m,long,downtrend|at range low|messy|contracting,28,-34.6796,21.43,-9.71,5,-6.7615,40.0,-0.34,-1.48,UNRELIABLE,,4.9066
trend,DEMA cross,15m,short,downtrend|at range low|messy|contracting,20,-13.9911,30.0,-2.8,9,-8.8775,33.33,-0.8,-2.58,FAIL,,
trend,DEMA cross,15m,long,transition|at range high|messy|expanding,171,-13.2209,29.82,-22.61,54,-1.7429,40.74,-0.94,-5.48,FAIL,,1.2718
trend,DEMA cross,15m,short,transition|at range high|messy|expanding,20,12.1058,50.0,2.42,4,-64.576,0.0,-2.58,-2.58,UNRELIABLE,0.3656,
trend,DEMA cross,15m,long,transition|at range low|messy|contracting,11,-9.9624,36.36,-1.1,7,7.257,42.86,0.51,-1.74,UNRELIABLE,,0.5235
trend,DEMA cross,15m,short,transition|at range low|messy|contracting,59,-26.123,23.73,-15.41,27,-13.9648,33.33,-3.77,-5.16,FAIL,,
trend,DEMA cross,15m,long,transition|mid range|clean|expanding,151,-8.8079,35.1,-13.3,46,13.3317,47.83,6.13,-2.34,FAIL,,0.383
trend,DEMA cross,15m,short,transition|mid range|clean|expanding,168,-4.7885,35.71,-8.04,56,1.4822,41.07,0.83,-7.34,FAIL,3.4597,0.8347
trend,DEMA cross,15m,long,downtrend|at range low|messy|expanding,18,-18.1692,27.78,-3.27,10,-20.3973,30.0,-2.04,-3.21,UNRELIABLE,,
trend,DEMA cross,15m,short,downtrend|at range low|messy|expanding,92,-23.3624,22.83,-21.49,25,-24.9201,24.0,-6.23,-6.88,FAIL,,
trend,DEMA cross,15m,long,transition|at range low|messy|expanding,18,-2.7223,38.89,-0.49,3,-64.9042,0.0,-1.95,-1.95,UNRELIABLE,1.4809,
trend,DEMA cross,15m,short,transition|at range low|messy|expanding,152,0.3899,40.79,0.59,53,7.0033,45.28,3.71,-3.85,SURVIVOR,0.9501,0.5108
trend,DEMA cross,15m,long,downtrend|pulling back in trend|clean|contracting,149,-8.0336,36.24,-11.97,57,-7.8267,35.09,-4.46,-11.68,FAIL,11.7761,14.4432
trend,DEMA cross,15m,short,downtrend|pulling back in trend|clean|contracting,30,14.1991,46.67,4.26,14,-34.9506,21.43,-4.89,-5.42,FAIL,0.3382,
trend,DEMA cross,15m,long,uptrend|pulling back in trend|clean|contracting,42,-13.0826,30.95,-5.49,8,-43.8587,12.5,-3.51,-4.54,FAIL,,
trend,DEMA cross,15m,short,uptrend|pulling back in trend|clean|contracting,147,-0.5774,40.14,-0.85,60,5.604,45.0,3.36,-4.85,FAIL,1.0796,0.572
trend,DEMA cross,15m,long,uptrend|at range high|clean|contracting,26,5.647,42.31,1.47,11,-34.2475,18.18,-3.77,-5.46,FAIL,0.5795,
trend,DEMA cross,15m,short,uptrend|at range high|clean|contracting,17,-5.5827,35.29,-0.95,12,-8.648,33.33,-1.04,-3.3,UNRELIABLE,2.8321,
trend,DEMA cross,15m,long,downtrend|pulling back in trend|clean|expanding,141,-7.408,36.17,-10.45,40,-19.413,27.5,-7.77,-8.98,FAIL,7.0871,
trend,DEMA cross,15m,short,downtrend|pulling back in trend|clean|expanding,51,-0.419,37.25,-0.21,12,-50.2115,16.67,-6.03,-6.9,FAIL,1.0573,
trend,DEMA cross,15m,long,uptrend|pulling back in trend|clean|expanding,53,-16.5317,30.19,-8.76,14,-22.9001,28.57,-3.21,-4.22,FAIL,,
trend,DEMA cross,15m,short,uptrend|pulling back in trend|clean|expanding,176,0.0258,40.91,0.05,59,-5.1201,38.98,-3.02,-6.7,FAIL,0.9964,3.1258
trend,DEMA cross,15m,long,transition|at range high|clean|contracting,62,-4.9615,38.71,-3.08,19,8.7565,42.11,1.66,-4.71,FAIL,2.1303,0.4764
trend,DEMA cross,15m,short,transition|at range high|clean|contracting,8,-1.0184,37.5,-0.08,3,-65.0901,0.0,-1.95,-2.22,UNRELIABLE,1.1565,
trend,DEMA cross,15m,long,transition|mid range|messy|stalling,70,-10.667,34.29,-7.47,31,7.2936,45.16,2.26,-4.18,FAIL,,0.5254
trend,DEMA cross,15m,short,transition|mid range|messy|stalling,99,-10.3722,37.37,-10.27,34,-23.5674,23.53,-8.01,-8.08,FAIL,,
trend,DEMA cross,15m,long,transition|at range high|clean|expanding,131,-1.7804,39.69,-2.33,40,-6.5224,37.5,-2.61,-4.85,FAIL,1.2614,3.8292
trend,DEMA cross,15m,short,transition|at range high|clean|expanding,7,-47.5647,14.29,-3.33,2,-65.0612,0.0,-1.3,-1.3,UNRELIABLE,,
trend,DEMA cross,15m,long,uptrend|at range high|clean|expanding,61,-2.2716,37.7,-1.39,30,-22.8903,23.33,-6.87,-7.6,FAIL,1.3553,
trend,DEMA cross,15m,short,uptrend|at range high|clean|expanding,13,-29.8528,23.08,-3.88,4,62.4972,75.0,2.5,-0.68,UNRELIABLE,,0.0829
trend,DEMA cross,15m,long,downtrend|at range low|clean|contracting,6,-64.3655,0.0,-3.86,1,-65.2437,0.0,-0.65,-0.67,UNRELIABLE,,
trend,DEMA cross,15m,short,downtrend|at range low|clean|contracting,17,-61.4292,0.0,-10.44,3,47.9606,66.67,1.44,-1.02,UNRELIABLE,,0.1156
trend,DEMA cross,15m,long,transition|at range low|clean|contracting,1,43.0368,100.0,0.43,1,-65.6901,0.0,-0.66,-1.23,UNRELIABLE,0.1127,
trend,DEMA cross,15m,short,transition|at range low|clean|contracting,59,-15.8696,28.81,-9.36,11,-46.6638,9.09,-5.13,-5.15,FAIL,,
trend,DEMA cross,15m,long,transition|at range low|clean|expanding,2,-65.4805,0.0,-1.31,0,0.0,0.0,0.0,0.0,UNRELIABLE,,
trend,DEMA cross,15m,short,transition|at range low|clean|expanding,126,-3.2998,37.3,-4.16,40,-16.4396,30.0,-6.58,-11.0,FAIL,1.8177,
trend,DEMA cross,15m,long,downtrend|at range low|clean|expanding,4,18.6763,50.0,0.75,2,-16.1749,50.0,-0.32,-0.95,UNRELIABLE,0.3044,
trend,DEMA cross,15m,short,downtrend|at range low|clean|expanding,60,-6.27,33.33,-3.76,25,-30.26,20.0,-7.56,-9.58,FAIL,5.6246,
trend,DEMA cross,15m,long,downtrend|pulling back in trend|messy|stalling,84,-20.289,28.57,-17.04,32,-11.9079,37.5,-3.81,-5.5,FAIL,,
trend,DEMA cross,15m,short,downtrend|pulling back in trend|messy|stalling,25,-38.4911,16.0,-9.62,7,-17.0118,28.57,-1.19,-1.96,UNRELIABLE,,
trend,DEMA cross,15m,long,downtrend|at range high|messy|contracting,84,-1.7342,39.29,-1.46,28,0.8047,39.29,0.23,-3.83,FAIL,1.2622,0.9144
trend,DEMA cross,15m,short,downtrend|at range high|messy|contracting,5,95.1837,100.0,4.76,0,0.0,0.0,0.0,0.0,UNRELIABLE,0.0373,
trend,DEMA cross,15m,long,uptrend|pulling back in trend|messy|stalling,20,4.5163,40.0,0.9,6,-52.2568,16.67,-3.14,-3.64,UNRELIABLE,0.6537,
trend,DEMA cross,15m,short,uptrend|pulling back in trend|messy|stalling,99,-2.408,39.39,-2.38,28,-16.6003,32.14,-4.65,-5.97,FAIL,1.4677,
trend,DEMA cross,15m,long,downtrend|at range high|messy|expanding,150,-11.2117,32.67,-16.82,52,-9.6506,32.69,-5.02,-6.74,FAIL,,
trend,DEMA cross,15m,short,downtrend|at range high|messy|expanding,3,-8.2764,33.33,-0.25,0,0.0,0.0,0.0,0.0,UNRELIABLE,,
trend,DEMA cross,15m,long,uptrend|at range high|messy|stalling,19,-0.7566,36.84,-0.14,15,-20.4205,26.67,-3.06,-4.72,UNRELIABLE,1.0899,
trend,DEMA cross,15m,short,uptrend|at range high|messy|stalling,13,-8.5219,38.46,-1.11,7,-16.7666,28.57,-1.17,-2.93,UNRELIABLE,,
trend,TEMA cross,1h,long,transition|mid range|messy|contracting,70,30.5633,47.14,21.39,23,9.2876,47.83,2.14,-6.77,SURVIVOR,,
trend,TEMA cross,1h,short,transition|mid range|messy|contracting,49,-23.5305,30.61,-11.53,20,-36.3547,30.0,-7.27,-8.52,FAIL,,
trend,TEMA cross,1h,long,transition|mid range|messy|expanding,89,14.7842,43.82,13.16,22,-50.7966,22.73,-11.18,-11.53,FAIL,,
trend,TEMA cross,1h,short,transition|mid range|messy|expanding,79,-16.953,36.71,-13.39,37,-37.0604,32.43,-13.71,-17.18,FAIL,,
trend,TEMA cross,1h,long,uptrend|at range high|messy|contracting,17,-66.3371,17.65,-11.28,5,88.9741,60.0,4.45,-2.62,UNRELIABLE,,
trend,TEMA cross,1h,short,uptrend|at range high|messy|contracting,74,1.912,43.24,1.41,25,-18.8242,36.0,-4.71,-13.64,FAIL,,
trend,TEMA cross,1h,long,downtrend|pulling back in trend|messy|contracting,74,-11.785,33.78,-8.72,32,46.8376,53.12,14.99,-4.27,FAIL,,
trend,TEMA cross,1h,short,downtrend|pulling back in trend|messy|contracting,14,-26.2946,35.71,-3.68,3,-26.6286,33.33,-0.8,-2.25,UNRELIABLE,,
trend,TEMA cross,1h,long,uptrend|pulling back in trend|messy|contracting,22,29.6182,50.0,6.52,7,4.4734,42.86,0.31,-3.07,UNRELIABLE,,
trend,TEMA cross,1h,short,uptrend|pulling back in trend|messy|contracting,78,30.7463,46.15,23.98,23,47.5889,56.52,10.95,-5.34,SURVIVOR,,
trend,TEMA cross,1h,long,uptrend|at range high|messy|expanding,34,37.7602,44.12,12.84,14,-56.5237,21.43,-7.91,-8.85,FAIL,,
trend,TEMA cross,1h,short,uptrend|at range high|messy|expanding,54,-14.2712,33.33,-7.71,22,-20.9169,36.36,-4.6,-10.08,FAIL,,
trend,TEMA cross,1h,long,downtrend|pulling back in trend|messy|expanding,109,69.4721,56.88,75.72,29,10.2704,44.83,2.98,-4.92,SURVIVOR,,
trend,TEMA cross,1h,short,downtrend|pulling back in trend|messy|expanding,26,46.8222,50.0,12.17,4,-40.0277,25.0,-1.6,-3.92,UNRELIABLE,,
trend,TEMA cross,1h,long,transition|at range high|messy|contracting,13,18.8107,46.15,2.45,4,-42.578,25.0,-1.7,-3.73,UNRELIABLE,,
trend,TEMA cross,1h,short,transition|at range high|messy|contracting,21,-64.1168,14.29,-13.46,5,-16.4827,40.0,-0.82,-2.63,UNRELIABLE,,
trend,TEMA cross,1h,long,uptrend|pulling back in trend|messy|expanding,30,20.6401,43.33,6.19,7,101.3263,71.43,7.09,-3.65,UNRELIABLE,,
trend,TEMA cross,1h,short,uptrend|pulling back in trend|messy|expanding,120,-12.6257,37.5,-15.15,26,-5.5725,38.46,-1.45,-6.49,FAIL,,
trend,TEMA cross,1h,long,transition|at range high|messy|expanding,61,-1.4582,39.34,-0.89,17,-18.8992,35.29,-3.21,-8.74,FAIL,,
trend,TEMA cross,1h,short,transition|at range high|messy|expanding,27,32.0716,44.44,8.66,6,55.3688,50.0,3.32,-2.52,UNRELIABLE,,
trend,TEMA cross,1h,long,downtrend|at range low|messy|contracting,55,-24.2106,34.55,-13.32,16,-0.5051,43.75,-0.08,-4.89,FAIL,,
trend,TEMA cross,1h,short,downtrend|at range low|messy|contracting,6,-15.98,33.33,-0.96,2,52.5953,50.0,1.05,-1.81,UNRELIABLE,,
trend,TEMA cross,1h,long,transition|at range low|messy|contracting,21,-22.5636,38.1,-4.74,7,59.3734,57.14,4.16,-4.18,UNRELIABLE,,
trend,TEMA cross,1h,short,transition|at range low|messy|contracting,16,13.3855,43.75,2.14,5,-55.5057,20.0,-2.78,-4.58,UNRELIABLE,,
trend,TEMA cross,1h,long,downtrend|at range low|messy|expanding,36,-4.013,41.67,-1.44,11,82.898,63.64,9.12,-3.67,FAIL,,
trend,TEMA cross,1h,short,downtrend|at range low|messy|expanding,39,-16.5841,35.9,-6.47,10,-46.6059,20.0,-4.66,-8.67,FAIL,,
trend,TEMA cross,1h,long,transition|at range low|messy|expanding,19,-26.0353,31.58,-4.95,9,-42.0823,33.33,-3.79,-4.59,UNRELIABLE,,
trend,TEMA cross,1h,short,transition|at range low|messy|expanding,48,-35.8469,29.17,-17.21,19,-22.1264,26.32,-4.2,-9.98,FAIL,,
trend,TEMA cross,1h,long,transition|mid range|clean|contracting,35,-6.2193,37.14,-2.18,11,11.2198,36.36,1.23,-7.55,FAIL,,
trend,TEMA cross,1h,short,transition|mid range|clean|contracting,22,-21.4728,45.45,-4.72,9,15.1623,44.44,1.36,-4.22,FAIL,,
trend,TEMA cross,1h,long,transition|mid range|clean|expanding,29,-36.2031,34.48,-10.5,13,98.3776,61.54,12.79,-2.97,FAIL,,
trend,TEMA cross,1h,short,transition|mid range|clean|expanding,52,-1.1748,38.46,-0.61,14,69.1594,57.14,9.68,-5.47,FAIL,,
trend,TEMA cross,1h,long,transition|mid range|messy|stalling,20,35.1089,45.0,7.02,7,2.42,42.86,0.17,-4.26,UNRELIABLE,,
trend,TEMA cross,1h,short,transition|mid range|messy|stalling,26,5.202,42.31,1.35,7,-10.616,42.86,-0.74,-4.01,UNRELIABLE,,
trend,TEMA cross,1h,long,transition|at range high|clean|contracting,10,-93.013,10.0,-9.3,5,-59.352,20.0,-2.97,-4.42,UNRELIABLE,,
trend,TEMA cross,1h,short,transition|at range high|clean|contracting,7,25.772,42.86,1.8,1,-131.9649,0.0,-1.32,-1.36,UNRELIABLE,,
trend,TEMA cross,1h,long,downtrend|pulling back in trend|clean|contracting,47,13.1986,40.43,6.2,12,-27.278,33.33,-3.27,-5.66,FAIL,,
trend,TEMA cross,1h,short,downtrend|pulling back in trend|clean|contracting,9,-37.5,33.33,-3.38,2,52.6199,50.0,1.05,-1.4,UNRELIABLE,,
trend,TEMA cross,1h,long,uptrend|pulling back in trend|clean|contracting,6,182.5084,83.33,10.95,3,-58.5301,33.33,-1.76,-3.1,UNRELIABLE,,
trend,TEMA cross,1h,short,uptrend|pulling back in trend|clean|contracting,28,24.7542,42.86,6.93,7,-27.2518,28.57,-1.91,-5.19,UNRELIABLE,,
trend,TEMA cross,1h,long,uptrend|at range high|clean|contracting,4,145.9523,75.0,5.84,4,49.1908,50.0,1.97,-3.52,UNRELIABLE,,
trend,TEMA cross,1h,short,uptrend|at range high|clean|contracting,13,-57.1917,23.08,-7.43,10,-91.4728,20.0,-9.15,-9.15,UNRELIABLE,,
trend,TEMA cross,1h,long,uptrend|pulling back in trend|clean|expanding,10,29.8305,50.0,2.98,2,-132.7037,0.0,-2.65,-2.99,UNRELIABLE,,
trend,TEMA cross,1h,short,uptrend|pulling back in trend|clean|expanding,47,-11.0227,36.17,-5.18,13,6.0843,38.46,0.79,-4.74,FAIL,,
trend,TEMA cross,1h,long,downtrend|pulling back in trend|clean|expanding,47,31.7199,48.94,14.91,21,6.6386,42.86,1.39,-6.3,SURVIVOR,,
trend,TEMA cross,1h,short,downtrend|pulling back in trend|clean|expanding,16,-11.5464,31.25,-1.85,3,-130.2777,0.0,-3.91,-3.91,UNRELIABLE,,
trend,TEMA cross,1h,long,transition|at range high|clean|expanding,29,-51.4017,20.69,-14.91,8,-41.2132,25.0,-3.3,-4.41,FAIL,,
trend,TEMA cross,1h,short,transition|at range high|clean|expanding,8,-107.5017,12.5,-8.6,6,-50.0157,16.67,-3.0,-6.59,UNRELIABLE,,
trend,TEMA cross,1h,long,transition|at range low|clean|contracting,3,26.0765,33.33,0.78,4,-8.9092,25.0,-0.36,-3.26,UNRELIABLE,,
trend,TEMA cross,1h,short,transition|at range low|clean|contracting,6,54.5215,50.0,3.27,1,-124.9382,0.0,-1.25,-1.68,UNRELIABLE,,
trend,TEMA cross,1h,long,downtrend|at range high|messy|contracting,10,-44.0287,20.0,-4.4,6,-64.5824,16.67,-3.87,-6.02,UNRELIABLE,,
trend,TEMA cross,1h,short,downtrend|at range high|messy|contracting,2,-71.2917,0.0,-1.43,2,52.3103,50.0,1.05,-2.36,UNRELIABLE,,
trend,TEMA cross,1h,long,uptrend|at range high|clean|expanding,20,10.4875,40.0,2.1,6,-55.2234,16.67,-3.31,-5.81,UNRELIABLE,,
trend,TEMA cross,1h,short,uptrend|at range high|clean|expanding,19,-27.8615,31.58,-5.29,5,15.5802,40.0,0.78,-4.36,UNRELIABLE,,
trend,TEMA cross,1h,long,downtrend|at range low|clean|contracting,12,-12.2704,33.33,-1.47,7,-46.9064,28.57,-3.28,-4.66,UNRELIABLE,,
trend,TEMA cross,1h,short,downtrend|at range low|clean|contracting,3,-10.2947,33.33,-0.31,1,55.9464,100.0,0.56,-0.84,UNRELIABLE,,
trend,TEMA cross,1h,long,downtrend|pulling back in trend|messy|stalling,24,-13.1427,37.5,-3.15,11,34.6727,54.55,3.81,-4.08,FAIL,,
trend,TEMA cross,1h,short,downtrend|pulling back in trend|messy|stalling,6,9.3158,50.0,0.56,3,-77.4866,33.33,-2.32,-2.89,UNRELIABLE,,
trend,TEMA cross,1h,long,uptrend|at range high|messy|stalling,8,4.3276,37.5,0.35,1,-133.2549,0.0,-1.33,-1.33,UNRELIABLE,,
trend,TEMA cross,1h,short,uptrend|at range high|messy|stalling,17,-26.5273,35.29,-4.51,6,88.6533,83.33,5.32,-1.8,UNRELIABLE,,
trend,TEMA cross,1h,long,transition|at range low|clean|expanding,7,45.6888,57.14,3.2,1,-131.6213,0.0,-1.32,-1.57,UNRELIABLE,,
trend,TEMA cross,1h,short,transition|at range low|clean|expanding,27,-27.0591,33.33,-7.31,13,-39.7236,30.77,-5.16,-7.09,FAIL,,
trend,TEMA cross,1h,long,uptrend|pulling back in trend|messy|stalling,8,89.2276,75.0,7.14,2,49.1555,50.0,0.98,-2.34,UNRELIABLE,,
trend,TEMA cross,1h,short,uptrend|pulling back in trend|messy|stalling,26,9.049,46.15,2.35,16,5.0922,50.0,0.81,-6.19,SURVIVOR,,
trend,TEMA cross,1h,long,uptrend|at range low|messy|contracting,0,0.0,0.0,0.0,2,50.6933,50.0,1.01,-2.55,UNRELIABLE,,
trend,TEMA cross,1h,short,uptrend|at range low|messy|contracting,5,-126.9774,0.0,-6.35,4,67.365,50.0,2.69,-2.96,UNRELIABLE,,
trend,TEMA cross,1h,long,downtrend|at range high|messy|expanding,30,8.5999,43.33,2.58,13,5.8524,46.15,0.76,-8.88,SURVIVOR,,
trend,TEMA cross,1h,short,downtrend|at range high|messy|expanding,3,118.7797,66.67,3.56,0,0.0,0.0,0.0,0.0,UNRELIABLE,,
trend,TEMA cross,1h,long,uptrend|at range low|messy|expanding,3,-131.1133,0.0,-3.93,0,0.0,0.0,0.0,0.0,UNRELIABLE,,
trend,TEMA cross,1h,short,uptrend|at range low|messy|expanding,35,40.5684,48.57,14.2,12,126.7147,75.0,15.21,-5.25,SURVIVOR,,
trend,TEMA cross,1h,long,downtrend|at range low|clean|expanding,8,-39.4911,37.5,-3.16,3,-10.8044,33.33,-0.32,-1.94,UNRELIABLE,,
trend,TEMA cross,1h,short,downtrend|at range low|clean|expanding,16,143.0662,68.75,22.89,9,-48.932,22.22,-4.4,-5.85,UNRELIABLE,,
trend,TEMA cross,15m,long,transition|mid range|messy|contracting,249,-8.2725,35.34,-20.6,88,-3.4685,37.5,-3.05,-12.75,FAIL,,1.6596
trend,TEMA cross,15m,short,transition|mid range|messy|contracting,237,-8.1698,34.18,-19.36,70,-15.9739,30.0,-11.18,-15.23,FAIL,,
trend,TEMA cross,15m,long,transition|mid range|messy|expanding,301,-6.6656,35.55,-20.06,104,-13.0742,32.69,-13.6,-15.44,FAIL,7.9483,
trend,TEMA cross,15m,short,transition|mid range|messy|expanding,323,1.8777,42.11,6.06,88,-12.2457,35.23,-10.78,-15.39,FAIL,0.8042,
trend,TEMA cross,15m,long,downtrend|pulling back in trend|messy|contracting,344,-6.8538,36.05,-23.58,115,-0.363,40.0,-0.42,-10.1,FAIL,8.5975,1.0447
trend,TEMA cross,15m,short,downtrend|pulling back in trend|messy|contracting,66,-13.9295,31.82,-9.19,18,10.3513,44.44,1.86,-4.84,FAIL,,0.4203
trend,TEMA cross,15m,long,uptrend|at range high|messy|contracting,41,-22.6351,24.39,-9.28,18,-25.5148,22.22,-4.59,-5.97,FAIL,,
trend,TEMA cross,15m,short,uptrend|at range high|messy|contracting,195,-9.35,36.41,-18.23,82,-18.5485,28.05,-15.21,-16.29,FAIL,,
trend,TEMA cross,15m,long,uptrend|pulling back in trend|messy|contracting,69,-11.649,34.78,-8.04,11,-4.0361,36.36,-0.44,-3.34,FAIL,,1.867
trend,TEMA cross,15m,short,uptrend|pulling back in trend|messy|contracting,282,-6.7528,35.11,-19.04,86,-5.6437,36.05,-4.85,-7.76,FAIL,42.8119,3.8443
trend,TEMA cross,15m,long,downtrend|pulling back in trend|messy|expanding,415,-6.9391,36.39,-28.8,124,-6.796,38.71,-8.43,-9.86,FAIL,21.7829,5.1934
trend,TEMA cross,15m,short,downtrend|pulling back in trend|messy|expanding,94,-9.4711,35.11,-8.9,35,-32.7564,17.14,-11.46,-12.16,FAIL,,
trend,TEMA cross,15m,long,uptrend|pulling back in trend|messy|expanding,80,-23.1554,23.75,-18.52,37,-21.257,29.73,-7.87,-9.49,FAIL,,
trend,TEMA cross,15m,short,uptrend|pulling back in trend|messy|expanding,405,-6.4604,34.81,-26.16,132,-9.1004,33.33,-12.01,-17.56,FAIL,12.4071,
trend,TEMA cross,15m,long,transition|at range high|messy|contracting,68,-23.7192,25.0,-16.13,31,13.7476,48.39,4.26,-2.85,FAIL,,0.3627
trend,TEMA cross,15m,short,transition|at range high|messy|contracting,86,-21.4347,25.58,-18.43,21,-33.848,19.05,-7.11,-7.11,FAIL,,
trend,TEMA cross,15m,long,uptrend|at range high|messy|expanding,133,-14.8221,30.83,-19.71,62,-0.7618,40.32,-0.47,-7.56,FAIL,,1.1022
trend,TEMA cross,15m,short,uptrend|at range high|messy|expanding,175,-13.5646,30.29,-23.74,60,-12.5058,31.67,-7.5,-9.92,FAIL,,
trend,TEMA cross,15m,long,transition|mid range|clean|contracting,141,-4.2021,36.88,-5.92,49,-16.1765,32.65,-7.93,-9.59,FAIL,2.0642,
trend,TEMA cross,15m,short,transition|mid range|clean|contracting,130,-10.2109,34.62,-13.27,41,6.7077,43.9,2.75,-3.01,FAIL,,0.5234
trend,TEMA cross,15m,long,downtrend|at range low|messy|contracting,136,-15.6941,30.15,-21.34,50,9.156,46.0,4.58,-4.36,FAIL,,0.4659
trend,TEMA cross,15m,short,downtrend|at range low|messy|contracting,42,-25.9818,21.43,-10.91,14,-34.7794,21.43,-4.87,-5.3,FAIL,,
trend,TEMA cross,15m,long,transition|at range high|messy|expanding,190,-4.0044,36.84,-7.61,69,-2.8205,39.13,-1.95,-4.06,FAIL,1.9941,1.5178
trend,TEMA cross,15m,short,transition|at range high|messy|expanding,66,-3.6971,40.91,-2.44,33,-7.2587,36.36,-2.4,-7.4,FAIL,2.0131,18.3768
trend,TEMA cross,15m,long,transition|at range low|messy|contracting,58,-11.163,34.48,-6.47,20,-2.6484,40.0,-0.53,-5.77,FAIL,,1.4683
trend,TEMA cross,15m,short,transition|at range low|messy|contracting,53,-20.3879,28.3,-10.81,22,-16.6663,27.27,-3.67,-5.51,FAIL,,
trend,TEMA cross,15m,long,transition|mid range|clean|expanding,161,-3.8068,37.27,-6.13,51,5.5465,45.1,2.83,-5.79,FAIL,1.8421,0.6
trend,TEMA cross,15m,short,transition|mid range|clean|expanding,205,-11.2461,30.73,-23.05,70,-3.8893,38.57,-2.72,-7.86,FAIL,,2.1223
trend,TEMA cross,15m,long,downtrend|at range low|messy|expanding,94,-13.5518,31.91,-12.74,49,-19.291,26.53,-9.45,-9.94,FAIL,,
trend,TEMA cross,15m,short,downtrend|at range low|messy|expanding,136,-8.8221,34.56,-12.0,40,-19.7668,27.5,-7.91,-9.62,FAIL,,
trend,TEMA cross,15m,long,transition|at range low|messy|expanding,44,-3.8733,43.18,-1.7,22,-15.113,31.82,-3.32,-6.46,FAIL,1.8706,
trend,TEMA cross,15m,short,transition|at range low|messy|expanding,163,-11.4391,32.52,-18.65,63,9.2335,44.44,5.82,-3.66,FAIL,,0.4495
trend,TEMA cross,15m,long,downtrend|pulling back in trend|clean|contracting,208,-8.2081,36.06,-17.07,89,-23.8535,23.6,-21.23,-22.42,FAIL,,
trend,TEMA cross,15m,short,downtrend|pulling back in trend|clean|contracting,34,-18.2097,26.47,-6.19,13,-38.0601,15.38,-4.95,-6.39,FAIL,,
trend,TEMA cross,15m,long,uptrend|pulling back in trend|clean|contracting,45,-19.3482,26.67,-8.71,12,-32.0349,16.67,-3.84,-5.13,FAIL,,
trend,TEMA cross,15m,short,uptrend|pulling back in trend|clean|contracting,180,-0.8532,40.56,-1.54,63,-7.384,36.51,-4.65,-7.66,FAIL,1.1334,13.4484
trend,TEMA cross,15m,long,uptrend|at range high|clean|contracting,30,23.5648,56.67,7.07,12,4.6787,41.67,0.56,-3.03,SURVIVOR,0.2473,0.6449
trend,TEMA cross,15m,short,uptrend|at range high|clean|contracting,77,-8.7202,36.36,-6.71,29,-14.747,34.48,-4.28,-6.75,FAIL,,
trend,TEMA cross,15m,long,downtrend|pulling back in trend|clean|expanding,258,-12.2271,31.78,-31.55,83,5.2881,43.37,4.39,-7.6,FAIL,,0.6142
trend,TEMA cross,15m,short,downtrend|pulling back in trend|clean|expanding,58,-1.5812,39.66,-0.92,21,-29.2645,28.57,-6.15,-6.73,FAIL,1.2672,
trend,TEMA cross,15m,long,uptrend|pulling back in trend|clean|expanding,43,9.6364,44.19,4.14,22,-26.4008,22.73,-5.81,-6.04,FAIL,0.4537,
trend,TEMA cross,15m,short,uptrend|pulling back in trend|clean|expanding,269,-1.6442,38.66,-4.42,89,0.0146,40.45,0.01,-6.21,FAIL,1.2831,0.998
trend,TEMA cross,15m,long,transition|at range high|clean|contracting,48,0.142,39.58,0.07,19,29.1072,57.89,5.53,-3.46,SURVIVOR,0.9841,0.2019
trend,TEMA cross,15m,short,transition|at range high|clean|contracting,22,-3.4607,36.36,-0.76,9,-30.0197,22.22,-2.7,-2.95,FAIL,1.752,
trend,TEMA cross,15m,long,transition|mid range|messy|stalling,100,-1.7422,39.0,-1.74,26,-4.3665,42.31,-1.14,-4.52,FAIL,1.2623,2.1176
trend,TEMA cross,15m,short,transition|mid range|messy|stalling,107,-7.2757,34.58,-7.79,31,-16.4063,25.81,-5.09,-6.25,FAIL,,
trend,TEMA cross,15m,long,transition|at range high|clean|expanding,132,-3.6568,37.88,-4.83,51,-6.3175,35.29,-3.22,-5.59,FAIL,1.704,3.6419
trend,TEMA cross,15m,short,transition|at range high|clean|expanding,22,-6.8818,36.36,-1.51,7,22.8083,57.14,1.6,-1.3,UNRELIABLE,6.2314,0.2264
trend,TEMA cross,15m,long,uptrend|at range high|clean|expanding,99,-14.0203,30.3,-13.88,48,-12.4348,31.25,-5.97,-9.76,FAIL,,
trend,TEMA cross,15m,short,uptrend|at range high|clean|expanding,64,-29.709,21.88,-19.01,27,-22.2549,25.93,-6.01,-6.46,FAIL,,
trend,TEMA cross,15m,long,downtrend|at range low|clean|contracting,49,0.2254,44.9,0.11,17,9.0981,47.06,1.55,-3.49,SURVIVOR,0.9733,0.4647
trend,TEMA cross,15m,short,downtrend|at range low|clean|contracting,20,-14.0819,30.0,-2.82,12,-5.5498,33.33,-0.67,-2.98,FAIL,,3.668
trend,TEMA cross,15m,long,transition|at range low|clean|contracting,19,-10.2881,36.84,-1.95,5,-31.6522,20.0,-1.58,-2.95,UNRELIABLE,,
trend,TEMA cross,15m,short,transition|at range low|clean|contracting,41,-3.5592,41.46,-1.46,14,-4.38,42.86,-0.61,-2.16,FAIL,1.8394,2.6362
trend,TEMA cross,15m,long,transition|at range low|clean|expanding,16,-22.6943,25.0,-3.63,1,-65.2607,0.0,-0.65,-0.65,UNRELIABLE,,
trend,TEMA cross,15m,short,transition|at range low|clean|expanding,124,2.7292,41.94,3.38,54,13.8702,46.3,7.49,-3.77,SURVIVOR,0.7342,0.3526
trend,TEMA cross,15m,long,downtrend|at range low|clean|expanding,40,-13.6833,32.5,-5.47,21,-11.3286,33.33,-2.38,-6.19,FAIL,,
trend,TEMA cross,15m,short,downtrend|at range low|clean|expanding,110,-1.9397,37.27,-2.13,43,-23.912,23.26,-10.28,-10.71,FAIL,1.3251,
trend,TEMA cross,15m,long,downtrend|pulling back in trend|messy|stalling,147,3.0732,44.22,4.52,46,-0.5457,41.3,-0.25,-3.94,FAIL,0.7373,1.068
trend,TEMA cross,15m,short,downtrend|pulling back in trend|messy|stalling,31,-18.9213,25.81,-5.87,7,-0.3364,42.86,-0.02,-2.26,UNRELIABLE,,1.0489
trend,TEMA cross,15m,long,downtrend|at range high|messy|contracting,40,-0.8437,40.0,-0.34,16,-18.4149,31.25,-2.95,-3.55,FAIL,1.1105,
trend,TEMA cross,15m,short,downtrend|at range high|messy|contracting,8,-33.573,25.0,-2.69,7,-13.8773,42.86,-0.97,-2.21,UNRELIABLE,,
trend,TEMA cross,15m,long,uptrend|pulling back in trend|messy|stalling,22,3.5828,40.91,0.79,5,2.0168,40.0,0.1,-2.28,UNRELIABLE,0.7002,0.8067
trend,TEMA cross,15m,short,uptrend|pulling back in trend|messy|stalling,129,-15.3882,29.46,-19.85,40,-16.2727,30.0,-6.51,-7.23,FAIL,,
trend,TEMA cross,15m,long,downtrend|at range high|messy|expanding,137,-7.968,33.58,-10.92,33,-16.4376,30.3,-5.42,-6.86,FAIL,338.7414,
trend,TEMA cross,15m,short,downtrend|at range high|messy|expanding,7,-40.3728,14.29,-2.83,3,-64.8146,0.0,-1.94,-1.94,UNRELIABLE,,
trend,TEMA cross,15m,long,uptrend|at range high|messy|stalling,32,-10.3699,37.5,-3.32,8,-2.5291,37.5,-0.2,-2.42,FAIL,,1.3858
trend,TEMA cross,15m,short,uptrend|at range high|messy|stalling,58,-8.0592,32.76,-4.67,31,-17.3714,25.81,-5.39,-6.5,FAIL,,
trend,Linreg slope sign,1h,long,transition|mid range|messy|contracting,90,20.3987,46.67,18.36,33,-18.0943,39.39,-5.97,-12.09,FAIL,,
trend,Linreg slope sign,1h,short,transition|mid range|messy|contracting,75,-7.4883,34.67,-5.62,22,-21.2768,31.82,-4.68,-10.17,FAIL,,
trend,Linreg slope sign,1h,long,transition|mid range|messy|expanding,67,-1.5415,41.79,-1.03,22,24.238,40.91,5.33,-6.72,FAIL,,
trend,Linreg slope sign,1h,short,transition|mid range|messy|expanding,75,8.9225,41.33,6.69,25,0.7727,40.0,0.19,-7.16,SURVIVOR,,
trend,Linreg slope sign,1h,long,uptrend|at range high|messy|contracting,9,-33.9314,22.22,-3.05,2,49.5828,50.0,0.99,-2.01,UNRELIABLE,,
trend,Linreg slope sign,1h,short,uptrend|at range high|messy|contracting,1,-131.3188,0.0,-1.31,0,0.0,0.0,0.0,0.0,UNRELIABLE,,
trend,Linreg slope sign,1h,long,downtrend|pulling back in trend|messy|contracting,38,-1.5323,42.11,-0.58,17,26.3643,52.94,4.48,-5.54,FAIL,,
trend,Linreg slope sign,1h,short,downtrend|pulling back in trend|messy|contracting,32,3.0733,37.5,0.98,8,31.705,50.0,2.54,-4.78,SURVIVOR,,
trend,Linreg slope sign,1h,long,uptrend|pulling back in trend|messy|contracting,38,-26.6694,34.21,-10.13,6,-0.6435,33.33,-0.04,-3.41,UNRELIABLE,,
trend,Linreg slope sign,1h,short,uptrend|pulling back in trend|messy|contracting,42,-14.2147,35.71,-5.97,13,-24.9305,30.77,-3.24,-8.49,FAIL,,
trend,Linreg slope sign,1h,long,uptrend|at range high|messy|expanding,13,20.3056,46.15,2.64,4,-16.9995,50.0,-0.68,-2.3,UNRELIABLE,,
trend,Linreg slope sign,1h,short,uptrend|at range high|messy|expanding,2,-68.1983,0.0,-1.36,1,237.9979,100.0,2.38,-0.39,UNRELIABLE,,
trend,Linreg slope sign,1h,long,downtrend|pulling back in trend|messy|expanding,37,5.8089,37.84,2.15,12,17.8477,50.0,2.14,-2.23,SURVIVOR,,
trend,Linreg slope sign,1h,short,downtrend|pulling back in trend|messy|expanding,23,30.4127,43.48,6.99,6,107.2644,66.67,6.44,-2.01,UNRELIABLE,,
trend,Linreg slope sign,1h,long,transition|at range high|messy|contracting,52,-9.5972,38.46,-4.99,13,-69.922,15.38,-9.09,-11.57,FAIL,,
trend,Linreg slope sign,1h,short,transition|at range high|messy|contracting,6,-53.8947,50.0,-3.23,2,-131.177,0.0,-2.62,-3.4,UNRELIABLE,,
trend,Linreg slope sign,1h,long,uptrend|pulling back in trend|messy|expanding,20,-58.9684,20.0,-11.79,10,-57.7659,30.0,-5.78,-7.97,FAIL,,
trend,Linreg slope sign,1h,short,uptrend|pulling back in trend|messy|expanding,42,15.7342,42.86,6.61,14,-43.5775,21.43,-6.1,-10.29,FAIL,,
trend,Linreg slope sign,1h,long,transition|at range high|messy|expanding,50,18.5108,40.0,9.26,15,-27.0488,40.0,-4.06,-5.27,FAIL,,
trend,Linreg slope sign,1h,short,transition|at range high|messy|expanding,10,-8.1114,30.0,-0.81,2,-131.0549,0.0,-2.62,-2.69,UNRELIABLE,,
trend,Linreg slope sign,1h,long,downtrend|at range low|messy|contracting,0,,,,0,,,,,NO-TRADES,,
trend,Linreg slope sign,1h,short,downtrend|at range low|messy|contracting,9,-1.9185,44.44,-0.17,3,-9.3557,33.33,-0.28,-4.1,UNRELIABLE,,
trend,Linreg slope sign,1h,long,transition|at range low|messy|contracting,1,-10.6663,0.0,-0.11,1,-134.2155,0.0,-1.34,-1.34,UNRELIABLE,,
trend,Linreg slope sign,1h,short,transition|at range low|messy|contracting,40,1.7883,40.0,0.72,8,-21.4132,37.5,-1.71,-5.7,FAIL,,
trend,Linreg slope sign,1h,long,downtrend|at range low|messy|expanding,1,-132.5579,0.0,-1.33,0,0.0,0.0,0.0,0.0,UNRELIABLE,,
trend,Linreg slope sign,1h,short,downtrend|at range low|messy|expanding,10,-95.4416,20.0,-9.54,1,-132.8623,0.0,-1.33,-1.39,UNRELIABLE,,
trend,Linreg slope sign,1h,long,transition|at range low|messy|expanding,4,51.9373,50.0,2.08,2,121.799,100.0,2.44,-0.69,UNRELIABLE,,
trend,Linreg slope sign,1h,short,transition|at range low|messy|expanding,42,-24.7582,35.71,-10.4,17,-5.8767,47.06,-1.0,-6.52,FAIL,,
trend,Linreg slope sign,1h,long,transition|mid range|clean|contracting,32,-4.4336,43.75,-1.42,9,-64.3799,22.22,-5.79,-5.89,FAIL,,
trend,Linreg slope sign,1h,short,transition|mid range|clean|contracting,31,-16.7317,35.48,-5.19,12,33.6354,66.67,4.04,-4.66,FAIL,,
trend,Linreg slope sign,1h,long,transition|mid range|clean|expanding,24,20.8517,50.0,5.0,4,-7.8342,50.0,-0.31,-2.07,UNRELIABLE,,
trend,Linreg slope sign,1h,short,transition|mid range|clean|expanding,22,14.4953,50.0,3.19,6,-107.7828,0.0,-6.47,-7.15,UNRELIABLE,,
trend,Linreg slope sign,1h,long,transition|mid range|messy|stalling,26,28.2593,42.31,7.35,8,-48.5263,12.5,-3.88,-6.81,FAIL,,
trend,Linreg slope sign,1h,short,transition|mid range|messy|stalling,20,-26.1727,30.0,-5.23,9,28.2716,44.44,2.54,-3.42,FAIL,,
trend,Linreg slope sign,1h,long,transition|at range high|clean|contracting,15,-50.1357,20.0,-7.52,11,23.889,45.45,2.63,-3.54,UNRELIABLE,,
trend,Linreg slope sign,1h,short,transition|at range high|clean|contracting,0,,,,0,,,,,NO-TRADES,,
trend,Linreg slope sign,1h,long,downtrend|pulling back in trend|clean|contracting,13,2.3798,30.77,0.31,3,114.2914,66.67,3.43,-1.89,UNRELIABLE,,
trend,Linreg slope sign,1h,short,downtrend|pulling back in trend|clean|contracting,11,-24.1507,36.36,-2.66,2,128.9446,100.0,2.58,-1.77,UNRELIABLE,,
trend,Linreg slope sign,1h,long,uptrend|pulling back in trend|clean|contracting,7,-127.6162,0.0,-8.93,1,-132.4958,0.0,-1.32,-1.69,UNRELIABLE,,
trend,Linreg slope sign,1h,short,uptrend|pulling back in trend|clean|contracting,12,-10.4898,41.67,-1.26,7,63.819,57.14,4.47,-3.73,UNRELIABLE,,
trend,Linreg slope sign,1h,long,uptrend|at range high|clean|contracting,2,161.8055,100.0,3.24,0,0.0,0.0,0.0,0.0,UNRELIABLE,,
trend,Linreg slope sign,1h,short,uptrend|at range high|clean|contracting,1,241.4424,100.0,2.41,1,28.9304,100.0,0.29,-0.56,UNRELIABLE,,
trend,Linreg slope sign,1h,long,uptrend|pulling back in trend|clean|expanding,7,-27.068,28.57,-1.89,2,-52.588,50.0,-1.05,-1.67,UNRELIABLE,,
trend,Linreg slope sign,1h,short,uptrend|pulling back in trend|clean|expanding,10,20.7027,50.0,2.07,4,-90.4669,25.0,-3.62,-3.62,UNRELIABLE,,
trend,Linreg slope sign,1h,long,downtrend|pulling back in trend|clean|expanding,6,51.5268,50.0,3.09,4,52.0562,50.0,2.08,-2.15,UNRELIABLE,,
trend,Linreg slope sign,1h,short,downtrend|pulling back in trend|clean|expanding,11,-0.4204,36.36,-0.05,0,0.0,0.0,0.0,0.0,UNRELIABLE,,
trend,Linreg slope sign,1h,long,transition|at range high|clean|expanding,39,-56.7076,25.64,-22.12,6,160.2799,83.33,9.62,-3.1,UNRELIABLE,,
trend,Linreg slope sign,1h,short,transition|at range high|clean|expanding,0,0.0,0.0,0.0,0,0.0,0.0,0.0,0.0,UNRELIABLE,,
trend,Linreg slope sign,1h,long,transition|at range low|clean|contracting,1,-132.4825,0.0,-1.32,1,18.2575,100.0,0.18,-0.8,UNRELIABLE,,
trend,Linreg slope sign,1h,short,transition|at range low|clean|contracting,25,0.6981,40.0,0.17,4,-104.9892,0.0,-4.2,-4.23,UNRELIABLE,,
trend,Linreg slope sign,1h,long,downtrend|at range high|messy|contracting,28,38.322,46.43,10.73,10,-66.1421,20.0,-6.61,-7.46,FAIL,,
trend,Linreg slope sign,1h,short,downtrend|at range high|messy|contracting,4,55.1807,50.0,2.21,2,242.0745,100.0,4.84,-0.91,UNRELIABLE,,
trend,Linreg slope sign,1h,long,uptrend|at range high|clean|expanding,10,24.9883,40.0,2.5,2,-46.4101,50.0,-0.93,-1.72,UNRELIABLE,,
trend,Linreg slope sign,1h,short,uptrend|at range high|clean|expanding,0,,,,0,,,,,NO-TRADES,,
trend,Linreg slope sign,1h,long,downtrend|at range low|clean|contracting,0,,,,0,,,,,NO-TRADES,,
trend,Linreg slope sign,1h,short,downtrend|at range low|clean|contracting,5,-58.5998,20.0,-2.93,2,51.8124,50.0,1.04,-1.33,UNRELIABLE,,
trend,Linreg slope sign,1h,long,downtrend|pulling back in trend|messy|stalling,8,-21.1544,37.5,-1.69,3,77.3285,33.33,2.32,-0.81,UNRELIABLE,,
trend,Linreg slope sign,1h,short,downtrend|pulling back in trend|messy|stalling,9,-65.9147,22.22,-5.93,3,39.2139,66.67,1.18,-2.93,UNRELIABLE,,
trend,Linreg slope sign,1h,long,uptrend|at range high|messy|stalling,5,4.1746,40.0,0.21,0,0.0,0.0,0.0,0.0,UNRELIABLE,,
trend,Linreg slope sign,1h,short,uptrend|at range high|messy|stalling,1,-18.579,0.0,-0.19,0,0.0,0.0,0.0,0.0,UNRELIABLE,,
trend,Linreg slope sign,1h,long,transition|at range low|clean|expanding,2,133.7957,100.0,2.68,0,0.0,0.0,0.0,0.0,UNRELIABLE,,
trend,Linreg slope sign,1h,short,transition|at range low|clean|expanding,37,-34.8488,35.14,-12.89,5,91.6939,60.0,4.58,-1.85,UNRELIABLE,,
trend,Linreg slope sign,1h,long,uptrend|pulling back in trend|messy|stalling,8,37.7007,50.0,3.02,1,-132.6224,0.0,-1.33,-2.63,UNRELIABLE,,
trend,Linreg slope sign,1h,short,uptrend|pulling back in trend|messy|stalling,17,2.0379,41.18,0.35,4,-65.8942,0.0,-2.64,-3.35,UNRELIABLE,,
trend,Linreg slope sign,1h,long,uptrend|at range low|messy|contracting,1,-26.6281,0.0,-0.27,0,0.0,0.0,0.0,0.0,UNRELIABLE,,
trend,Linreg slope sign,1h,short,uptrend|at range low|messy|contracting,40,18.4352,45.0,7.37,10,14.8052,40.0,1.48,-4.78,SURVIVOR,,
trend,Linreg slope sign,1h,long,downtrend|at range high|messy|expanding,33,39.9071,48.48,13.17,21,67.6515,52.38,14.21,-4.37,SURVIVOR,,
trend,Linreg slope sign,1h,short,downtrend|at range high|messy|expanding,2,-35.2259,50.0,-0.7,0,0.0,0.0,0.0,0.0,UNRELIABLE,,
trend,Linreg slope sign,1h,long,uptrend|at range low|messy|expanding,0,0.0,0.0,0.0,1,-132.3473,0.0,-1.32,-1.32,UNRELIABLE,,
trend,Linreg slope sign,1h,short,uptrend|at range low|messy|expanding,29,-3.8176,34.48,-1.11,19,105.2594,63.16,20.0,-3.33,FAIL,,
trend,Linreg slope sign,1h,long,downtrend|at range low|clean|expanding,0,,,,0,,,,,NO-TRADES,,
trend,Linreg slope sign,1h,short,downtrend|at range low|clean|expanding,7,-5.6708,42.86,-0.4,3,-117.1856,0.0,-3.52,-3.52,UNRELIABLE,,
trend,Linreg slope sign,15m,long,transition|mid range|messy|contracting,259,-7.9829,35.14,-20.68,94,6.9102,44.68,6.5,-5.72,FAIL,15.8972,0.544
trend,Linreg slope sign,15m,short,transition|mid range|messy|contracting,282,-7.5546,35.46,-21.3,73,-21.8397,26.03,-15.94,-17.29,FAIL,,
trend,Linreg slope sign,15m,long,transition|mid range|messy|expanding,217,-1.2736,39.17,-2.76,68,0.3952,42.65,0.27,-6.2,FAIL,1.1824,0.9525
trend,Linreg slope sign,15m,short,transition|mid range|messy|expanding,252,-0.6383,40.08,-1.61,76,-17.244,27.63,-13.11,-13.58,FAIL,1.0944,
trend,Linreg slope sign,15m,long,downtrend|pulling back in trend|messy|contracting,132,-10.1701,35.61,-13.42,43,-4.9504,37.21,-2.13,-4.52,FAIL,,2.274
trend,Linreg slope sign,15m,short,downtrend|pulling back in trend|messy|contracting,102,-0.9456,38.24,-0.96,24,-34.0248,16.67,-8.17,-8.95,FAIL,1.1398,
trend,Linreg slope sign,15m,long,uptrend|at range high|messy|contracting,32,-1.4883,40.62,-0.48,15,10.9405,46.67,1.64,-2.6,FAIL,1.2062,0.4258
trend,Linreg slope sign,15m,short,uptrend|at range high|messy|contracting,6,-26.4507,16.67,-1.59,1,104.4854,100.0,1.04,0.0,UNRELIABLE,,0.0367
trend,Linreg slope sign,15m,long,uptrend|pulling back in trend|messy|contracting,97,-5.4892,36.08,-5.32,22,5.3466,40.91,1.18,-2.43,FAIL,2.8162,0.6002
trend,Linreg slope sign,15m,short,uptrend|pulling back in trend|messy|contracting,153,-14.0269,32.03,-21.46,62,2.264,41.94,1.4,-5.15,FAIL,,0.7607
trend,Linreg slope sign,15m,long,downtrend|pulling back in trend|messy|expanding,114,-8.2589,36.84,-9.42,39,-14.9265,33.33,-5.82,-7.47,FAIL,,
trend,Linreg slope sign,15m,short,downtrend|pulling back in trend|messy|expanding,69,1.0257,40.58,0.71,15,-24.7411,26.67,-3.71,-5.05,FAIL,0.8836,
trend,Linreg slope sign,15m,long,uptrend|pulling back in trend|messy|expanding,72,-18.3328,27.78,-13.2,21,0.891,42.86,0.19,-3.49,FAIL,,0.9033
trend,Linreg slope sign,15m,short,uptrend|pulling back in trend|messy|expanding,123,-11.3118,31.71,-13.91,38,-3.4575,39.47,-1.31,-6.11,FAIL,,1.9094
trend,Linreg slope sign,15m,long,transition|at range high|messy|contracting,190,-11.2272,31.58,-21.33,59,-5.5696,35.59,-3.29,-7.72,FAIL,,2.9468
trend,Linreg slope sign,15m,short,transition|at range high|messy|contracting,20,-11.6459,30.0,-2.33,4,62.7029,75.0,2.51,-1.13,UNRELIABLE,,0.0794
trend,Linreg slope sign,15m,long,uptrend|at range high|messy|expanding,44,5.1834,45.45,2.28,9,-1.753,33.33,-0.16,-2.59,FAIL,0.6218,1.2723
trend,Linreg slope sign,15m,short,uptrend|at range high|messy|expanding,5,-11.6149,40.0,-0.58,0,0.0,0.0,0.0,0.0,UNRELIABLE,,
trend,Linreg slope sign,15m,long,transition|mid range|clean|contracting,122,-7.9543,35.25,-9.7,37,-11.1118,32.43,-4.11,-7.95,FAIL,20.6053,
trend,Linreg slope sign,15m,short,transition|mid range|clean|contracting,152,-8.6739,38.16,-13.18,59,-4.1715,37.29,-2.46,-6.3,FAIL,,2.2943
trend,Linreg slope sign,15m,long,downtrend|at range low|messy|contracting,3,-6.5469,33.33,-0.2,0,0.0,0.0,0.0,0.0,UNRELIABLE,,
trend,Linreg slope sign,15m,short,downtrend|at range low|messy|contracting,29,4.6219,44.83,1.34,9,5.1304,44.44,0.46,-3.08,SURVIVOR,0.6277,0.5941
trend,Linreg slope sign,15m,long,transition|at range high|messy|expanding,192,-6.1711,36.98,-11.85,65,-6.4009,36.92,-4.16,-6.48,FAIL,3.9222,3.9843
trend,Linreg slope sign,15m,short,transition|at range high|messy|expanding,22,-2.2177,40.91,-0.49,11,-35.9755,27.27,-3.96,-4.65,FAIL,1.3966,
trend,Linreg slope sign,15m,long,transition|at range low|messy|contracting,10,11.5203,50.0,1.15,4,-23.1057,25.0,-0.92,-2.43,UNRELIABLE,0.3835,
trend,Linreg slope sign,15m,short,transition|at range low|messy|contracting,137,-14.5511,29.93,-19.94,46,-8.3258,32.61,-3.83,-6.44,FAIL,,
trend,Linreg slope sign,15m,long,transition|mid range|clean|expanding,113,-10.853,34.51,-12.26,37,-12.7857,35.14,-4.73,-7.2,FAIL,,
trend,Linreg slope sign,15m,short,transition|mid range|clean|expanding,121,-4.5562,36.36,-5.51,38,12.2053,47.37,4.64,-4.89,FAIL,2.4599,0.3699
trend,Linreg slope sign,15m,long,downtrend|at range low|messy|expanding,9,-17.0555,44.44,-1.53,0,0.0,0.0,0.0,0.0,UNRELIABLE,,
trend,Linreg slope sign,15m,short,downtrend|at range low|messy|expanding,53,1.3998,43.4,0.74,11,-37.8539,18.18,-4.16,-4.55,FAIL,0.8423,
trend,Linreg slope sign,15m,long,transition|at range low|messy|expanding,18,2.4038,38.89,0.43,5,-16.62,40.0,-0.83,-2.07,UNRELIABLE,0.7708,
trend,Linreg slope sign,15m,short,transition|at range low|messy|expanding,187,-10.2314,32.09,-19.13,56,-6.0356,37.5,-3.38,-5.35,FAIL,,4.6789
trend,Linreg slope sign,15m,long,downtrend|pulling back in trend|clean|contracting,72,5.307,45.83,3.82,28,-9.0707,35.71,-2.54,-5.26,FAIL,0.6085,
trend,Linreg slope sign,15m,short,downtrend|pulling back in trend|clean|contracting,55,-29.6852,20.0,-16.33,14,-4.1424,42.86,-0.58,-1.93,FAIL,,2.1718
trend,Linreg slope sign,15m,long,uptrend|pulling back in trend|clean|contracting,49,1.6484,44.9,0.81,10,-17.9059,30.0,-1.79,-3.35,FAIL,0.8351,
trend,Linreg slope sign,15m,short,uptrend|pulling back in trend|clean|contracting,70,-13.7642,28.57,-9.63,22,3.0625,45.45,0.67,-2.77,FAIL,,0.7072
trend,Linreg slope sign,15m,long,uptrend|at range high|clean|contracting,24,-8.3387,37.5,-2.0,3,46.9808,66.67,1.41,-0.94,UNRELIABLE,25.9272,0.1328
trend,Linreg slope sign,15m,short,uptrend|at range high|clean|contracting,6,-36.7176,16.67,-2.2,5,2.5392,40.0,0.13,-2.15,UNRELIABLE,,0.7568
trend,Linreg slope sign,15m,long,downtrend|pulling back in trend|clean|expanding,59,-11.5194,30.51,-6.8,25,-12.6812,28.0,-3.17,-5.5,FAIL,,
trend,Linreg slope sign,15m,short,downtrend|pulling back in trend|clean|expanding,30,16.1777,46.67,4.85,10,-14.1198,30.0,-1.41,-3.71,FAIL,0.3146,
trend,Linreg slope sign,15m,long,uptrend|pulling back in trend|clean|expanding,35,-15.2178,28.57,-5.33,13,-46.131,7.69,-6.0,-6.0,FAIL,,
trend,Linreg slope sign,15m,short,uptrend|pulling back in trend|clean|expanding,72,-12.1464,31.94,-8.75,16,2.8434,43.75,0.45,-2.58,FAIL,,0.7152
trend,Linreg slope sign,15m,long,transition|at range high|clean|contracting,117,-8.6743,34.19,-10.15,30,-3.1736,36.67,-0.95,-5.93,FAIL,50.4466,1.596
trend,Linreg slope sign,15m,short,transition|at range high|clean|contracting,9,-8.5635,33.33,-0.77,3,-9.1175,33.33,-0.27,-1.29,UNRELIABLE,,
trend,Linreg slope sign,15m,long,transition|mid range|messy|stalling,88,-6.6723,36.36,-5.87,23,-5.3121,43.48,-1.22,-2.91,FAIL,5.5496,2.7874
trend,Linreg slope sign,15m,short,transition|mid range|messy|stalling,93,-17.337,31.18,-16.12,30,-22.2945,26.67,-6.69,-9.44,FAIL,,
trend,Linreg slope sign,15m,long,transition|at range high|clean|expanding,137,-4.6655,37.96,-6.39,52,5.4386,48.08,2.83,-4.17,FAIL,2.1875,0.6078
trend,Linreg slope sign,15m,short,transition|at range high|clean|expanding,8,-22.5894,25.0,-1.81,3,-64.7281,0.0,-1.94,-2.05,UNRELIABLE,,
trend,Linreg slope sign,15m,long,uptrend|at range high|clean|expanding,41,-20.8501,29.27,-8.55,9,-23.3285,22.22,-2.1,-4.59,FAIL,,
trend,Linreg slope sign,15m,short,uptrend|at range high|clean|expanding,3,-8.1068,33.33,-0.24,2,-63.8467,0.0,-1.28,-1.44,UNRELIABLE,,
trend,Linreg slope sign,15m,long,downtrend|at range low|clean|contracting,3,47.5393,66.67,1.43,0,0.0,0.0,0.0,0.0,UNRELIABLE,0.1234,
trend,Linreg slope sign,15m,short,downtrend|at range low|clean|contracting,23,9.8814,43.48,2.27,8,-1.7887,37.5,-0.14,-1.51,FAIL,0.4313,1.2791
trend,Linreg slope sign,15m,long,transition|at range low|clean|contracting,5,36.533,60.0,1.83,0,0.0,0.0,0.0,0.0,UNRELIABLE,0.1587,
trend,Linreg slope sign,15m,short,transition|at range low|clean|contracting,85,-3.8567,35.29,-3.28,35,-4.5766,37.14,-1.6,-4.28,FAIL,2.0658,2.28
trend,Linreg slope sign,15m,long,transition|at range low|clean|expanding,1,-65.2126,0.0,-0.65,1,-65.1813,0.0,-0.65,-0.65,UNRELIABLE,,
trend,Linreg slope sign,15m,short,transition|at range low|clean|expanding,154,-0.6633,38.96,-1.02,35,-25.8833,22.86,-9.06,-11.05,FAIL,1.0954,
trend,Linreg slope sign,15m,long,downtrend|at range low|clean|expanding,1,37.8274,100.0,0.38,2,73.9686,100.0,1.48,-0.34,UNRELIABLE,0.123,0.0633
trend,Linreg slope sign,15m,short,downtrend|at range low|clean|expanding,26,10.8656,46.15,2.83,10,-29.668,30.0,-2.97,-3.07,FAIL,0.3867,
trend,Linreg slope sign,15m,long,downtrend|pulling back in trend|messy|stalling,34,-22.8734,26.47,-7.78,15,9.9239,46.67,1.49,-3.86,FAIL,,0.4514
trend,Linreg slope sign,15m,short,downtrend|pulling back in trend|messy|stalling,23,-20.2415,26.09,-4.66,10,-38.6001,20.0,-3.86,-4.23,FAIL,,
trend,Linreg slope sign,15m,long,downtrend|at range high|messy|contracting,136,-9.0747,32.35,-12.34,56,-15.0889,30.36,-8.45,-9.74,FAIL,,
trend,Linreg slope sign,15m,short,downtrend|at range high|messy|contracting,4,-64.1182,0.0,-2.56,2,19.296,50.0,0.39,-0.65,UNRELIABLE,,0.2809
trend,Linreg slope sign,15m,long,uptrend|pulling back in trend|messy|stalling,26,-20.7182,26.92,-5.39,11,-30.475,18.18,-3.35,-3.85,FAIL,,
trend,Linreg slope sign,15m,short,uptrend|pulling back in trend|messy|stalling,39,11.8458,46.15,4.62,15,14.0129,46.67,2.1,-2.26,SURVIVOR,0.364,0.3472
trend,Linreg slope sign,15m,long,downtrend|at range high|messy|expanding,165,-10.3422,33.33,-17.06,48,-7.5485,35.42,-3.62,-6.83,FAIL,,10.1198
trend,Linreg slope sign,15m,short,downtrend|at range high|messy|expanding,6,-43.6946,16.67,-2.62,2,19.5607,50.0,0.39,-0.86,UNRELIABLE,,0.271
trend,Linreg slope sign,15m,long,uptrend|at range high|messy|stalling,13,-38.7036,15.38,-5.03,4,62.2266,75.0,2.49,-1.11,UNRELIABLE,,0.0868
trend,Linreg slope sign,15m,short,uptrend|at range high|messy|stalling,2,19.3974,50.0,0.39,0,0.0,0.0,0.0,0.0,UNRELIABLE,0.2752,
momentum,RSI OB/OS,1h,long,transition|mid range|messy|contracting,0,0.0,0.0,0.0,0,0.0,0.0,0.0,0.0,UNRELIABLE,,
momentum,RSI OB/OS,1h,short,transition|mid range|messy|contracting,1,-1.0048,0.0,-0.01,0,0.0,0.0,0.0,0.0,UNRELIABLE,,
momentum,RSI OB/OS,1h,long,transition|mid range|messy|expanding,3,-131.1243,0.0,-3.93,0,0.0,0.0,0.0,0.0,UNRELIABLE,,
momentum,RSI OB/OS,1h,short,transition|mid range|messy|expanding,0,,,,0,,,,,NO-TRADES,,
momentum,RSI OB/OS,1h,long,uptrend|at range high|messy|contracting,0,,,,0,,,,,NO-TRADES,,
momentum,RSI OB/OS,1h,short,uptrend|at range high|messy|contracting,26,2.339,42.31,0.61,8,-39.6284,25.0,-3.17,-4.66,FAIL,,
momentum,RSI OB/OS,1h,long,downtrend|pulling back in trend|messy|contracting,1,-132.8467,0.0,-1.33,1,-133.3569,0.0,-1.33,-2.66,UNRELIABLE,,
momentum,RSI OB/OS,1h,short,downtrend|pulling back in trend|messy|contracting,0,,,,0,,,,,NO-TRADES,,
momentum,RSI OB/OS,1h,long,uptrend|pulling back in trend|messy|contracting,0,,,,0,,,,,NO-TRADES,,
momentum,RSI OB/OS,1h,short,uptrend|pulling back in trend|messy|contracting,1,84.5702,100.0,0.85,0,0.0,0.0,0.0,0.0,UNRELIABLE,,
momentum,RSI OB/OS,1h,long,uptrend|at range high|messy|expanding,0,,,,0,,,,,NO-TRADES,,
momentum,RSI OB/OS,1h,short,uptrend|at range high|messy|expanding,33,-1.584,39.39,-0.52,15,31.7742,46.67,4.77,-4.41,FAIL,,
momentum,RSI OB/OS,1h,long,downtrend|pulling back in trend|messy|expanding,3,-10.5087,33.33,-0.32,0,0.0,0.0,0.0,0.0,UNRELIABLE,,
momentum,RSI OB/OS,1h,short,downtrend|pulling back in trend|messy|expanding,0,,,,0,,,,,NO-TRADES,,
momentum,RSI OB/OS,1h,long,transition|at range high|messy|contracting,0,,,,0,,,,,NO-TRADES,,
momentum,RSI OB/OS,1h,short,transition|at range high|messy|contracting,18,-81.5838,16.67,-14.69,5,-19.5829,40.0,-0.98,-4.82,UNRELIABLE,,
momentum,RSI OB/OS,1h,long,uptrend|pulling back in trend|messy|expanding,0,,,,0,,,,,NO-TRADES,,
momentum,RSI OB/OS,1h,short,uptrend|pulling back in trend|messy|expanding,0,,,,0,,,,,NO-TRADES,,
momentum,RSI OB/OS,1h,long,transition|at range high|messy|expanding,0,,,,0,,,,,NO-TRADES,,
momentum,RSI OB/OS,1h,short,transition|at range high|messy|expanding,21,-1.8244,38.1,-0.38,6,55.8646,50.0,3.35,-3.69,UNRELIABLE,,
momentum,RSI OB/OS,1h,long,downtrend|at range low|messy|contracting,23,-35.1852,30.43,-8.09,3,-11.0113,33.33,-0.33,-2.81,UNRELIABLE,,
momentum,RSI OB/OS,1h,short,downtrend|at range low|messy|contracting,0,,,,0,,,,,NO-TRADES,,
momentum,RSI OB/OS,1h,long,transition|at range low|messy|contracting,16,-32.015,37.5,-5.12,3,-10.3099,33.33,-0.31,-2.63,UNRELIABLE,,
momentum,RSI OB/OS,1h,short,transition|at range low|messy|contracting,0,,,,0,,,,,NO-TRADES,,
momentum,RSI OB/OS,1h,long,downtrend|at range low|messy|expanding,30,-26.7614,36.67,-8.03,5,-128.9358,0.0,-6.45,-6.45,UNRELIABLE,,
momentum,RSI OB/OS,1h,short,downtrend|at range low|messy|expanding,0,,,,0,,,,,NO-TRADES,,
momentum,RSI OB/OS,1h,long,transition|at range low|messy|expanding,25,-26.1885,32.0,-6.55,7,-107.4926,14.29,-7.52,-8.15,UNRELIABLE,,
momentum,RSI OB/OS,1h,short,transition|at range low|messy|expanding,0,,,,0,,,,,NO-TRADES,,
momentum,RSI OB/OS,1h,long,transition|mid range|clean|contracting,0,,,,0,,,,,NO-TRADES,,
momentum,RSI OB/OS,1h,short,transition|mid range|clean|contracting,0,,,,0,,,,,NO-TRADES,,
momentum,RSI OB/OS,1h,long,transition|mid range|clean|expanding,1,-132.3464,0.0,-1.32,0,0.0,0.0,0.0,0.0,UNRELIABLE,,
momentum,RSI OB/OS,1h,short,transition|mid range|clean|expanding,1,241.0873,100.0,2.41,0,0.0,0.0,0.0,0.0,UNRELIABLE,,
momentum,RSI OB/OS,1h,long,transition|mid range|messy|stalling,0,,,,0,,,,,NO-TRADES,,
momentum,RSI OB/OS,1h,short,transition|mid range|messy|stalling,1,240.7051,100.0,2.41,0,0.0,0.0,0.0,0.0,UNRELIABLE,,
momentum,RSI OB/OS,1h,long,transition|at range high|clean|contracting,0,,,,0,,,,,NO-TRADES,,
momentum,RSI OB/OS,1h,short,transition|at range high|clean|contracting,4,-129.2159,0.0,-5.17,4,126.4813,75.0,5.06,-1.73,UNRELIABLE,,
momentum,RSI OB/OS,1h,long,downtrend|pulling back in trend|clean|contracting,1,30.5371,100.0,0.31,0,0.0,0.0,0.0,0.0,UNRELIABLE,,
momentum,RSI OB/OS,1h,short,downtrend|pulling back in trend|clean|contracting,0,,,,0,,,,,NO-TRADES,,
momentum,RSI OB/OS,1h,long,uptrend|pulling back in trend|clean|contracting,0,,,,0,,,,,NO-TRADES,,
momentum,RSI OB/OS,1h,short,uptrend|pulling back in trend|clean|contracting,2,-76.813,0.0,-1.54,0,0.0,0.0,0.0,0.0,UNRELIABLE,,
momentum,RSI OB/OS,1h,long,uptrend|at range high|clean|contracting,0,,,,0,,,,,NO-TRADES,,
momentum,RSI OB/OS,1h,short,uptrend|at range high|clean|contracting,21,4.1149,38.1,0.86,3,115.4516,66.67,3.46,-1.44,UNRELIABLE,,
momentum,RSI OB/OS,1h,long,uptrend|pulling back in trend|clean|expanding,0,,,,0,,,,,NO-TRADES,,
momentum,RSI OB/OS,1h,short,uptrend|pulling back in trend|clean|expanding,1,-129.8138,0.0,-1.3,0,0.0,0.0,0.0,0.0,UNRELIABLE,,
momentum,RSI OB/OS,1h,long,downtrend|pulling back in trend|clean|expanding,1,38.8456,100.0,0.39,0,0.0,0.0,0.0,0.0,UNRELIABLE,,
momentum,RSI OB/OS,1h,short,downtrend|pulling back in trend|clean|expanding,0,,,,0,,,,,NO-TRADES,,
momentum,RSI OB/OS,1h,long,transition|at range high|clean|expanding,0,,,,0,,,,,NO-TRADES,,
momentum,RSI OB/OS,1h,short,transition|at range high|clean|expanding,4,37.9672,50.0,1.52,3,-8.7643,33.33,-0.26,-2.16,UNRELIABLE,,
momentum,RSI OB/OS,1h,long,transition|at range low|clean|contracting,10,-23.4184,30.0,-2.34,3,-10.9942,33.33,-0.33,-2.94,UNRELIABLE,,
momentum,RSI OB/OS,1h,short,transition|at range low|clean|contracting,0,,,,0,,,,,NO-TRADES,,
momentum,RSI OB/OS,1h,long,downtrend|at range high|messy|contracting,0,,,,0,,,,,NO-TRADES,,
momentum,RSI OB/OS,1h,short,downtrend|at range high|messy|contracting,5,-15.4686,40.0,-0.77,1,-132.5491,0.0,-1.33,-1.33,UNRELIABLE,,
momentum,RSI OB/OS,1h,long,uptrend|at range high|clean|expanding,0,,,,0,,,,,NO-TRADES,,
momentum,RSI OB/OS,1h,short,uptrend|at range high|clean|expanding,22,13.9317,45.45,3.06,5,-9.1597,40.0,-0.46,-3.28,UNRELIABLE,,
momentum,RSI OB/OS,1h,long,downtrend|at range low|clean|contracting,6,47.8526,50.0,2.87,5,-25.7997,40.0,-1.29,-2.63,UNRELIABLE,,
momentum,RSI OB/OS,1h,short,downtrend|at range low|clean|contracting,0,,,,0,,,,,NO-TRADES,,
momentum,RSI OB/OS,1h,long,downtrend|pulling back in trend|messy|stalling,1,238.8687,100.0,2.39,0,0.0,0.0,0.0,0.0,UNRELIABLE,,
momentum,RSI OB/OS,1h,short,downtrend|pulling back in trend|messy|stalling,0,,,,0,,,,,NO-TRADES,,
momentum,RSI OB/OS,1h,long,uptrend|at range high|messy|stalling,0,,,,0,,,,,NO-TRADES,,
momentum,RSI OB/OS,1h,short,uptrend|at range high|messy|stalling,7,-28.4836,28.57,-1.99,6,-45.5028,33.33,-2.73,-4.66,UNRELIABLE,,
momentum,RSI OB/OS,1h,long,transition|at range low|clean|expanding,9,53.9217,55.56,4.85,3,-10.6893,33.33,-0.32,-2.67,UNRELIABLE,,
momentum,RSI OB/OS,1h,short,transition|at range low|clean|expanding,0,,,,0,,,,,NO-TRADES,,
momentum,RSI OB/OS,1h,long,uptrend|pulling back in trend|messy|stalling,0,,,,0,,,,,NO-TRADES,,
momentum,RSI OB/OS,1h,short,uptrend|pulling back in trend|messy|stalling,0,,,,0,,,,,NO-TRADES,,
momentum,RSI OB/OS,1h,long,uptrend|at range low|messy|contracting,2,-131.7784,0.0,-2.64,4,-71.8284,25.0,-2.87,-3.51,UNRELIABLE,,
momentum,RSI OB/OS,1h,short,uptrend|at range low|messy|contracting,0,,,,0,,,,,NO-TRADES,,
momentum,RSI OB/OS,1h,long,downtrend|at range high|messy|expanding,0,,,,0,,,,,NO-TRADES,,
momentum,RSI OB/OS,1h,short,downtrend|at range high|messy|expanding,1,-139.3402,0.0,-1.39,0,0.0,0.0,0.0,0.0,UNRELIABLE,,
momentum,RSI OB/OS,1h,long,uptrend|at range low|messy|expanding,2,-131.5101,0.0,-2.63,1,-132.4717,0.0,-1.32,-1.57,UNRELIABLE,,
momentum,RSI OB/OS,1h,short,uptrend|at range low|messy|expanding,0,,,,0,,,,,NO-TRADES,,
momentum,RSI OB/OS,1h,long,downtrend|at range low|clean|expanding,11,-52.7993,18.18,-5.81,4,-40.8477,25.0,-1.63,-3.92,UNRELIABLE,,
momentum,RSI OB/OS,1h,short,downtrend|at range low|clean|expanding,0,,,,0,,,,,NO-TRADES,,
momentum,RSI OB/OS,15m,long,transition|mid range|messy|contracting,4,-5.7783,50.0,-0.23,0,0.0,0.0,0.0,0.0,UNRELIABLE,3.6346,
momentum,RSI OB/OS,15m,short,transition|mid range|messy|contracting,1,-65.1574,0.0,-0.65,0,0.0,0.0,0.0,0.0,UNRELIABLE,,
momentum,RSI OB/OS,15m,long,transition|mid range|messy|expanding,6,-18.7881,33.33,-1.13,0,0.0,0.0,0.0,0.0,UNRELIABLE,,
momentum,RSI OB/OS,15m,short,transition|mid range|messy|expanding,4,19.5721,50.0,0.78,0,0.0,0.0,0.0,0.0,UNRELIABLE,0.271,
momentum,RSI OB/OS,15m,long,downtrend|pulling back in trend|messy|contracting,10,-4.8632,40.0,-0.49,1,-65.275,0.0,-0.65,-0.9,UNRELIABLE,2.2603,
momentum,RSI OB/OS,15m,short,downtrend|pulling back in trend|messy|contracting,0,,,,0,,,,,NO-TRADES,,
momentum,RSI OB/OS,15m,long,uptrend|at range high|messy|contracting,0,,,,0,,,,,NO-TRADES,,
momentum,RSI OB/OS,15m,short,uptrend|at range high|messy|contracting,82,-0.9858,41.46,-0.81,35,-17.8103,28.57,-6.23,-8.86,FAIL,1.146,
momentum,RSI OB/OS,15m,long,uptrend|pulling back in trend|messy|contracting,2,18.9573,50.0,0.38,0,0.0,0.0,0.0,0.0,UNRELIABLE,0.2935,
momentum,RSI OB/OS,15m,short,uptrend|pulling back in trend|messy|contracting,4,61.8313,75.0,2.47,2,-65.0726,0.0,-1.3,-1.3,UNRELIABLE,0.0925,
momentum,RSI OB/OS,15m,long,downtrend|pulling back in trend|messy|expanding,13,-13.3161,30.77,-1.73,3,-9.0823,33.33,-0.27,-1.26,UNRELIABLE,,
momentum,RSI OB/OS,15m,short,downtrend|pulling back in trend|messy|expanding,0,,,,0,,,,,NO-TRADES,,
momentum,RSI OB/OS,15m,long,uptrend|pulling back in trend|messy|expanding,2,-65.0614,0.0,-1.3,0,0.0,0.0,0.0,0.0,UNRELIABLE,,
momentum,RSI OB/OS,15m,short,uptrend|pulling back in trend|messy|expanding,3,-64.7855,0.0,-1.94,1,104.732,100.0,1.05,-0.35,UNRELIABLE,,0.0344
momentum,RSI OB/OS,15m,long,transition|at range high|messy|contracting,0,,,,0,,,,,NO-TRADES,,
momentum,RSI OB/OS,15m,short,transition|at range high|messy|contracting,51,-14.7922,31.37,-7.54,16,-11.7549,31.25,-1.88,-5.04,FAIL,,
momentum,RSI OB/OS,15m,long,uptrend|at range high|messy|expanding,0,,,,0,,,,,NO-TRADES,,
momentum,RSI OB/OS,15m,short,uptrend|at range high|messy|expanding,101,-21.9993,26.73,-22.22,34,-21.1621,26.47,-7.2,-8.49,FAIL,,
momentum,RSI OB/OS,15m,long,transition|mid range|clean|contracting,3,-9.7071,33.33,-0.29,1,-65.116,0.0,-0.65,-0.65,UNRELIABLE,,
momentum,RSI OB/OS,15m,short,transition|mid range|clean|contracting,1,-66.0026,0.0,-0.66,1,-65.1866,0.0,-0.65,-1.29,UNRELIABLE,,
momentum,RSI OB/OS,15m,long,downtrend|at range low|messy|contracting,70,-25.5107,22.86,-17.86,14,-5.0224,35.71,-0.7,-2.74,FAIL,,2.3821
momentum,RSI OB/OS,15m,short,downtrend|at range low|messy|contracting,0,,,,0,,,,,NO-TRADES,,
momentum,RSI OB/OS,15m,long,transition|at range high|messy|expanding,0,,,,0,,,,,NO-TRADES,,
momentum,RSI OB/OS,15m,short,transition|at range high|messy|expanding,41,-10.461,34.15,-4.29,8,-1.886,37.5,-0.15,-1.77,FAIL,,1.2919
momentum,RSI OB/OS,15m,long,transition|at range low|messy|contracting,48,-14.9987,31.25,-7.2,16,-35.8787,18.75,-5.74,-6.16,FAIL,,
momentum,RSI OB/OS,15m,short,transition|at range low|messy|contracting,0,,,,0,,,,,NO-TRADES,,
momentum,RSI OB/OS,15m,long,transition|mid range|clean|expanding,3,-65.1365,0.0,-1.95,0,0.0,0.0,0.0,0.0,UNRELIABLE,,
momentum,RSI OB/OS,15m,short,transition|mid range|clean|expanding,3,-8.8142,33.33,-0.26,0,0.0,0.0,0.0,0.0,UNRELIABLE,,
momentum,RSI OB/OS,15m,long,downtrend|at range low|messy|expanding,95,-3.9142,36.84,-3.72,33,-13.9622,30.3,-4.61,-6.26,FAIL,1.8174,
momentum,RSI OB/OS,15m,short,downtrend|at range low|messy|expanding,0,,,,0,,,,,NO-TRADES,,
momentum,RSI OB/OS,15m,long,transition|at range low|messy|expanding,56,-28.2364,23.21,-15.81,17,-9.5652,35.29,-1.63,-5.69,FAIL,,
momentum,RSI OB/OS,15m,short,transition|at range low|messy|expanding,0,,,,0,,,,,NO-TRADES,,
momentum,RSI OB/OS,15m,long,downtrend|pulling back in trend|clean|contracting,5,-31.4897,20.0,-1.57,3,-8.9509,33.33,-0.27,-1.3,UNRELIABLE,,
momentum,RSI OB/OS,15m,short,downtrend|pulling back in trend|clean|contracting,0,,,,0,,,,,NO-TRADES,,
momentum,RSI OB/OS,15m,long,uptrend|pulling back in trend|clean|contracting,0,,,,0,,,,,NO-TRADES,,
momentum,RSI OB/OS,15m,short,uptrend|pulling back in trend|clean|contracting,0,,,,0,,,,,NO-TRADES,,
momentum,RSI OB/OS,15m,long,uptrend|at range high|clean|contracting,0,,,,0,,,,,NO-TRADES,,
momentum,RSI OB/OS,15m,short,uptrend|at range high|clean|contracting,42,-8.2396,33.33,-3.46,17,-20.0878,29.41,-3.41,-5.45,FAIL,,
momentum,RSI OB/OS,15m,long,downtrend|pulling back in trend|clean|expanding,1,-65.2749,0.0,-0.65,0,0.0,0.0,0.0,0.0,UNRELIABLE,,
momentum,RSI OB/OS,15m,short,downtrend|pulling back in trend|clean|expanding,0,0.0,0.0,0.0,0,0.0,0.0,0.0,0.0,UNRELIABLE,,
momentum,RSI OB/OS,15m,long,uptrend|pulling back in trend|clean|expanding,0,,,,0,,,,,NO-TRADES,,
momentum,RSI OB/OS,15m,short,uptrend|pulling back in trend|clean|expanding,1,104.5658,100.0,1.05,0,0.0,0.0,0.0,0.0,UNRELIABLE,0.0359,
momentum,RSI OB/OS,15m,long,transition|at range high|clean|contracting,0,,,,0,,,,,NO-TRADES,,
momentum,RSI OB/OS,15m,short,transition|at range high|clean|contracting,27,-30.3449,18.52,-8.19,3,-32.3453,33.33,-0.97,-1.51,UNRELIABLE,,
momentum,RSI OB/OS,15m,long,transition|mid range|messy|stalling,4,-23.5351,25.0,-0.94,0,0.0,0.0,0.0,0.0,UNRELIABLE,,
momentum,RSI OB/OS,15m,short,transition|mid range|messy|stalling,0,,,,0,,,,,NO-TRADES,,
momentum,RSI OB/OS,15m,long,transition|at range high|clean|expanding,0,,,,0,,,,,NO-TRADES,,
momentum,RSI OB/OS,15m,short,transition|at range high|clean|expanding,47,-8.2853,36.17,-3.89,12,-8.6229,33.33,-1.03,-2.01,FAIL,,
momentum,RSI OB/OS,15m,long,uptrend|at range high|clean|expanding,0,,,,0,,,,,NO-TRADES,,
momentum,RSI OB/OS,15m,short,uptrend|at range high|clean|expanding,64,-12.7401,32.81,-8.15,21,-11.2723,33.33,-2.37,-2.57,FAIL,,
momentum,RSI OB/OS,15m,long,downtrend|at range low|clean|contracting,26,10.0945,46.15,2.62,8,19.235,50.0,1.54,-1.49,SURVIVOR,0.4501,0.2873
momentum,RSI OB/OS,15m,short,downtrend|at range low|clean|contracting,0,,,,0,,,,,NO-TRADES,,
momentum,RSI OB/OS,15m,long,transition|at range low|clean|contracting,22,-7.6158,36.36,-1.68,12,4.8027,41.67,0.58,-2.67,FAIL,7.2577,0.6399
momentum,RSI OB/OS,15m,short,transition|at range low|clean|contracting,0,,,,0,,,,,NO-TRADES,,
momentum,RSI OB/OS,15m,long,transition|at range low|clean|expanding,41,-6.9808,39.02,-2.86,9,-9.1693,33.33,-0.83,-2.52,FAIL,6.0827,
momentum,RSI OB/OS,15m,short,transition|at range low|clean|expanding,0,,,,0,,,,,NO-TRADES,,
momentum,RSI OB/OS,15m,long,downtrend|at range low|clean|expanding,56,-7.7418,35.71,-4.34,17,-22.9136,29.41,-3.9,-3.9,FAIL,10.0548,
momentum,RSI OB/OS,15m,short,downtrend|at range low|clean|expanding,0,,,,0,,,,,NO-TRADES,,
momentum,RSI OB/OS,15m,long,downtrend|pulling back in trend|messy|stalling,2,105.2941,100.0,2.11,0,0.0,0.0,0.0,0.0,UNRELIABLE,0.0343,
momentum,RSI OB/OS,15m,short,downtrend|pulling back in trend|messy|stalling,0,,,,0,,,,,NO-TRADES,,
momentum,RSI OB/OS,15m,long,downtrend|at range high|messy|contracting,0,,,,0,,,,,NO-TRADES,,
momentum,RSI OB/OS,15m,short,downtrend|at range high|messy|contracting,7,-24.4099,28.57,-1.71,4,-22.9072,25.0,-0.92,-2.4,UNRELIABLE,,
momentum,RSI OB/OS,15m,long,uptrend|pulling back in trend|messy|stalling,1,104.6668,100.0,1.05,0,0.0,0.0,0.0,0.0,UNRELIABLE,0.035,
momentum,RSI OB/OS,15m,short,uptrend|pulling back in trend|messy|stalling,0,,,,0,,,,,NO-TRADES,,
momentum,RSI OB/OS,15m,long,downtrend|at range high|messy|expanding,0,,,,0,,,,,NO-TRADES,,
momentum,RSI OB/OS,15m,short,downtrend|at range high|messy|expanding,4,-41.9766,25.0,-1.68,2,19.2501,50.0,0.39,-1.19,UNRELIABLE,,0.2807
momentum,RSI OB/OS,15m,long,uptrend|at range high|messy|stalling,0,,,,0,,,,,NO-TRADES,,
momentum,RSI OB/OS,15m,short,uptrend|at range high|messy|stalling,29,15.202,48.28,4.41,10,2.739,40.0,0.27,-2.46,SURVIVOR,0.3323,0.7418
momentum,RSI 50-cross,1h,long,transition|mid range|messy|contracting,128,-2.6574,40.62,-3.4,44,12.6679,43.18,5.57,-6.45,FAIL,,
momentum,RSI 50-cross,1h,short,transition|mid range|messy|contracting,127,-5.8961,39.37,-7.49,30,53.4706,53.33,16.04,-4.96,FAIL,,
momentum,RSI 50-cross,1h,long,transition|mid range|messy|expanding,183,-6.4479,38.8,-11.8,51,16.2241,41.18,8.27,-8.13,FAIL,,
momentum,RSI 50-cross,1h,short,transition|mid range|messy|expanding,193,13.7644,42.49,26.57,68,-2.8303,41.18,-1.92,-13.94,FAIL,,
momentum,RSI 50-cross,1h,long,uptrend|at range high|messy|contracting,21,10.7419,42.86,2.26,3,31.6386,66.67,0.95,-1.68,UNRELIABLE,,
momentum,RSI 50-cross,1h,short,uptrend|at range high|messy|contracting,8,33.577,50.0,2.69,1,-132.6724,0.0,-1.33,-1.33,UNRELIABLE,,
momentum,RSI 50-cross,1h,long,downtrend|pulling back in trend|messy|contracting,72,-3.9161,38.89,-2.82,25,44.419,52.0,11.1,-4.25,FAIL,,
momentum,RSI 50-cross,1h,short,downtrend|pulling back in trend|messy|contracting,64,-28.3468,32.81,-18.14,22,-38.879,31.82,-8.55,-10.64,FAIL,,
momentum,RSI 50-cross,1h,long,uptrend|pulling back in trend|messy|contracting,67,-2.4175,41.79,-1.62,26,6.4955,42.31,1.69,-7.15,FAIL,,
momentum,RSI 50-cross,1h,short,uptrend|pulling back in trend|messy|contracting,72,-6.4953,33.33,-4.68,20,-0.6748,35.0,-0.13,-10.37,FAIL,,
momentum,RSI 50-cross,1h,long,uptrend|at range high|messy|expanding,48,-21.9637,31.25,-10.54,23,31.6325,56.52,7.28,-3.73,FAIL,,
momentum,RSI 50-cross,1h,short,uptrend|at range high|messy|expanding,10,-70.6234,20.0,-7.06,2,-12.0312,50.0,-0.24,-1.7,UNRELIABLE,,
momentum,RSI 50-cross,1h,long,downtrend|pulling back in trend|messy|expanding,159,21.3881,42.77,34.01,42,18.846,50.0,7.92,-8.69,SURVIVOR,,
momentum,RSI 50-cross,1h,short,downtrend|pulling back in trend|messy|expanding,112,-9.7516,33.93,-10.92,26,42.2756,57.69,10.99,-4.67,FAIL,,
momentum,RSI 50-cross,1h,long,transition|at range high|messy|contracting,25,-67.2835,16.0,-16.82,12,15.7597,50.0,1.89,-3.93,FAIL,,
momentum,RSI 50-cross,1h,short,transition|at range high|messy|contracting,8,-1.9191,37.5,-0.15,2,-131.3481,0.0,-2.63,-3.66,UNRELIABLE,,
momentum,RSI 50-cross,1h,long,uptrend|pulling back in trend|messy|expanding,97,-16.5208,35.05,-16.03,27,11.8825,48.15,3.21,-6.18,FAIL,,
momentum,RSI 50-cross,1h,short,uptrend|pulling back in trend|messy|expanding,152,19.4349,42.11,29.54,37,-13.2008,32.43,-4.88,-13.67,FAIL,,
momentum,RSI 50-cross,1h,long,transition|at range high|messy|expanding,100,-8.9264,37.0,-8.93,30,14.6527,40.0,4.4,-5.48,FAIL,,
momentum,RSI 50-cross,1h,short,transition|at range high|messy|expanding,17,50.2284,52.94,8.54,2,56.9274,50.0,1.14,-1.13,UNRELIABLE,,
momentum,RSI 50-cross,1h,long,downtrend|at range low|messy|contracting,4,-71.9403,25.0,-2.88,0,0.0,0.0,0.0,0.0,UNRELIABLE,,
momentum,RSI 50-cross,1h,short,downtrend|at range low|messy|contracting,16,-17.9244,31.25,-2.87,7,-88.2386,0.0,-6.18,-7.3,UNRELIABLE,,
momentum,RSI 50-cross,1h,long,transition|at range low|messy|contracting,2,-5.1766,50.0,-0.1,4,15.6895,50.0,0.63,-3.51,UNRELIABLE,,
momentum,RSI 50-cross,1h,short,transition|at range low|messy|contracting,27,-23.771,33.33,-6.42,9,-88.0318,11.11,-7.92,-7.92,FAIL,,
momentum,RSI 50-cross,1h,long,downtrend|at range low|messy|expanding,6,-116.2302,0.0,-6.97,3,-38.144,66.67,-1.14,-1.73,UNRELIABLE,,
momentum,RSI 50-cross,1h,short,downtrend|at range low|messy|expanding,47,12.8505,40.43,6.04,10,-19.6713,30.0,-1.97,-5.21,FAIL,,
momentum,RSI 50-cross,1h,long,transition|at range low|messy|expanding,16,29.6037,50.0,4.74,6,-39.4389,33.33,-2.37,-4.63,UNRELIABLE,,
momentum,RSI 50-cross,1h,short,transition|at range low|messy|expanding,99,-6.7786,37.37,-6.71,44,-28.9785,29.55,-12.75,-20.28,FAIL,,
momentum,RSI 50-cross,1h,long,transition|mid range|clean|contracting,44,-42.7412,27.27,-18.81,22,-34.165,27.27,-7.52,-10.34,FAIL,,
momentum,RSI 50-cross,1h,short,transition|mid range|clean|contracting,44,5.6178,40.91,2.47,19,-31.256,26.32,-5.94,-11.32,FAIL,,
momentum,RSI 50-cross,1h,long,transition|mid range|clean|expanding,77,-13.8046,37.66,-10.63,25,35.0968,48.0,8.77,-4.92,FAIL,,
momentum,RSI 50-cross,1h,short,transition|mid range|clean|expanding,83,-24.0623,31.33,-19.97,23,-35.3185,26.09,-8.12,-12.85,FAIL,,
momentum,RSI 50-cross,1h,long,transition|mid range|messy|stalling,50,9.443,42.0,4.72,19,37.3333,52.63,7.09,-6.12,SURVIVOR,,
momentum,RSI 50-cross,1h,short,transition|mid range|messy|stalling,58,1.1255,37.93,0.65,17,-58.5933,17.65,-9.96,-11.98,FAIL,,
momentum,RSI 50-cross,1h,long,transition|at range high|clean|contracting,9,39.3251,55.56,3.54,5,-59.1286,20.0,-2.96,-3.86,UNRELIABLE,,
momentum,RSI 50-cross,1h,short,transition|at range high|clean|contracting,5,-33.3911,20.0,-1.67,2,111.5724,50.0,2.23,-0.59,UNRELIABLE,,
momentum,RSI 50-cross,1h,long,downtrend|pulling back in trend|clean|contracting,37,43.8896,48.65,16.24,15,-23.2341,33.33,-3.49,-5.78,FAIL,,
momentum,RSI 50-cross,1h,short,downtrend|pulling back in trend|clean|contracting,29,-35.0276,31.03,-10.16,10,-71.8265,20.0,-7.18,-7.54,FAIL,,
momentum,RSI 50-cross,1h,long,uptrend|pulling back in trend|clean|contracting,23,-32.3611,34.78,-7.44,11,-82.8172,18.18,-9.11,-11.04,FAIL,,
momentum,RSI 50-cross,1h,short,uptrend|pulling back in trend|clean|contracting,34,12.5637,44.12,4.27,13,-79.0836,15.38,-10.28,-12.15,FAIL,,
momentum,RSI 50-cross,1h,long,uptrend|at range high|clean|contracting,7,16.4372,42.86,1.15,4,-44.5359,50.0,-1.78,-2.43,UNRELIABLE,,
momentum,RSI 50-cross,1h,short,uptrend|at range high|clean|contracting,5,-20.2259,40.0,-1.01,0,0.0,0.0,0.0,0.0,UNRELIABLE,,
momentum,RSI 50-cross,1h,long,uptrend|pulling back in trend|clean|expanding,33,19.0154,39.39,6.28,13,-24.0847,30.77,-3.13,-4.51,FAIL,,
momentum,RSI 50-cross,1h,short,uptrend|pulling back in trend|clean|expanding,61,-6.0507,36.07,-3.69,24,-26.8061,33.33,-6.43,-8.38,FAIL,,
momentum,RSI 50-cross,1h,long,downtrend|pulling back in trend|clean|expanding,56,-19.0159,35.71,-10.65,19,50.721,52.63,9.64,-3.52,FAIL,,
momentum,RSI 50-cross,1h,short,downtrend|pulling back in trend|clean|expanding,33,-32.9183,30.3,-10.86,19,-30.9336,26.32,-5.88,-11.71,FAIL,,
momentum,RSI 50-cross,1h,long,transition|at range high|clean|expanding,41,-28.2742,29.27,-11.59,13,-59.7075,23.08,-7.76,-8.68,FAIL,,
momentum,RSI 50-cross,1h,short,transition|at range high|clean|expanding,3,61.7175,66.67,1.85,3,27.0798,33.33,0.81,-1.68,UNRELIABLE,,
momentum,RSI 50-cross,1h,long,transition|at range low|clean|contracting,0,0.0,0.0,0.0,3,-88.0759,0.0,-2.64,-2.78,UNRELIABLE,,
momentum,RSI 50-cross,1h,short,transition|at range low|clean|contracting,7,58.2105,57.14,4.07,6,-116.1657,0.0,-6.97,-6.97,UNRELIABLE,,
momentum,RSI 50-cross,1h,long,downtrend|at range high|messy|contracting,21,17.3647,42.86,3.65,5,-112.4544,0.0,-5.62,-5.62,UNRELIABLE,,
momentum,RSI 50-cross,1h,short,downtrend|at range high|messy|contracting,6,-92.833,16.67,-5.57,3,31.2649,33.33,0.94,-1.85,UNRELIABLE,,
momentum,RSI 50-cross,1h,long,uptrend|at range high|clean|expanding,21,18.7883,52.38,3.95,3,-10.0682,33.33,-0.3,-2.63,UNRELIABLE,,
momentum,RSI 50-cross,1h,short,uptrend|at range high|clean|expanding,0,0.0,0.0,0.0,0,0.0,0.0,0.0,0.0,UNRELIABLE,,
momentum,RSI 50-cross,1h,long,downtrend|at range low|clean|contracting,1,56.0918,100.0,0.56,1,182.7538,100.0,1.83,-0.63,UNRELIABLE,,
momentum,RSI 50-cross,1h,short,downtrend|at range low|clean|contracting,1,-132.6433,0.0,-1.33,1,240.6454,100.0,2.41,-0.6,UNRELIABLE,,
momentum,RSI 50-cross,1h,long,downtrend|pulling back in trend|messy|stalling,36,-9.6119,33.33,-3.46,9,-9.1748,33.33,-0.83,-4.92,FAIL,,
momentum,RSI 50-cross,1h,short,downtrend|pulling back in trend|messy|stalling,32,3.4424,43.75,1.1,11,-80.1985,18.18,-8.82,-10.96,FAIL,,
momentum,RSI 50-cross,1h,long,uptrend|at range high|messy|stalling,8,-16.6677,50.0,-1.33,3,-58.8433,33.33,-1.77,-3.23,UNRELIABLE,,
momentum,RSI 50-cross,1h,short,uptrend|at range high|messy|stalling,4,27.1628,75.0,1.09,0,0.0,0.0,0.0,0.0,UNRELIABLE,,
momentum,RSI 50-cross,1h,long,transition|at range low|clean|expanding,2,-132.2148,0.0,-2.64,1,-43.5042,0.0,-0.44,-1.27,UNRELIABLE,,
momentum,RSI 50-cross,1h,short,transition|at range low|clean|expanding,42,-12.7285,40.48,-5.35,11,-38.3377,27.27,-4.22,-7.67,FAIL,,
momentum,RSI 50-cross,1h,long,uptrend|pulling back in trend|messy|stalling,27,0.9522,33.33,0.26,9,-9.6252,44.44,-0.87,-6.46,FAIL,,
momentum,RSI 50-cross,1h,short,uptrend|pulling back in trend|messy|stalling,25,21.8121,60.0,5.45,15,-44.379,33.33,-6.66,-10.38,FAIL,,
momentum,RSI 50-cross,1h,long,uptrend|at range low|messy|contracting,3,114.0064,66.67,3.42,2,46.2105,50.0,0.92,-1.34,UNRELIABLE,,
momentum,RSI 50-cross,1h,short,uptrend|at range low|messy|contracting,12,-18.9003,41.67,-2.27,11,-19.6669,27.27,-2.16,-5.26,UNRELIABLE,,
momentum,RSI 50-cross,1h,long,downtrend|at range high|messy|expanding,78,34.1565,50.0,26.64,30,0.4504,36.67,0.14,-11.8,SURVIVOR,,
momentum,RSI 50-cross,1h,short,downtrend|at range high|messy|expanding,6,-124.3602,0.0,-7.46,3,-7.6544,66.67,-0.23,-2.45,UNRELIABLE,,
momentum,RSI 50-cross,1h,long,uptrend|at range low|messy|expanding,3,68.4909,66.67,2.05,1,-132.8431,0.0,-1.33,-1.33,UNRELIABLE,,
momentum,RSI 50-cross,1h,short,uptrend|at range low|messy|expanding,71,7.0612,40.85,5.01,24,48.2894,54.17,11.59,-5.6,SURVIVOR,,
momentum,RSI 50-cross,1h,long,downtrend|at range low|clean|expanding,1,99.2199,100.0,0.99,0,0.0,0.0,0.0,0.0,UNRELIABLE,,
momentum,RSI 50-cross,1h,short,downtrend|at range low|clean|expanding,14,30.6323,42.86,4.29,3,33.0159,66.67,0.99,-1.84,UNRELIABLE,,
momentum,RSI 50-cross,15m,long,transition|mid range|messy|contracting,380,-7.9191,33.42,-30.09,124,-3.7933,38.71,-4.7,-12.76,FAIL,,1.7901
momentum,RSI 50-cross,15m,short,transition|mid range|messy|contracting,371,-8.0452,33.69,-29.85,130,-6.5732,36.15,-8.55,-18.3,FAIL,,7.3117
momentum,RSI 50-cross,15m,long,transition|mid range|messy|expanding,617,-4.901,36.3,-30.24,208,-8.4773,34.62,-17.63,-18.88,FAIL,2.5468,
momentum,RSI 50-cross,15m,short,transition|mid range|messy|expanding,625,-8.311,33.12,-51.94,212,-12.1293,33.49,-25.71,-26.42,FAIL,,
momentum,RSI 50-cross,15m,long,downtrend|pulling back in trend|messy|contracting,289,-4.32,37.72,-12.48,96,-2.7235,41.67,-2.61,-7.23,FAIL,2.2833,1.4901
momentum,RSI 50-cross,15m,short,downtrend|pulling back in trend|messy|contracting,257,-9.4615,34.24,-24.32,92,7.2731,45.65,6.69,-3.87,FAIL,,0.5022
momentum,RSI 50-cross,15m,long,uptrend|at range high|messy|contracting,67,-11.7827,34.33,-7.89,25,-24.3794,24.0,-6.09,-6.19,FAIL,,
momentum,RSI 50-cross,15m,short,uptrend|at range high|messy|contracting,30,7.6152,43.33,2.28,13,8.0691,53.85,1.05,-1.92,SURVIVOR,0.4745,0.4694
momentum,RSI 50-cross,15m,long,uptrend|pulling back in trend|messy|contracting,251,-2.7509,39.04,-6.9,78,-19.2918,28.21,-15.05,-19.12,FAIL,1.5021,
momentum,RSI 50-cross,15m,short,uptrend|pulling back in trend|messy|contracting,269,-5.8152,35.32,-15.64,85,-0.9524,38.82,-0.81,-8.18,FAIL,8.0283,1.1418
momentum,RSI 50-cross,15m,long,downtrend|pulling back in trend|messy|expanding,528,-6.5549,35.04,-34.61,168,-12.1204,32.14,-20.36,-22.41,FAIL,27.202,
momentum,RSI 50-cross,15m,short,downtrend|pulling back in trend|messy|expanding,365,-8.7217,33.7,-31.83,119,-13.7981,30.25,-16.42,-18.3,FAIL,,
momentum,RSI 50-cross,15m,long,uptrend|pulling back in trend|messy|expanding,373,-6.9616,35.66,-25.97,130,-12.6659,33.85,-16.47,-16.68,FAIL,6.6486,
momentum,RSI 50-cross,15m,short,uptrend|pulling back in trend|messy|expanding,520,-8.7826,32.88,-45.67,173,-10.9407,32.95,-18.93,-20.32,FAIL,,
momentum,RSI 50-cross,15m,long,transition|at range high|messy|contracting,159,-6.303,35.85,-10.02,43,-15.7032,32.56,-6.75,-10.83,FAIL,4.4744,
momentum,RSI 50-cross,15m,short,transition|at range high|messy|contracting,67,1.1575,41.79,0.78,14,-22.2747,28.57,-3.12,-5.09,FAIL,0.867,
momentum,RSI 50-cross,15m,long,uptrend|at range high|messy|expanding,216,-4.781,37.5,-10.33,77,-2.2544,37.66,-1.74,-7.33,FAIL,2.3963,1.383
momentum,RSI 50-cross,15m,short,uptrend|at range high|messy|expanding,44,-17.7246,31.82,-7.8,9,29.2118,55.56,2.63,-2.76,FAIL,,0.1921
momentum,RSI 50-cross,15m,long,transition|mid range|clean|contracting,247,0.1543,41.3,0.38,102,9.2239,45.1,9.41,-4.07,SURVIVOR,0.982,0.4791
momentum,RSI 50-cross,15m,short,transition|mid range|clean|contracting,259,-3.4065,38.22,-8.82,72,-13.5427,29.17,-9.75,-11.7,FAIL,1.9341,
momentum,RSI 50-cross,15m,long,downtrend|at range low|messy|contracting,27,2.4676,44.44,0.67,9,-27.564,22.22,-2.48,-4.2,FAIL,0.7679,
momentum,RSI 50-cross,15m,short,downtrend|at range low|messy|contracting,61,-18.7622,29.51,-11.44,29,10.657,51.72,3.09,-3.87,FAIL,,0.3988
momentum,RSI 50-cross,15m,long,transition|at range high|messy|expanding,367,-10.1115,32.97,-37.11,138,-6.2433,35.51,-8.62,-9.85,FAIL,,4.8057
momentum,RSI 50-cross,15m,short,transition|at range high|messy|expanding,86,0.4082,37.21,0.35,27,5.4487,44.44,1.47,-3.32,SURVIVOR,0.9461,0.5843
momentum,RSI 50-cross,15m,long,transition|at range low|messy|contracting,30,-13.5056,33.33,-4.05,7,15.8508,42.86,1.11,-1.52,UNRELIABLE,,0.3235
momentum,RSI 50-cross,15m,short,transition|at range low|messy|contracting,103,-24.9604,24.27,-25.71,43,-12.7613,32.56,-5.49,-7.39,FAIL,,
momentum,RSI 50-cross,15m,long,transition|mid range|clean|expanding,365,-11.4518,31.78,-41.8,122,-6.4752,37.7,-7.9,-14.11,FAIL,,4.1769
momentum,RSI 50-cross,15m,short,transition|mid range|clean|expanding,374,-7.1222,34.22,-26.64,116,5.5371,43.1,6.42,-5.22,FAIL,,0.5741
momentum,RSI 50-cross,15m,long,downtrend|at range low|messy|expanding,34,-10.7277,35.29,-3.65,4,19.0727,50.0,0.76,-1.05,UNRELIABLE,,0.2906
momentum,RSI 50-cross,15m,short,downtrend|at range low|messy|expanding,205,5.4272,42.93,11.13,62,-9.0639,37.1,-5.62,-13.1,FAIL,0.5837,
momentum,RSI 50-cross,15m,long,transition|at range low|messy|expanding,42,-4.0594,38.1,-1.7,16,-28.3373,25.0,-4.53,-5.39,FAIL,2.1622,
momentum,RSI 50-cross,15m,short,transition|at range low|messy|expanding,338,-6.3606,36.39,-21.5,115,-9.5238,35.65,-10.95,-14.17,FAIL,9.8641,
momentum,RSI 50-cross,15m,long,downtrend|pulling back in trend|clean|contracting,188,-6.0112,36.17,-11.3,50,-8.6952,34.0,-4.35,-6.89,FAIL,3.7099,
momentum,RSI 50-cross,15m,short,downtrend|pulling back in trend|clean|contracting,137,-2.6586,37.96,-3.64,53,-12.5311,37.74,-6.64,-9.76,FAIL,1.5326,
momentum,RSI 50-cross,15m,long,uptrend|pulling back in trend|clean|contracting,161,-8.8446,33.54,-14.24,42,-15.0744,30.95,-6.33,-8.03,FAIL,,
momentum,RSI 50-cross,15m,short,uptrend|pulling back in trend|clean|contracting,181,-2.5937,38.67,-4.69,48,7.208,47.92,3.46,-4.54,FAIL,1.578,0.5005
momentum,RSI 50-cross,15m,long,uptrend|at range high|clean|contracting,33,0.1583,39.39,0.05,12,7.4553,41.67,0.89,-1.68,SURVIVOR,0.9814,0.5146
momentum,RSI 50-cross,15m,short,uptrend|at range high|clean|contracting,15,7.6437,46.67,1.15,5,-30.0351,20.0,-1.5,-2.01,UNRELIABLE,0.4814,
momentum,RSI 50-cross,15m,long,downtrend|pulling back in trend|clean|expanding,322,-8.3284,33.54,-26.82,109,-6.437,36.7,-7.02,-10.29,FAIL,,4.5692
momentum,RSI 50-cross,15m,short,downtrend|pulling back in trend|clean|expanding,210,-10.5967,30.95,-22.25,71,-17.1032,32.39,-12.14,-13.91,FAIL,,
momentum,RSI 50-cross,15m,long,uptrend|pulling back in trend|clean|expanding,199,-7.6333,33.67,-15.19,62,-10.6401,33.87,-6.6,-11.93,FAIL,31.1097,
momentum,RSI 50-cross,15m,short,uptrend|pulling back in trend|clean|expanding,341,1.1267,40.18,3.84,115,-0.8518,40.0,-0.98,-11.81,FAIL,0.869,1.1386
momentum,RSI 50-cross,15m,long,transition|at range high|clean|contracting,56,-19.442,28.57,-10.89,21,-17.288,28.57,-3.63,-5.1,FAIL,,
momentum,RSI 50-cross,15m,short,transition|at range high|clean|contracting,25,17.4188,52.0,4.35,7,46.3562,71.43,3.24,-1.27,UNRELIABLE,0.2754,0.1153
momentum,RSI 50-cross,15m,long,transition|mid range|messy|stalling,201,-5.3238,34.83,-10.7,67,-6.1705,37.31,-4.13,-8.22,FAIL,2.9394,3.992
momentum,RSI 50-cross,15m,short,transition|mid range|messy|stalling,245,-9.3774,32.65,-22.97,73,-19.883,28.77,-14.51,-15.54,FAIL,,
momentum,RSI 50-cross,15m,long,transition|at range high|clean|expanding,209,-6.2887,36.84,-13.14,63,-17.1442,30.16,-10.8,-13.05,FAIL,4.0455,
momentum,RSI 50-cross,15m,short,transition|at range high|clean|expanding,40,16.8231,50.0,6.73,7,7.2058,42.86,0.5,-1.3,UNRELIABLE,0.2888,0.5263
momentum,RSI 50-cross,15m,long,uptrend|at range high|clean|expanding,93,-20.4671,26.88,-19.03,26,-17.4492,30.77,-4.54,-7.26,FAIL,,
momentum,RSI 50-cross,15m,short,uptrend|at range high|clean|expanding,12,17.3321,58.33,2.08,5,2.1726,40.0,0.11,-2.09,UNRELIABLE,0.2756,0.7935
momentum,RSI 50-cross,15m,long,downtrend|at range low|clean|contracting,16,-2.8463,43.75,-0.46,0,0.0,0.0,0.0,0.0,UNRELIABLE,1.5317,
momentum,RSI 50-cross,15m,short,downtrend|at range low|clean|contracting,32,-1.81,37.5,-0.58,4,63.3648,75.0,2.53,-0.89,UNRELIABLE,1.3123,0.0697
momentum,RSI 50-cross,15m,long,transition|at range low|clean|contracting,27,-12.1735,33.33,-3.29,7,-31.0994,28.57,-2.18,-2.85,UNRELIABLE,,
momentum,RSI 50-cross,15m,short,transition|at range low|clean|contracting,69,1.3969,39.13,0.96,21,16.7128,52.38,3.51,-3.09,SURVIVOR,0.8416,0.2912
momentum,RSI 50-cross,15m,long,transition|at range low|clean|expanding,18,-8.7703,38.89,-1.58,9,-41.3343,11.11,-3.72,-4.46,UNRELIABLE,,
momentum,RSI 50-cross,15m,short,transition|at range low|clean|expanding,170,2.0044,41.18,3.41,60,3.9277,48.33,2.36,-6.25,SURVIVOR,0.7932,0.6488
momentum,RSI 50-cross,15m,long,downtrend|at range low|clean|expanding,18,-2.4725,38.89,-0.45,6,-16.929,33.33,-1.02,-1.63,UNRELIABLE,1.4677,
momentum,RSI 50-cross,15m,short,downtrend|at range low|clean|expanding,103,-13.2424,31.07,-13.64,26,-21.7554,30.77,-5.66,-7.1,FAIL,,
momentum,RSI 50-cross,15m,long,downtrend|pulling back in trend|messy|stalling,125,0.1644,42.4,0.21,57,-5.1855,38.6,-2.96,-6.17,FAIL,0.9808,2.4685
momentum,RSI 50-cross,15m,short,downtrend|pulling back in trend|messy|stalling,91,0.1735,38.46,0.16,36,-26.6622,22.22,-9.6,-10.79,FAIL,0.9768,
momentum,RSI 50-cross,15m,long,downtrend|at range high|messy|contracting,91,-2.0858,39.56,-1.9,31,-10.7802,32.26,-3.34,-10.39,FAIL,1.3165,
momentum,RSI 50-cross,15m,short,downtrend|at range high|messy|contracting,23,-14.9277,30.43,-3.43,9,-8.8238,33.33,-0.79,-3.48,FAIL,,
momentum,RSI 50-cross,15m,long,uptrend|pulling back in trend|messy|stalling,100,-17.3524,29.0,-17.35,37,-14.2633,35.14,-5.28,-9.11,FAIL,,
momentum,RSI 50-cross,15m,short,uptrend|pulling back in trend|messy|stalling,159,-4.5532,38.36,-7.24,54,5.751,44.44,3.11,-8.75,FAIL,2.8265,0.5661
momentum,RSI 50-cross,15m,long,downtrend|at range high|messy|expanding,293,-9.7058,32.42,-28.44,90,4.0878,43.33,3.68,-6.0,FAIL,,0.6662
momentum,RSI 50-cross,15m,short,downtrend|at range high|messy|expanding,30,-11.5095,33.33,-3.45,5,36.944,60.0,1.85,-1.33,UNRELIABLE,,0.1476
momentum,RSI 50-cross,15m,long,uptrend|at range high|messy|stalling,53,-19.6618,28.3,-10.42,21,-38.8686,14.29,-8.16,-9.58,FAIL,,
momentum,RSI 50-cross,15m,short,uptrend|at range high|messy|stalling,11,-43.4664,9.09,-4.78,1,-64.72,0.0,-0.65,-1.05,UNRELIABLE,,
momentum,Stochastic %K/%D cross,1h,long,transition|mid range|messy|contracting,300,-3.5384,42.33,-10.62,99,6.9344,39.39,6.87,-11.55,FAIL,,
momentum,Stochastic %K/%D cross,1h,short,transition|mid range|messy|contracting,312,-15.0593,32.05,-46.99,79,-12.853,35.44,-10.15,-16.87,FAIL,,
momentum,Stochastic %K/%D cross,1h,long,transition|mid range|messy|expanding,315,-6.2641,38.73,-19.73,88,17.3052,43.18,15.23,-8.7,FAIL,,
momentum,Stochastic %K/%D cross,1h,short,transition|mid range|messy|expanding,305,-0.7516,41.64,-2.29,96,-7.4545,37.5,-7.16,-16.97,FAIL,,
momentum,Stochastic %K/%D cross,1h,long,uptrend|at range high|messy|contracting,215,-4.8974,37.21,-10.53,76,14.3405,46.05,10.9,-9.0,FAIL,,
momentum,Stochastic %K/%D cross,1h,short,uptrend|at range high|messy|contracting,220,-9.1828,35.45,-20.2,81,-34.8985,30.86,-28.27,-33.65,FAIL,,
momentum,Stochastic %K/%D cross,1h,long,downtrend|pulling back in trend|messy|contracting,215,10.4068,44.19,22.37,50,46.4671,54.0,23.23,-5.76,SURVIVOR,,
momentum,Stochastic %K/%D cross,1h,short,downtrend|pulling back in trend|messy|contracting,240,-7.6318,35.42,-18.32,66,-18.8128,31.82,-12.42,-16.78,FAIL,,
momentum,Stochastic %K/%D cross,1h,long,uptrend|pulling back in trend|messy|contracting,231,0.684,41.13,1.58,76,-16.5457,35.53,-12.57,-16.22,FAIL,,
momentum,Stochastic %K/%D cross,1h,short,uptrend|pulling back in trend|messy|contracting,205,-13.5786,35.61,-27.84,57,5.5013,43.86,3.14,-20.01,FAIL,,
momentum,Stochastic %K/%D cross,1h,long,uptrend|at range high|messy|expanding,216,8.4273,42.13,18.2,78,-17.1986,37.18,-13.41,-16.61,FAIL,,
momentum,Stochastic %K/%D cross,1h,short,uptrend|at range high|messy|expanding,210,-0.9645,40.48,-2.03,75,-6.0334,45.33,-4.53,-13.68,FAIL,,
momentum,Stochastic %K/%D cross,1h,long,downtrend|pulling back in trend|messy|expanding,257,23.2403,46.69,59.73,64,42.3154,48.44,27.08,-5.91,SURVIVOR,,
momentum,Stochastic %K/%D cross,1h,short,downtrend|pulling back in trend|messy|expanding,173,-4.3797,37.57,-7.58,47,45.9454,55.32,21.59,-7.83,FAIL,,
momentum,Stochastic %K/%D cross,1h,long,transition|at range high|messy|contracting,205,4.9927,40.0,10.24,69,-14.7169,36.23,-10.15,-18.67,FAIL,,
momentum,Stochastic %K/%D cross,1h,short,transition|at range high|messy|contracting,208,-0.3541,41.83,-0.74,76,14.6531,38.16,11.14,-10.0,FAIL,,
momentum,Stochastic %K/%D cross,1h,long,uptrend|pulling back in trend|messy|expanding,176,-7.9545,38.64,-14.0,59,-10.7442,38.98,-6.34,-15.71,FAIL,,
momentum,Stochastic %K/%D cross,1h,short,uptrend|pulling back in trend|messy|expanding,244,5.7162,43.03,13.95,73,-8.8889,36.99,-6.49,-16.17,FAIL,,
momentum,Stochastic %K/%D cross,1h,long,transition|at range high|messy|expanding,219,-5.8507,37.44,-12.81,74,-4.541,40.54,-3.36,-13.01,FAIL,,
momentum,Stochastic %K/%D cross,1h,short,transition|at range high|messy|expanding,191,-8.9402,38.22,-17.08,70,5.3697,41.43,3.76,-7.99,FAIL,,
momentum,Stochastic %K/%D cross,1h,long,downtrend|at range low|messy|contracting,156,-5.4442,38.46,-8.49,54,22.8006,51.85,12.31,-8.45,FAIL,,
momentum,Stochastic %K/%D cross,1h,short,downtrend|at range low|messy|contracting,182,-4.0163,37.91,-7.31,44,15.6824,38.64,6.9,-7.81,FAIL,,
momentum,Stochastic %K/%D cross,1h,long,transition|at range low|messy|contracting,162,-22.9498,33.95,-37.18,45,44.2555,53.33,19.91,-6.46,FAIL,,
momentum,Stochastic %K/%D cross,1h,short,transition|at range low|messy|contracting,158,-2.0135,37.97,-3.18,58,-52.4649,22.41,-30.43,-31.8,FAIL,,
momentum,Stochastic %K/%D cross,1h,long,downtrend|at range low|messy|expanding,166,-14.1604,37.35,-23.51,56,-11.4398,39.29,-6.41,-13.71,FAIL,,
momentum,Stochastic %K/%D cross,1h,short,downtrend|at range low|messy|expanding,188,-6.0649,36.7,-11.4,57,-11.8453,35.09,-6.75,-15.91,FAIL,,
momentum,Stochastic %K/%D cross,1h,long,transition|at range low|messy|expanding,164,-19.4691,33.54,-31.93,60,-19.6743,36.67,-11.8,-18.69,FAIL,,
momentum,Stochastic %K/%D cross,1h,short,transition|at range low|messy|expanding,184,-11.8654,35.87,-21.83,79,-40.5663,24.05,-32.05,-36.29,FAIL,,
momentum,Stochastic %K/%D cross,1h,long,transition|mid range|clean|contracting,106,-28.1539,31.13,-29.84,36,-20.0322,30.56,-7.21,-10.69,FAIL,,
momentum,Stochastic %K/%D cross,1h,short,transition|mid range|clean|contracting,110,18.4092,47.27,20.25,35,-26.0073,25.71,-9.1,-12.4,FAIL,,
momentum,Stochastic %K/%D cross,1h,long,transition|mid range|clean|expanding,106,-10.7969,37.74,-11.44,31,34.689,48.39,10.75,-5.3,FAIL,,
momentum,Stochastic %K/%D cross,1h,short,transition|mid range|clean|expanding,108,-32.0399,29.63,-34.6,23,-4.0774,30.43,-0.94,-8.21,FAIL,,
momentum,Stochastic %K/%D cross,1h,long,transition|mid range|messy|stalling,94,6.4623,40.43,6.07,29,-28.6285,34.48,-8.3,-15.33,FAIL,,
momentum,Stochastic %K/%D cross,1h,short,transition|mid range|messy|stalling,125,-2.6907,37.6,-3.36,38,7.1882,39.47,2.73,-8.63,FAIL,,
momentum,Stochastic %K/%D cross,1h,long,transition|at range high|clean|contracting,81,-9.051,37.04,-7.33,25,32.6167,56.0,8.15,-4.65,FAIL,,
momentum,Stochastic %K/%D cross,1h,short,transition|at range high|clean|contracting,119,-18.2611,32.77,-21.73,35,-31.3584,25.71,-10.98,-14.73,FAIL,,
momentum,Stochastic %K/%D cross,1h,long,downtrend|pulling back in trend|clean|contracting,76,18.9534,48.68,14.4,22,-25.7905,36.36,-5.67,-8.08,FAIL,,
momentum,Stochastic %K/%D cross,1h,short,downtrend|pulling back in trend|clean|contracting,76,-8.2268,35.53,-6.25,35,31.9787,48.57,11.19,-6.37,FAIL,,
momentum,Stochastic %K/%D cross,1h,long,uptrend|pulling back in trend|clean|contracting,69,-13.6426,34.78,-9.41,26,-15.7521,34.62,-4.1,-8.02,FAIL,,
momentum,Stochastic %K/%D cross,1h,short,uptrend|pulling back in trend|clean|contracting,75,-9.0108,41.33,-6.76,17,-55.9818,23.53,-9.52,-10.94,FAIL,,
momentum,Stochastic %K/%D cross,1h,long,uptrend|at range high|clean|contracting,86,6.5102,41.86,5.6,24,-2.8002,37.5,-0.67,-7.79,FAIL,,
momentum,Stochastic %K/%D cross,1h,short,uptrend|at range high|clean|contracting,86,-26.2506,29.07,-22.58,26,-15.6072,34.62,-4.06,-11.12,FAIL,,
momentum,Stochastic %K/%D cross,1h,long,uptrend|pulling back in trend|clean|expanding,56,-1.7277,35.71,-0.97,20,-33.8236,30.0,-6.76,-10.01,FAIL,,
momentum,Stochastic %K/%D cross,1h,short,uptrend|pulling back in trend|clean|expanding,76,16.049,39.47,12.2,29,47.5686,51.72,13.79,-4.85,SURVIVOR,,
momentum,Stochastic %K/%D cross,1h,long,downtrend|pulling back in trend|clean|expanding,90,-17.4485,34.44,-15.7,27,4.3658,40.74,1.18,-10.9,FAIL,,
momentum,Stochastic %K/%D cross,1h,short,downtrend|pulling back in trend|clean|expanding,71,-0.024,39.44,-0.02,23,-37.8445,21.74,-8.7,-13.41,FAIL,,
momentum,Stochastic %K/%D cross,1h,long,transition|at range high|clean|expanding,75,-11.5618,34.67,-8.67,26,13.4188,50.0,3.49,-6.52,FAIL,,
momentum,Stochastic %K/%D cross,1h,short,transition|at range high|clean|expanding,88,-12.2772,35.23,-10.8,34,25.3245,44.12,8.61,-9.25,FAIL,,
momentum,Stochastic %K/%D cross,1h,long,transition|at range low|clean|contracting,78,-1.9066,42.31,-1.49,32,-54.7897,21.88,-17.53,-18.56,FAIL,,
momentum,Stochastic %K/%D cross,1h,short,transition|at range low|clean|contracting,72,-26.4499,30.56,-19.04,21,-28.4186,28.57,-5.97,-12.69,FAIL,,
momentum,Stochastic %K/%D cross,1h,long,downtrend|at range high|messy|contracting,70,-28.1754,31.43,-19.72,24,-20.9147,37.5,-5.02,-6.56,FAIL,,
momentum,Stochastic %K/%D cross,1h,short,downtrend|at range high|messy|contracting,95,-5.6309,42.11,-5.35,33,1.697,39.39,0.56,-8.34,FAIL,,
momentum,Stochastic %K/%D cross,1h,long,uptrend|at range high|clean|expanding,80,-33.8958,28.75,-27.12,32,-32.5585,28.12,-10.42,-12.01,FAIL,,
momentum,Stochastic %K/%D cross,1h,short,uptrend|at range high|clean|expanding,78,-30.357,28.21,-23.68,29,-18.2443,34.48,-5.29,-9.56,FAIL,,
momentum,Stochastic %K/%D cross,1h,long,downtrend|at range low|clean|contracting,61,-6.3506,37.7,-3.87,30,-20.1191,33.33,-6.04,-9.31,FAIL,,
momentum,Stochastic %K/%D cross,1h,short,downtrend|at range low|clean|contracting,61,-11.9217,36.07,-7.27,20,42.9283,45.0,8.59,-5.17,FAIL,,
momentum,Stochastic %K/%D cross,1h,long,downtrend|pulling back in trend|messy|stalling,86,-17.9196,33.72,-15.41,28,-6.9153,35.71,-1.94,-11.83,FAIL,,
momentum,Stochastic %K/%D cross,1h,short,downtrend|pulling back in trend|messy|stalling,70,-30.4246,31.43,-21.3,21,-63.2435,19.05,-13.28,-13.28,FAIL,,
momentum,Stochastic %K/%D cross,1h,long,uptrend|at range high|messy|stalling,96,-25.8514,31.25,-24.82,27,29.1941,55.56,7.88,-5.52,FAIL,,
momentum,Stochastic %K/%D cross,1h,short,uptrend|at range high|messy|stalling,76,-20.4366,36.84,-15.53,27,-16.0491,33.33,-4.33,-9.66,FAIL,,
momentum,Stochastic %K/%D cross,1h,long,transition|at range low|clean|expanding,71,-19.8954,36.62,-14.13,24,-33.0541,29.17,-7.93,-11.83,FAIL,,
momentum,Stochastic %K/%D cross,1h,short,transition|at range low|clean|expanding,64,-28.2764,35.94,-18.1,15,-2.7768,40.0,-0.42,-5.45,FAIL,,
momentum,Stochastic %K/%D cross,1h,long,uptrend|pulling back in trend|messy|stalling,52,-13.1629,34.62,-6.84,17,-46.492,35.29,-7.9,-11.57,FAIL,,
momentum,Stochastic %K/%D cross,1h,short,uptrend|pulling back in trend|messy|stalling,78,5.8577,44.87,4.57,32,-4.5337,40.62,-1.45,-7.33,FAIL,,
momentum,Stochastic %K/%D cross,1h,long,uptrend|at range low|messy|contracting,83,-7.9919,40.96,-6.63,24,-20.1612,33.33,-4.84,-12.98,FAIL,,
momentum,Stochastic %K/%D cross,1h,short,uptrend|at range low|messy|contracting,70,3.2806,41.43,2.3,27,23.1423,44.44,6.25,-6.9,SURVIVOR,,
momentum,Stochastic %K/%D cross,1h,long,downtrend|at range high|messy|expanding,70,-3.3414,40.0,-2.34,29,49.964,51.72,14.49,-7.12,FAIL,,
momentum,Stochastic %K/%D cross,1h,short,downtrend|at range high|messy|expanding,53,-15.0688,39.62,-7.99,23,5.244,47.83,1.21,-5.44,FAIL,,
momentum,Stochastic %K/%D cross,1h,long,uptrend|at range low|messy|expanding,70,19.7764,48.57,13.84,24,-43.1009,33.33,-10.34,-12.03,FAIL,,
momentum,Stochastic %K/%D cross,1h,short,uptrend|at range low|messy|expanding,66,-3.3601,34.85,-2.22,29,-3.8574,37.93,-1.12,-7.1,FAIL,,
momentum,Stochastic %K/%D cross,1h,long,downtrend|at range low|clean|expanding,59,-11.8798,42.37,-7.01,34,18.408,41.18,6.26,-5.87,FAIL,,
momentum,Stochastic %K/%D cross,1h,short,downtrend|at range low|clean|expanding,55,-4.4662,40.0,-2.46,21,17.4886,47.62,3.67,-6.1,FAIL,,
momentum,Stochastic %K/%D cross,15m,long,transition|mid range|messy|contracting,946,-4.7119,35.94,-44.57,282,-6.9166,35.82,-19.5,-21.12,FAIL,3.7509,9.3732
momentum,Stochastic %K/%D cross,15m,short,transition|mid range|messy|contracting,921,-6.0785,34.31,-55.98,284,-13.0305,29.58,-37.01,-40.43,FAIL,,
momentum,Stochastic %K/%D cross,15m,long,transition|mid range|messy|expanding,925,-5.085,35.78,-47.04,282,-7.6165,35.82,-21.48,-22.16,FAIL,3.6638,78.2048
momentum,Stochastic %K/%D cross,15m,short,transition|mid range|messy|expanding,923,-5.7002,35.1,-52.61,275,-8.502,35.64,-23.38,-26.7,FAIL,,
momentum,Stochastic %K/%D cross,15m,long,downtrend|pulling back in trend|messy|contracting,681,-6.5945,36.12,-44.91,192,-9.9738,33.85,-19.15,-21.01,FAIL,11.8319,
momentum,Stochastic %K/%D cross,15m,short,downtrend|pulling back in trend|messy|contracting,767,-6.2699,35.07,-48.09,231,-4.7262,35.5,-10.92,-19.18,FAIL,,2.9241
momentum,Stochastic %K/%D cross,15m,long,uptrend|at range high|messy|contracting,714,-5.9769,34.87,-42.68,243,-4.1638,37.45,-10.12,-14.81,FAIL,9.9235,2.1061
momentum,Stochastic %K/%D cross,15m,short,uptrend|at range high|messy|contracting,672,-7.9121,33.18,-53.17,235,-15.8466,29.79,-37.24,-37.9,FAIL,,
momentum,Stochastic %K/%D cross,15m,long,uptrend|pulling back in trend|messy|contracting,724,-9.1398,31.35,-66.17,232,-10.821,33.19,-25.1,-27.82,FAIL,,
momentum,Stochastic %K/%D cross,15m,short,uptrend|pulling back in trend|messy|contracting,640,-6.2012,36.09,-39.69,202,-5.8919,38.12,-11.9,-17.38,FAIL,91.6308,6.3972
momentum,Stochastic %K/%D cross,15m,long,downtrend|pulling back in trend|messy|expanding,841,-3.6287,38.53,-30.52,253,-2.2546,40.71,-5.7,-12.22,FAIL,2.1989,1.3763
momentum,Stochastic %K/%D cross,15m,short,downtrend|pulling back in trend|messy|expanding,639,-7.2576,34.43,-46.38,201,-16.8412,27.36,-33.85,-36.04,FAIL,,
momentum,Stochastic %K/%D cross,15m,long,uptrend|pulling back in trend|messy|expanding,610,-7.6789,34.1,-46.84,204,-6.4683,36.76,-13.2,-17.82,FAIL,,4.736
momentum,Stochastic %K/%D cross,15m,short,uptrend|pulling back in trend|messy|expanding,787,-5.4731,35.83,-43.07,270,-6.9076,37.04,-18.65,-23.09,FAIL,12.6265,50.412
momentum,Stochastic %K/%D cross,15m,long,transition|at range high|messy|contracting,692,-6.712,33.53,-46.45,218,-2.165,38.07,-4.72,-10.94,FAIL,17.8659,1.3629
momentum,Stochastic %K/%D cross,15m,short,transition|at range high|messy|contracting,653,-7.962,33.23,-51.99,191,-12.9288,32.46,-24.69,-28.45,FAIL,,
momentum,Stochastic %K/%D cross,15m,long,uptrend|at range high|messy|expanding,771,-3.0561,37.74,-23.56,255,-2.7902,38.04,-7.12,-18.06,FAIL,1.601,1.5173
momentum,Stochastic %K/%D cross,15m,short,uptrend|at range high|messy|expanding,681,-6.451,35.98,-43.93,232,-12.22,33.19,-28.35,-29.55,FAIL,,
momentum,Stochastic %K/%D cross,15m,long,transition|mid range|clean|contracting,482,-7.1281,34.44,-34.36,162,-5.0368,37.65,-8.16,-11.95,FAIL,,2.66
momentum,Stochastic %K/%D cross,15m,short,transition|mid range|clean|contracting,512,-9.1341,32.81,-46.77,153,-2.1419,41.18,-3.28,-13.21,FAIL,,1.4148
momentum,Stochastic %K/%D cross,15m,long,downtrend|at range low|messy|contracting,560,-8.1835,34.11,-45.83,191,-9.8575,34.55,-18.83,-22.17,FAIL,,
momentum,Stochastic %K/%D cross,15m,short,downtrend|at range low|messy|contracting,589,-11.1774,28.18,-65.83,193,-0.1014,39.9,-0.2,-15.59,FAIL,,1.0136
momentum,Stochastic %K/%D cross,15m,long,transition|at range high|messy|expanding,736,-5.6692,36.01,-41.73,224,4.183,40.62,9.37,-7.64,FAIL,5.1911,0.6666
momentum,Stochastic %K/%D cross,15m,short,transition|at range high|messy|expanding,624,-4.3238,36.86,-26.98,218,-8.8779,35.32,-19.35,-23.32,FAIL,3.2878,
momentum,Stochastic %K/%D cross,15m,long,transition|at range low|messy|contracting,542,-8.2475,34.69,-44.7,192,-6.146,38.02,-11.8,-18.2,FAIL,,4.0308
momentum,Stochastic %K/%D cross,15m,short,transition|at range low|messy|contracting,595,-7.7577,33.28,-46.16,199,-11.3914,32.16,-22.67,-22.67,FAIL,,
momentum,Stochastic %K/%D cross,15m,long,transition|mid range|clean|expanding,492,-9.8765,32.72,-48.59,147,-15.3937,29.25,-22.63,-24.11,FAIL,,
momentum,Stochastic %K/%D cross,15m,short,transition|mid range|clean|expanding,435,-6.8041,35.4,-29.6,142,-14.6734,29.58,-20.84,-22.76,FAIL,,
momentum,Stochastic %K/%D cross,15m,long,downtrend|at range low|messy|expanding,585,-1.3715,39.66,-8.02,191,-8.8313,34.55,-16.87,-20.55,FAIL,1.1791,
momentum,Stochastic %K/%D cross,15m,short,downtrend|at range low|messy|expanding,651,-5.9903,35.18,-39.0,207,-5.8809,36.23,-12.17,-17.19,FAIL,10.5996,4.7486
momentum,Stochastic %K/%D cross,15m,long,transition|at range low|messy|expanding,539,-8.2525,34.14,-44.48,188,-12.0717,31.91,-22.69,-26.42,FAIL,,
momentum,Stochastic %K/%D cross,15m,short,transition|at range low|messy|expanding,668,-7.2915,33.68,-48.71,219,-5.1219,37.9,-11.22,-14.04,FAIL,,3.2593
momentum,Stochastic %K/%D cross,15m,long,downtrend|pulling back in trend|clean|contracting,322,-3.8858,38.51,-12.51,93,-9.3846,32.26,-8.73,-14.16,FAIL,1.949,
momentum,Stochastic %K/%D cross,15m,short,downtrend|pulling back in trend|clean|contracting,394,-11.9938,29.7,-47.26,131,3.6597,44.27,4.79,-9.24,FAIL,,0.6712
momentum,Stochastic %K/%D cross,15m,long,uptrend|pulling back in trend|clean|contracting,382,-8.2346,32.98,-31.46,118,-8.9691,35.59,-10.58,-13.14,FAIL,,
momentum,Stochastic %K/%D cross,15m,short,uptrend|pulling back in trend|clean|contracting,333,-2.2283,38.44,-7.42,115,-11.3603,32.17,-13.06,-13.79,FAIL,1.3881,
momentum,Stochastic %K/%D cross,15m,long,uptrend|at range high|clean|contracting,369,-7.5922,35.23,-28.02,119,-1.3611,37.82,-1.62,-8.73,FAIL,72.2261,1.1883
momentum,Stochastic %K/%D cross,15m,short,uptrend|at range high|clean|contracting,430,-10.8021,32.33,-46.45,138,-10.9177,32.61,-15.07,-17.19,FAIL,,
momentum,Stochastic %K/%D cross,15m,long,downtrend|pulling back in trend|clean|expanding,416,-6.7952,35.58,-28.27,128,-16.3803,31.25,-20.97,-24.35,FAIL,6.5214,
momentum,Stochastic %K/%D cross,15m,short,downtrend|pulling back in trend|clean|expanding,293,-10.1667,31.74,-29.79,95,-6.3849,38.95,-6.07,-10.45,FAIL,,7.8902
momentum,Stochastic %K/%D cross,15m,long,uptrend|pulling back in trend|clean|expanding,308,-12.5021,29.87,-38.51,91,-11.4795,34.07,-10.45,-12.86,FAIL,,
momentum,Stochastic %K/%D cross,15m,short,uptrend|pulling back in trend|clean|expanding,371,-4.9252,38.54,-18.27,122,2.0452,42.62,2.5,-6.2,FAIL,4.4513,0.7809
momentum,Stochastic %K/%D cross,15m,long,transition|at range high|clean|contracting,319,-6.8429,34.48,-21.83,113,3.2961,42.48,3.72,-6.9,FAIL,7.4493,0.7226
momentum,Stochastic %K/%D cross,15m,short,transition|at range high|clean|contracting,427,-7.4822,34.43,-31.95,150,-11.9651,32.67,-17.95,-22.88,FAIL,,
momentum,Stochastic %K/%D cross,15m,long,transition|mid range|messy|stalling,348,-8.6888,33.91,-30.24,115,6.5081,43.48,7.48,-5.71,FAIL,,0.5663
momentum,Stochastic %K/%D cross,15m,short,transition|mid range|messy|stalling,410,-5.6534,35.85,-23.18,126,-9.7605,34.92,-12.3,-17.54,FAIL,5.1532,
momentum,Stochastic %K/%D cross,15m,long,transition|at range high|clean|expanding,309,-2.6264,39.16,-8.12,107,-9.3584,34.58,-10.01,-12.15,FAIL,1.4566,
momentum,Stochastic %K/%D cross,15m,short,transition|at range high|clean|expanding,367,-9.4757,32.43,-34.78,122,-18.2852,28.69,-22.31,-23.56,FAIL,,
momentum,Stochastic %K/%D cross,15m,long,uptrend|at range high|clean|expanding,355,-9.5066,32.39,-33.75,112,0.3554,40.18,0.4,-9.94,FAIL,,0.9606
momentum,Stochastic %K/%D cross,15m,short,uptrend|at range high|clean|expanding,385,-4.7778,37.92,-18.39,134,-6.2128,36.57,-8.33,-11.67,FAIL,3.4366,5.7546
momentum,Stochastic %K/%D cross,15m,long,downtrend|at range low|clean|contracting,305,-8.8534,34.75,-27.0,104,-6.2868,35.58,-6.54,-9.34,FAIL,,4.0745
momentum,Stochastic %K/%D cross,15m,short,downtrend|at range low|clean|contracting,291,-7.0318,34.71,-20.46,84,-4.5864,38.1,-3.85,-8.8,FAIL,29.1404,2.4302
momentum,Stochastic %K/%D cross,15m,long,transition|at range low|clean|contracting,341,-6.0978,37.83,-20.79,116,-8.4132,34.48,-9.76,-11.74,FAIL,3.9638,
momentum,Stochastic %K/%D cross,15m,short,transition|at range low|clean|contracting,290,-3.189,37.24,-9.25,101,-8.9711,34.65,-9.06,-10.23,FAIL,1.7097,
momentum,Stochastic %K/%D cross,15m,long,transition|at range low|clean|expanding,336,-12.1583,31.85,-40.85,121,-19.2339,26.45,-23.27,-25.59,FAIL,,
momentum,Stochastic %K/%D cross,15m,short,transition|at range low|clean|expanding,239,-2.6419,38.08,-6.31,82,-3.504,39.02,-2.87,-8.49,FAIL,1.5274,1.8617
momentum,Stochastic %K/%D cross,15m,long,downtrend|at range low|clean|expanding,299,-2.3198,39.8,-6.94,106,-5.6262,37.74,-5.96,-9.22,FAIL,1.4115,3.0096
momentum,Stochastic %K/%D cross,15m,short,downtrend|at range low|clean|expanding,293,-8.3534,33.45,-24.48,92,-8.1129,33.7,-7.46,-13.29,FAIL,,
momentum,Stochastic %K/%D cross,15m,long,downtrend|pulling back in trend|messy|stalling,282,-3.7181,39.72,-10.48,83,0.7871,43.37,0.65,-6.15,FAIL,1.802,0.9134
momentum,Stochastic %K/%D cross,15m,short,downtrend|pulling back in trend|messy|stalling,224,-3.0977,36.61,-6.94,71,-18.4995,26.76,-13.13,-14.29,FAIL,1.7289,
momentum,Stochastic %K/%D cross,15m,long,downtrend|at range high|messy|contracting,242,-8.4291,33.88,-20.4,84,-5.9934,38.1,-5.03,-8.66,FAIL,,3.6111
momentum,Stochastic %K/%D cross,15m,short,downtrend|at range high|messy|contracting,296,-9.5748,32.77,-28.34,108,-10.7931,33.33,-11.66,-16.24,FAIL,,
momentum,Stochastic %K/%D cross,15m,long,uptrend|pulling back in trend|messy|stalling,229,-8.6923,34.93,-19.91,73,-17.536,30.14,-12.8,-17.51,FAIL,,
momentum,Stochastic %K/%D cross,15m,short,uptrend|pulling back in trend|messy|stalling,302,-9.8002,33.77,-29.6,86,4.7929,44.19,4.12,-9.03,FAIL,,0.6016
momentum,Stochastic %K/%D cross,15m,long,downtrend|at range high|messy|expanding,299,-6.7064,35.12,-20.05,103,-12.1036,33.01,-12.47,-14.45,FAIL,9.1016,
momentum,Stochastic %K/%D cross,15m,short,downtrend|at range high|messy|expanding,235,-13.9613,29.36,-32.81,85,-0.6346,43.53,-0.54,-7.06,FAIL,,1.0928
momentum,Stochastic %K/%D cross,15m,long,uptrend|at range high|messy|stalling,346,-7.5627,34.1,-26.17,118,-2.2198,37.29,-2.62,-8.44,FAIL,,1.3767
momentum,Stochastic %K/%D cross,15m,short,uptrend|at range high|messy|stalling,246,-13.85,30.08,-34.07,98,-8.6003,34.69,-8.43,-14.85,FAIL,,
momentum,Stochastic extremes,1h,long,transition|mid range|messy|contracting,40,-22.8101,32.5,-9.12,9,-11.015,33.33,-0.99,-3.51,FAIL,,
momentum,Stochastic extremes,1h,short,transition|mid range|messy|contracting,38,-34.8583,36.84,-13.25,22,45.3571,45.45,9.98,-7.49,FAIL,,
momentum,Stochastic extremes,1h,long,transition|mid range|messy|expanding,70,2.1754,42.86,1.52,31,-26.5966,32.26,-8.24,-15.25,FAIL,,
momentum,Stochastic extremes,1h,short,transition|mid range|messy|expanding,84,-22.8537,30.95,-19.2,23,-11.4149,39.13,-2.63,-8.63,FAIL,,
momentum,Stochastic extremes,1h,long,uptrend|at range high|messy|contracting,1,-132.3464,0.0,-1.32,0,0.0,0.0,0.0,0.0,UNRELIABLE,,
momentum,Stochastic extremes,1h,short,uptrend|at range high|messy|contracting,110,-15.7492,31.82,-17.32,38,-0.1633,42.11,-0.06,-7.06,FAIL,,
momentum,Stochastic extremes,1h,long,downtrend|pulling back in trend|messy|contracting,8,-69.8827,12.5,-5.59,0,0.0,0.0,0.0,0.0,UNRELIABLE,,
momentum,Stochastic extremes,1h,short,downtrend|pulling back in trend|messy|contracting,33,3.7553,42.42,1.24,17,-2.5253,35.29,-0.43,-7.25,FAIL,,
momentum,Stochastic extremes,1h,long,uptrend|pulling back in trend|messy|contracting,40,32.5465,47.5,13.02,16,-36.5511,43.75,-5.85,-6.51,FAIL,,
momentum,Stochastic extremes,1h,short,uptrend|pulling back in trend|messy|contracting,13,28.7197,46.15,3.73,2,52.966,50.0,1.06,-1.36,UNRELIABLE,,
momentum,Stochastic extremes,1h,long,uptrend|at range high|messy|expanding,2,51.1751,50.0,1.02,2,50.4829,50.0,1.01,-1.55,UNRELIABLE,,
momentum,Stochastic extremes,1h,short,uptrend|at range high|messy|expanding,160,-18.7672,32.5,-30.03,58,14.4896,44.83,8.4,-9.92,FAIL,,
momentum,Stochastic extremes,1h,long,downtrend|pulling back in trend|messy|expanding,15,-62.8747,26.67,-9.43,4,-26.8672,25.0,-1.07,-2.34,UNRELIABLE,,
momentum,Stochastic extremes,1h,short,downtrend|pulling back in trend|messy|expanding,70,10.2451,42.86,7.17,29,14.2233,48.28,4.12,-5.48,SURVIVOR,,
momentum,Stochastic extremes,1h,long,transition|at range high|messy|contracting,0,,,,0,,,,,NO-TRADES,,
momentum,Stochastic extremes,1h,short,transition|at range high|messy|contracting,122,-9.0907,40.16,-11.09,36,5.3995,38.89,1.94,-8.61,FAIL,,
momentum,Stochastic extremes,1h,long,uptrend|pulling back in trend|messy|expanding,41,-20.1576,34.15,-8.26,18,-24.5393,33.33,-4.42,-7.59,FAIL,,
momentum,Stochastic extremes,1h,short,uptrend|pulling back in trend|messy|expanding,14,-24.7063,28.57,-3.46,4,-103.1883,0.0,-4.13,-4.13,UNRELIABLE,,
momentum,Stochastic extremes,1h,long,transition|at range high|messy|expanding,1,238.4856,100.0,2.38,2,-57.3166,50.0,-1.15,-1.76,UNRELIABLE,,
momentum,Stochastic extremes,1h,short,transition|at range high|messy|expanding,180,-15.0519,38.33,-27.09,71,-12.7031,36.62,-9.02,-15.2,FAIL,,
momentum,Stochastic extremes,1h,long,downtrend|at range low|messy|contracting,89,-20.5901,38.2,-18.33,28,25.5341,46.43,7.15,-4.83,FAIL,,
momentum,Stochastic extremes,1h,short,downtrend|at range low|messy|contracting,1,-130.1986,0.0,-1.3,0,0.0,0.0,0.0,0.0,UNRELIABLE,,
momentum,Stochastic extremes,1h,long,transition|at range low|messy|contracting,86,-10.0913,38.37,-8.68,38,40.4815,57.89,15.38,-6.81,FAIL,,
momentum,Stochastic extremes,1h,short,transition|at range low|messy|contracting,0,,,,0,,,,,NO-TRADES,,
momentum,Stochastic extremes,1h,long,downtrend|at range low|messy|expanding,126,6.4225,42.86,8.09,51,46.3912,49.02,23.66,-6.68,SURVIVOR,,
momentum,Stochastic extremes,1h,short,downtrend|at range low|messy|expanding,3,-72.6906,33.33,-2.18,0,0.0,0.0,0.0,0.0,UNRELIABLE,,
momentum,Stochastic extremes,1h,long,transition|at range low|messy|expanding,164,-7.4039,39.63,-12.14,62,-0.8458,41.94,-0.52,-16.4,FAIL,,
momentum,Stochastic extremes,1h,short,transition|at range low|messy|expanding,1,3.3947,100.0,0.03,0,0.0,0.0,0.0,0.0,UNRELIABLE,,
momentum,Stochastic extremes,1h,long,transition|mid range|clean|contracting,16,-17.8843,37.5,-2.86,2,-67.3732,0.0,-1.35,-3.22,UNRELIABLE,,
momentum,Stochastic extremes,1h,short,transition|mid range|clean|contracting,18,-1.8426,33.33,-0.33,9,74.8826,55.56,6.74,-4.21,UNRELIABLE,,
momentum,Stochastic extremes,1h,long,transition|mid range|clean|expanding,31,35.0748,45.16,10.87,12,-63.9073,16.67,-7.67,-8.17,FAIL,,
momentum,Stochastic extremes,1h,short,transition|mid range|clean|expanding,23,-46.4662,30.43,-10.69,6,-56.8559,16.67,-3.41,-4.66,UNRELIABLE,,
momentum,Stochastic extremes,1h,long,transition|mid range|messy|stalling,13,-9.9292,38.46,-1.29,5,14.1422,40.0,0.71,-2.84,UNRELIABLE,,
momentum,Stochastic extremes,1h,short,transition|mid range|messy|stalling,17,7.2613,41.18,1.23,6,-17.5744,33.33,-1.05,-3.37,UNRELIABLE,,
momentum,Stochastic extremes,1h,long,transition|at range high|clean|contracting,0,,,,0,,,,,NO-TRADES,,
momentum,Stochastic extremes,1h,short,transition|at range high|clean|contracting,42,-29.649,30.95,-12.45,17,-36.9106,29.41,-6.27,-11.65,FAIL,,
momentum,Stochastic extremes,1h,long,downtrend|pulling back in trend|clean|contracting,5,43.3825,60.0,2.17,1,-132.5766,0.0,-1.33,-1.33,UNRELIABLE,,
momentum,Stochastic extremes,1h,short,downtrend|pulling back in trend|clean|contracting,15,-14.5247,40.0,-2.18,9,23.0326,44.44,2.07,-5.32,UNRELIABLE,,
momentum,Stochastic extremes,1h,long,uptrend|pulling back in trend|clean|contracting,15,-2.0831,33.33,-0.31,1,123.162,100.0,1.23,-1.77,UNRELIABLE,,
momentum,Stochastic extremes,1h,short,uptrend|pulling back in trend|clean|contracting,3,-83.4407,33.33,-2.5,1,239.0716,100.0,2.39,-0.45,UNRELIABLE,,
momentum,Stochastic extremes,1h,long,uptrend|at range high|clean|contracting,2,89.0011,50.0,1.78,0,0.0,0.0,0.0,0.0,UNRELIABLE,,
momentum,Stochastic extremes,1h,short,uptrend|at range high|clean|contracting,44,-9.5158,38.64,-4.19,10,-68.9667,20.0,-6.9,-9.55,FAIL,,
momentum,Stochastic extremes,1h,long,uptrend|pulling back in trend|clean|expanding,39,1.4511,43.59,0.57,17,39.4991,52.94,6.71,-4.81,SURVIVOR,,
momentum,Stochastic extremes,1h,short,uptrend|pulling back in trend|clean|expanding,5,-14.4399,40.0,-0.72,0,0.0,0.0,0.0,0.0,UNRELIABLE,,
momentum,Stochastic extremes,1h,long,downtrend|pulling back in trend|clean|expanding,2,-131.7878,0.0,-2.64,2,-131.8979,0.0,-2.64,-4.09,UNRELIABLE,,
momentum,Stochastic extremes,1h,short,downtrend|pulling back in trend|clean|expanding,32,63.1896,56.25,20.22,10,15.0399,40.0,1.5,-4.1,SURVIVOR,,
momentum,Stochastic extremes,1h,long,transition|at range high|clean|expanding,2,248.8428,100.0,4.98,0,0.0,0.0,0.0,0.0,UNRELIABLE,,
momentum,Stochastic extremes,1h,short,transition|at range high|clean|expanding,80,-14.4929,36.25,-11.59,26,-19.7076,34.62,-5.12,-11.89,FAIL,,
momentum,Stochastic extremes,1h,long,transition|at range low|clean|contracting,41,-5.0519,39.02,-2.07,18,46.4734,55.56,8.37,-5.8,FAIL,,
momentum,Stochastic extremes,1h,short,transition|at range low|clean|contracting,0,,,,0,,,,,NO-TRADES,,
momentum,Stochastic extremes,1h,long,downtrend|at range high|messy|contracting,0,,,,0,,,,,NO-TRADES,,
momentum,Stochastic extremes,1h,short,downtrend|at range high|messy|contracting,47,-22.64,36.17,-10.64,19,-33.3883,36.84,-6.34,-10.81,FAIL,,
momentum,Stochastic extremes,1h,long,uptrend|at range high|clean|expanding,1,249.0262,100.0,2.49,1,-133.2213,0.0,-1.33,-1.84,UNRELIABLE,,
momentum,Stochastic extremes,1h,short,uptrend|at range high|clean|expanding,70,-3.4204,37.14,-2.39,30,5.423,40.0,1.63,-10.37,FAIL,,
momentum,Stochastic extremes,1h,long,downtrend|at range low|clean|contracting,27,1.0976,37.04,0.3,18,-22.8454,33.33,-4.11,-9.17,FAIL,,
momentum,Stochastic extremes,1h,short,downtrend|at range low|clean|contracting,0,,,,0,,,,,NO-TRADES,,
momentum,Stochastic extremes,1h,long,downtrend|pulling back in trend|messy|stalling,7,-79.593,14.29,-5.57,1,-18.7021,0.0,-0.19,-0.97,UNRELIABLE,,
momentum,Stochastic extremes,1h,short,downtrend|pulling back in trend|messy|stalling,15,-42.5461,33.33,-6.38,5,-79.7259,20.0,-3.99,-5.18,UNRELIABLE,,
momentum,Stochastic extremes,1h,long,uptrend|at range high|messy|stalling,0,,,,0,,,,,NO-TRADES,,
momentum,Stochastic extremes,1h,short,uptrend|at range high|messy|stalling,57,-11.7342,36.84,-6.69,28,-25.9418,28.57,-7.26,-9.32,FAIL,,
momentum,Stochastic extremes,1h,long,transition|at range low|clean|expanding,74,-8.4757,39.19,-6.27,25,-26.387,36.0,-6.6,-13.19,FAIL,,
momentum,Stochastic extremes,1h,short,transition|at range low|clean|expanding,1,-132.4422,0.0,-1.32,0,0.0,0.0,0.0,0.0,UNRELIABLE,,
momentum,Stochastic extremes,1h,long,uptrend|pulling back in trend|messy|stalling,15,-5.6771,33.33,-0.85,2,50.3668,50.0,1.01,-2.33,UNRELIABLE,,
momentum,Stochastic extremes,1h,short,uptrend|pulling back in trend|messy|stalling,1,249.4038,100.0,2.49,3,-112.9808,0.0,-3.39,-4.34,UNRELIABLE,,
momentum,Stochastic extremes,1h,long,uptrend|at range low|messy|contracting,53,-8.9835,41.51,-4.76,23,-21.6491,39.13,-4.98,-7.9,FAIL,,
momentum,Stochastic extremes,1h,short,uptrend|at range low|messy|contracting,0,,,,0,,,,,NO-TRADES,,
momentum,Stochastic extremes,1h,long,downtrend|at range high|messy|expanding,1,-132.3464,0.0,-1.32,0,0.0,0.0,0.0,0.0,UNRELIABLE,,
momentum,Stochastic extremes,1h,short,downtrend|at range high|messy|expanding,99,-19.3588,36.36,-19.17,36,-10.8443,38.89,-3.9,-9.38,FAIL,,
momentum,Stochastic extremes,1h,long,uptrend|at range low|messy|expanding,87,-18.5381,39.08,-16.13,40,-37.1523,25.0,-14.86,-18.43,FAIL,,
momentum,Stochastic extremes,1h,short,uptrend|at range low|messy|expanding,0,,,,0,,,,,NO-TRADES,,
momentum,Stochastic extremes,1h,long,downtrend|at range low|clean|expanding,55,-39.8374,27.27,-21.91,28,-13.4316,32.14,-3.76,-11.59,FAIL,,
momentum,Stochastic extremes,1h,short,downtrend|at range low|clean|expanding,0,,,,0,,,,,NO-TRADES,,
momentum,Stochastic extremes,15m,long,transition|mid range|messy|contracting,151,6.1141,45.03,9.23,53,6.4843,45.28,3.44,-2.89,SURVIVOR,0.5845,0.5611
momentum,Stochastic extremes,15m,short,transition|mid range|messy|contracting,198,-1.9445,38.89,-3.85,66,-2.7487,40.91,-1.81,-7.79,FAIL,1.3571,1.6487
momentum,Stochastic extremes,15m,long,transition|mid range|messy|expanding,271,-7.6532,35.42,-20.74,78,9.9636,47.44,7.77,-4.7,FAIL,37.4214,0.4532
momentum,Stochastic extremes,15m,short,transition|mid range|messy|expanding,300,-7.642,35.0,-22.93,80,-8.7986,33.75,-7.04,-9.97,FAIL,,
momentum,Stochastic extremes,15m,long,downtrend|pulling back in trend|messy|contracting,35,-5.8435,37.14,-2.05,8,9.4072,50.0,0.75,-1.47,FAIL,3.0194,0.4526
momentum,Stochastic extremes,15m,short,downtrend|pulling back in trend|messy|contracting,157,-11.1588,31.21,-17.52,58,-12.2136,29.31,-7.08,-9.3,FAIL,,
momentum,Stochastic extremes,15m,long,uptrend|at range high|messy|contracting,9,-11.7068,33.33,-1.05,0,0.0,0.0,0.0,0.0,UNRELIABLE,,
momentum,Stochastic extremes,15m,short,uptrend|at range high|messy|contracting,411,-5.0737,37.96,-20.85,158,-5.5314,37.97,-8.74,-12.45,FAIL,4.351,3.7034
momentum,Stochastic extremes,15m,long,uptrend|pulling back in trend|messy|contracting,152,-12.8182,31.58,-19.48,62,7.3639,46.77,4.57,-3.88,FAIL,,0.5215
momentum,Stochastic extremes,15m,short,uptrend|pulling back in trend|messy|contracting,40,-14.8442,30.0,-5.94,10,2.7638,40.0,0.28,-2.11,FAIL,,0.7381
momentum,Stochastic extremes,15m,long,downtrend|pulling back in trend|messy|expanding,55,-18.5331,30.91,-10.19,17,3.9612,41.18,0.67,-2.9,FAIL,,0.6798
momentum,Stochastic extremes,15m,short,downtrend|pulling back in trend|messy|expanding,307,-7.7439,34.85,-23.77,91,-4.0042,39.56,-3.64,-10.48,FAIL,,2.2031
momentum,Stochastic extremes,15m,long,uptrend|pulling back in trend|messy|expanding,278,-10.2312,34.53,-28.44,85,1.3233,41.18,1.12,-10.24,FAIL,,0.8676
momentum,Stochastic extremes,15m,short,uptrend|pulling back in trend|messy|expanding,50,-9.3952,40.0,-4.7,11,5.0716,45.45,0.56,-2.58,FAIL,,0.592
momentum,Stochastic extremes,15m,long,transition|at range high|messy|contracting,4,19.0852,50.0,0.76,0,0.0,0.0,0.0,0.0,UNRELIABLE,0.2871,
momentum,Stochastic extremes,15m,short,transition|at range high|messy|contracting,448,-8.7015,33.48,-38.98,172,-13.2918,31.4,-22.86,-23.44,FAIL,,
momentum,Stochastic extremes,15m,long,uptrend|at range high|messy|expanding,6,48.112,66.67,2.89,1,-65.2438,0.0,-0.65,-0.76,UNRELIABLE,0.1169,
momentum,Stochastic extremes,15m,short,uptrend|at range high|messy|expanding,581,-10.7812,30.81,-62.64,194,-8.1495,35.57,-15.81,-21.84,FAIL,,
momentum,Stochastic extremes,15m,long,transition|mid range|clean|contracting,82,-8.5217,35.37,-6.99,24,-18.426,33.33,-4.42,-5.63,FAIL,218.9312,
momentum,Stochastic extremes,15m,short,transition|mid range|clean|contracting,78,-23.6331,25.64,-18.43,31,-17.6935,29.03,-5.48,-6.4,FAIL,,
momentum,Stochastic extremes,15m,long,downtrend|at range low|messy|contracting,326,-4.6939,38.65,-15.3,118,-2.7604,38.14,-3.26,-10.37,FAIL,2.4567,1.497
momentum,Stochastic extremes,15m,short,downtrend|at range low|messy|contracting,0,0.0,0.0,0.0,0,0.0,0.0,0.0,0.0,UNRELIABLE,,
momentum,Stochastic extremes,15m,long,transition|at range high|messy|expanding,7,31.341,57.14,2.19,0,0.0,0.0,0.0,0.0,UNRELIABLE,0.1897,
momentum,Stochastic extremes,15m,short,transition|at range high|messy|expanding,618,-4.5152,37.7,-27.9,225,-12.4913,32.0,-28.11,-30.33,FAIL,3.023,
momentum,Stochastic extremes,15m,long,transition|at range low|messy|contracting,385,-6.4865,36.36,-24.97,153,-10.0302,33.99,-15.35,-18.38,FAIL,7.4219,
momentum,Stochastic extremes,15m,short,transition|at range low|messy|contracting,4,20.8363,50.0,0.83,2,-9.7555,50.0,-0.2,-1.12,UNRELIABLE,0.2258,
momentum,Stochastic extremes,15m,long,transition|mid range|clean|expanding,159,-9.1887,34.59,-14.61,42,-11.9172,30.95,-5.01,-5.81,FAIL,,
momentum,Stochastic extremes,15m,short,transition|mid range|clean|expanding,148,2.9688,43.92,4.39,45,2.2356,37.78,1.01,-4.5,SURVIVOR,0.7036,0.7681
momentum,Stochastic extremes,15m,long,downtrend|at range low|messy|expanding,486,-8.3601,35.19,-40.63,173,-6.3484,38.15,-10.98,-14.82,FAIL,,5.0966
momentum,Stochastic extremes,15m,short,downtrend|at range low|messy|expanding,1,-64.094,0.0,-0.64,1,105.5151,100.0,1.06,-0.67,UNRELIABLE,,0.0272
momentum,Stochastic extremes,15m,long,transition|at range low|messy|expanding,582,-8.2239,35.05,-47.86,207,-13.1792,32.37,-27.28,-27.73,FAIL,,
momentum,Stochastic extremes,15m,short,transition|at range low|messy|expanding,3,-8.2077,33.33,-0.25,1,104.891,100.0,1.05,-0.43,UNRELIABLE,,0.0329
momentum,Stochastic extremes,15m,long,downtrend|pulling back in trend|clean|contracting,9,44.1885,66.67,3.98,9,-27.9195,22.22,-2.51,-4.51,UNRELIABLE,0.1235,
momentum,Stochastic extremes,15m,short,downtrend|pulling back in trend|clean|contracting,113,-8.1067,35.4,-9.16,33,9.4221,45.45,3.11,-3.22,FAIL,,0.4394
momentum,Stochastic extremes,15m,long,uptrend|pulling back in trend|clean|contracting,92,-6.9081,36.96,-6.36,25,-14.3157,28.0,-3.58,-3.77,FAIL,6.7092,
momentum,Stochastic extremes,15m,short,uptrend|pulling back in trend|clean|contracting,29,-1.6486,41.38,-0.48,6,-8.4869,33.33,-0.51,-3.11,UNRELIABLE,1.2609,
momentum,Stochastic extremes,15m,long,uptrend|at range high|clean|contracting,3,-9.1372,33.33,-0.27,0,0.0,0.0,0.0,0.0,UNRELIABLE,,
momentum,Stochastic extremes,15m,short,uptrend|at range high|clean|contracting,212,-15.6064,29.25,-33.09,67,-10.4667,34.33,-7.01,-13.45,FAIL,,
momentum,Stochastic extremes,15m,long,downtrend|pulling back in trend|clean|expanding,24,0.4155,45.83,0.1,12,14.3251,50.0,1.72,-2.27,SURVIVOR,0.9516,0.3725
momentum,Stochastic extremes,15m,short,downtrend|pulling back in trend|clean|expanding,149,-7.6351,34.9,-11.38,57,2.2934,43.86,1.31,-4.25,FAIL,,0.7641
momentum,Stochastic extremes,15m,long,uptrend|pulling back in trend|clean|expanding,175,-11.966,30.86,-20.94,70,-16.5055,30.0,-11.55,-14.04,FAIL,,
momentum,Stochastic extremes,15m,short,uptrend|pulling back in trend|clean|expanding,34,-1.3494,41.18,-0.46,8,7.8888,50.0,0.63,-1.62,FAIL,1.2,0.4759
momentum,Stochastic extremes,15m,long,transition|at range high|clean|contracting,2,-66.0532,0.0,-1.32,0,0.0,0.0,0.0,0.0,UNRELIABLE,,
momentum,Stochastic extremes,15m,short,transition|at range high|clean|contracting,242,-9.0026,33.88,-21.79,87,-18.8442,27.59,-16.39,-20.0,FAIL,,
momentum,Stochastic extremes,15m,long,transition|mid range|messy|stalling,73,15.215,49.32,11.11,24,-15.9797,29.17,-3.84,-4.55,FAIL,0.3531,
momentum,Stochastic extremes,15m,short,transition|mid range|messy|stalling,75,-12.2474,33.33,-9.19,30,-26.8552,26.67,-8.06,-10.83,FAIL,,
momentum,Stochastic extremes,15m,long,transition|at range high|clean|expanding,1,103.9863,100.0,1.04,0,0.0,0.0,0.0,0.0,UNRELIABLE,0.0413,
momentum,Stochastic extremes,15m,short,transition|at range high|clean|expanding,403,-9.7167,33.0,-39.16,133,-9.3397,33.83,-12.42,-18.64,FAIL,,
momentum,Stochastic extremes,15m,long,uptrend|at range high|clean|expanding,0,,,,0,,,,,NO-TRADES,,
momentum,Stochastic extremes,15m,short,uptrend|at range high|clean|expanding,360,-10.2944,32.22,-37.06,125,4.5366,42.4,5.67,-5.67,FAIL,,0.6318
momentum,Stochastic extremes,15m,long,downtrend|at range low|clean|contracting,174,-1.392,40.8,-2.42,59,-9.4155,37.29,-5.56,-6.87,FAIL,1.1907,
momentum,Stochastic extremes,15m,short,downtrend|at range low|clean|contracting,2,51.0761,50.0,1.02,0,0.0,0.0,0.0,0.0,UNRELIABLE,0.1158,
momentum,Stochastic extremes,15m,long,transition|at range low|clean|contracting,206,-9.8798,34.95,-20.35,64,-6.4196,34.38,-4.11,-8.32,FAIL,,4.3259
momentum,Stochastic extremes,15m,short,transition|at range low|clean|contracting,0,,,,0,,,,,NO-TRADES,,
momentum,Stochastic extremes,15m,long,transition|at range low|clean|expanding,360,-4.6815,38.33,-16.85,130,-11.5064,33.85,-14.96,-17.75,FAIL,2.5005,
momentum,Stochastic extremes,15m,short,transition|at range low|clean|expanding,3,48.1998,66.67,1.45,1,-65.2822,0.0,-0.65,-0.65,UNRELIABLE,0.1112,
momentum,Stochastic extremes,15m,long,downtrend|at range low|clean|expanding,306,-8.4403,34.97,-25.83,113,-5.4641,38.94,-6.17,-10.62,FAIL,,3.1156
momentum,Stochastic extremes,15m,short,downtrend|at range low|clean|expanding,2,-65.0082,0.0,-1.3,0,0.0,0.0,0.0,0.0,UNRELIABLE,,
momentum,Stochastic extremes,15m,long,downtrend|pulling back in trend|messy|stalling,9,5.3487,44.44,0.48,4,62.0068,75.0,2.48,-0.65,UNRELIABLE,0.6325,0.091
momentum,Stochastic extremes,15m,short,downtrend|pulling back in trend|messy|stalling,60,-7.7656,33.33,-4.66,31,-1.8298,45.16,-0.57,-4.88,FAIL,,1.3547
momentum,Stochastic extremes,15m,long,downtrend|at range high|messy|contracting,1,104.285,100.0,1.04,0,0.0,0.0,0.0,0.0,UNRELIABLE,0.0385,
momentum,Stochastic extremes,15m,short,downtrend|at range high|messy|contracting,225,-11.0768,34.22,-24.92,89,-18.5171,28.09,-16.48,-19.19,FAIL,,
momentum,Stochastic extremes,15m,long,uptrend|pulling back in trend|messy|stalling,91,-4.1977,38.46,-3.82,19,-3.3348,36.84,-0.63,-3.86,FAIL,1.9948,1.6215
momentum,Stochastic extremes,15m,short,uptrend|pulling back in trend|messy|stalling,18,-1.0802,38.89,-0.19,3,48.3938,66.67,1.45,-1.11,UNRELIABLE,1.1623,0.1061
momentum,Stochastic extremes,15m,long,downtrend|at range high|messy|expanding,1,-65.9457,0.0,-0.66,0,0.0,0.0,0.0,0.0,UNRELIABLE,,
momentum,Stochastic extremes,15m,short,downtrend|at range high|messy|expanding,391,-8.4026,34.02,-32.85,123,-4.1762,38.21,-5.14,-12.96,FAIL,,2.3196
momentum,Stochastic extremes,15m,long,uptrend|at range high|messy|stalling,0,,,,0,,,,,NO-TRADES,,
momentum,Stochastic extremes,15m,short,uptrend|at range high|messy|stalling,214,-12.7402,31.78,-27.26,77,-12.2638,33.77,-9.44,-10.81,FAIL,,
momentum,Stochastic RSI extremes,1h,long,transition|mid range|messy|contracting,107,-2.2664,43.93,-2.43,28,2.8911,42.86,0.81,-5.58,FAIL,,
momentum,Stochastic RSI extremes,1h,short,transition|mid range|messy|contracting,102,-13.155,40.2,-13.42,37,34.9134,51.35,12.92,-7.28,FAIL,,
momentum,Stochastic RSI extremes,1h,long,transition|mid range|messy|expanding,187,-3.0144,39.04,-5.64,64,37.5833,51.56,24.05,-10.96,FAIL,,
momentum,Stochastic RSI extremes,1h,short,transition|mid range|messy|expanding,181,-19.2968,33.7,-34.93,44,6.3342,45.45,2.79,-6.7,FAIL,,
momentum,Stochastic RSI extremes,1h,long,uptrend|at range high|messy|contracting,49,-11.8059,34.69,-5.78,23,-51.8459,26.09,-11.92,-14.07,FAIL,,
momentum,Stochastic RSI extremes,1h,short,uptrend|at range high|messy|contracting,75,-4.4217,38.67,-3.32,29,-14.0928,34.48,-4.09,-11.06,FAIL,,
momentum,Stochastic RSI extremes,1h,long,downtrend|pulling back in trend|messy|contracting,25,24.0265,52.0,6.01,6,-28.4312,33.33,-1.71,-4.19,UNRELIABLE,,
momentum,Stochastic RSI extremes,1h,short,downtrend|pulling back in trend|messy|contracting,107,-15.5111,36.45,-16.6,31,-11.1668,35.48,-3.46,-9.7,FAIL,,
momentum,Stochastic RSI extremes,1h,long,uptrend|pulling back in trend|messy|contracting,122,-32.9647,29.51,-40.22,45,-45.5255,33.33,-20.49,-23.97,FAIL,,
momentum,Stochastic RSI extremes,1h,short,uptrend|pulling back in trend|messy|contracting,27,-35.1656,29.63,-9.49,8,-17.9677,37.5,-1.44,-6.53,FAIL,,
momentum,Stochastic RSI extremes,1h,long,uptrend|at range high|messy|expanding,65,-17.7185,32.31,-11.52,26,-13.409,34.62,-3.49,-8.48,FAIL,,
momentum,Stochastic RSI extremes,1h,short,uptrend|at range high|messy|expanding,118,10.9818,43.22,12.96,50,23.4298,46.0,11.71,-6.41,SURVIVOR,,
momentum,Stochastic RSI extremes,1h,long,downtrend|pulling back in trend|messy|expanding,56,-14.3483,35.71,-8.04,10,75.5237,60.0,7.55,-2.71,FAIL,,
momentum,Stochastic RSI extremes,1h,short,downtrend|pulling back in trend|messy|expanding,193,-10.2614,36.79,-19.8,57,11.3212,45.61,6.45,-8.55,FAIL,,
momentum,Stochastic RSI extremes,1h,long,transition|at range high|messy|contracting,29,0.9627,48.28,0.28,10,16.0879,40.0,1.61,-4.4,SURVIVOR,,
momentum,Stochastic RSI extremes,1h,short,transition|at range high|messy|contracting,87,-25.9597,32.18,-22.58,21,-10.5134,33.33,-2.21,-8.35,FAIL,,
momentum,Stochastic RSI extremes,1h,long,uptrend|pulling back in trend|messy|expanding,204,-6.1418,38.73,-12.53,56,-4.5243,41.07,-2.53,-8.46,FAIL,,
momentum,Stochastic RSI extremes,1h,short,uptrend|pulling back in trend|messy|expanding,41,-32.2243,31.71,-13.21,15,-55.7545,13.33,-8.36,-9.79,FAIL,,
momentum,Stochastic RSI extremes,1h,long,transition|at range high|messy|expanding,40,-2.1559,40.0,-0.86,10,-76.057,20.0,-7.61,-9.98,FAIL,,
momentum,Stochastic RSI extremes,1h,short,transition|at range high|messy|expanding,156,-12.1172,39.74,-18.9,57,-16.6018,31.58,-9.46,-16.38,FAIL,,
momentum,Stochastic RSI extremes,1h,long,downtrend|at range low|messy|contracting,74,-10.6224,40.54,-7.86,22,29.0842,45.45,6.4,-5.53,FAIL,,
momentum,Stochastic RSI extremes,1h,short,downtrend|at range low|messy|contracting,36,1.8037,38.89,0.65,13,-9.3876,30.77,-1.22,-3.95,FAIL,,
momentum,Stochastic RSI extremes,1h,long,transition|at range low|messy|contracting,78,-15.4485,34.62,-12.05,25,73.6555,64.0,18.41,-5.25,FAIL,,
momentum,Stochastic RSI extremes,1h,short,transition|at range low|messy|contracting,22,-34.9934,27.27,-7.7,4,-129.6996,0.0,-5.19,-5.19,UNRELIABLE,,
momentum,Stochastic RSI extremes,1h,long,downtrend|at range low|messy|expanding,118,-11.4142,38.98,-13.47,35,9.9813,45.71,3.49,-5.93,FAIL,,
momentum,Stochastic RSI extremes,1h,short,downtrend|at range low|messy|expanding,45,5.2672,42.22,2.37,14,3.4137,35.71,0.48,-5.24,SURVIVOR,,
momentum,Stochastic RSI extremes,1h,long,transition|at range low|messy|expanding,141,-8.6656,39.01,-12.22,60,26.2256,48.33,15.74,-9.91,FAIL,,
momentum,Stochastic RSI extremes,1h,short,transition|at range low|messy|expanding,20,18.0458,45.0,3.61,9,-32.3452,22.22,-2.91,-4.7,FAIL,,
momentum,Stochastic RSI extremes,1h,long,transition|mid range|clean|contracting,35,-7.4862,40.0,-2.62,12,-42.0388,33.33,-5.04,-5.53,FAIL,,
momentum,Stochastic RSI extremes,1h,short,transition|mid range|clean|contracting,40,-18.4592,35.0,-7.38,15,11.489,46.67,1.72,-4.8,FAIL,,
momentum,Stochastic RSI extremes,1h,long,transition|mid range|clean|expanding,77,-12.3983,35.06,-9.55,23,-34.0576,26.09,-7.83,-10.88,FAIL,,
momentum,Stochastic RSI extremes,1h,short,transition|mid range|clean|expanding,61,-18.2171,39.34,-11.11,23,-27.178,34.78,-6.25,-11.33,FAIL,,
momentum,Stochastic RSI extremes,1h,long,transition|mid range|messy|stalling,59,-3.0713,45.76,-1.81,11,-13.1205,36.36,-1.44,-5.19,FAIL,,
momentum,Stochastic RSI extremes,1h,short,transition|mid range|messy|stalling,40,20.919,50.0,8.37,13,-10.4786,46.15,-1.36,-8.08,FAIL,,
momentum,Stochastic RSI extremes,1h,long,transition|at range high|clean|contracting,7,-78.6079,14.29,-5.5,0,0.0,0.0,0.0,0.0,UNRELIABLE,,
momentum,Stochastic RSI extremes,1h,short,transition|at range high|clean|contracting,21,-67.4932,14.29,-14.17,14,-5.4202,35.71,-0.76,-5.7,FAIL,,
momentum,Stochastic RSI extremes,1h,long,downtrend|pulling back in trend|clean|contracting,11,17.0834,36.36,1.88,0,0.0,0.0,0.0,0.0,UNRELIABLE,,
momentum,Stochastic RSI extremes,1h,short,downtrend|pulling back in trend|clean|contracting,51,-33.3112,25.49,-16.99,18,1.1702,38.89,0.21,-5.54,FAIL,,
momentum,Stochastic RSI extremes,1h,long,uptrend|pulling back in trend|clean|contracting,51,-12.9654,35.29,-6.61,10,14.9382,60.0,1.49,-4.83,FAIL,,
momentum,Stochastic RSI extremes,1h,short,uptrend|pulling back in trend|clean|contracting,9,-47.8327,44.44,-4.3,0,0.0,0.0,0.0,0.0,UNRELIABLE,,
momentum,Stochastic RSI extremes,1h,long,uptrend|at range high|clean|contracting,19,47.1933,57.89,8.97,7,-59.2048,14.29,-4.14,-5.22,UNRELIABLE,,
momentum,Stochastic RSI extremes,1h,short,uptrend|at range high|clean|contracting,26,-32.3686,30.77,-8.42,9,-36.3278,22.22,-3.27,-5.89,FAIL,,
momentum,Stochastic RSI extremes,1h,long,uptrend|pulling back in trend|clean|expanding,87,-2.8019,42.53,-2.44,37,-27.5936,32.43,-10.21,-15.21,FAIL,,
momentum,Stochastic RSI extremes,1h,short,uptrend|pulling back in trend|clean|expanding,16,-19.6584,31.25,-3.15,4,-129.3383,0.0,-5.17,-5.67,UNRELIABLE,,
momentum,Stochastic RSI extremes,1h,long,downtrend|pulling back in trend|clean|expanding,24,10.3375,41.67,2.48,8,38.7906,50.0,3.1,-2.8,SURVIVOR,,
momentum,Stochastic RSI extremes,1h,short,downtrend|pulling back in trend|clean|expanding,70,-15.0334,35.71,-10.52,31,-25.9479,29.03,-8.04,-10.53,FAIL,,
momentum,Stochastic RSI extremes,1h,long,transition|at range high|clean|expanding,9,127.1648,77.78,11.44,6,-29.2032,33.33,-1.75,-6.46,UNRELIABLE,,
momentum,Stochastic RSI extremes,1h,short,transition|at range high|clean|expanding,56,-4.98,41.07,-2.79,29,-43.4298,27.59,-12.59,-16.37,FAIL,,
momentum,Stochastic RSI extremes,1h,long,transition|at range low|clean|contracting,36,15.7144,44.44,5.66,9,88.148,77.78,7.93,-3.61,SURVIVOR,,
momentum,Stochastic RSI extremes,1h,short,transition|at range low|clean|contracting,3,-83.6996,33.33,-2.51,3,210.7975,100.0,6.32,-0.79,UNRELIABLE,,
momentum,Stochastic RSI extremes,1h,long,downtrend|at range high|messy|contracting,8,49.3142,50.0,3.95,0,0.0,0.0,0.0,0.0,UNRELIABLE,,
momentum,Stochastic RSI extremes,1h,short,downtrend|at range high|messy|contracting,28,-14.4633,35.71,-4.05,13,-72.4433,23.08,-9.42,-9.96,FAIL,,
momentum,Stochastic RSI extremes,1h,long,uptrend|at range high|clean|expanding,19,4.2851,36.84,0.81,4,85.6615,75.0,3.43,-2.49,UNRELIABLE,,
momentum,Stochastic RSI extremes,1h,short,uptrend|at range high|clean|expanding,51,2.5257,39.22,1.29,14,20.3432,42.86,2.85,-4.21,SURVIVOR,,
momentum,Stochastic RSI extremes,1h,long,downtrend|at range low|clean|contracting,25,2.9353,40.0,0.73,6,7.4877,33.33,0.45,-3.52,UNRELIABLE,,
momentum,Stochastic RSI extremes,1h,short,downtrend|at range low|clean|contracting,9,-65.7296,22.22,-5.92,4,52.0831,50.0,2.08,-3.56,UNRELIABLE,,
momentum,Stochastic RSI extremes,1h,long,downtrend|pulling back in trend|messy|stalling,15,39.6085,46.67,5.94,2,240.3281,100.0,4.81,-0.85,UNRELIABLE,,
momentum,Stochastic RSI extremes,1h,short,downtrend|pulling back in trend|messy|stalling,69,1.1812,39.13,0.82,22,-27.8153,22.73,-6.12,-9.54,FAIL,,
momentum,Stochastic RSI extremes,1h,long,uptrend|at range high|messy|stalling,22,14.8635,50.0,3.27,7,-25.0226,42.86,-1.75,-6.01,UNRELIABLE,,
momentum,Stochastic RSI extremes,1h,short,uptrend|at range high|messy|stalling,34,7.6321,41.18,2.59,16,-62.2669,25.0,-9.96,-11.01,FAIL,,
momentum,Stochastic RSI extremes,1h,long,transition|at range low|clean|expanding,63,21.317,47.62,13.43,16,-68.4565,18.75,-10.95,-12.42,FAIL,,
momentum,Stochastic RSI extremes,1h,short,transition|at range low|clean|expanding,8,-5.1816,37.5,-0.41,2,-46.2228,50.0,-0.92,-1.94,UNRELIABLE,,
momentum,Stochastic RSI extremes,1h,long,uptrend|pulling back in trend|messy|stalling,57,-12.8045,35.09,-7.3,31,8.6648,41.94,2.69,-7.47,FAIL,,
momentum,Stochastic RSI extremes,1h,short,uptrend|pulling back in trend|messy|stalling,10,17.6998,50.0,1.77,3,-112.0913,0.0,-3.36,-4.31,UNRELIABLE,,
momentum,Stochastic RSI extremes,1h,long,uptrend|at range low|messy|contracting,31,49.3561,61.29,15.3,14,-13.0645,42.86,-1.83,-8.05,FAIL,,
momentum,Stochastic RSI extremes,1h,short,uptrend|at range low|messy|contracting,0,0.0,0.0,0.0,1,-132.5686,0.0,-1.33,-1.33,UNRELIABLE,,
momentum,Stochastic RSI extremes,1h,long,downtrend|at range high|messy|expanding,6,-55.7685,16.67,-3.35,3,-11.6909,33.33,-0.35,-3.1,UNRELIABLE,,
momentum,Stochastic RSI extremes,1h,short,downtrend|at range high|messy|expanding,73,-21.9935,32.88,-16.06,26,-14.3807,34.62,-3.74,-9.04,FAIL,,
momentum,Stochastic RSI extremes,1h,long,uptrend|at range low|messy|expanding,70,-5.0739,41.43,-3.55,27,-61.3628,18.52,-16.57,-22.59,FAIL,,
momentum,Stochastic RSI extremes,1h,short,uptrend|at range low|messy|expanding,5,193.3423,100.0,9.67,0,0.0,0.0,0.0,0.0,UNRELIABLE,,
momentum,Stochastic RSI extremes,1h,long,downtrend|at range low|clean|expanding,42,-48.6303,23.81,-20.42,18,23.3263,44.44,4.2,-6.81,FAIL,,
momentum,Stochastic RSI extremes,1h,short,downtrend|at range low|clean|expanding,9,36.1048,55.56,3.25,4,-40.465,25.0,-1.62,-3.34,UNRELIABLE,,
momentum,Stochastic RSI extremes,15m,long,transition|mid range|messy|contracting,368,-7.505,36.14,-27.62,106,-2.1526,40.57,-2.28,-8.59,FAIL,148.992,1.3486
momentum,Stochastic RSI extremes,15m,short,transition|mid range|messy|contracting,360,-5.7051,36.11,-20.54,107,-5.6001,36.45,-5.99,-11.99,FAIL,4.788,4.2979
momentum,Stochastic RSI extremes,15m,long,transition|mid range|messy|expanding,563,-4.6173,36.77,-26.0,177,0.3488,39.55,0.62,-8.15,FAIL,2.3756,0.9588
momentum,Stochastic RSI extremes,15m,short,transition|mid range|messy|expanding,542,-6.6465,35.24,-36.02,154,-8.4295,35.06,-12.98,-15.41,FAIL,76.0519,
momentum,Stochastic RSI extremes,15m,long,downtrend|pulling back in trend|messy|contracting,113,-0.2981,41.59,-0.34,32,14.8317,46.88,4.75,-2.74,FAIL,1.0371,0.3467
momentum,Stochastic RSI extremes,15m,short,downtrend|pulling back in trend|messy|contracting,445,-9.5799,31.46,-42.63,147,-10.2684,33.33,-15.09,-21.75,FAIL,,
momentum,Stochastic RSI extremes,15m,long,uptrend|at range high|messy|contracting,182,-8.1251,35.16,-14.79,62,1.3212,38.71,0.82,-8.39,FAIL,171.732,0.8638
momentum,Stochastic RSI extremes,15m,short,uptrend|at range high|messy|contracting,312,-5.6452,37.82,-17.61,121,-3.4149,38.84,-4.13,-6.2,FAIL,5.4823,1.778
momentum,Stochastic RSI extremes,15m,long,uptrend|pulling back in trend|messy|contracting,420,-8.6879,33.1,-36.49,138,-5.1799,36.96,-7.15,-16.91,FAIL,,2.668
momentum,Stochastic RSI extremes,15m,short,uptrend|pulling back in trend|messy|contracting,101,-9.5572,34.65,-9.65,25,9.2099,44.0,2.3,-3.5,FAIL,,0.4384
momentum,Stochastic RSI extremes,15m,long,downtrend|pulling back in trend|messy|expanding,183,-9.1821,34.43,-16.8,50,-14.9702,28.0,-7.49,-9.66,FAIL,,
momentum,Stochastic RSI extremes,15m,short,downtrend|pulling back in trend|messy|expanding,669,-6.7065,34.53,-44.87,225,-11.4125,32.0,-25.68,-31.47,FAIL,,
momentum,Stochastic RSI extremes,15m,long,uptrend|pulling back in trend|messy|expanding,693,-8.2413,32.61,-57.11,222,0.5502,41.44,1.22,-8.73,FAIL,,0.9367
momentum,Stochastic RSI extremes,15m,short,uptrend|pulling back in trend|messy|expanding,140,-4.9896,39.29,-6.99,44,-2.9893,38.64,-1.32,-4.77,FAIL,3.3874,1.6482
momentum,Stochastic RSI extremes,15m,long,transition|at range high|messy|contracting,92,-9.5143,33.7,-8.75,20,-6.2651,35.0,-1.25,-3.21,FAIL,,3.5769
momentum,Stochastic RSI extremes,15m,short,transition|at range high|messy|contracting,347,-4.7665,38.33,-16.54,115,-21.7109,25.22,-24.97,-25.23,FAIL,3.3437,
momentum,Stochastic RSI extremes,15m,long,uptrend|at range high|messy|expanding,183,-6.6549,35.52,-12.18,67,-19.389,26.87,-12.99,-14.13,FAIL,4.7918,
momentum,Stochastic RSI extremes,15m,short,uptrend|at range high|messy|expanding,471,-7.5911,35.67,-35.75,146,-12.2614,32.19,-17.9,-19.44,FAIL,,
momentum,Stochastic RSI extremes,15m,long,transition|mid range|clean|contracting,175,-10.3129,33.71,-18.05,50,-8.7807,32.0,-4.39,-8.1,FAIL,,
momentum,Stochastic RSI extremes,15m,short,transition|mid range|clean|contracting,161,-14.8382,30.43,-23.89,59,-8.9087,33.9,-5.26,-9.73,FAIL,,
momentum,Stochastic RSI extremes,15m,long,downtrend|at range low|messy|contracting,247,-10.0557,33.6,-24.84,101,1.6777,42.57,1.69,-7.92,FAIL,,0.826
momentum,Stochastic RSI extremes,15m,short,downtrend|at range low|messy|contracting,106,-0.2393,39.62,-0.25,40,-14.1276,30.0,-5.65,-7.6,FAIL,1.0305,
momentum,Stochastic RSI extremes,15m,long,transition|at range high|messy|expanding,82,-8.91,35.37,-7.31,35,18.6249,48.57,6.52,-3.24,FAIL,,0.3062
momentum,Stochastic RSI extremes,15m,short,transition|at range high|messy|expanding,523,-5.9327,36.52,-31.03,192,-14.6481,31.25,-28.12,-31.2,FAIL,7.372,
momentum,Stochastic RSI extremes,15m,long,transition|at range low|messy|contracting,283,-9.225,33.57,-26.11,106,-12.6601,31.13,-13.42,-14.82,FAIL,,
momentum,Stochastic RSI extremes,15m,short,transition|at range low|messy|contracting,55,-7.611,36.36,-4.19,20,-26.3007,25.0,-5.26,-6.3,FAIL,21.3939,
momentum,Stochastic RSI extremes,15m,long,transition|mid range|clean|expanding,290,-4.2688,38.62,-12.38,100,-21.764,24.0,-21.76,-22.75,FAIL,2.123,
momentum,Stochastic RSI extremes,15m,short,transition|mid range|clean|expanding,246,-10.92,32.11,-26.86,70,-11.8329,32.86,-8.28,-10.92,FAIL,,
momentum,Stochastic RSI extremes,15m,long,downtrend|at range low|messy|expanding,461,-6.369,36.88,-29.36,128,-15.3171,30.47,-19.61,-20.95,FAIL,7.8491,
momentum,Stochastic RSI extremes,15m,short,downtrend|at range low|messy|expanding,111,-10.0759,34.23,-11.18,43,-9.3365,32.56,-4.01,-7.12,FAIL,,
momentum,Stochastic RSI extremes,15m,long,transition|at range low|messy|expanding,506,-9.7864,33.79,-49.52,178,-7.1962,37.64,-12.81,-16.08,FAIL,,9.389
momentum,Stochastic RSI extremes,15m,short,transition|at range low|messy|expanding,59,-2.4151,38.98,-1.42,26,-17.2042,26.92,-4.47,-5.85,FAIL,1.4188,
momentum,Stochastic RSI extremes,15m,long,downtrend|pulling back in trend|clean|contracting,34,16.8408,50.0,5.73,16,-33.112,18.75,-5.3,-6.27,FAIL,0.31,
momentum,Stochastic RSI extremes,15m,short,downtrend|pulling back in trend|clean|contracting,245,-10.9667,32.65,-26.87,86,0.9656,41.86,0.83,-5.53,FAIL,,0.8868
momentum,Stochastic RSI extremes,15m,long,uptrend|pulling back in trend|clean|contracting,250,-10.6999,33.2,-26.75,92,0.5855,41.3,0.54,-6.22,FAIL,,0.9338
momentum,Stochastic RSI extremes,15m,short,uptrend|pulling back in trend|clean|contracting,47,7.6587,46.81,3.6,12,29.0176,58.33,3.48,-2.05,SURVIVOR,0.4991,0.1874
momentum,Stochastic RSI extremes,15m,long,uptrend|at range high|clean|contracting,69,-1.4833,37.68,-1.02,36,7.2408,44.44,2.61,-4.02,FAIL,1.2095,0.5347
momentum,Stochastic RSI extremes,15m,short,uptrend|at range high|clean|contracting,150,-11.1647,33.33,-16.75,47,-15.5323,29.79,-7.3,-9.33,FAIL,,
momentum,Stochastic RSI extremes,15m,long,downtrend|pulling back in trend|clean|expanding,78,-11.7697,34.62,-9.18,22,-11.9382,31.82,-2.63,-5.31,FAIL,,
momentum,Stochastic RSI extremes,15m,short,downtrend|pulling back in trend|clean|expanding,397,-8.676,33.75,-34.44,127,-12.8056,33.86,-16.26,-20.61,FAIL,,
momentum,Stochastic RSI extremes,15m,long,uptrend|pulling back in trend|clean|expanding,423,-7.5323,34.75,-31.86,151,-8.2285,34.44,-12.42,-15.54,FAIL,,
momentum,Stochastic RSI extremes,15m,short,uptrend|pulling back in trend|clean|expanding,70,-3.2991,40.0,-2.31,30,-6.0478,36.67,-1.81,-6.71,FAIL,1.7211,4.8719
momentum,Stochastic RSI extremes,15m,long,transition|at range high|clean|contracting,26,11.3454,46.15,2.95,11,-63.2213,0.0,-6.95,-6.95,FAIL,0.4012,
momentum,Stochastic RSI extremes,15m,short,transition|at range high|clean|contracting,143,-6.3017,34.97,-9.01,60,-21.6772,26.67,-13.01,-15.31,FAIL,7.7084,
momentum,Stochastic RSI extremes,15m,long,transition|mid range|messy|stalling,209,-5.773,36.84,-12.07,54,-9.0378,33.33,-4.88,-8.39,FAIL,3.6237,
momentum,Stochastic RSI extremes,15m,short,transition|mid range|messy|stalling,165,-6.9005,36.97,-11.39,57,-12.1977,35.09,-6.95,-9.32,FAIL,23.9242,
momentum,Stochastic RSI extremes,15m,long,transition|at range high|clean|expanding,33,18.9933,48.48,6.27,8,-33.7288,25.0,-2.7,-3.32,FAIL,0.2886,
momentum,Stochastic RSI extremes,15m,short,transition|at range high|clean|expanding,298,-13.1906,29.19,-39.31,113,-11.3216,32.74,-12.79,-17.24,FAIL,,
momentum,Stochastic RSI extremes,15m,long,uptrend|at range high|clean|expanding,71,-8.8665,35.21,-6.3,29,1.0757,41.38,0.31,-4.8,FAIL,33.619,0.885
momentum,Stochastic RSI extremes,15m,short,uptrend|at range high|clean|expanding,277,-6.7162,36.1,-18.6,91,-1.8294,38.46,-1.66,-8.39,FAIL,160.6616,1.3036
momentum,Stochastic RSI extremes,15m,long,downtrend|at range low|clean|contracting,120,-2.3984,38.33,-2.88,34,-11.9546,38.24,-4.06,-6.32,FAIL,1.3783,
momentum,Stochastic RSI extremes,15m,short,downtrend|at range low|clean|contracting,37,-18.1122,27.03,-6.7,14,25.0249,57.14,3.5,-3.4,FAIL,,0.217
momentum,Stochastic RSI extremes,15m,long,transition|at range low|clean|contracting,137,-9.9171,35.04,-13.59,57,-19.8484,29.82,-11.31,-12.32,FAIL,,
momentum,Stochastic RSI extremes,15m,short,transition|at range low|clean|contracting,9,10.3798,44.44,0.93,8,-22.7867,25.0,-1.82,-2.21,UNRELIABLE,0.417,
momentum,Stochastic RSI extremes,15m,long,transition|at range low|clean|expanding,287,-9.0283,35.54,-25.91,113,-9.9835,36.28,-11.28,-13.0,FAIL,,
momentum,Stochastic RSI extremes,15m,short,transition|at range low|clean|expanding,24,-13.9995,29.17,-3.36,5,36.766,60.0,1.84,-1.56,UNRELIABLE,,0.1528
momentum,Stochastic RSI extremes,15m,long,downtrend|at range low|clean|expanding,269,-7.0994,36.43,-19.1,81,-7.2793,38.27,-5.9,-9.47,FAIL,15.6514,12.6802
momentum,Stochastic RSI extremes,15m,short,downtrend|at range low|clean|expanding,45,13.8384,48.89,6.23,25,-23.9101,24.0,-5.98,-6.15,FAIL,0.341,
momentum,Stochastic RSI extremes,15m,long,downtrend|pulling back in trend|messy|stalling,46,-17.3799,30.43,-7.99,9,-5.9259,33.33,-0.53,-2.52,FAIL,,3.8687
momentum,Stochastic RSI extremes,15m,short,downtrend|pulling back in trend|messy|stalling,230,-9.2291,32.61,-21.23,71,-7.5847,35.21,-5.39,-9.69,FAIL,,261.4525
momentum,Stochastic RSI extremes,15m,long,downtrend|at range high|messy|contracting,6,-9.0294,33.33,-0.54,4,18.5534,50.0,0.74,-1.64,UNRELIABLE,,0.3108
momentum,Stochastic RSI extremes,15m,short,downtrend|at range high|messy|contracting,135,-9.85,34.07,-13.3,50,-27.8745,20.0,-13.94,-15.08,FAIL,,
momentum,Stochastic RSI extremes,15m,long,uptrend|pulling back in trend|messy|stalling,219,-9.7829,34.25,-21.42,76,-12.9609,31.58,-9.85,-14.64,FAIL,,
momentum,Stochastic RSI extremes,15m,short,uptrend|pulling back in trend|messy|stalling,43,9.3823,46.51,4.03,17,40.6905,64.71,6.92,-1.41,SURVIVOR,0.4296,0.1324
momentum,Stochastic RSI extremes,15m,long,downtrend|at range high|messy|expanding,12,11.1575,50.0,1.34,2,-31.2511,50.0,-0.63,-1.43,UNRELIABLE,0.4101,
momentum,Stochastic RSI extremes,15m,short,downtrend|at range high|messy|expanding,309,-9.0709,34.3,-28.03,100,-11.5439,34.0,-11.54,-17.19,FAIL,,
momentum,Stochastic RSI extremes,15m,long,uptrend|at range high|messy|stalling,71,-13.0484,30.99,-9.26,28,-19.9908,28.57,-5.6,-7.09,FAIL,,
momentum,Stochastic RSI extremes,15m,short,uptrend|at range high|messy|stalling,157,-0.0614,40.76,-0.1,47,-14.1186,34.04,-6.64,-7.18,FAIL,1.0083,
momentum,CCI extremes,1h,long,transition|mid range|messy|contracting,35,-45.3502,28.57,-15.87,10,8.8827,40.0,0.89,-3.54,FAIL,,
momentum,CCI extremes,1h,short,transition|mid range|messy|contracting,32,5.2138,53.12,1.67,8,-66.5475,25.0,-5.32,-6.9,FAIL,,
momentum,CCI extremes,1h,long,transition|mid range|messy|expanding,59,-23.0726,38.98,-13.61,14,-15.5803,35.71,-2.18,-6.9,FAIL,,
momentum,CCI extremes,1h,short,transition|mid range|messy|expanding,40,-18.8655,35.0,-7.55,15,10.8887,53.33,1.63,-7.67,FAIL,,
momentum,CCI extremes,1h,long,uptrend|at range high|messy|contracting,0,,,,0,,,,,NO-TRADES,,
momentum,CCI extremes,1h,short,uptrend|at range high|messy|contracting,56,-3.009,39.29,-1.69,25,-13.1678,48.0,-3.29,-8.44,FAIL,,
momentum,CCI extremes,1h,long,downtrend|pulling back in trend|messy|contracting,21,15.3741,47.62,3.23,3,-23.9508,66.67,-0.72,-1.51,UNRELIABLE,,
momentum,CCI extremes,1h,short,downtrend|pulling back in trend|messy|contracting,7,-58.7359,14.29,-4.11,5,-43.0557,20.0,-2.15,-4.04,UNRELIABLE,,
momentum,CCI extremes,1h,long,uptrend|pulling back in trend|messy|contracting,15,-62.081,26.67,-9.31,7,-17.0641,42.86,-1.19,-3.47,UNRELIABLE,,
momentum,CCI extremes,1h,short,uptrend|pulling back in trend|messy|contracting,21,21.1309,47.62,4.44,4,-128.3475,0.0,-5.13,-5.13,UNRELIABLE,,
momentum,CCI extremes,1h,long,uptrend|at range high|messy|expanding,0,,,,0,,,,,NO-TRADES,,
momentum,CCI extremes,1h,short,uptrend|at range high|messy|expanding,125,-6.6968,38.4,-8.37,48,0.3778,43.75,0.18,-9.91,FAIL,,
momentum,CCI extremes,1h,long,downtrend|pulling back in trend|messy|expanding,35,-18.9346,37.14,-6.63,6,33.218,50.0,1.99,-3.5,UNRELIABLE,,
momentum,CCI extremes,1h,short,downtrend|pulling back in trend|messy|expanding,20,-1.4142,50.0,-0.28,6,-19.133,33.33,-1.15,-2.54,UNRELIABLE,,
momentum,CCI extremes,1h,long,transition|at range high|messy|contracting,0,,,,0,,,,,NO-TRADES,,
momentum,CCI extremes,1h,short,transition|at range high|messy|contracting,75,-19.6157,37.33,-14.71,29,35.1626,48.28,10.2,-7.23,FAIL,,
momentum,CCI extremes,1h,long,uptrend|pulling back in trend|messy|expanding,28,-29.5325,32.14,-8.27,5,-67.5373,20.0,-3.38,-4.27,UNRELIABLE,,
momentum,CCI extremes,1h,short,uptrend|pulling back in trend|messy|expanding,22,-79.0447,22.73,-17.39,5,-35.4809,20.0,-1.77,-3.08,UNRELIABLE,,
momentum,CCI extremes,1h,long,transition|at range high|messy|expanding,0,,,,0,,,,,NO-TRADES,,
momentum,CCI extremes,1h,short,transition|at range high|messy|expanding,145,-20.1333,36.55,-29.19,53,-2.2393,41.51,-1.19,-13.75,FAIL,,
momentum,CCI extremes,1h,long,downtrend|at range low|messy|contracting,40,32.4577,52.5,12.98,18,15.4925,44.44,2.79,-4.76,SURVIVOR,,
momentum,CCI extremes,1h,short,downtrend|at range low|messy|contracting,0,,,,0,,,,,NO-TRADES,,
momentum,CCI extremes,1h,long,transition|at range low|messy|contracting,50,-48.2319,26.0,-24.12,18,28.3301,55.56,5.1,-5.85,FAIL,,
momentum,CCI extremes,1h,short,transition|at range low|messy|contracting,0,,,,0,,,,,NO-TRADES,,
momentum,CCI extremes,1h,long,downtrend|at range low|messy|expanding,113,-24.7044,33.63,-27.92,32,1.8458,37.5,0.59,-10.29,FAIL,,
momentum,CCI extremes,1h,short,downtrend|at range low|messy|expanding,0,,,,0,,,,,NO-TRADES,,
momentum,CCI extremes,1h,long,transition|at range low|messy|expanding,162,9.0576,45.06,14.67,52,12.8188,46.15,6.67,-8.38,SURVIVOR,,
momentum,CCI extremes,1h,short,transition|at range low|messy|expanding,0,,,,0,,,,,NO-TRADES,,
momentum,CCI extremes,1h,long,transition|mid range|clean|contracting,11,-46.9185,36.36,-5.16,4,-11.5276,25.0,-0.46,-2.89,UNRELIABLE,,
momentum,CCI extremes,1h,short,transition|mid range|clean|contracting,9,16.2434,44.44,1.46,4,84.7681,50.0,3.39,-1.59,UNRELIABLE,,
momentum,CCI extremes,1h,long,transition|mid range|clean|expanding,19,-18.2023,36.84,-3.46,6,42.2284,50.0,2.53,-3.28,UNRELIABLE,,
momentum,CCI extremes,1h,short,transition|mid range|clean|expanding,20,-77.2041,15.0,-15.44,6,-51.1555,16.67,-3.07,-4.66,UNRELIABLE,,
momentum,CCI extremes,1h,long,transition|mid range|messy|stalling,11,49.6785,63.64,5.46,3,56.469,66.67,1.69,-1.49,UNRELIABLE,,
momentum,CCI extremes,1h,short,transition|mid range|messy|stalling,9,-27.419,33.33,-2.47,5,36.8389,60.0,1.84,-1.7,UNRELIABLE,,
momentum,CCI extremes,1h,long,transition|at range high|clean|contracting,0,,,,0,,,,,NO-TRADES,,
momentum,CCI extremes,1h,short,transition|at range high|clean|contracting,19,3.2556,42.11,0.62,11,-42.9067,27.27,-4.72,-7.47,UNRELIABLE,,
momentum,CCI extremes,1h,long,downtrend|pulling back in trend|clean|contracting,11,-9.3149,54.55,-1.02,4,-129.9435,0.0,-5.2,-5.2,UNRELIABLE,,
momentum,CCI extremes,1h,short,downtrend|pulling back in trend|clean|contracting,4,147.2657,100.0,5.89,2,-130.5558,0.0,-2.61,-2.64,UNRELIABLE,,
momentum,CCI extremes,1h,long,uptrend|pulling back in trend|clean|contracting,5,-59.4591,20.0,-2.97,1,81.1344,100.0,0.81,-0.91,UNRELIABLE,,
momentum,CCI extremes,1h,short,uptrend|pulling back in trend|clean|contracting,3,-26.2128,66.67,-0.79,0,0.0,0.0,0.0,0.0,UNRELIABLE,,
momentum,CCI extremes,1h,long,uptrend|at range high|clean|contracting,0,,,,0,,,,,NO-TRADES,,
momentum,CCI extremes,1h,short,uptrend|at range high|clean|contracting,26,-0.4975,42.31,-0.13,4,-129.4653,0.0,-5.18,-5.18,UNRELIABLE,,
momentum,CCI extremes,1h,long,uptrend|pulling back in trend|clean|expanding,10,-23.2477,30.0,-2.32,2,18.7749,50.0,0.38,-2.46,UNRELIABLE,,
momentum,CCI extremes,1h,short,uptrend|pulling back in trend|clean|expanding,7,-64.4807,28.57,-4.51,3,-28.9362,33.33,-0.87,-2.7,UNRELIABLE,,
momentum,CCI extremes,1h,long,downtrend|pulling back in trend|clean|expanding,12,-92.183,8.33,-11.06,1,237.7384,100.0,2.38,-0.31,UNRELIABLE,,
momentum,CCI extremes,1h,short,downtrend|pulling back in trend|clean|expanding,10,-44.0119,20.0,-4.4,2,-131.649,0.0,-2.63,-2.63,UNRELIABLE,,
momentum,CCI extremes,1h,long,transition|at range high|clean|expanding,0,,,,0,,,,,NO-TRADES,,
momentum,CCI extremes,1h,short,transition|at range high|clean|expanding,81,-7.3343,38.27,-5.94,23,-61.9077,17.39,-14.24,-16.22,FAIL,,
momentum,CCI extremes,1h,long,transition|at range low|clean|contracting,23,-40.0065,30.43,-9.2,9,62.6621,55.56,5.64,-5.39,FAIL,,
momentum,CCI extremes,1h,short,transition|at range low|clean|contracting,0,,,,0,,,,,NO-TRADES,,
momentum,CCI extremes,1h,long,downtrend|at range high|messy|contracting,0,,,,0,,,,,NO-TRADES,,
momentum,CCI extremes,1h,short,downtrend|at range high|messy|contracting,21,-20.606,47.62,-4.33,5,-1.1609,60.0,-0.06,-3.03,UNRELIABLE,,
momentum,CCI extremes,1h,long,uptrend|at range high|clean|expanding,0,,,,0,,,,,NO-TRADES,,
momentum,CCI extremes,1h,short,uptrend|at range high|clean|expanding,48,1.5127,41.67,0.73,18,15.7235,44.44,2.83,-9.32,SURVIVOR,,
momentum,CCI extremes,1h,long,downtrend|at range low|clean|contracting,19,-29.6953,31.58,-5.64,5,-85.6535,0.0,-4.28,-6.18,UNRELIABLE,,
momentum,CCI extremes,1h,short,downtrend|at range low|clean|contracting,0,,,,0,,,,,NO-TRADES,,
momentum,CCI extremes,1h,long,downtrend|pulling back in trend|messy|stalling,8,-86.3811,12.5,-6.91,0,0.0,0.0,0.0,0.0,UNRELIABLE,,
momentum,CCI extremes,1h,short,downtrend|pulling back in trend|messy|stalling,5,26.9595,60.0,1.35,0,0.0,0.0,0.0,0.0,UNRELIABLE,,
momentum,CCI extremes,1h,long,uptrend|at range high|messy|stalling,0,,,,0,,,,,NO-TRADES,,
momentum,CCI extremes,1h,short,uptrend|at range high|messy|stalling,36,40.3902,52.78,14.54,15,-19.0523,33.33,-2.86,-8.86,FAIL,,
momentum,CCI extremes,1h,long,transition|at range low|clean|expanding,69,2.7156,42.03,1.87,26,-71.7527,19.23,-18.66,-21.42,FAIL,,
momentum,CCI extremes,1h,short,transition|at range low|clean|expanding,0,,,,0,,,,,NO-TRADES,,
momentum,CCI extremes,1h,long,uptrend|pulling back in trend|messy|stalling,6,12.9398,50.0,0.78,4,49.4313,50.0,1.98,-2.68,UNRELIABLE,,
momentum,CCI extremes,1h,short,uptrend|pulling back in trend|messy|stalling,2,0.3509,50.0,0.01,1,-130.6283,0.0,-1.31,-2.07,UNRELIABLE,,
momentum,CCI extremes,1h,long,uptrend|at range low|messy|contracting,25,-19.2331,32.0,-4.81,15,-47.6164,26.67,-7.14,-8.52,FAIL,,
momentum,CCI extremes,1h,short,uptrend|at range low|messy|contracting,0,,,,0,,,,,NO-TRADES,,
momentum,CCI extremes,1h,long,downtrend|at range high|messy|expanding,0,,,,0,,,,,NO-TRADES,,
momentum,CCI extremes,1h,short,downtrend|at range high|messy|expanding,65,-15.3686,36.92,-9.99,29,-0.3032,37.93,-0.09,-8.88,FAIL,,
momentum,CCI extremes,1h,long,uptrend|at range low|messy|expanding,63,-17.925,41.27,-11.29,28,-21.2775,35.71,-5.96,-8.83,FAIL,,
momentum,CCI extremes,1h,short,uptrend|at range low|messy|expanding,0,,,,0,,,,,NO-TRADES,,
momentum,CCI extremes,1h,long,downtrend|at range low|clean|expanding,46,-32.5929,30.43,-14.99,22,-6.4407,36.36,-1.42,-8.64,FAIL,,
momentum,CCI extremes,1h,short,downtrend|at range low|clean|expanding,0,,,,0,,,,,NO-TRADES,,
momentum,CCI extremes,15m,long,transition|mid range|messy|contracting,105,0.1796,41.9,0.19,30,-16.5595,30.0,-4.97,-5.0,FAIL,0.9789,
momentum,CCI extremes,15m,short,transition|mid range|messy|contracting,93,-6.4295,36.56,-5.98,22,-12.246,31.82,-2.69,-7.61,FAIL,6.9681,
momentum,CCI extremes,15m,long,transition|mid range|messy|expanding,159,-10.0096,35.85,-15.92,39,11.1453,46.15,4.35,-2.66,FAIL,,0.4155
momentum,CCI extremes,15m,short,transition|mid range|messy|expanding,125,-7.0345,37.6,-8.79,29,-9.9491,34.48,-2.89,-4.95,FAIL,17.7583,
momentum,CCI extremes,15m,long,downtrend|pulling back in trend|messy|contracting,71,-22.4509,26.76,-15.94,19,-16.2111,31.58,-3.08,-4.85,FAIL,,
momentum,CCI extremes,15m,short,downtrend|pulling back in trend|messy|contracting,32,-18.6749,25.0,-5.98,10,-27.2246,20.0,-2.72,-4.14,FAIL,,
momentum,CCI extremes,15m,long,uptrend|at range high|messy|contracting,0,,,,0,,,,,NO-TRADES,,
momentum,CCI extremes,15m,short,uptrend|at range high|messy|contracting,223,-5.3019,38.12,-11.82,99,-0.217,40.4,-0.21,-7.25,FAIL,3.4419,1.0281
momentum,CCI extremes,15m,long,uptrend|pulling back in trend|messy|contracting,34,11.1128,47.06,3.78,19,-25.3541,26.32,-4.82,-5.69,FAIL,0.4013,
momentum,CCI extremes,15m,short,uptrend|pulling back in trend|messy|contracting,65,-17.537,26.15,-11.4,8,7.4782,50.0,0.6,-1.78,FAIL,,0.456
momentum,CCI extremes,15m,long,downtrend|pulling back in trend|messy|expanding,76,-16.8337,28.95,-12.79,16,11.4996,43.75,1.84,-2.24,FAIL,,0.4037
momentum,CCI extremes,15m,short,downtrend|pulling back in trend|messy|expanding,60,-19.9689,28.33,-11.98,15,-47.8181,13.33,-7.17,-8.15,FAIL,,
momentum,CCI extremes,15m,long,uptrend|pulling back in trend|messy|expanding,77,-16.6511,29.87,-12.82,21,-14.0169,33.33,-2.94,-4.45,FAIL,,
momentum,CCI extremes,15m,short,uptrend|pulling back in trend|messy|expanding,71,1.7548,45.07,1.25,24,7.7242,50.0,1.85,-4.56,SURVIVOR,0.8155,0.4796
momentum,CCI extremes,15m,long,transition|at range high|messy|contracting,0,,,,0,,,,,NO-TRADES,,
momentum,CCI extremes,15m,short,transition|at range high|messy|contracting,250,-5.2126,37.6,-13.03,90,-14.8389,34.44,-13.35,-14.8,FAIL,3.7861,
momentum,CCI extremes,15m,long,uptrend|at range high|messy|expanding,0,,,,0,,,,,NO-TRADES,,
momentum,CCI extremes,15m,short,uptrend|at range high|messy|expanding,389,-11.5195,32.9,-44.81,159,-6.2213,35.85,-9.89,-13.18,FAIL,,5.7532
momentum,CCI extremes,15m,long,transition|mid range|clean|contracting,62,-22.6884,27.42,-14.07,16,-11.0615,37.5,-1.77,-4.35,FAIL,,
momentum,CCI extremes,15m,short,transition|mid range|clean|contracting,35,-18.2292,28.57,-6.38,16,-5.1661,37.5,-0.83,-4.16,FAIL,,2.9854
momentum,CCI extremes,15m,long,downtrend|at range low|messy|contracting,192,-10.5423,34.38,-20.24,72,-15.1385,29.17,-10.9,-16.09,FAIL,,
momentum,CCI extremes,15m,short,downtrend|at range low|messy|contracting,0,,,,0,,,,,NO-TRADES,,
momentum,CCI extremes,15m,long,transition|at range high|messy|expanding,1,-64.531,0.0,-0.65,0,0.0,0.0,0.0,0.0,UNRELIABLE,,
momentum,CCI extremes,15m,short,transition|at range high|messy|expanding,475,-5.5178,37.26,-26.21,173,-14.3051,30.64,-24.75,-26.3,FAIL,5.1978,
momentum,CCI extremes,15m,long,transition|at range low|messy|contracting,236,-4.9009,39.41,-11.57,82,-14.8182,30.49,-12.15,-15.04,FAIL,2.6853,
momentum,CCI extremes,15m,short,transition|at range low|messy|contracting,0,,,,0,,,,,NO-TRADES,,
momentum,CCI extremes,15m,long,transition|mid range|clean|expanding,82,-11.7564,32.93,-9.64,25,-17.5223,28.0,-4.38,-7.32,FAIL,,
momentum,CCI extremes,15m,short,transition|mid range|clean|expanding,70,-11.6187,32.86,-8.13,19,-15.9747,26.32,-3.04,-5.59,FAIL,,
momentum,CCI extremes,15m,long,downtrend|at range low|messy|expanding,416,-6.1379,37.74,-25.53,135,1.4754,42.22,1.99,-11.44,FAIL,6.1731,0.8526
momentum,CCI extremes,15m,short,downtrend|at range low|messy|expanding,1,-64.2228,0.0,-0.64,0,0.0,0.0,0.0,0.0,UNRELIABLE,,
momentum,CCI extremes,15m,long,transition|at range low|messy|expanding,485,-4.2053,38.97,-20.4,168,-15.7233,31.55,-26.42,-27.14,FAIL,2.1075,
momentum,CCI extremes,15m,short,transition|at range low|messy|expanding,1,-65.2663,0.0,-0.65,0,0.0,0.0,0.0,0.0,UNRELIABLE,,
momentum,CCI extremes,15m,long,downtrend|pulling back in trend|clean|contracting,30,-14.8736,33.33,-4.46,8,-23.0532,25.0,-1.84,-3.23,FAIL,,
momentum,CCI extremes,15m,short,downtrend|pulling back in trend|clean|contracting,15,-28.9103,20.0,-4.34,3,48.6042,66.67,1.46,-0.65,UNRELIABLE,,0.1037
momentum,CCI extremes,15m,long,uptrend|pulling back in trend|clean|contracting,20,20.9137,55.0,4.18,7,31.3767,57.14,2.2,-1.18,UNRELIABLE,0.2465,0.1895
momentum,CCI extremes,15m,short,uptrend|pulling back in trend|clean|contracting,25,-15.6316,28.0,-3.91,12,-27.9445,25.0,-3.35,-4.12,FAIL,,
momentum,CCI extremes,15m,long,uptrend|at range high|clean|contracting,1,-65.1813,0.0,-0.65,0,0.0,0.0,0.0,0.0,UNRELIABLE,,
momentum,CCI extremes,15m,short,uptrend|at range high|clean|contracting,112,-15.8922,28.57,-17.8,46,-15.3628,30.43,-7.07,-8.81,FAIL,,
momentum,CCI extremes,15m,long,downtrend|pulling back in trend|clean|expanding,40,-23.7975,30.0,-9.52,11,-41.1422,18.18,-4.53,-5.51,FAIL,,
momentum,CCI extremes,15m,short,downtrend|pulling back in trend|clean|expanding,34,-18.3583,29.41,-6.24,11,-12.7245,45.45,-1.4,-3.44,FAIL,,
momentum,CCI extremes,15m,long,uptrend|pulling back in trend|clean|expanding,48,-25.4384,22.92,-12.21,13,-20.7498,30.77,-2.7,-3.79,FAIL,,
momentum,CCI extremes,15m,short,uptrend|pulling back in trend|clean|expanding,37,-8.8341,37.84,-3.27,8,-11.1822,25.0,-0.89,-1.57,FAIL,,
momentum,CCI extremes,15m,long,transition|at range high|clean|contracting,0,,,,0,,,,,NO-TRADES,,
momentum,CCI extremes,15m,short,transition|at range high|clean|contracting,146,-10.0317,34.93,-14.65,60,-17.9182,31.67,-10.75,-12.93,FAIL,,
momentum,CCI extremes,15m,long,transition|mid range|messy|stalling,47,-10.4613,36.17,-4.92,17,-6.4871,41.18,-1.1,-3.28,FAIL,,4.5185
momentum,CCI extremes,15m,short,transition|mid range|messy|stalling,33,-8.9405,36.36,-2.95,10,-42.7565,20.0,-4.28,-5.82,FAIL,,
momentum,CCI extremes,15m,long,transition|at range high|clean|expanding,0,,,,0,,,,,NO-TRADES,,
momentum,CCI extremes,15m,short,transition|at range high|clean|expanding,348,-12.0339,30.46,-41.88,121,-16.4647,28.93,-19.92,-21.18,FAIL,,
momentum,CCI extremes,15m,long,uptrend|at range high|clean|expanding,0,,,,0,,,,,NO-TRADES,,
momentum,CCI extremes,15m,short,uptrend|at range high|clean|expanding,270,-12.7814,31.48,-34.51,94,-0.201,41.49,-0.19,-5.86,FAIL,,1.0266
momentum,CCI extremes,15m,long,downtrend|at range low|clean|contracting,122,0.8363,41.8,1.02,33,-15.6257,30.3,-5.16,-5.89,FAIL,0.9118,
momentum,CCI extremes,15m,short,downtrend|at range low|clean|contracting,0,,,,0,,,,,NO-TRADES,,
momentum,CCI extremes,15m,long,transition|at range low|clean|contracting,125,-8.6216,35.2,-10.78,39,-20.2413,25.64,-7.89,-11.94,FAIL,,
momentum,CCI extremes,15m,short,transition|at range low|clean|contracting,0,,,,0,,,,,NO-TRADES,,
momentum,CCI extremes,15m,long,transition|at range low|clean|expanding,325,-9.2266,34.77,-29.99,112,-8.3021,35.71,-9.3,-13.24,FAIL,,63.3446
momentum,CCI extremes,15m,short,transition|at range low|clean|expanding,0,,,,0,,,,,NO-TRADES,,
momentum,CCI extremes,15m,long,downtrend|at range low|clean|expanding,295,-3.7883,38.64,-11.18,96,1.265,41.67,1.21,-6.31,FAIL,1.8507,0.8648
momentum,CCI extremes,15m,short,downtrend|at range low|clean|expanding,0,,,,0,,,,,NO-TRADES,,
momentum,CCI extremes,15m,long,downtrend|pulling back in trend|messy|stalling,27,19.9172,51.85,5.38,5,2.17,40.0,0.11,-1.3,UNRELIABLE,0.2936,0.7943
momentum,CCI extremes,15m,short,downtrend|pulling back in trend|messy|stalling,10,-43.407,20.0,-4.34,8,-43.3441,12.5,-3.47,-4.47,UNRELIABLE,,
momentum,CCI extremes,15m,long,downtrend|at range high|messy|contracting,0,,,,0,,,,,NO-TRADES,,
momentum,CCI extremes,15m,short,downtrend|at range high|messy|contracting,124,-8.7474,36.29,-10.85,54,-18.4219,27.78,-9.95,-11.67,FAIL,,
momentum,CCI extremes,15m,long,uptrend|pulling back in trend|messy|stalling,17,-1.974,41.18,-0.34,3,105.078,100.0,3.15,-0.78,UNRELIABLE,1.293,0.0412
momentum,CCI extremes,15m,short,uptrend|pulling back in trend|messy|stalling,16,3.8025,43.75,0.61,4,6.3341,50.0,0.25,-0.82,UNRELIABLE,0.6657,0.5266
momentum,CCI extremes,15m,long,downtrend|at range high|messy|expanding,0,,,,0,,,,,NO-TRADES,,
momentum,CCI extremes,15m,short,downtrend|at range high|messy|expanding,261,-12.1608,32.18,-31.74,87,4.3936,42.53,3.82,-10.87,FAIL,,0.6313
momentum,CCI extremes,15m,long,uptrend|at range high|messy|stalling,0,,,,0,,,,,NO-TRADES,,
momentum,CCI extremes,15m,short,uptrend|at range high|messy|stalling,121,-5.3985,36.36,-6.53,47,20.6526,55.32,9.71,-2.72,FAIL,3.6831,0.2569
momentum,Williams %R extremes,1h,long,transition|mid range|messy|contracting,40,-22.8101,32.5,-9.12,9,-11.015,33.33,-0.99,-3.51,FAIL,,
momentum,Williams %R extremes,1h,short,transition|mid range|messy|contracting,38,-34.8583,36.84,-13.25,22,45.3571,45.45,9.98,-7.49,FAIL,,
momentum,Williams %R extremes,1h,long,transition|mid range|messy|expanding,70,2.1754,42.86,1.52,31,-26.5966,32.26,-8.24,-15.25,FAIL,,
momentum,Williams %R extremes,1h,short,transition|mid range|messy|expanding,84,-22.8537,30.95,-19.2,23,-11.4149,39.13,-2.63,-8.63,FAIL,,
momentum,Williams %R extremes,1h,long,uptrend|at range high|messy|contracting,1,-132.3464,0.0,-1.32,0,0.0,0.0,0.0,0.0,UNRELIABLE,,
momentum,Williams %R extremes,1h,short,uptrend|at range high|messy|contracting,110,-15.7492,31.82,-17.32,38,-0.1633,42.11,-0.06,-7.06,FAIL,,
momentum,Williams %R extremes,1h,long,downtrend|pulling back in trend|messy|contracting,8,-69.8827,12.5,-5.59,0,0.0,0.0,0.0,0.0,UNRELIABLE,,
momentum,Williams %R extremes,1h,short,downtrend|pulling back in trend|messy|contracting,33,3.7553,42.42,1.24,17,-2.5253,35.29,-0.43,-7.25,FAIL,,
momentum,Williams %R extremes,1h,long,uptrend|pulling back in trend|messy|contracting,40,32.5465,47.5,13.02,16,-36.5511,43.75,-5.85,-6.51,FAIL,,
momentum,Williams %R extremes,1h,short,uptrend|pulling back in trend|messy|contracting,13,28.7197,46.15,3.73,2,52.966,50.0,1.06,-1.36,UNRELIABLE,,
momentum,Williams %R extremes,1h,long,uptrend|at range high|messy|expanding,2,51.1751,50.0,1.02,2,50.4829,50.0,1.01,-1.55,UNRELIABLE,,
momentum,Williams %R extremes,1h,short,uptrend|at range high|messy|expanding,160,-18.7672,32.5,-30.03,58,14.4896,44.83,8.4,-9.92,FAIL,,
momentum,Williams %R extremes,1h,long,downtrend|pulling back in trend|messy|expanding,15,-62.8747,26.67,-9.43,4,-26.8672,25.0,-1.07,-2.34,UNRELIABLE,,
momentum,Williams %R extremes,1h,short,downtrend|pulling back in trend|messy|expanding,70,10.2451,42.86,7.17,29,14.2233,48.28,4.12,-5.48,SURVIVOR,,
momentum,Williams %R extremes,1h,long,transition|at range high|messy|contracting,0,,,,0,,,,,NO-TRADES,,
momentum,Williams %R extremes,1h,short,transition|at range high|messy|contracting,122,-9.0907,40.16,-11.09,36,5.3995,38.89,1.94,-8.61,FAIL,,
momentum,Williams %R extremes,1h,long,uptrend|pulling back in trend|messy|expanding,41,-20.1576,34.15,-8.26,18,-24.5393,33.33,-4.42,-7.59,FAIL,,
momentum,Williams %R extremes,1h,short,uptrend|pulling back in trend|messy|expanding,14,-24.7063,28.57,-3.46,4,-103.1883,0.0,-4.13,-4.13,UNRELIABLE,,
momentum,Williams %R extremes,1h,long,transition|at range high|messy|expanding,1,238.4856,100.0,2.38,2,-57.3166,50.0,-1.15,-1.76,UNRELIABLE,,
momentum,Williams %R extremes,1h,short,transition|at range high|messy|expanding,180,-15.0519,38.33,-27.09,71,-12.7031,36.62,-9.02,-15.2,FAIL,,
momentum,Williams %R extremes,1h,long,downtrend|at range low|messy|contracting,89,-20.5901,38.2,-18.33,28,25.5341,46.43,7.15,-4.83,FAIL,,
momentum,Williams %R extremes,1h,short,downtrend|at range low|messy|contracting,1,-130.1986,0.0,-1.3,0,0.0,0.0,0.0,0.0,UNRELIABLE,,
momentum,Williams %R extremes,1h,long,transition|at range low|messy|contracting,86,-10.0913,38.37,-8.68,38,40.4815,57.89,15.38,-6.81,FAIL,,
momentum,Williams %R extremes,1h,short,transition|at range low|messy|contracting,0,,,,0,,,,,NO-TRADES,,
momentum,Williams %R extremes,1h,long,downtrend|at range low|messy|expanding,126,6.4225,42.86,8.09,51,46.3912,49.02,23.66,-6.68,SURVIVOR,,
momentum,Williams %R extremes,1h,short,downtrend|at range low|messy|expanding,3,-72.6906,33.33,-2.18,0,0.0,0.0,0.0,0.0,UNRELIABLE,,
momentum,Williams %R extremes,1h,long,transition|at range low|messy|expanding,164,-7.4039,39.63,-12.14,62,-0.8458,41.94,-0.52,-16.4,FAIL,,
momentum,Williams %R extremes,1h,short,transition|at range low|messy|expanding,1,3.3947,100.0,0.03,0,0.0,0.0,0.0,0.0,UNRELIABLE,,
momentum,Williams %R extremes,1h,long,transition|mid range|clean|contracting,16,-17.8843,37.5,-2.86,2,-67.3732,0.0,-1.35,-3.22,UNRELIABLE,,
momentum,Williams %R extremes,1h,short,transition|mid range|clean|contracting,18,-1.8426,33.33,-0.33,9,74.8826,55.56,6.74,-4.21,UNRELIABLE,,
momentum,Williams %R extremes,1h,long,transition|mid range|clean|expanding,31,35.0748,45.16,10.87,12,-63.9073,16.67,-7.67,-8.17,FAIL,,
momentum,Williams %R extremes,1h,short,transition|mid range|clean|expanding,23,-46.4662,30.43,-10.69,6,-56.8559,16.67,-3.41,-4.66,UNRELIABLE,,
momentum,Williams %R extremes,1h,long,transition|mid range|messy|stalling,13,-9.9292,38.46,-1.29,5,14.1422,40.0,0.71,-2.84,UNRELIABLE,,
momentum,Williams %R extremes,1h,short,transition|mid range|messy|stalling,17,7.2613,41.18,1.23,6,-17.5744,33.33,-1.05,-3.37,UNRELIABLE,,
momentum,Williams %R extremes,1h,long,transition|at range high|clean|contracting,0,,,,0,,,,,NO-TRADES,,
momentum,Williams %R extremes,1h,short,transition|at range high|clean|contracting,42,-29.649,30.95,-12.45,17,-36.9106,29.41,-6.27,-11.65,FAIL,,
momentum,Williams %R extremes,1h,long,downtrend|pulling back in trend|clean|contracting,5,43.3825,60.0,2.17,1,-132.5766,0.0,-1.33,-1.33,UNRELIABLE,,
momentum,Williams %R extremes,1h,short,downtrend|pulling back in trend|clean|contracting,15,-14.5247,40.0,-2.18,9,23.0326,44.44,2.07,-5.32,UNRELIABLE,,
momentum,Williams %R extremes,1h,long,uptrend|pulling back in trend|clean|contracting,15,-2.0831,33.33,-0.31,1,123.162,100.0,1.23,-1.77,UNRELIABLE,,
momentum,Williams %R extremes,1h,short,uptrend|pulling back in trend|clean|contracting,3,-83.4407,33.33,-2.5,1,239.0716,100.0,2.39,-0.45,UNRELIABLE,,
momentum,Williams %R extremes,1h,long,uptrend|at range high|clean|contracting,2,89.0011,50.0,1.78,0,0.0,0.0,0.0,0.0,UNRELIABLE,,
momentum,Williams %R extremes,1h,short,uptrend|at range high|clean|contracting,44,-9.5158,38.64,-4.19,10,-68.9667,20.0,-6.9,-9.55,FAIL,,
momentum,Williams %R extremes,1h,long,uptrend|pulling back in trend|clean|expanding,39,1.4511,43.59,0.57,17,39.4991,52.94,6.71,-4.81,SURVIVOR,,
momentum,Williams %R extremes,1h,short,uptrend|pulling back in trend|clean|expanding,5,-14.4399,40.0,-0.72,0,0.0,0.0,0.0,0.0,UNRELIABLE,,
momentum,Williams %R extremes,1h,long,downtrend|pulling back in trend|clean|expanding,2,-131.7878,0.0,-2.64,2,-131.8979,0.0,-2.64,-4.09,UNRELIABLE,,
momentum,Williams %R extremes,1h,short,downtrend|pulling back in trend|clean|expanding,32,63.1896,56.25,20.22,10,15.0399,40.0,1.5,-4.1,SURVIVOR,,
momentum,Williams %R extremes,1h,long,transition|at range high|clean|expanding,2,248.8428,100.0,4.98,0,0.0,0.0,0.0,0.0,UNRELIABLE,,
momentum,Williams %R extremes,1h,short,transition|at range high|clean|expanding,80,-14.4929,36.25,-11.59,26,-19.7076,34.62,-5.12,-11.89,FAIL,,
momentum,Williams %R extremes,1h,long,transition|at range low|clean|contracting,41,-5.0519,39.02,-2.07,18,46.4734,55.56,8.37,-5.8,FAIL,,
momentum,Williams %R extremes,1h,short,transition|at range low|clean|contracting,0,,,,0,,,,,NO-TRADES,,
momentum,Williams %R extremes,1h,long,downtrend|at range high|messy|contracting,0,,,,0,,,,,NO-TRADES,,
momentum,Williams %R extremes,1h,short,downtrend|at range high|messy|contracting,47,-22.64,36.17,-10.64,19,-33.3883,36.84,-6.34,-10.81,FAIL,,
momentum,Williams %R extremes,1h,long,uptrend|at range high|clean|expanding,1,249.0262,100.0,2.49,1,-133.2213,0.0,-1.33,-1.84,UNRELIABLE,,
momentum,Williams %R extremes,1h,short,uptrend|at range high|clean|expanding,70,-3.4204,37.14,-2.39,30,5.423,40.0,1.63,-10.37,FAIL,,
momentum,Williams %R extremes,1h,long,downtrend|at range low|clean|contracting,27,1.0976,37.04,0.3,18,-22.8454,33.33,-4.11,-9.17,FAIL,,
momentum,Williams %R extremes,1h,short,downtrend|at range low|clean|contracting,0,,,,0,,,,,NO-TRADES,,
momentum,Williams %R extremes,1h,long,downtrend|pulling back in trend|messy|stalling,7,-79.593,14.29,-5.57,1,-18.7021,0.0,-0.19,-0.97,UNRELIABLE,,
momentum,Williams %R extremes,1h,short,downtrend|pulling back in trend|messy|stalling,15,-42.5461,33.33,-6.38,5,-79.7259,20.0,-3.99,-5.18,UNRELIABLE,,
momentum,Williams %R extremes,1h,long,uptrend|at range high|messy|stalling,0,,,,0,,,,,NO-TRADES,,
momentum,Williams %R extremes,1h,short,uptrend|at range high|messy|stalling,57,-11.7342,36.84,-6.69,28,-25.9418,28.57,-7.26,-9.32,FAIL,,
momentum,Williams %R extremes,1h,long,transition|at range low|clean|expanding,74,-8.4757,39.19,-6.27,25,-26.387,36.0,-6.6,-13.19,FAIL,,
momentum,Williams %R extremes,1h,short,transition|at range low|clean|expanding,1,-132.4422,0.0,-1.32,0,0.0,0.0,0.0,0.0,UNRELIABLE,,
momentum,Williams %R extremes,1h,long,uptrend|pulling back in trend|messy|stalling,15,-5.6771,33.33,-0.85,2,50.3668,50.0,1.01,-2.33,UNRELIABLE,,
momentum,Williams %R extremes,1h,short,uptrend|pulling back in trend|messy|stalling,1,249.4038,100.0,2.49,3,-112.9808,0.0,-3.39,-4.34,UNRELIABLE,,
momentum,Williams %R extremes,1h,long,uptrend|at range low|messy|contracting,53,-8.9835,41.51,-4.76,23,-21.6491,39.13,-4.98,-7.9,FAIL,,
momentum,Williams %R extremes,1h,short,uptrend|at range low|messy|contracting,0,,,,0,,,,,NO-TRADES,,
momentum,Williams %R extremes,1h,long,downtrend|at range high|messy|expanding,1,-132.3464,0.0,-1.32,0,0.0,0.0,0.0,0.0,UNRELIABLE,,
momentum,Williams %R extremes,1h,short,downtrend|at range high|messy|expanding,99,-19.3588,36.36,-19.17,36,-10.8443,38.89,-3.9,-9.38,FAIL,,
momentum,Williams %R extremes,1h,long,uptrend|at range low|messy|expanding,87,-18.5381,39.08,-16.13,40,-37.1523,25.0,-14.86,-18.43,FAIL,,
momentum,Williams %R extremes,1h,short,uptrend|at range low|messy|expanding,0,,,,0,,,,,NO-TRADES,,
momentum,Williams %R extremes,1h,long,downtrend|at range low|clean|expanding,55,-39.8374,27.27,-21.91,28,-13.4316,32.14,-3.76,-11.59,FAIL,,
momentum,Williams %R extremes,1h,short,downtrend|at range low|clean|expanding,0,,,,0,,,,,NO-TRADES,,
momentum,Williams %R extremes,15m,long,transition|mid range|messy|contracting,151,6.1141,45.03,9.23,53,6.4843,45.28,3.44,-2.89,SURVIVOR,0.5845,0.5611
momentum,Williams %R extremes,15m,short,transition|mid range|messy|contracting,198,-1.9445,38.89,-3.85,66,-2.7487,40.91,-1.81,-7.79,FAIL,1.3571,1.6487
momentum,Williams %R extremes,15m,long,transition|mid range|messy|expanding,271,-7.6532,35.42,-20.74,78,9.9636,47.44,7.77,-4.7,FAIL,37.4214,0.4532
momentum,Williams %R extremes,15m,short,transition|mid range|messy|expanding,300,-7.642,35.0,-22.93,80,-8.7986,33.75,-7.04,-9.97,FAIL,,
momentum,Williams %R extremes,15m,long,downtrend|pulling back in trend|messy|contracting,35,-5.8435,37.14,-2.05,8,9.4072,50.0,0.75,-1.47,FAIL,3.0194,0.4526
momentum,Williams %R extremes,15m,short,downtrend|pulling back in trend|messy|contracting,157,-11.1588,31.21,-17.52,58,-12.2136,29.31,-7.08,-9.3,FAIL,,
momentum,Williams %R extremes,15m,long,uptrend|at range high|messy|contracting,9,-11.7068,33.33,-1.05,0,0.0,0.0,0.0,0.0,UNRELIABLE,,
momentum,Williams %R extremes,15m,short,uptrend|at range high|messy|contracting,411,-5.0737,37.96,-20.85,158,-5.5314,37.97,-8.74,-12.45,FAIL,4.351,3.7034
momentum,Williams %R extremes,15m,long,uptrend|pulling back in trend|messy|contracting,152,-12.8182,31.58,-19.48,62,7.3639,46.77,4.57,-3.88,FAIL,,0.5215
momentum,Williams %R extremes,15m,short,uptrend|pulling back in trend|messy|contracting,40,-14.8442,30.0,-5.94,10,2.7638,40.0,0.28,-2.11,FAIL,,0.7381
momentum,Williams %R extremes,15m,long,downtrend|pulling back in trend|messy|expanding,55,-18.5331,30.91,-10.19,17,3.9612,41.18,0.67,-2.9,FAIL,,0.6798
momentum,Williams %R extremes,15m,short,downtrend|pulling back in trend|messy|expanding,307,-7.7439,34.85,-23.77,91,-4.0042,39.56,-3.64,-10.48,FAIL,,2.2031
momentum,Williams %R extremes,15m,long,uptrend|pulling back in trend|messy|expanding,278,-10.2312,34.53,-28.44,85,1.3233,41.18,1.12,-10.24,FAIL,,0.8676
momentum,Williams %R extremes,15m,short,uptrend|pulling back in trend|messy|expanding,50,-9.3952,40.0,-4.7,11,5.0716,45.45,0.56,-2.58,FAIL,,0.592
momentum,Williams %R extremes,15m,long,transition|at range high|messy|contracting,4,19.0852,50.0,0.76,0,0.0,0.0,0.0,0.0,UNRELIABLE,0.2871,
momentum,Williams %R extremes,15m,short,transition|at range high|messy|contracting,448,-8.7015,33.48,-38.98,172,-13.2918,31.4,-22.86,-23.44,FAIL,,
momentum,Williams %R extremes,15m,long,uptrend|at range high|messy|expanding,6,48.112,66.67,2.89,1,-65.2438,0.0,-0.65,-0.76,UNRELIABLE,0.1169,
momentum,Williams %R extremes,15m,short,uptrend|at range high|messy|expanding,581,-10.7812,30.81,-62.64,194,-8.1495,35.57,-15.81,-21.84,FAIL,,
momentum,Williams %R extremes,15m,long,transition|mid range|clean|contracting,82,-8.5217,35.37,-6.99,24,-18.426,33.33,-4.42,-5.63,FAIL,218.9312,
momentum,Williams %R extremes,15m,short,transition|mid range|clean|contracting,78,-23.6331,25.64,-18.43,31,-17.6935,29.03,-5.48,-6.4,FAIL,,
momentum,Williams %R extremes,15m,long,downtrend|at range low|messy|contracting,326,-4.6939,38.65,-15.3,118,-2.7604,38.14,-3.26,-10.37,FAIL,2.4567,1.497
momentum,Williams %R extremes,15m,short,downtrend|at range low|messy|contracting,0,0.0,0.0,0.0,0,0.0,0.0,0.0,0.0,UNRELIABLE,,
momentum,Williams %R extremes,15m,long,transition|at range high|messy|expanding,7,31.341,57.14,2.19,0,0.0,0.0,0.0,0.0,UNRELIABLE,0.1897,
momentum,Williams %R extremes,15m,short,transition|at range high|messy|expanding,618,-4.5152,37.7,-27.9,225,-12.4913,32.0,-28.11,-30.33,FAIL,3.023,
momentum,Williams %R extremes,15m,long,transition|at range low|messy|contracting,385,-6.4865,36.36,-24.97,153,-10.0302,33.99,-15.35,-18.38,FAIL,7.4219,
momentum,Williams %R extremes,15m,short,transition|at range low|messy|contracting,4,20.8363,50.0,0.83,2,-9.7555,50.0,-0.2,-1.12,UNRELIABLE,0.2258,
momentum,Williams %R extremes,15m,long,transition|mid range|clean|expanding,159,-9.1887,34.59,-14.61,42,-11.9172,30.95,-5.01,-5.81,FAIL,,
momentum,Williams %R extremes,15m,short,transition|mid range|clean|expanding,148,2.9688,43.92,4.39,45,2.2356,37.78,1.01,-4.5,SURVIVOR,0.7036,0.7681
momentum,Williams %R extremes,15m,long,downtrend|at range low|messy|expanding,486,-8.3601,35.19,-40.63,173,-6.3484,38.15,-10.98,-14.82,FAIL,,5.0966
momentum,Williams %R extremes,15m,short,downtrend|at range low|messy|expanding,1,-64.094,0.0,-0.64,1,105.5151,100.0,1.06,-0.67,UNRELIABLE,,0.0272
momentum,Williams %R extremes,15m,long,transition|at range low|messy|expanding,582,-8.2239,35.05,-47.86,207,-13.1792,32.37,-27.28,-27.73,FAIL,,
momentum,Williams %R extremes,15m,short,transition|at range low|messy|expanding,3,-8.2077,33.33,-0.25,1,104.891,100.0,1.05,-0.43,UNRELIABLE,,0.0329
momentum,Williams %R extremes,15m,long,downtrend|pulling back in trend|clean|contracting,9,44.1885,66.67,3.98,9,-27.9195,22.22,-2.51,-4.51,UNRELIABLE,0.1235,
momentum,Williams %R extremes,15m,short,downtrend|pulling back in trend|clean|contracting,113,-8.1067,35.4,-9.16,33,9.4221,45.45,3.11,-3.22,FAIL,,0.4394
momentum,Williams %R extremes,15m,long,uptrend|pulling back in trend|clean|contracting,92,-6.9081,36.96,-6.36,25,-14.3157,28.0,-3.58,-3.77,FAIL,6.7092,
momentum,Williams %R extremes,15m,short,uptrend|pulling back in trend|clean|contracting,29,-1.6486,41.38,-0.48,6,-8.4869,33.33,-0.51,-3.11,UNRELIABLE,1.2609,
momentum,Williams %R extremes,15m,long,uptrend|at range high|clean|contracting,3,-9.1372,33.33,-0.27,0,0.0,0.0,0.0,0.0,UNRELIABLE,,
momentum,Williams %R extremes,15m,short,uptrend|at range high|clean|contracting,212,-15.6064,29.25,-33.09,67,-10.4667,34.33,-7.01,-13.45,FAIL,,
momentum,Williams %R extremes,15m,long,downtrend|pulling back in trend|clean|expanding,24,0.4155,45.83,0.1,12,14.3251,50.0,1.72,-2.27,SURVIVOR,0.9516,0.3725
momentum,Williams %R extremes,15m,short,downtrend|pulling back in trend|clean|expanding,149,-7.6351,34.9,-11.38,57,2.2934,43.86,1.31,-4.25,FAIL,,0.7641
momentum,Williams %R extremes,15m,long,uptrend|pulling back in trend|clean|expanding,175,-11.966,30.86,-20.94,70,-16.5055,30.0,-11.55,-14.04,FAIL,,
momentum,Williams %R extremes,15m,short,uptrend|pulling back in trend|clean|expanding,34,-1.3494,41.18,-0.46,8,7.8888,50.0,0.63,-1.62,FAIL,1.2,0.4759
momentum,Williams %R extremes,15m,long,transition|at range high|clean|contracting,2,-66.0532,0.0,-1.32,0,0.0,0.0,0.0,0.0,UNRELIABLE,,
momentum,Williams %R extremes,15m,short,transition|at range high|clean|contracting,242,-9.0026,33.88,-21.79,87,-18.8442,27.59,-16.39,-20.0,FAIL,,
momentum,Williams %R extremes,15m,long,transition|mid range|messy|stalling,73,15.215,49.32,11.11,24,-15.9797,29.17,-3.84,-4.55,FAIL,0.3531,
momentum,Williams %R extremes,15m,short,transition|mid range|messy|stalling,75,-12.2474,33.33,-9.19,30,-26.8552,26.67,-8.06,-10.83,FAIL,,
momentum,Williams %R extremes,15m,long,transition|at range high|clean|expanding,1,103.9863,100.0,1.04,0,0.0,0.0,0.0,0.0,UNRELIABLE,0.0413,
momentum,Williams %R extremes,15m,short,transition|at range high|clean|expanding,403,-9.7167,33.0,-39.16,133,-9.3397,33.83,-12.42,-18.64,FAIL,,
momentum,Williams %R extremes,15m,long,uptrend|at range high|clean|expanding,0,,,,0,,,,,NO-TRADES,,
momentum,Williams %R extremes,15m,short,uptrend|at range high|clean|expanding,360,-10.2944,32.22,-37.06,125,4.5366,42.4,5.67,-5.67,FAIL,,0.6318
momentum,Williams %R extremes,15m,long,downtrend|at range low|clean|contracting,174,-1.392,40.8,-2.42,59,-9.4155,37.29,-5.56,-6.87,FAIL,1.1907,
momentum,Williams %R extremes,15m,short,downtrend|at range low|clean|contracting,2,51.0761,50.0,1.02,0,0.0,0.0,0.0,0.0,UNRELIABLE,0.1158,
momentum,Williams %R extremes,15m,long,transition|at range low|clean|contracting,206,-9.8798,34.95,-20.35,64,-6.4196,34.38,-4.11,-8.32,FAIL,,4.3259
momentum,Williams %R extremes,15m,short,transition|at range low|clean|contracting,0,,,,0,,,,,NO-TRADES,,
momentum,Williams %R extremes,15m,long,transition|at range low|clean|expanding,360,-4.6815,38.33,-16.85,130,-11.5064,33.85,-14.96,-17.75,FAIL,2.5005,
momentum,Williams %R extremes,15m,short,transition|at range low|clean|expanding,3,48.1998,66.67,1.45,1,-65.2822,0.0,-0.65,-0.65,UNRELIABLE,0.1112,
momentum,Williams %R extremes,15m,long,downtrend|at range low|clean|expanding,306,-8.4403,34.97,-25.83,113,-5.4641,38.94,-6.17,-10.62,FAIL,,3.1156
momentum,Williams %R extremes,15m,short,downtrend|at range low|clean|expanding,2,-65.0082,0.0,-1.3,0,0.0,0.0,0.0,0.0,UNRELIABLE,,
momentum,Williams %R extremes,15m,long,downtrend|pulling back in trend|messy|stalling,9,5.3487,44.44,0.48,4,62.0068,75.0,2.48,-0.65,UNRELIABLE,0.6325,0.091
momentum,Williams %R extremes,15m,short,downtrend|pulling back in trend|messy|stalling,60,-7.7656,33.33,-4.66,31,-1.8298,45.16,-0.57,-4.88,FAIL,,1.3547
momentum,Williams %R extremes,15m,long,downtrend|at range high|messy|contracting,1,104.285,100.0,1.04,0,0.0,0.0,0.0,0.0,UNRELIABLE,0.0385,
momentum,Williams %R extremes,15m,short,downtrend|at range high|messy|contracting,225,-11.0768,34.22,-24.92,89,-18.5171,28.09,-16.48,-19.19,FAIL,,
momentum,Williams %R extremes,15m,long,uptrend|pulling back in trend|messy|stalling,91,-4.1977,38.46,-3.82,19,-3.3348,36.84,-0.63,-3.86,FAIL,1.9948,1.6215
momentum,Williams %R extremes,15m,short,uptrend|pulling back in trend|messy|stalling,18,-1.0802,38.89,-0.19,3,48.3938,66.67,1.45,-1.11,UNRELIABLE,1.1623,0.1061
momentum,Williams %R extremes,15m,long,downtrend|at range high|messy|expanding,1,-65.9457,0.0,-0.66,0,0.0,0.0,0.0,0.0,UNRELIABLE,,
momentum,Williams %R extremes,15m,short,downtrend|at range high|messy|expanding,391,-8.4026,34.02,-32.85,123,-4.1762,38.21,-5.14,-12.96,FAIL,,2.3196
momentum,Williams %R extremes,15m,long,uptrend|at range high|messy|stalling,0,,,,0,,,,,NO-TRADES,,
momentum,Williams %R extremes,15m,short,uptrend|at range high|messy|stalling,214,-12.7402,31.78,-27.26,77,-12.2638,33.77,-9.44,-10.81,FAIL,,
momentum,ROC 0-cross,1h,long,transition|mid range|messy|contracting,193,-8.6906,39.9,-16.77,63,-0.4556,41.27,-0.29,-13.99,FAIL,,
momentum,ROC 0-cross,1h,short,transition|mid range|messy|contracting,182,-9.4917,36.81,-17.27,52,-0.8064,44.23,-0.42,-13.6,FAIL,,
momentum,ROC 0-cross,1h,long,transition|mid range|messy|expanding,197,17.6894,44.67,34.85,58,-28.3123,29.31,-16.42,-18.25,FAIL,,
momentum,ROC 0-cross,1h,short,transition|mid range|messy|expanding,214,-3.5646,38.79,-7.63,60,-22.9747,33.33,-13.78,-17.55,FAIL,,
momentum,ROC 0-cross,1h,long,uptrend|at range high|messy|contracting,45,36.3255,46.67,16.35,6,74.91,66.67,4.49,-2.02,UNRELIABLE,,
momentum,ROC 0-cross,1h,short,uptrend|at range high|messy|contracting,40,-54.1333,22.5,-21.65,13,-4.9141,46.15,-0.64,-5.75,FAIL,,
momentum,ROC 0-cross,1h,long,downtrend|pulling back in trend|messy|contracting,136,0.3795,41.18,0.52,46,9.8377,43.48,4.53,-10.41,SURVIVOR,,
momentum,ROC 0-cross,1h,short,downtrend|pulling back in trend|messy|contracting,85,-39.6894,25.88,-33.74,20,-34.5017,25.0,-6.9,-12.52,FAIL,,
momentum,ROC 0-cross,1h,long,uptrend|pulling back in trend|messy|contracting,101,-23.7876,29.7,-24.03,30,-19.1528,33.33,-5.75,-7.9,FAIL,,
momentum,ROC 0-cross,1h,short,uptrend|pulling back in trend|messy|contracting,144,15.1453,44.44,21.81,34,2.4645,41.18,0.84,-11.63,SURVIVOR,,
momentum,ROC 0-cross,1h,long,uptrend|at range high|messy|expanding,57,-14.0048,36.84,-7.98,24,-30.0845,33.33,-7.22,-9.22,FAIL,,
momentum,ROC 0-cross,1h,short,uptrend|at range high|messy|expanding,44,-5.5798,36.36,-2.46,12,-27.6364,33.33,-3.32,-7.11,FAIL,,
momentum,ROC 0-cross,1h,long,downtrend|pulling back in trend|messy|expanding,176,6.4949,42.05,11.43,47,11.0124,46.81,5.18,-7.37,SURVIVOR,,
momentum,ROC 0-cross,1h,short,downtrend|pulling back in trend|messy|expanding,94,-13.0385,36.17,-12.26,37,33.3126,51.35,12.33,-7.09,FAIL,,
momentum,ROC 0-cross,1h,long,transition|at range high|messy|contracting,56,-14.0166,33.93,-7.85,7,-28.2626,28.57,-1.98,-5.2,UNRELIABLE,,
momentum,ROC 0-cross,1h,short,transition|at range high|messy|contracting,39,66.0559,58.97,25.76,10,18.5194,50.0,1.85,-7.48,SURVIVOR,,
momentum,ROC 0-cross,1h,long,uptrend|pulling back in trend|messy|expanding,82,12.3472,42.68,10.12,25,11.2873,48.0,2.82,-6.12,SURVIVOR,,
momentum,ROC 0-cross,1h,short,uptrend|pulling back in trend|messy|expanding,173,1.6849,41.62,2.91,53,-3.725,35.85,-1.97,-9.59,FAIL,,
momentum,ROC 0-cross,1h,long,transition|at range high|messy|expanding,115,46.0975,50.43,53.01,40,36.8235,55.0,14.73,-5.47,SURVIVOR,,
momentum,ROC 0-cross,1h,short,transition|at range high|messy|expanding,39,30.487,53.85,11.89,17,104.2702,64.71,17.73,-2.93,SURVIVOR,,
momentum,ROC 0-cross,1h,long,downtrend|at range low|messy|contracting,23,-2.6495,47.83,-0.61,10,9.9889,50.0,1.0,-4.65,FAIL,,
momentum,ROC 0-cross,1h,short,downtrend|at range low|messy|contracting,22,-31.7916,27.27,-6.99,6,9.8968,33.33,0.59,-2.28,UNRELIABLE,,
momentum,ROC 0-cross,1h,long,transition|at range low|messy|contracting,24,-13.6589,37.5,-3.28,9,-37.1541,22.22,-3.34,-5.68,FAIL,,
momentum,ROC 0-cross,1h,short,transition|at range low|messy|contracting,36,-17.1497,33.33,-6.17,11,-40.0506,27.27,-4.41,-7.16,FAIL,,
momentum,ROC 0-cross,1h,long,downtrend|at range low|messy|expanding,30,-12.8571,36.67,-3.86,7,-29.5729,57.14,-2.07,-4.81,UNRELIABLE,,
momentum,ROC 0-cross,1h,short,downtrend|at range low|messy|expanding,43,14.3798,44.19,6.18,6,-40.3533,33.33,-2.42,-3.93,UNRELIABLE,,
momentum,ROC 0-cross,1h,long,transition|at range low|messy|expanding,25,-11.5679,36.0,-2.89,12,64.8858,58.33,7.79,-3.38,FAIL,,
momentum,ROC 0-cross,1h,short,transition|at range low|messy|expanding,96,-4.203,38.54,-4.03,36,-6.9142,36.11,-2.49,-11.8,FAIL,,
momentum,ROC 0-cross,1h,long,transition|mid range|clean|contracting,68,-25.7572,29.41,-17.51,24,-14.7965,33.33,-3.55,-9.51,FAIL,,
momentum,ROC 0-cross,1h,short,transition|mid range|clean|contracting,57,-30.0202,33.33,-17.11,15,-18.2028,33.33,-2.73,-6.83,FAIL,,
momentum,ROC 0-cross,1h,long,transition|mid range|clean|expanding,82,-34.3907,30.49,-28.2,20,-17.3322,35.0,-3.47,-7.01,FAIL,,
momentum,ROC 0-cross,1h,short,transition|mid range|clean|expanding,83,-24.4653,37.35,-20.31,19,22.412,47.37,4.26,-4.5,FAIL,,
momentum,ROC 0-cross,1h,long,transition|mid range|messy|stalling,70,-31.8579,30.0,-22.3,20,-33.4219,30.0,-6.68,-8.16,FAIL,,
momentum,ROC 0-cross,1h,short,transition|mid range|messy|stalling,73,4.3473,42.47,3.17,23,20.5245,43.48,4.72,-4.87,SURVIVOR,,
momentum,ROC 0-cross,1h,long,transition|at range high|clean|contracting,16,-49.2986,25.0,-7.89,6,33.6039,50.0,2.02,-4.48,UNRELIABLE,,
momentum,ROC 0-cross,1h,short,transition|at range high|clean|contracting,13,-36.7714,38.46,-4.78,1,118.18,100.0,1.18,-0.93,UNRELIABLE,,
momentum,ROC 0-cross,1h,long,downtrend|pulling back in trend|clean|contracting,52,22.9464,48.08,11.93,22,-36.142,27.27,-7.95,-8.63,FAIL,,
momentum,ROC 0-cross,1h,short,downtrend|pulling back in trend|clean|contracting,41,-28.4427,26.83,-11.66,12,-53.6547,16.67,-6.44,-9.4,FAIL,,
momentum,ROC 0-cross,1h,long,uptrend|pulling back in trend|clean|contracting,34,-31.7988,26.47,-10.81,13,18.2055,46.15,2.37,-5.04,FAIL,,
momentum,ROC 0-cross,1h,short,uptrend|pulling back in trend|clean|contracting,50,20.8731,52.0,10.44,15,-34.7053,33.33,-5.21,-8.62,FAIL,,
momentum,ROC 0-cross,1h,long,uptrend|at range high|clean|contracting,11,38.0119,54.55,4.18,7,-86.2308,0.0,-6.04,-6.48,UNRELIABLE,,
momentum,ROC 0-cross,1h,short,uptrend|at range high|clean|contracting,11,-66.8828,27.27,-7.36,2,157.2894,100.0,3.15,-0.87,UNRELIABLE,,
momentum,ROC 0-cross,1h,long,uptrend|pulling back in trend|clean|expanding,34,-0.1577,38.24,-0.05,9,24.2587,44.44,2.18,-3.27,FAIL,,
momentum,ROC 0-cross,1h,short,uptrend|pulling back in trend|clean|expanding,69,3.0625,37.68,2.11,27,-28.081,33.33,-7.58,-10.5,FAIL,,
momentum,ROC 0-cross,1h,long,downtrend|pulling back in trend|clean|expanding,67,24.0214,44.78,16.09,19,33.8856,57.89,6.44,-3.03,SURVIVOR,,
momentum,ROC 0-cross,1h,short,downtrend|pulling back in trend|clean|expanding,40,-17.7268,32.5,-7.09,12,-9.2399,33.33,-1.11,-6.76,FAIL,,
momentum,ROC 0-cross,1h,long,transition|at range high|clean|expanding,54,-41.1865,24.07,-22.24,13,-92.2422,7.69,-11.99,-12.32,FAIL,,
momentum,ROC 0-cross,1h,short,transition|at range high|clean|expanding,13,-78.1241,15.38,-10.16,5,-13.3904,40.0,-0.67,-4.63,UNRELIABLE,,
momentum,ROC 0-cross,1h,long,transition|at range low|clean|contracting,9,59.3089,55.56,5.34,4,-29.4887,25.0,-1.18,-2.4,UNRELIABLE,,
momentum,ROC 0-cross,1h,short,transition|at range low|clean|contracting,15,-7.4355,40.0,-1.12,6,9.5032,33.33,0.57,-4.2,UNRELIABLE,,
momentum,ROC 0-cross,1h,long,downtrend|at range high|messy|contracting,34,-15.477,35.29,-5.26,9,33.2176,44.44,2.99,-2.91,FAIL,,
momentum,ROC 0-cross,1h,short,downtrend|at range high|messy|contracting,16,-33.5527,37.5,-5.37,5,-58.2943,20.0,-2.91,-3.91,UNRELIABLE,,
momentum,ROC 0-cross,1h,long,uptrend|at range high|clean|expanding,27,-19.5323,33.33,-5.27,6,68.5749,50.0,4.11,-1.93,UNRELIABLE,,
momentum,ROC 0-cross,1h,short,uptrend|at range high|clean|expanding,11,-36.3598,27.27,-4.0,6,37.1613,66.67,2.23,-2.97,UNRELIABLE,,
momentum,ROC 0-cross,1h,long,downtrend|at range low|clean|contracting,2,176.7419,100.0,3.53,1,-132.5977,0.0,-1.33,-1.88,UNRELIABLE,,
momentum,ROC 0-cross,1h,short,downtrend|at range low|clean|contracting,6,-9.3795,33.33,-0.56,2,86.3956,50.0,1.73,-2.38,UNRELIABLE,,
momentum,ROC 0-cross,1h,long,downtrend|pulling back in trend|messy|stalling,46,17.111,41.3,7.87,15,2.5732,46.67,0.39,-3.42,SURVIVOR,,
momentum,ROC 0-cross,1h,short,downtrend|pulling back in trend|messy|stalling,24,6.299,41.67,1.51,10,-44.4615,30.0,-4.45,-4.8,FAIL,,
momentum,ROC 0-cross,1h,long,uptrend|at range high|messy|stalling,22,35.6749,45.45,7.85,5,-68.3121,20.0,-3.42,-4.58,UNRELIABLE,,
momentum,ROC 0-cross,1h,short,uptrend|at range high|messy|stalling,13,-22.305,38.46,-2.9,6,75.2641,50.0,4.52,-1.69,UNRELIABLE,,
momentum,ROC 0-cross,1h,long,transition|at range low|clean|expanding,9,-50.5974,22.22,-4.55,3,-75.9391,33.33,-2.28,-3.28,UNRELIABLE,,
momentum,ROC 0-cross,1h,short,transition|at range low|clean|expanding,48,-21.4021,35.42,-10.27,19,-25.7306,36.84,-4.89,-10.66,FAIL,,
momentum,ROC 0-cross,1h,long,uptrend|pulling back in trend|messy|stalling,31,-19.95,29.03,-6.18,7,-80.5813,28.57,-5.64,-6.77,UNRELIABLE,,
momentum,ROC 0-cross,1h,short,uptrend|pulling back in trend|messy|stalling,60,-16.3056,36.67,-9.78,18,-34.7345,27.78,-6.25,-11.5,FAIL,,
momentum,ROC 0-cross,1h,long,uptrend|at range low|messy|contracting,5,-129.2838,0.0,-6.46,4,-40.6385,25.0,-1.63,-2.65,UNRELIABLE,,
momentum,ROC 0-cross,1h,short,uptrend|at range low|messy|contracting,26,-51.4501,23.08,-13.38,9,-97.29,0.0,-8.76,-9.36,FAIL,,
momentum,ROC 0-cross,1h,long,downtrend|at range high|messy|expanding,73,26.1913,47.95,19.12,16,-18.9144,31.25,-3.03,-6.71,FAIL,,
momentum,ROC 0-cross,1h,short,downtrend|at range high|messy|expanding,11,119.8247,72.73,13.18,3,88.0969,66.67,2.64,-1.72,UNRELIABLE,,
momentum,ROC 0-cross,1h,long,uptrend|at range low|messy|expanding,8,5.7072,50.0,0.46,1,-132.8431,0.0,-1.33,-1.33,UNRELIABLE,,
momentum,ROC 0-cross,1h,short,uptrend|at range low|messy|expanding,62,6.0485,37.1,3.75,23,126.0818,73.91,29.0,-3.05,SURVIVOR,,
momentum,ROC 0-cross,1h,long,downtrend|at range low|clean|expanding,8,-64.7314,25.0,-5.18,3,-130.7147,0.0,-3.92,-4.17,UNRELIABLE,,
momentum,ROC 0-cross,1h,short,downtrend|at range low|clean|expanding,27,7.7263,37.04,2.09,6,41.8377,50.0,2.51,-2.93,UNRELIABLE,,
momentum,ROC 0-cross,15m,long,transition|mid range|messy|contracting,590,-7.4057,34.58,-43.69,186,-0.9261,40.32,-1.72,-10.43,FAIL,,1.1192
momentum,ROC 0-cross,15m,short,transition|mid range|messy|contracting,564,-6.4932,34.93,-36.62,164,-10.9172,33.54,-17.9,-21.17,FAIL,,
momentum,ROC 0-cross,15m,long,transition|mid range|messy|expanding,607,-5.0877,36.41,-30.88,185,-7.2739,36.76,-13.46,-13.88,FAIL,3.2805,9.1472
momentum,ROC 0-cross,15m,short,transition|mid range|messy|expanding,643,-7.1191,34.06,-45.78,199,-13.0623,31.16,-25.99,-27.62,FAIL,,
momentum,ROC 0-cross,15m,long,downtrend|pulling back in trend|messy|contracting,488,-7.1412,35.45,-34.85,157,-0.7405,42.04,-1.16,-10.41,FAIL,26.3942,1.0931
momentum,ROC 0-cross,15m,short,downtrend|pulling back in trend|messy|contracting,318,-8.6114,33.96,-27.38,87,2.4835,42.53,2.16,-5.7,FAIL,,0.7513
momentum,ROC 0-cross,15m,long,uptrend|at range high|messy|contracting,141,-10.1308,33.33,-14.28,51,-5.0334,35.29,-2.57,-5.06,FAIL,,2.4607
momentum,ROC 0-cross,15m,short,uptrend|at range high|messy|contracting,143,-6.2568,35.66,-8.95,51,-16.8725,29.41,-8.6,-11.46,FAIL,5.4914,
momentum,ROC 0-cross,15m,long,uptrend|pulling back in trend|messy|contracting,290,-10.1716,32.07,-29.5,116,-17.3338,27.59,-20.11,-23.71,FAIL,,
momentum,ROC 0-cross,15m,short,uptrend|pulling back in trend|messy|contracting,495,-7.0712,35.56,-35.0,174,-6.5029,36.21,-11.32,-16.46,FAIL,,8.2346
momentum,ROC 0-cross,15m,long,downtrend|pulling back in trend|messy|expanding,569,-7.766,34.45,-44.19,187,-8.2279,35.83,-15.39,-16.23,FAIL,,
momentum,ROC 0-cross,15m,short,downtrend|pulling back in trend|messy|expanding,320,-7.4613,35.0,-23.88,100,-16.3874,30.0,-16.39,-19.36,FAIL,,
momentum,ROC 0-cross,15m,long,uptrend|pulling back in trend|messy|expanding,316,-8.4982,35.44,-26.85,130,-5.1257,37.69,-6.66,-14.07,FAIL,,2.5829
momentum,ROC 0-cross,15m,short,uptrend|pulling back in trend|messy|expanding,605,-9.3133,31.9,-56.35,193,-7.6507,36.27,-14.77,-17.15,FAIL,,
momentum,ROC 0-cross,15m,long,transition|at range high|messy|contracting,201,-12.0865,30.85,-24.29,58,1.7354,37.93,1.01,-7.15,FAIL,,0.8265
momentum,ROC 0-cross,15m,short,transition|at range high|messy|contracting,144,-1.1117,38.19,-1.6,38,-14.9783,31.58,-5.69,-7.41,FAIL,1.1697,
momentum,ROC 0-cross,15m,long,uptrend|at range high|messy|expanding,242,-6.2918,35.12,-15.23,79,1.6384,39.24,1.29,-7.31,FAIL,5.0546,0.8304
momentum,ROC 0-cross,15m,short,uptrend|at range high|messy|expanding,119,-1.2744,36.97,-1.52,44,-6.6667,34.09,-2.93,-5.96,FAIL,1.1981,7.2549
momentum,ROC 0-cross,15m,long,transition|mid range|clean|contracting,287,-11.2939,32.4,-32.41,92,1.5463,40.22,1.42,-5.72,FAIL,,0.8457
momentum,ROC 0-cross,15m,short,transition|mid range|clean|contracting,318,-5.2694,35.85,-16.76,90,-15.0397,30.0,-13.54,-17.54,FAIL,4.5864,
momentum,ROC 0-cross,15m,long,downtrend|at range low|messy|contracting,87,-18.5964,29.89,-16.18,21,-32.1902,19.05,-6.76,-8.53,FAIL,,
momentum,ROC 0-cross,15m,short,downtrend|at range low|messy|contracting,103,-14.5413,30.1,-14.98,39,-16.6508,33.33,-6.49,-7.21,FAIL,,
momentum,ROC 0-cross,15m,long,transition|at range high|messy|expanding,355,-9.1146,33.52,-32.36,122,-11.0227,32.79,-13.45,-14.08,FAIL,,
momentum,ROC 0-cross,15m,short,transition|at range high|messy|expanding,126,-10.7231,34.13,-13.51,38,26.5787,55.26,10.1,-2.63,FAIL,,0.2146
momentum,ROC 0-cross,15m,long,transition|at range low|messy|contracting,102,-9.2214,35.29,-9.41,34,-8.3842,38.24,-2.85,-5.82,FAIL,,
momentum,ROC 0-cross,15m,short,transition|at range low|messy|contracting,140,-15.8893,28.57,-22.25,51,-30.8928,21.57,-15.76,-16.3,FAIL,,
momentum,ROC 0-cross,15m,long,transition|mid range|clean|expanding,336,-12.8771,30.06,-43.27,107,2.1971,42.06,2.35,-11.1,FAIL,,0.7903
momentum,ROC 0-cross,15m,short,transition|mid range|clean|expanding,336,-1.1395,38.39,-3.83,113,-11.0409,33.63,-12.48,-14.07,FAIL,1.1792,
momentum,ROC 0-cross,15m,long,downtrend|at range low|messy|expanding,75,-15.7845,33.33,-11.84,24,-8.9896,33.33,-2.16,-3.94,FAIL,,
momentum,ROC 0-cross,15m,short,downtrend|at range low|messy|expanding,189,-3.4173,38.62,-6.46,67,-8.6754,35.82,-5.81,-6.9,FAIL,1.8736,
momentum,ROC 0-cross,15m,long,transition|at range low|messy|expanding,82,-11.1643,31.71,-9.15,25,-47.1736,8.0,-11.79,-12.99,FAIL,,
momentum,ROC 0-cross,15m,short,transition|at range low|messy|expanding,315,-1.3143,38.73,-4.14,111,-5.4365,35.14,-6.03,-10.25,FAIL,1.215,3.4813
momentum,ROC 0-cross,15m,long,downtrend|pulling back in trend|clean|contracting,267,-4.4532,37.83,-11.89,85,1.9973,40.0,1.7,-5.8,FAIL,2.2182,0.8101
momentum,ROC 0-cross,15m,short,downtrend|pulling back in trend|clean|contracting,158,-9.1816,34.18,-14.51,54,-3.061,44.44,-1.65,-5.08,FAIL,,1.6924
momentum,ROC 0-cross,15m,long,uptrend|pulling back in trend|clean|contracting,185,-16.0942,27.03,-29.77,59,-10.9473,33.9,-6.46,-12.33,FAIL,,
momentum,ROC 0-cross,15m,short,uptrend|pulling back in trend|clean|contracting,257,-2.6253,39.3,-6.75,86,-4.3126,38.37,-3.71,-11.69,FAIL,1.51,2.2303
momentum,ROC 0-cross,15m,long,uptrend|at range high|clean|contracting,57,-19.9666,31.58,-11.38,16,12.0643,43.75,1.93,-2.0,FAIL,,0.3849
momentum,ROC 0-cross,15m,short,uptrend|at range high|clean|contracting,58,-12.083,34.48,-7.01,23,-13.2697,30.43,-3.05,-5.33,FAIL,,
momentum,ROC 0-cross,15m,long,downtrend|pulling back in trend|clean|expanding,344,-12.9374,30.23,-44.5,109,-10.2227,33.94,-11.14,-11.86,FAIL,,
momentum,ROC 0-cross,15m,short,downtrend|pulling back in trend|clean|expanding,173,-7.7836,34.1,-13.47,49,-12.7216,32.65,-6.23,-11.16,FAIL,,
momentum,ROC 0-cross,15m,long,uptrend|pulling back in trend|clean|expanding,168,-8.2749,33.93,-13.9,46,-3.7989,36.96,-1.75,-6.88,FAIL,,1.824
momentum,ROC 0-cross,15m,short,uptrend|pulling back in trend|clean|expanding,331,-3.6236,38.07,-11.99,115,-5.2982,36.52,-6.09,-11.28,FAIL,2.042,3.4353
momentum,ROC 0-cross,15m,long,transition|at range high|clean|contracting,91,3.9032,42.86,3.55,31,-2.8612,38.71,-0.89,-6.46,FAIL,0.6907,1.4737
momentum,ROC 0-cross,15m,short,transition|at range high|clean|contracting,70,-14.2552,32.86,-9.98,23,-17.5878,30.43,-4.05,-5.65,FAIL,,
momentum,ROC 0-cross,15m,long,transition|mid range|messy|stalling,213,-9.0178,32.86,-19.21,63,-8.2394,34.92,-5.19,-8.78,FAIL,,41.7023
momentum,ROC 0-cross,15m,short,transition|mid range|messy|stalling,223,-5.6859,36.77,-12.68,79,-15.7059,30.38,-12.41,-16.6,FAIL,3.918,
momentum,ROC 0-cross,15m,long,transition|at range high|clean|expanding,214,-0.7532,40.19,-1.61,80,-0.0046,40.0,-0.0,-6.85,FAIL,1.0936,1.0006
momentum,ROC 0-cross,15m,short,transition|at range high|clean|expanding,50,-19.3773,26.0,-9.69,18,-35.7291,16.67,-6.43,-7.58,FAIL,,
momentum,ROC 0-cross,15m,long,uptrend|at range high|clean|expanding,119,-14.1671,29.41,-16.86,41,-12.6451,34.15,-5.18,-9.98,FAIL,,
momentum,ROC 0-cross,15m,short,uptrend|at range high|clean|expanding,40,-4.2558,35.0,-1.7,15,-28.4076,20.0,-4.26,-5.44,FAIL,2.134,
momentum,ROC 0-cross,15m,long,downtrend|at range low|clean|contracting,34,-5.7277,38.24,-1.95,12,-32.0824,16.67,-3.85,-5.86,FAIL,2.8244,
momentum,ROC 0-cross,15m,short,downtrend|at range low|clean|contracting,44,-0.3872,43.18,-0.17,12,10.9192,58.33,1.31,-2.12,FAIL,1.0526,0.375
momentum,ROC 0-cross,15m,long,transition|at range low|clean|contracting,42,2.8775,40.48,1.21,19,-25.9552,26.32,-4.93,-6.72,FAIL,0.7463,
momentum,ROC 0-cross,15m,short,transition|at range low|clean|contracting,77,-15.4258,28.57,-11.88,30,-7.4837,36.67,-2.25,-5.34,FAIL,,16.8871
momentum,ROC 0-cross,15m,long,transition|at range low|clean|expanding,33,-17.1345,27.27,-5.65,14,-5.1514,35.71,-0.72,-2.27,FAIL,,2.4552
momentum,ROC 0-cross,15m,short,transition|at range low|clean|expanding,186,0.1297,40.32,0.24,67,4.1997,44.78,2.81,-7.35,SURVIVOR,0.9837,0.642
momentum,ROC 0-cross,15m,long,downtrend|at range low|clean|expanding,33,-13.8822,36.36,-4.58,10,-23.1243,30.0,-2.31,-2.89,FAIL,,
momentum,ROC 0-cross,15m,short,downtrend|at range low|clean|expanding,110,-1.7121,38.18,-1.88,35,-24.2587,25.71,-8.49,-9.18,FAIL,1.2819,
momentum,ROC 0-cross,15m,long,downtrend|pulling back in trend|messy|stalling,218,-1.3347,40.37,-2.91,71,7.7783,47.89,5.52,-5.92,FAIL,1.1813,0.5138
momentum,ROC 0-cross,15m,short,downtrend|pulling back in trend|messy|stalling,106,-21.695,25.47,-23.0,30,-24.0356,26.67,-7.21,-7.92,FAIL,,
momentum,ROC 0-cross,15m,long,downtrend|at range high|messy|contracting,115,2.4885,40.87,2.86,39,-7.8915,33.33,-3.08,-5.08,FAIL,0.7774,12.0899
momentum,ROC 0-cross,15m,short,downtrend|at range high|messy|contracting,36,-17.7606,33.33,-6.39,20,-20.8518,30.0,-4.17,-5.58,FAIL,,
momentum,ROC 0-cross,15m,long,uptrend|pulling back in trend|messy|stalling,116,-11.3762,32.76,-13.2,31,-4.4381,35.48,-1.38,-3.39,FAIL,,2.1099
momentum,ROC 0-cross,15m,short,uptrend|pulling back in trend|messy|stalling,200,-6.9071,36.0,-13.81,71,-0.2678,39.44,-0.19,-5.37,FAIL,18.7423,1.0355
momentum,ROC 0-cross,15m,long,downtrend|at range high|messy|expanding,266,-9.0415,32.71,-24.05,74,-6.792,37.84,-5.03,-7.82,FAIL,,5.3521
momentum,ROC 0-cross,15m,short,downtrend|at range high|messy|expanding,28,-6.7491,39.29,-1.89,13,-10.1403,30.77,-1.32,-4.73,FAIL,7.2162,
momentum,ROC 0-cross,15m,long,uptrend|at range high|messy|stalling,58,-4.666,36.21,-2.71,28,-32.3031,17.86,-9.04,-10.8,FAIL,2.198,
momentum,ROC 0-cross,15m,short,uptrend|at range high|messy|stalling,35,17.3008,48.57,6.06,14,-16.6928,28.57,-2.34,-3.84,FAIL,0.2819,
momentum,Momentum 0-cross,1h,long,transition|mid range|messy|contracting,185,8.4549,44.32,15.64,58,-2.777,37.93,-1.61,-9.62,FAIL,,
momentum,Momentum 0-cross,1h,short,transition|mid range|messy|contracting,194,-5.4564,37.11,-10.59,53,11.1316,39.62,5.9,-10.27,FAIL,,
momentum,Momentum 0-cross,1h,long,transition|mid range|messy|expanding,207,0.6233,41.06,1.29,60,19.1996,46.67,11.52,-17.38,SURVIVOR,,
momentum,Momentum 0-cross,1h,short,transition|mid range|messy|expanding,224,-19.0431,33.48,-42.66,64,0.1756,39.06,0.11,-19.68,FAIL,,
momentum,Momentum 0-cross,1h,long,uptrend|at range high|messy|contracting,47,1.5015,40.43,0.71,16,-37.5482,31.25,-6.01,-7.4,FAIL,,
momentum,Momentum 0-cross,1h,short,uptrend|at range high|messy|contracting,73,-12.38,35.62,-9.04,21,-5.2787,38.1,-1.11,-8.34,FAIL,,
momentum,Momentum 0-cross,1h,long,downtrend|pulling back in trend|messy|contracting,159,12.2803,43.4,19.53,55,13.0255,45.45,7.16,-8.01,SURVIVOR,,
momentum,Momentum 0-cross,1h,short,downtrend|pulling back in trend|messy|contracting,102,-17.0883,31.37,-17.43,31,-33.8218,25.81,-10.48,-17.29,FAIL,,
momentum,Momentum 0-cross,1h,long,uptrend|pulling back in trend|messy|contracting,101,2.7587,44.55,2.79,38,28.4841,47.37,10.82,-7.08,SURVIVOR,,
momentum,Momentum 0-cross,1h,short,uptrend|pulling back in trend|messy|contracting,155,0.6886,41.29,1.07,55,-19.4004,34.55,-10.67,-15.72,FAIL,,
momentum,Momentum 0-cross,1h,long,uptrend|at range high|messy|expanding,93,8.872,40.86,8.25,33,-38.0753,30.3,-12.56,-12.56,FAIL,,
momentum,Momentum 0-cross,1h,short,uptrend|at range high|messy|expanding,55,13.8343,40.0,7.61,18,-49.004,22.22,-8.82,-12.55,FAIL,,
momentum,Momentum 0-cross,1h,long,downtrend|pulling back in trend|messy|expanding,195,14.31,44.1,27.9,61,8.636,42.62,5.27,-10.77,SURVIVOR,,
momentum,Momentum 0-cross,1h,short,downtrend|pulling back in trend|messy|expanding,97,4.8791,39.18,4.73,25,42.6666,52.0,10.67,-3.94,SURVIVOR,,
momentum,Momentum 0-cross,1h,long,transition|at range high|messy|contracting,65,22.0011,41.54,14.3,13,9.6567,46.15,1.26,-2.76,SURVIVOR,,
momentum,Momentum 0-cross,1h,short,transition|at range high|messy|contracting,42,-1.2681,38.1,-0.53,18,4.773,44.44,0.86,-6.84,FAIL,,
momentum,Momentum 0-cross,1h,long,uptrend|pulling back in trend|messy|expanding,97,24.5587,45.36,23.82,29,-17.3687,37.93,-5.04,-13.66,FAIL,,
momentum,Momentum 0-cross,1h,short,uptrend|pulling back in trend|messy|expanding,183,-3.1905,38.8,-5.84,61,3.6068,42.62,2.2,-6.75,FAIL,,
momentum,Momentum 0-cross,1h,long,transition|at range high|messy|expanding,126,5.0057,42.86,6.31,40,14.115,45.0,5.65,-8.6,SURVIVOR,,
momentum,Momentum 0-cross,1h,short,transition|at range high|messy|expanding,54,8.0683,40.74,4.36,15,34.6975,46.67,5.2,-6.77,SURVIVOR,,
momentum,Momentum 0-cross,1h,long,downtrend|at range low|messy|contracting,61,4.1368,42.62,2.52,8,-36.8963,37.5,-2.95,-6.44,FAIL,,
momentum,Momentum 0-cross,1h,short,downtrend|at range low|messy|contracting,29,-12.0703,31.03,-3.5,12,28.433,50.0,3.41,-2.75,FAIL,,
momentum,Momentum 0-cross,1h,long,transition|at range low|messy|contracting,35,-35.1353,25.71,-12.3,13,12.8973,46.15,1.68,-4.39,FAIL,,
momentum,Momentum 0-cross,1h,short,transition|at range low|messy|contracting,41,20.7119,41.46,8.49,15,-62.0799,20.0,-9.31,-9.31,FAIL,,
momentum,Momentum 0-cross,1h,long,downtrend|at range low|messy|expanding,41,-46.3254,26.83,-18.99,17,-30.5806,35.29,-5.2,-5.27,FAIL,,
momentum,Momentum 0-cross,1h,short,downtrend|at range low|messy|expanding,68,28.5789,47.06,19.43,16,-39.996,18.75,-6.4,-7.33,FAIL,,
momentum,Momentum 0-cross,1h,long,transition|at range low|messy|expanding,40,-43.6895,30.0,-17.48,14,42.8935,50.0,6.01,-4.33,FAIL,,
momentum,Momentum 0-cross,1h,short,transition|at range low|messy|expanding,120,-6.7754,36.67,-8.13,43,-15.61,34.88,-6.71,-14.9,FAIL,,
momentum,Momentum 0-cross,1h,long,transition|mid range|clean|contracting,65,-21.0281,35.38,-13.67,24,-37.9518,25.0,-9.11,-10.36,FAIL,,
momentum,Momentum 0-cross,1h,short,transition|mid range|clean|contracting,78,-11.2645,39.74,-8.79,29,-47.557,20.69,-13.79,-18.28,FAIL,,
momentum,Momentum 0-cross,1h,long,transition|mid range|clean|expanding,82,-16.3915,36.59,-13.44,24,12.4916,41.67,3.0,-6.77,FAIL,,
momentum,Momentum 0-cross,1h,short,transition|mid range|clean|expanding,86,-25.5544,33.72,-21.98,22,40.3429,50.0,8.88,-7.24,FAIL,,
momentum,Momentum 0-cross,1h,long,transition|mid range|messy|stalling,79,-29.7133,29.11,-23.47,21,-46.4244,28.57,-9.75,-10.19,FAIL,,
momentum,Momentum 0-cross,1h,short,transition|mid range|messy|stalling,87,-4.3364,37.93,-3.77,22,-39.1201,36.36,-8.61,-13.49,FAIL,,
momentum,Momentum 0-cross,1h,long,transition|at range high|clean|contracting,28,-10.2968,35.71,-2.88,4,24.1806,50.0,0.97,-4.88,UNRELIABLE,,
momentum,Momentum 0-cross,1h,short,transition|at range high|clean|contracting,11,49.5086,54.55,5.45,5,-105.5737,0.0,-5.28,-5.28,UNRELIABLE,,
momentum,Momentum 0-cross,1h,long,downtrend|pulling back in trend|clean|contracting,64,11.4755,45.31,7.34,21,-37.2222,28.57,-7.82,-11.42,FAIL,,
momentum,Momentum 0-cross,1h,short,downtrend|pulling back in trend|clean|contracting,43,-22.5469,32.56,-9.7,12,45.0206,50.0,5.4,-3.26,FAIL,,
momentum,Momentum 0-cross,1h,long,uptrend|pulling back in trend|clean|contracting,30,-45.5576,23.33,-13.67,7,-14.4007,28.57,-1.01,-5.12,UNRELIABLE,,
momentum,Momentum 0-cross,1h,short,uptrend|pulling back in trend|clean|contracting,51,75.9938,54.9,38.76,13,-31.163,30.77,-4.05,-7.77,FAIL,,
momentum,Momentum 0-cross,1h,long,uptrend|at range high|clean|contracting,12,6.8178,41.67,0.82,6,50.6418,50.0,3.04,-2.26,UNRELIABLE,,
momentum,Momentum 0-cross,1h,short,uptrend|at range high|clean|contracting,17,-36.9083,29.41,-6.27,4,74.0042,50.0,2.96,-3.76,UNRELIABLE,,
momentum,Momentum 0-cross,1h,long,uptrend|pulling back in trend|clean|expanding,29,-5.5534,37.93,-1.61,10,-12.4733,30.0,-1.25,-3.94,FAIL,,
momentum,Momentum 0-cross,1h,short,uptrend|pulling back in trend|clean|expanding,80,-4.5729,36.25,-3.66,36,-15.7777,36.11,-5.68,-8.03,FAIL,,
momentum,Momentum 0-cross,1h,long,downtrend|pulling back in trend|clean|expanding,79,3.5943,39.24,2.84,23,24.7258,47.83,5.69,-6.13,SURVIVOR,,
momentum,Momentum 0-cross,1h,short,downtrend|pulling back in trend|clean|expanding,34,-17.6803,35.29,-6.01,10,-70.5939,10.0,-7.06,-7.62,FAIL,,
momentum,Momentum 0-cross,1h,long,transition|at range high|clean|expanding,53,-31.7568,28.3,-16.83,12,-45.9026,33.33,-5.51,-5.89,FAIL,,
momentum,Momentum 0-cross,1h,short,transition|at range high|clean|expanding,13,-97.7234,15.38,-12.7,5,-58.1935,20.0,-2.91,-4.25,UNRELIABLE,,
momentum,Momentum 0-cross,1h,long,transition|at range low|clean|contracting,6,-55.2087,16.67,-3.31,4,50.6726,50.0,2.03,-2.64,UNRELIABLE,,
momentum,Momentum 0-cross,1h,short,transition|at range low|clean|contracting,12,18.4894,50.0,2.22,7,95.7273,57.14,6.7,-3.24,UNRELIABLE,,
momentum,Momentum 0-cross,1h,long,downtrend|at range high|messy|contracting,30,-35.509,30.0,-10.65,7,22.6871,42.86,1.59,-4.46,UNRELIABLE,,
momentum,Momentum 0-cross,1h,short,downtrend|at range high|messy|contracting,19,-25.9951,31.58,-4.94,2,53.2198,50.0,1.06,-2.22,UNRELIABLE,,
momentum,Momentum 0-cross,1h,long,uptrend|at range high|clean|expanding,34,-11.0629,35.29,-3.76,11,-86.731,9.09,-9.54,-9.54,FAIL,,
momentum,Momentum 0-cross,1h,short,uptrend|at range high|clean|expanding,11,-35.3985,36.36,-3.89,5,92.6674,80.0,4.63,-1.27,UNRELIABLE,,
momentum,Momentum 0-cross,1h,long,downtrend|at range low|clean|contracting,10,-4.1305,40.0,-0.41,6,-17.9994,33.33,-1.08,-4.64,UNRELIABLE,,
momentum,Momentum 0-cross,1h,short,downtrend|at range low|clean|contracting,10,-4.3089,40.0,-0.43,3,-9.9221,33.33,-0.3,-2.8,UNRELIABLE,,
momentum,Momentum 0-cross,1h,long,downtrend|pulling back in trend|messy|stalling,75,4.1763,42.67,3.13,20,21.8169,50.0,4.36,-6.59,SURVIVOR,,
momentum,Momentum 0-cross,1h,short,downtrend|pulling back in trend|messy|stalling,38,-34.394,28.95,-13.07,9,-104.9478,0.0,-9.45,-9.94,FAIL,,
momentum,Momentum 0-cross,1h,long,uptrend|at range high|messy|stalling,25,17.6981,44.0,4.42,8,-91.448,12.5,-7.32,-8.43,FAIL,,
momentum,Momentum 0-cross,1h,short,uptrend|at range high|messy|stalling,22,-69.6851,18.18,-15.33,8,15.1036,37.5,1.21,-3.73,FAIL,,
momentum,Momentum 0-cross,1h,long,transition|at range low|clean|expanding,10,12.8568,50.0,1.29,3,15.907,33.33,0.48,-3.12,UNRELIABLE,,
momentum,Momentum 0-cross,1h,short,transition|at range low|clean|expanding,48,-21.0499,35.42,-10.1,17,-41.5739,29.41,-7.07,-7.69,FAIL,,
momentum,Momentum 0-cross,1h,long,uptrend|pulling back in trend|messy|stalling,31,-3.583,38.71,-1.11,11,-9.7028,36.36,-1.07,-8.69,FAIL,,
momentum,Momentum 0-cross,1h,short,uptrend|pulling back in trend|messy|stalling,56,-6.1158,44.64,-3.42,22,-36.7926,31.82,-8.09,-10.11,FAIL,,
momentum,Momentum 0-cross,1h,long,uptrend|at range low|messy|contracting,8,-4.7763,50.0,-0.38,3,-130.8364,0.0,-3.93,-3.93,UNRELIABLE,,
momentum,Momentum 0-cross,1h,short,uptrend|at range low|messy|contracting,21,-14.6929,33.33,-3.09,10,-36.5693,30.0,-3.66,-5.94,FAIL,,
momentum,Momentum 0-cross,1h,long,downtrend|at range high|messy|expanding,73,1.1113,42.47,0.81,16,-48.0409,25.0,-7.69,-11.45,FAIL,,
momentum,Momentum 0-cross,1h,short,downtrend|at range high|messy|expanding,9,161.134,88.89,14.5,4,-39.6377,25.0,-1.59,-4.72,UNRELIABLE,,
momentum,Momentum 0-cross,1h,long,uptrend|at range low|messy|expanding,9,-14.8342,22.22,-1.34,3,-10.6014,33.33,-0.32,-3.16,UNRELIABLE,,
momentum,Momentum 0-cross,1h,short,uptrend|at range low|messy|expanding,62,31.2796,45.16,19.39,19,127.1548,73.68,24.16,-2.77,SURVIVOR,,
momentum,Momentum 0-cross,1h,long,downtrend|at range low|clean|expanding,8,-67.9662,25.0,-5.44,3,-64.9917,33.33,-1.95,-2.06,UNRELIABLE,,
momentum,Momentum 0-cross,1h,short,downtrend|at range low|clean|expanding,30,4.1078,33.33,1.23,9,-30.089,33.33,-2.71,-4.96,FAIL,,
momentum,Momentum 0-cross,15m,long,transition|mid range|messy|contracting,591,-7.3329,33.84,-43.34,187,-12.9109,32.62,-24.14,-26.2,FAIL,,
momentum,Momentum 0-cross,15m,short,transition|mid range|messy|contracting,560,-6.084,35.36,-34.07,169,-12.6398,31.95,-21.36,-24.38,FAIL,44.7017,
momentum,Momentum 0-cross,15m,long,transition|mid range|messy|expanding,643,-7.1309,34.84,-45.85,194,-8.2677,35.57,-16.04,-19.36,FAIL,,
momentum,Momentum 0-cross,15m,short,transition|mid range|messy|expanding,673,-8.0933,32.54,-54.47,203,-14.5733,32.02,-29.58,-30.29,FAIL,,
momentum,Momentum 0-cross,15m,long,downtrend|pulling back in trend|messy|contracting,559,-7.307,34.7,-40.85,176,-9.0661,36.36,-15.96,-17.26,FAIL,,
momentum,Momentum 0-cross,15m,short,downtrend|pulling back in trend|messy|contracting,363,-8.4406,34.16,-30.64,94,-13.4963,31.91,-12.69,-13.81,FAIL,,
momentum,Momentum 0-cross,15m,long,uptrend|at range high|messy|contracting,201,-12.1868,32.34,-24.5,62,5.3572,41.94,3.32,-5.86,FAIL,,0.5925
momentum,Momentum 0-cross,15m,short,uptrend|at range high|messy|contracting,207,-12.7428,31.4,-26.38,81,-14.9229,30.86,-12.09,-16.19,FAIL,,
momentum,Momentum 0-cross,15m,long,uptrend|pulling back in trend|messy|contracting,307,-7.8649,35.18,-24.15,102,-13.3769,31.37,-13.64,-16.82,FAIL,,
momentum,Momentum 0-cross,15m,short,uptrend|pulling back in trend|messy|contracting,511,-5.0459,36.99,-25.78,181,-4.7577,37.02,-8.61,-14.08,FAIL,3.7825,2.6594
momentum,Momentum 0-cross,15m,long,downtrend|pulling back in trend|messy|expanding,637,-8.6486,32.97,-55.09,199,-9.1975,34.67,-18.3,-20.86,FAIL,,
momentum,Momentum 0-cross,15m,short,downtrend|pulling back in trend|messy|expanding,336,-5.6948,36.31,-19.13,117,-15.0534,29.91,-17.61,-18.95,FAIL,4.5618,
momentum,Momentum 0-cross,15m,long,uptrend|pulling back in trend|messy|expanding,310,-8.6926,34.84,-26.95,115,-14.4267,30.43,-16.59,-19.08,FAIL,,
momentum,Momentum 0-cross,15m,short,uptrend|pulling back in trend|messy|expanding,639,-6.5055,35.05,-41.57,207,-7.1219,35.27,-14.74,-20.46,FAIL,,
momentum,Momentum 0-cross,15m,long,transition|at range high|messy|contracting,225,-10.3185,32.44,-23.22,71,12.1692,46.48,8.64,-5.48,FAIL,,0.408
momentum,Momentum 0-cross,15m,short,transition|at range high|messy|contracting,166,-6.9719,34.34,-11.57,44,-16.1329,31.82,-7.1,-8.36,FAIL,21.4313,
momentum,Momentum 0-cross,15m,long,uptrend|at range high|messy|expanding,286,-8.9151,33.92,-25.5,113,2.21,40.71,2.5,-10.42,FAIL,,0.7919
momentum,Momentum 0-cross,15m,short,uptrend|at range high|messy|expanding,195,-5.0416,36.92,-9.83,63,-14.3796,33.33,-9.06,-11.62,FAIL,3.1744,
momentum,Momentum 0-cross,15m,long,transition|mid range|clean|contracting,283,6.4849,44.17,18.35,97,2.7369,41.24,2.65,-9.44,SURVIVOR,0.5684,0.7473
momentum,Momentum 0-cross,15m,short,transition|mid range|clean|contracting,290,-8.9484,33.45,-25.95,89,-8.2857,35.96,-7.37,-9.54,FAIL,,
momentum,Momentum 0-cross,15m,long,downtrend|at range low|messy|contracting,136,-16.4395,26.47,-22.36,48,-0.2958,41.67,-0.14,-5.64,FAIL,,1.0363
momentum,Momentum 0-cross,15m,short,downtrend|at range low|messy|contracting,139,-7.6334,35.25,-10.61,39,-5.1528,38.46,-2.01,-5.75,FAIL,,3.2416
momentum,Momentum 0-cross,15m,long,transition|at range high|messy|expanding,374,-5.727,36.63,-21.42,132,-2.6331,37.88,-3.48,-9.01,FAIL,3.6204,1.4829
momentum,Momentum 0-cross,15m,short,transition|at range high|messy|expanding,149,-3.2569,36.24,-4.85,56,-10.8353,33.93,-6.07,-11.19,FAIL,1.6882,
momentum,Momentum 0-cross,15m,long,transition|at range low|messy|contracting,113,-11.06,33.63,-12.5,40,-3.0098,37.5,-1.2,-5.12,FAIL,,1.5448
momentum,Momentum 0-cross,15m,short,transition|at range low|messy|contracting,149,-13.999,30.87,-20.86,57,-15.8398,28.07,-9.03,-10.95,FAIL,,
momentum,Momentum 0-cross,15m,long,transition|mid range|clean|expanding,310,-9.2462,34.19,-28.66,101,2.3216,43.56,2.34,-11.3,FAIL,,0.7868
momentum,Momentum 0-cross,15m,short,transition|mid range|clean|expanding,342,-8.5169,34.21,-29.13,117,-7.7515,35.9,-9.07,-15.95,FAIL,,
momentum,Momentum 0-cross,15m,long,downtrend|at range low|messy|expanding,123,-4.8058,36.59,-5.91,54,-16.6578,25.93,-9.0,-9.7,FAIL,2.4606,
momentum,Momentum 0-cross,15m,short,downtrend|at range low|messy|expanding,242,-9.3085,32.23,-22.53,82,-13.7473,32.93,-11.27,-13.17,FAIL,,
momentum,Momentum 0-cross,15m,long,transition|at range low|messy|expanding,98,-15.2737,32.65,-14.97,28,-3.8275,39.29,-1.07,-7.18,FAIL,,1.8714
momentum,Momentum 0-cross,15m,short,transition|at range low|messy|expanding,314,-4.278,35.99,-13.43,100,-1.9059,40.0,-1.91,-11.63,FAIL,2.2281,1.3232
momentum,Momentum 0-cross,15m,long,downtrend|pulling back in trend|clean|contracting,329,1.7377,42.86,5.72,108,-5.6706,36.11,-6.12,-12.65,FAIL,0.8378,3.1083
momentum,Momentum 0-cross,15m,short,downtrend|pulling back in trend|clean|contracting,177,-13.0849,31.07,-23.16,51,5.6558,43.14,2.88,-3.42,FAIL,,0.5756
momentum,Momentum 0-cross,15m,long,uptrend|pulling back in trend|clean|contracting,161,-16.2392,27.33,-26.15,46,-6.6916,34.78,-3.08,-7.79,FAIL,,4.5955
momentum,Momentum 0-cross,15m,short,uptrend|pulling back in trend|clean|contracting,302,-6.3318,36.09,-19.12,94,-12.266,34.04,-11.53,-16.55,FAIL,7.6845,
momentum,Momentum 0-cross,15m,long,uptrend|at range high|clean|contracting,82,-11.5044,35.37,-9.43,31,-2.7989,35.48,-0.87,-4.45,FAIL,,1.5161
momentum,Momentum 0-cross,15m,short,uptrend|at range high|clean|contracting,74,-7.6936,37.84,-5.69,33,-19.51,24.24,-6.44,-8.07,FAIL,,
momentum,Momentum 0-cross,15m,long,downtrend|pulling back in trend|clean|expanding,354,-12.8586,29.38,-45.52,114,-4.2615,37.72,-4.86,-8.76,FAIL,,2.0478
momentum,Momentum 0-cross,15m,short,downtrend|pulling back in trend|clean|expanding,167,-0.9322,38.32,-1.56,57,-20.1653,29.82,-11.49,-12.27,FAIL,1.1446,
momentum,Momentum 0-cross,15m,long,uptrend|pulling back in trend|clean|expanding,150,-7.3583,35.33,-11.04,52,-9.7824,36.54,-5.09,-9.1,FAIL,16.3346,
momentum,Momentum 0-cross,15m,short,uptrend|pulling back in trend|clean|expanding,378,-3.663,38.62,-13.85,123,-7.2911,37.4,-8.97,-12.42,FAIL,2.0658,
momentum,Momentum 0-cross,15m,long,transition|at range high|clean|contracting,107,-4.278,38.32,-4.58,34,8.1325,44.12,2.77,-5.81,FAIL,2.0006,0.4861
momentum,Momentum 0-cross,15m,short,transition|at range high|clean|contracting,78,-4.0706,37.18,-3.18,19,20.0171,52.63,3.8,-2.76,FAIL,2.144,0.2579
momentum,Momentum 0-cross,15m,long,transition|mid range|messy|stalling,236,-7.2161,34.75,-17.03,81,-14.0683,32.1,-11.4,-14.4,FAIL,11.9124,
momentum,Momentum 0-cross,15m,short,transition|mid range|messy|stalling,239,-10.188,33.05,-24.35,77,-15.6982,31.17,-12.09,-15.14,FAIL,,
momentum,Momentum 0-cross,15m,long,transition|at range high|clean|expanding,207,-5.0446,36.23,-10.44,76,-20.5447,27.63,-15.61,-15.7,FAIL,2.4319,
momentum,Momentum 0-cross,15m,short,transition|at range high|clean|expanding,48,-2.1138,39.58,-1.01,13,-17.7853,30.77,-2.31,-3.46,FAIL,1.3969,
momentum,Momentum 0-cross,15m,long,uptrend|at range high|clean|expanding,164,-5.0727,37.2,-8.32,57,-10.9111,35.09,-6.22,-10.51,FAIL,2.3725,
momentum,Momentum 0-cross,15m,short,uptrend|at range high|clean|expanding,72,4.6547,41.67,3.35,21,-17.352,28.57,-3.64,-5.48,FAIL,0.6046,
momentum,Momentum 0-cross,15m,long,downtrend|at range low|clean|contracting,55,-12.4367,32.73,-6.84,21,-14.4663,33.33,-3.04,-5.7,FAIL,,
momentum,Momentum 0-cross,15m,short,downtrend|at range low|clean|contracting,72,-9.7235,33.33,-7.0,24,1.0491,41.67,0.25,-2.87,FAIL,,0.8839
momentum,Momentum 0-cross,15m,long,transition|at range low|clean|contracting,54,-0.7511,40.74,-0.41,17,-19.1225,29.41,-3.25,-4.4,FAIL,1.0964,
momentum,Momentum 0-cross,15m,short,transition|at range low|clean|contracting,72,-9.467,37.5,-6.82,35,-4.6187,37.14,-1.62,-4.94,FAIL,,2.5566
momentum,Momentum 0-cross,15m,long,transition|at range low|clean|expanding,37,-20.0786,32.43,-7.43,16,-41.189,18.75,-6.59,-6.59,FAIL,,
momentum,Momentum 0-cross,15m,short,transition|at range low|clean|expanding,197,8.425,43.65,16.6,76,-3.4637,39.47,-2.63,-5.68,FAIL,0.4838,1.7739
momentum,Momentum 0-cross,15m,long,downtrend|at range low|clean|expanding,43,4.9438,41.86,2.13,24,6.3507,41.67,1.52,-3.08,SURVIVOR,0.6279,0.5687
momentum,Momentum 0-cross,15m,short,downtrend|at range low|clean|expanding,132,-2.3207,37.12,-3.06,44,-9.3176,34.09,-4.1,-8.54,FAIL,1.4155,
momentum,Momentum 0-cross,15m,long,downtrend|pulling back in trend|messy|stalling,225,-4.6061,37.78,-10.36,66,24.1727,54.55,15.95,-4.62,FAIL,2.1464,0.2536
momentum,Momentum 0-cross,15m,short,downtrend|pulling back in trend|messy|stalling,114,-10.1668,31.58,-11.59,46,-10.2853,32.61,-4.73,-9.51,FAIL,,
momentum,Momentum 0-cross,15m,long,downtrend|at range high|messy|contracting,88,-4.2319,37.5,-3.72,41,-16.9198,29.27,-6.94,-9.38,FAIL,1.9988,
momentum,Momentum 0-cross,15m,short,downtrend|at range high|messy|contracting,41,-3.7137,36.59,-1.52,11,-3.4124,36.36,-0.38,-2.32,FAIL,1.928,1.7332
momentum,Momentum 0-cross,15m,long,uptrend|pulling back in trend|messy|stalling,106,-3.4512,38.68,-3.66,28,-8.1739,35.71,-2.29,-6.82,FAIL,1.6841,24.2942
momentum,Momentum 0-cross,15m,short,uptrend|pulling back in trend|messy|stalling,234,-7.6911,36.75,-18.0,64,-2.1906,40.62,-1.4,-6.79,FAIL,,1.4249
momentum,Momentum 0-cross,15m,long,downtrend|at range high|messy|expanding,229,-9.953,32.75,-22.79,58,7.6404,44.83,4.43,-3.98,FAIL,,0.5119
momentum,Momentum 0-cross,15m,short,downtrend|at range high|messy|expanding,31,-2.8588,38.71,-0.89,12,-4.2967,41.67,-0.52,-2.4,FAIL,1.6584,2.5926
momentum,Momentum 0-cross,15m,long,uptrend|at range high|messy|stalling,93,-9.8643,31.18,-9.17,39,-20.6673,28.21,-8.06,-8.43,FAIL,,
momentum,Momentum 0-cross,15m,short,uptrend|at range high|messy|stalling,70,-14.0491,31.43,-9.83,29,-23.5239,24.14,-6.82,-7.98,FAIL,,
momentum,Ultimate Oscillator extremes,1h,long,transition|mid range|messy|contracting,0,0.0,0.0,0.0,0,0.0,0.0,0.0,0.0,UNRELIABLE,,
momentum,Ultimate Oscillator extremes,1h,short,transition|mid range|messy|contracting,1,-132.3726,0.0,-1.32,1,239.712,100.0,2.4,-0.66,UNRELIABLE,,
momentum,Ultimate Oscillator extremes,1h,long,transition|mid range|messy|expanding,0,0.0,0.0,0.0,1,4.9733,100.0,0.05,-0.47,UNRELIABLE,,
momentum,Ultimate Oscillator extremes,1h,short,transition|mid range|messy|expanding,0,,,,0,,,,,NO-TRADES,,
momentum,Ultimate Oscillator extremes,1h,long,uptrend|at range high|messy|contracting,0,,,,0,,,,,NO-TRADES,,
momentum,Ultimate Oscillator extremes,1h,short,uptrend|at range high|messy|contracting,8,9.0479,50.0,0.72,2,130.2469,100.0,2.6,-0.89,UNRELIABLE,,
momentum,Ultimate Oscillator extremes,1h,long,downtrend|pulling back in trend|messy|contracting,0,,,,0,,,,,NO-TRADES,,
momentum,Ultimate Oscillator extremes,1h,short,downtrend|pulling back in trend|messy|contracting,0,0.0,0.0,0.0,0,0.0,0.0,0.0,0.0,UNRELIABLE,,
momentum,Ultimate Oscillator extremes,1h,long,uptrend|pulling back in trend|messy|contracting,1,-132.4205,0.0,-1.32,0,0.0,0.0,0.0,0.0,UNRELIABLE,,
momentum,Ultimate Oscillator extremes,1h,short,uptrend|pulling back in trend|messy|contracting,1,243.2027,100.0,2.43,0,0.0,0.0,0.0,0.0,UNRELIABLE,,
momentum,Ultimate Oscillator extremes,1h,long,uptrend|at range high|messy|expanding,0,,,,0,,,,,NO-TRADES,,
momentum,Ultimate Oscillator extremes,1h,short,uptrend|at range high|messy|expanding,5,120.2564,80.0,6.01,1,238.9636,100.0,2.39,0.0,UNRELIABLE,,
momentum,Ultimate Oscillator extremes,1h,long,downtrend|pulling back in trend|messy|expanding,0,,,,0,,,,,NO-TRADES,,
momentum,Ultimate Oscillator extremes,1h,short,downtrend|pulling back in trend|messy|expanding,3,62.0609,66.67,1.86,2,218.6084,100.0,4.37,-1.31,UNRELIABLE,,
momentum,Ultimate Oscillator extremes,1h,long,transition|at range high|messy|contracting,0,,,,0,,,,,NO-TRADES,,
momentum,Ultimate Oscillator extremes,1h,short,transition|at range high|messy|contracting,6,-69.228,16.67,-4.15,1,-49.7964,0.0,-0.5,-1.54,UNRELIABLE,,
momentum,Ultimate Oscillator extremes,1h,long,uptrend|pulling back in trend|messy|expanding,1,238.7397,100.0,2.39,0,0.0,0.0,0.0,0.0,UNRELIABLE,,
momentum,Ultimate Oscillator extremes,1h,short,uptrend|pulling back in trend|messy|expanding,1,-129.3657,0.0,-1.29,0,0.0,0.0,0.0,0.0,UNRELIABLE,,
momentum,Ultimate Oscillator extremes,1h,long,transition|at range high|messy|expanding,0,,,,0,,,,,NO-TRADES,,
momentum,Ultimate Oscillator extremes,1h,short,transition|at range high|messy|expanding,7,64.6513,57.14,4.53,2,-130.7834,0.0,-2.62,-2.69,UNRELIABLE,,
momentum,Ultimate Oscillator extremes,1h,long,downtrend|at range low|messy|contracting,3,-10.1594,33.33,-0.3,1,-132.3464,0.0,-1.32,-1.32,UNRELIABLE,,
momentum,Ultimate Oscillator extremes,1h,short,downtrend|at range low|messy|contracting,0,,,,0,,,,,NO-TRADES,,
momentum,Ultimate Oscillator extremes,1h,long,transition|at range low|messy|contracting,0,0.0,0.0,0.0,2,-45.8789,50.0,-0.92,-2.34,UNRELIABLE,,
momentum,Ultimate Oscillator extremes,1h,short,transition|at range low|messy|contracting,0,,,,0,,,,,NO-TRADES,,
momentum,Ultimate Oscillator extremes,1h,long,downtrend|at range low|messy|expanding,0,,,,0,,,,,NO-TRADES,,
momentum,Ultimate Oscillator extremes,1h,short,downtrend|at range low|messy|expanding,0,,,,0,,,,,NO-TRADES,,
momentum,Ultimate Oscillator extremes,1h,long,transition|at range low|messy|expanding,1,-131.1103,0.0,-1.31,0,0.0,0.0,0.0,0.0,UNRELIABLE,,
momentum,Ultimate Oscillator extremes,1h,short,transition|at range low|messy|expanding,0,,,,0,,,,,NO-TRADES,,
momentum,Ultimate Oscillator extremes,1h,long,transition|mid range|clean|contracting,0,,,,0,,,,,NO-TRADES,,
momentum,Ultimate Oscillator extremes,1h,short,transition|mid range|clean|contracting,1,-132.1019,0.0,-1.32,0,0.0,0.0,0.0,0.0,UNRELIABLE,,
momentum,Ultimate Oscillator extremes,1h,long,transition|mid range|clean|expanding,0,0.0,0.0,0.0,0,0.0,0.0,0.0,0.0,UNRELIABLE,,
momentum,Ultimate Oscillator extremes,1h,short,transition|mid range|clean|expanding,1,2.9627,100.0,0.03,1,-129.9894,0.0,-1.3,-1.32,UNRELIABLE,,
momentum,Ultimate Oscillator extremes,1h,long,transition|mid range|messy|stalling,0,0.0,0.0,0.0,1,1.4194,100.0,0.01,-0.54,UNRELIABLE,,
momentum,Ultimate Oscillator extremes,1h,short,transition|mid range|messy|stalling,1,241.7185,100.0,2.42,0,0.0,0.0,0.0,0.0,UNRELIABLE,,
momentum,Ultimate Oscillator extremes,1h,long,transition|at range high|clean|contracting,0,,,,0,,,,,NO-TRADES,,
momentum,Ultimate Oscillator extremes,1h,short,transition|at range high|clean|contracting,3,-10.3488,33.33,-0.31,3,49.2367,66.67,1.48,-1.96,UNRELIABLE,,
momentum,Ultimate Oscillator extremes,1h,long,downtrend|pulling back in trend|clean|contracting,0,,,,0,,,,,NO-TRADES,,
momentum,Ultimate Oscillator extremes,1h,short,downtrend|pulling back in trend|clean|contracting,1,240.1517,100.0,2.4,0,0.0,0.0,0.0,0.0,UNRELIABLE,,
momentum,Ultimate Oscillator extremes,1h,long,uptrend|pulling back in trend|clean|contracting,1,-132.4716,0.0,-1.32,0,0.0,0.0,0.0,0.0,UNRELIABLE,,
momentum,Ultimate Oscillator extremes,1h,short,uptrend|pulling back in trend|clean|contracting,1,-132.5686,0.0,-1.33,0,0.0,0.0,0.0,0.0,UNRELIABLE,,
momentum,Ultimate Oscillator extremes,1h,long,uptrend|at range high|clean|contracting,0,,,,0,,,,,NO-TRADES,,
momentum,Ultimate Oscillator extremes,1h,short,uptrend|at range high|clean|contracting,5,14.762,40.0,0.74,2,54.0931,50.0,1.08,-2.07,UNRELIABLE,,
momentum,Ultimate Oscillator extremes,1h,long,uptrend|pulling back in trend|clean|expanding,1,-132.8772,0.0,-1.33,1,-131.2801,0.0,-1.31,-1.75,UNRELIABLE,,
momentum,Ultimate Oscillator extremes,1h,short,uptrend|pulling back in trend|clean|expanding,1,-132.5686,0.0,-1.33,0,0.0,0.0,0.0,0.0,UNRELIABLE,,
momentum,Ultimate Oscillator extremes,1h,long,downtrend|pulling back in trend|clean|expanding,1,88.5606,100.0,0.89,0,0.0,0.0,0.0,0.0,UNRELIABLE,,
momentum,Ultimate Oscillator extremes,1h,short,downtrend|pulling back in trend|clean|expanding,3,-9.2367,33.33,-0.28,0,0.0,0.0,0.0,0.0,UNRELIABLE,,
momentum,Ultimate Oscillator extremes,1h,long,transition|at range high|clean|expanding,0,,,,0,,,,,NO-TRADES,,
momentum,Ultimate Oscillator extremes,1h,short,transition|at range high|clean|expanding,4,53.1099,50.0,2.12,1,-130.9499,0.0,-1.31,-2.38,UNRELIABLE,,
momentum,Ultimate Oscillator extremes,1h,long,transition|at range low|clean|contracting,1,-132.3464,0.0,-1.32,1,157.7425,100.0,1.58,-1.13,UNRELIABLE,,
momentum,Ultimate Oscillator extremes,1h,short,transition|at range low|clean|contracting,0,,,,0,,,,,NO-TRADES,,
momentum,Ultimate Oscillator extremes,1h,long,downtrend|at range high|messy|contracting,0,,,,0,,,,,NO-TRADES,,
momentum,Ultimate Oscillator extremes,1h,short,downtrend|at range high|messy|contracting,3,-20.5374,66.67,-0.62,0,0.0,0.0,0.0,0.0,UNRELIABLE,,
momentum,Ultimate Oscillator extremes,1h,long,uptrend|at range high|clean|expanding,0,,,,0,,,,,NO-TRADES,,
momentum,Ultimate Oscillator extremes,1h,short,uptrend|at range high|clean|expanding,5,0.7102,40.0,0.04,0,0.0,0.0,0.0,0.0,UNRELIABLE,,
momentum,Ultimate Oscillator extremes,1h,long,downtrend|at range low|clean|contracting,2,50.498,50.0,1.01,0,0.0,0.0,0.0,0.0,UNRELIABLE,,
momentum,Ultimate Oscillator extremes,1h,short,downtrend|at range low|clean|contracting,0,,,,0,,,,,NO-TRADES,,
momentum,Ultimate Oscillator extremes,1h,long,downtrend|pulling back in trend|messy|stalling,1,-133.7228,0.0,-1.34,0,0.0,0.0,0.0,0.0,UNRELIABLE,,
momentum,Ultimate Oscillator extremes,1h,short,downtrend|pulling back in trend|messy|stalling,0,,,,0,,,,,NO-TRADES,,
momentum,Ultimate Oscillator extremes,1h,long,uptrend|at range high|messy|stalling,0,,,,0,,,,,NO-TRADES,,
momentum,Ultimate Oscillator extremes,1h,short,uptrend|at range high|messy|stalling,0,0.0,0.0,0.0,1,-131.7191,0.0,-1.32,-1.34,UNRELIABLE,,
momentum,Ultimate Oscillator extremes,1h,long,transition|at range low|clean|expanding,1,-132.3028,0.0,-1.32,0,0.0,0.0,0.0,0.0,UNRELIABLE,,
momentum,Ultimate Oscillator extremes,1h,short,transition|at range low|clean|expanding,0,,,,0,,,,,NO-TRADES,,
momentum,Ultimate Oscillator extremes,1h,long,uptrend|pulling back in trend|messy|stalling,0,,,,0,,,,,NO-TRADES,,
momentum,Ultimate Oscillator extremes,1h,short,uptrend|pulling back in trend|messy|stalling,1,-131.8844,0.0,-1.32,0,0.0,0.0,0.0,0.0,UNRELIABLE,,
momentum,Ultimate Oscillator extremes,1h,long,uptrend|at range low|messy|contracting,1,238.7356,100.0,2.39,0,0.0,0.0,0.0,0.0,UNRELIABLE,,
momentum,Ultimate Oscillator extremes,1h,short,uptrend|at range low|messy|contracting,0,,,,0,,,,,NO-TRADES,,
momentum,Ultimate Oscillator extremes,1h,long,downtrend|at range high|messy|expanding,0,,,,0,,,,,NO-TRADES,,
momentum,Ultimate Oscillator extremes,1h,short,downtrend|at range high|messy|expanding,1,251.7184,100.0,2.52,0,0.0,0.0,0.0,0.0,UNRELIABLE,,
momentum,Ultimate Oscillator extremes,1h,long,uptrend|at range low|messy|expanding,1,-135.0968,0.0,-1.35,0,0.0,0.0,0.0,0.0,UNRELIABLE,,
momentum,Ultimate Oscillator extremes,1h,short,uptrend|at range low|messy|expanding,0,,,,0,,,,,NO-TRADES,,
momentum,Ultimate Oscillator extremes,1h,long,downtrend|at range low|clean|expanding,0,,,,0,,,,,NO-TRADES,,
momentum,Ultimate Oscillator extremes,1h,short,downtrend|at range low|clean|expanding,0,,,,0,,,,,NO-TRADES,,
momentum,Ultimate Oscillator extremes,15m,long,transition|mid range|messy|contracting,6,24.5962,50.0,1.48,0,0.0,0.0,0.0,0.0,UNRELIABLE,0.1976,
momentum,Ultimate Oscillator extremes,15m,short,transition|mid range|messy|contracting,16,-8.9999,31.25,-1.44,1,-65.6079,0.0,-0.66,-0.8,UNRELIABLE,,
momentum,Ultimate Oscillator extremes,15m,long,transition|mid range|messy|expanding,8,-2.6669,50.0,-0.21,0,0.0,0.0,0.0,0.0,UNRELIABLE,1.49,
momentum,Ultimate Oscillator extremes,15m,short,transition|mid range|messy|expanding,12,34.5179,58.33,4.14,0,0.0,0.0,0.0,0.0,UNRELIABLE,0.1623,
momentum,Ultimate Oscillator extremes,15m,long,downtrend|pulling back in trend|messy|contracting,3,-9.4256,33.33,-0.28,1,104.4191,100.0,1.04,0.0,UNRELIABLE,,0.0373
momentum,Ultimate Oscillator extremes,15m,short,downtrend|pulling back in trend|messy|contracting,20,-8.001,35.0,-1.6,2,-64.9203,0.0,-1.3,-1.3,UNRELIABLE,,
momentum,Ultimate Oscillator extremes,15m,long,uptrend|at range high|messy|contracting,0,,,,0,,,,,NO-TRADES,,
momentum,Ultimate Oscillator extremes,15m,short,uptrend|at range high|messy|contracting,26,21.8135,50.0,5.67,5,15.5855,40.0,0.78,-1.39,UNRELIABLE,0.2102,0.2935
momentum,Ultimate Oscillator extremes,15m,long,uptrend|pulling back in trend|messy|contracting,12,-2.5421,41.67,-0.31,3,-1.6979,33.33,-0.05,-1.98,UNRELIABLE,1.4163,1.3565
momentum,Ultimate Oscillator extremes,15m,short,uptrend|pulling back in trend|messy|contracting,4,-22.4776,25.0,-0.9,1,104.9184,100.0,1.05,-0.46,UNRELIABLE,,0.0327
momentum,Ultimate Oscillator extremes,15m,long,downtrend|pulling back in trend|messy|expanding,2,104.9028,100.0,2.1,0,0.0,0.0,0.0,0.0,UNRELIABLE,0.0378,
momentum,Ultimate Oscillator extremes,15m,short,downtrend|pulling back in trend|messy|expanding,21,-18.8993,33.33,-3.97,1,-65.1887,0.0,-0.65,-0.68,UNRELIABLE,,
momentum,Ultimate Oscillator extremes,15m,long,uptrend|pulling back in trend|messy|expanding,10,-11.3086,30.0,-1.13,0,0.0,0.0,0.0,0.0,UNRELIABLE,,
momentum,Ultimate Oscillator extremes,15m,short,uptrend|pulling back in trend|messy|expanding,4,-63.8692,0.0,-2.55,0,0.0,0.0,0.0,0.0,UNRELIABLE,,
momentum,Ultimate Oscillator extremes,15m,long,transition|at range high|messy|contracting,1,-65.4025,0.0,-0.65,0,0.0,0.0,0.0,0.0,UNRELIABLE,,
momentum,Ultimate Oscillator extremes,15m,short,transition|at range high|messy|contracting,35,6.4745,45.71,2.27,8,-1.7792,37.5,-0.14,-2.73,FAIL,0.5192,1.2791
momentum,Ultimate Oscillator extremes,15m,long,uptrend|at range high|messy|expanding,0,,,,0,,,,,NO-TRADES,,
momentum,Ultimate Oscillator extremes,15m,short,uptrend|at range high|messy|expanding,21,1.0361,42.86,0.22,4,-64.2785,0.0,-2.57,-2.57,UNRELIABLE,0.8671,
momentum,Ultimate Oscillator extremes,15m,long,transition|mid range|clean|contracting,7,-8.1731,28.57,-0.57,2,-65.0984,0.0,-1.3,-1.42,UNRELIABLE,,
momentum,Ultimate Oscillator extremes,15m,short,transition|mid range|clean|contracting,7,-16.7832,28.57,-1.17,3,-65.0747,0.0,-1.95,-1.95,UNRELIABLE,,
momentum,Ultimate Oscillator extremes,15m,long,downtrend|at range low|messy|contracting,16,-8.5857,37.5,-1.37,3,-36.7578,33.33,-1.1,-1.57,UNRELIABLE,169.2599,
momentum,Ultimate Oscillator extremes,15m,short,downtrend|at range low|messy|contracting,0,,,,0,,,,,NO-TRADES,,
momentum,Ultimate Oscillator extremes,15m,long,transition|at range high|messy|expanding,1,-65.5871,0.0,-0.66,0,0.0,0.0,0.0,0.0,UNRELIABLE,,
momentum,Ultimate Oscillator extremes,15m,short,transition|at range high|messy|expanding,26,22.7536,61.54,5.92,6,6.6167,50.0,0.4,-1.3,UNRELIABLE,0.2101,0.5156
momentum,Ultimate Oscillator extremes,15m,long,transition|at range low|messy|contracting,18,-7.7573,38.89,-1.4,5,36.227,60.0,1.81,-1.3,UNRELIABLE,9.6212,0.1629
momentum,Ultimate Oscillator extremes,15m,short,transition|at range low|messy|contracting,0,,,,0,,,,,NO-TRADES,,
momentum,Ultimate Oscillator extremes,15m,long,transition|mid range|clean|expanding,11,-25.864,27.27,-2.85,1,-65.4604,0.0,-0.65,-1.32,UNRELIABLE,,
momentum,Ultimate Oscillator extremes,15m,short,transition|mid range|clean|expanding,13,2.0432,46.15,0.27,2,8.2892,50.0,0.17,-0.64,UNRELIABLE,0.7842,0.2774
momentum,Ultimate Oscillator extremes,15m,long,downtrend|at range low|messy|expanding,7,-34.4122,14.29,-2.41,1,-65.1813,0.0,-0.65,-0.65,UNRELIABLE,,
momentum,Ultimate Oscillator extremes,15m,short,downtrend|at range low|messy|expanding,0,,,,0,,,,,NO-TRADES,,
momentum,Ultimate Oscillator extremes,15m,long,transition|at range low|messy|expanding,14,-17.8033,35.71,-2.49,7,7.0536,42.86,0.49,-1.41,UNRELIABLE,,0.5369
momentum,Ultimate Oscillator extremes,15m,short,transition|at range low|messy|expanding,0,,,,0,,,,,NO-TRADES,,
momentum,Ultimate Oscillator extremes,15m,long,downtrend|pulling back in trend|clean|contracting,0,0.0,0.0,0.0,0,0.0,0.0,0.0,0.0,UNRELIABLE,,
momentum,Ultimate Oscillator extremes,15m,short,downtrend|pulling back in trend|clean|contracting,13,0.2196,38.46,0.03,0,0.0,0.0,0.0,0.0,UNRELIABLE,0.9671,
momentum,Ultimate Oscillator extremes,15m,long,uptrend|pulling back in trend|clean|contracting,4,0.2257,50.0,0.01,1,-65.1813,0.0,-0.65,-0.65,UNRELIABLE,0.972,
momentum,Ultimate Oscillator extremes,15m,short,uptrend|pulling back in trend|clean|contracting,1,-65.2825,0.0,-0.65,1,-64.5533,0.0,-0.65,-0.96,UNRELIABLE,,
momentum,Ultimate Oscillator extremes,15m,long,uptrend|at range high|clean|contracting,0,,,,0,,,,,NO-TRADES,,
momentum,Ultimate Oscillator extremes,15m,short,uptrend|at range high|clean|contracting,31,-32.9064,16.13,-10.2,8,85.895,87.5,6.87,-0.65,FAIL,,0.0525
momentum,Ultimate Oscillator extremes,15m,long,downtrend|pulling back in trend|clean|expanding,1,-65.9961,0.0,-0.66,0,0.0,0.0,0.0,0.0,UNRELIABLE,,
momentum,Ultimate Oscillator extremes,15m,short,downtrend|pulling back in trend|clean|expanding,17,-13.6011,35.29,-2.31,1,-64.7824,0.0,-0.65,-0.86,UNRELIABLE,,
momentum,Ultimate Oscillator extremes,15m,long,uptrend|pulling back in trend|clean|expanding,8,-43.6929,12.5,-3.5,3,-9.6248,33.33,-0.29,-1.58,UNRELIABLE,,
momentum,Ultimate Oscillator extremes,15m,short,uptrend|pulling back in trend|clean|expanding,1,105.3245,100.0,1.05,0,0.0,0.0,0.0,0.0,UNRELIABLE,0.0289,
momentum,Ultimate Oscillator extremes,15m,long,transition|at range high|clean|contracting,0,,,,0,,,,,NO-TRADES,,
momentum,Ultimate Oscillator extremes,15m,short,transition|at range high|clean|contracting,42,9.2879,47.62,3.9,11,-48.3603,9.09,-5.32,-6.98,FAIL,0.4251,
momentum,Ultimate Oscillator extremes,15m,long,transition|mid range|messy|stalling,2,19.2121,50.0,0.38,0,0.0,0.0,0.0,0.0,UNRELIABLE,0.284,
momentum,Ultimate Oscillator extremes,15m,short,transition|mid range|messy|stalling,4,31.9961,50.0,1.28,2,50.1644,50.0,1.0,-0.32,UNRELIABLE,0.1381,0.071
momentum,Ultimate Oscillator extremes,15m,long,transition|at range high|clean|expanding,0,,,,0,,,,,NO-TRADES,,
momentum,Ultimate Oscillator extremes,15m,short,transition|at range high|clean|expanding,32,24.8073,53.12,7.94,8,-34.5785,25.0,-2.77,-3.07,FAIL,0.2159,
momentum,Ultimate Oscillator extremes,15m,long,uptrend|at range high|clean|expanding,0,,,,0,,,,,NO-TRADES,,
momentum,Ultimate Oscillator extremes,15m,short,uptrend|at range high|clean|expanding,19,-20.9355,26.32,-3.98,2,18.7758,50.0,0.38,-0.96,UNRELIABLE,,0.2985
momentum,Ultimate Oscillator extremes,15m,long,downtrend|at range low|clean|contracting,10,-32.3992,30.0,-3.24,5,-64.5215,0.0,-3.23,-3.67,UNRELIABLE,,
momentum,Ultimate Oscillator extremes,15m,short,downtrend|at range low|clean|contracting,0,,,,0,,,,,NO-TRADES,,
momentum,Ultimate Oscillator extremes,15m,long,transition|at range low|clean|contracting,17,0.9465,52.94,0.16,5,36.2435,60.0,1.81,-1.43,UNRELIABLE,0.8946,0.1642
momentum,Ultimate Oscillator extremes,15m,short,transition|at range low|clean|contracting,0,,,,0,,,,,NO-TRADES,,
momentum,Ultimate Oscillator extremes,15m,long,transition|at range low|clean|expanding,12,19.9904,58.33,2.4,5,36.2904,60.0,1.81,-0.73,UNRELIABLE,0.2385,0.1632
momentum,Ultimate Oscillator extremes,15m,short,transition|at range low|clean|expanding,0,,,,0,,,,,NO-TRADES,,
momentum,Ultimate Oscillator extremes,15m,long,downtrend|at range low|clean|expanding,11,-34.0479,18.18,-3.75,3,-9.1469,33.33,-0.27,-1.81,UNRELIABLE,,
momentum,Ultimate Oscillator extremes,15m,short,downtrend|at range low|clean|expanding,0,,,,0,,,,,NO-TRADES,,
momentum,Ultimate Oscillator extremes,15m,long,downtrend|pulling back in trend|messy|stalling,0,0.0,0.0,0.0,0,0.0,0.0,0.0,0.0,UNRELIABLE,,
momentum,Ultimate Oscillator extremes,15m,short,downtrend|pulling back in trend|messy|stalling,3,-7.5763,66.67,-0.23,0,0.0,0.0,0.0,0.0,UNRELIABLE,,
momentum,Ultimate Oscillator extremes,15m,long,downtrend|at range high|messy|contracting,0,,,,0,,,,,NO-TRADES,,
momentum,Ultimate Oscillator extremes,15m,short,downtrend|at range high|messy|contracting,21,-6.7591,38.1,-1.42,4,-64.4748,0.0,-2.58,-2.58,UNRELIABLE,10.0415,
momentum,Ultimate Oscillator extremes,15m,long,uptrend|pulling back in trend|messy|stalling,3,-8.4346,33.33,-0.25,0,0.0,0.0,0.0,0.0,UNRELIABLE,,
momentum,Ultimate Oscillator extremes,15m,short,uptrend|pulling back in trend|messy|stalling,0,,,,0,,,,,NO-TRADES,,
momentum,Ultimate Oscillator extremes,15m,long,downtrend|at range high|messy|expanding,0,,,,0,,,,,NO-TRADES,,
momentum,Ultimate Oscillator extremes,15m,short,downtrend|at range high|messy|expanding,13,-0.9531,38.46,-0.12,3,-8.5237,33.33,-0.26,-1.45,UNRELIABLE,1.1684,
momentum,Ultimate Oscillator extremes,15m,long,uptrend|at range high|messy|stalling,0,,,,0,,,,,NO-TRADES,,
momentum,Ultimate Oscillator extremes,15m,short,uptrend|at range high|messy|stalling,9,44.6928,66.67,4.02,2,-64.8832,0.0,-1.3,-1.3,UNRELIABLE,0.0942,
momentum,Awesome Oscillator 0-cross,1h,long,transition|mid range|messy|contracting,49,-14.762,34.69,-7.23,13,-15.5298,30.77,-2.02,-4.81,FAIL,,
momentum,Awesome Oscillator 0-cross,1h,short,transition|mid range|messy|contracting,56,9.9821,42.86,5.59,18,-29.8568,27.78,-5.37,-8.26,FAIL,,
momentum,Awesome Oscillator 0-cross,1h,long,transition|mid range|messy|expanding,34,26.4404,47.06,8.99,14,58.6208,57.14,8.21,-4.01,SURVIVOR,,
momentum,Awesome Oscillator 0-cross,1h,short,transition|mid range|messy|expanding,45,11.3223,40.0,5.1,16,-12.925,43.75,-2.07,-8.09,FAIL,,
momentum,Awesome Oscillator 0-cross,1h,long,uptrend|at range high|messy|contracting,16,24.3074,43.75,3.89,8,9.1934,37.5,0.74,-5.18,UNRELIABLE,,
momentum,Awesome Oscillator 0-cross,1h,short,uptrend|at range high|messy|contracting,1,-132.5686,0.0,-1.33,0,0.0,0.0,0.0,0.0,UNRELIABLE,,
momentum,Awesome Oscillator 0-cross,1h,long,downtrend|pulling back in trend|messy|contracting,30,-29.4394,30.0,-8.83,8,18.7303,50.0,1.5,-6.25,FAIL,,
momentum,Awesome Oscillator 0-cross,1h,short,downtrend|pulling back in trend|messy|contracting,17,36.315,58.82,6.17,4,-73.4916,25.0,-2.94,-4.47,UNRELIABLE,,
momentum,Awesome Oscillator 0-cross,1h,long,uptrend|pulling back in trend|messy|contracting,23,-20.3472,34.78,-4.68,6,-44.2149,33.33,-2.65,-3.05,UNRELIABLE,,
momentum,Awesome Oscillator 0-cross,1h,short,uptrend|pulling back in trend|messy|contracting,32,12.5321,43.75,4.01,7,104.5108,71.43,7.32,-2.05,UNRELIABLE,,
momentum,Awesome Oscillator 0-cross,1h,long,uptrend|at range high|messy|expanding,18,70.7669,55.56,12.74,4,54.6583,75.0,2.19,-1.78,UNRELIABLE,,
momentum,Awesome Oscillator 0-cross,1h,short,uptrend|at range high|messy|expanding,1,23.3881,100.0,0.23,2,108.6766,50.0,2.17,-0.82,UNRELIABLE,,
momentum,Awesome Oscillator 0-cross,1h,long,downtrend|pulling back in trend|messy|expanding,29,21.3937,51.72,6.2,6,100.5703,66.67,6.03,-1.89,UNRELIABLE,,
momentum,Awesome Oscillator 0-cross,1h,short,downtrend|pulling back in trend|messy|expanding,22,48.209,54.55,10.61,8,-107.7562,12.5,-8.62,-8.99,FAIL,,
momentum,Awesome Oscillator 0-cross,1h,long,transition|at range high|messy|contracting,69,-32.467,24.64,-22.4,16,2.4136,43.75,0.39,-7.84,FAIL,,
momentum,Awesome Oscillator 0-cross,1h,short,transition|at range high|messy|contracting,2,52.1428,50.0,1.04,0,0.0,0.0,0.0,0.0,UNRELIABLE,,
momentum,Awesome Oscillator 0-cross,1h,long,uptrend|pulling back in trend|messy|expanding,12,78.2061,75.0,9.38,5,-59.9517,20.0,-3.0,-4.77,UNRELIABLE,,
momentum,Awesome Oscillator 0-cross,1h,short,uptrend|pulling back in trend|messy|expanding,22,-48.7054,22.73,-10.72,0,0.0,0.0,0.0,0.0,UNRELIABLE,,
momentum,Awesome Oscillator 0-cross,1h,long,transition|at range high|messy|expanding,37,-7.6691,40.54,-2.84,17,-2.2728,41.18,-0.39,-4.75,FAIL,,
momentum,Awesome Oscillator 0-cross,1h,short,transition|at range high|messy|expanding,2,-130.3955,0.0,-2.61,0,0.0,0.0,0.0,0.0,UNRELIABLE,,
momentum,Awesome Oscillator 0-cross,1h,long,downtrend|at range low|messy|contracting,0,,,,0,,,,,NO-TRADES,,
momentum,Awesome Oscillator 0-cross,1h,short,downtrend|at range low|messy|contracting,15,-6.1144,40.0,-0.92,6,-68.9719,16.67,-4.14,-7.25,UNRELIABLE,,
momentum,Awesome Oscillator 0-cross,1h,long,transition|at range low|messy|contracting,1,-133.7217,0.0,-1.34,0,0.0,0.0,0.0,0.0,UNRELIABLE,,
momentum,Awesome Oscillator 0-cross,1h,short,transition|at range low|messy|contracting,52,-17.9967,38.46,-9.36,11,-44.2376,27.27,-4.87,-5.43,FAIL,,
momentum,Awesome Oscillator 0-cross,1h,long,downtrend|at range low|messy|expanding,2,-131.6358,0.0,-2.63,1,238.8544,100.0,2.39,-0.38,UNRELIABLE,,
momentum,Awesome Oscillator 0-cross,1h,short,downtrend|at range low|messy|expanding,14,-32.4263,28.57,-4.54,4,-98.5544,0.0,-3.94,-4.39,UNRELIABLE,,
momentum,Awesome Oscillator 0-cross,1h,long,transition|at range low|messy|expanding,2,-131.9022,0.0,-2.64,0,0.0,0.0,0.0,0.0,UNRELIABLE,,
momentum,Awesome Oscillator 0-cross,1h,short,transition|at range low|messy|expanding,41,7.3793,48.78,3.03,14,-47.9246,28.57,-6.71,-9.49,FAIL,,
momentum,Awesome Oscillator 0-cross,1h,long,transition|mid range|clean|contracting,23,-17.1182,39.13,-3.94,6,25.759,50.0,1.55,-4.62,UNRELIABLE,,
momentum,Awesome Oscillator 0-cross,1h,short,transition|mid range|clean|contracting,23,27.2673,47.83,6.27,5,15.5394,40.0,0.78,-4.14,UNRELIABLE,,
momentum,Awesome Oscillator 0-cross,1h,long,transition|mid range|clean|expanding,12,-18.2642,50.0,-2.19,5,-13.9115,40.0,-0.7,-3.0,UNRELIABLE,,
momentum,Awesome Oscillator 0-cross,1h,short,transition|mid range|clean|expanding,15,6.586,46.67,0.99,3,-9.5047,33.33,-0.29,-2.75,UNRELIABLE,,
momentum,Awesome Oscillator 0-cross,1h,long,transition|mid range|messy|stalling,6,-104.6975,16.67,-6.28,0,0.0,0.0,0.0,0.0,UNRELIABLE,,
momentum,Awesome Oscillator 0-cross,1h,short,transition|mid range|messy|stalling,16,-33.8108,18.75,-5.41,3,-89.717,0.0,-2.69,-3.33,UNRELIABLE,,
momentum,Awesome Oscillator 0-cross,1h,long,transition|at range high|clean|contracting,38,-48.4292,21.05,-18.4,8,25.1439,50.0,2.01,-2.65,FAIL,,
momentum,Awesome Oscillator 0-cross,1h,short,transition|at range high|clean|contracting,0,,,,0,,,,,NO-TRADES,,
momentum,Awesome Oscillator 0-cross,1h,long,downtrend|pulling back in trend|clean|contracting,9,3.7554,33.33,0.34,4,-87.7714,25.0,-3.51,-4.73,UNRELIABLE,,
momentum,Awesome Oscillator 0-cross,1h,short,downtrend|pulling back in trend|clean|contracting,11,37.1963,54.55,4.09,0,0.0,0.0,0.0,0.0,UNRELIABLE,,
momentum,Awesome Oscillator 0-cross,1h,long,uptrend|pulling back in trend|clean|contracting,11,-46.0218,27.27,-5.06,2,-3.9536,50.0,-0.08,-1.66,UNRELIABLE,,
momentum,Awesome Oscillator 0-cross,1h,short,uptrend|pulling back in trend|clean|contracting,10,21.4328,50.0,2.14,4,-39.875,25.0,-1.59,-3.39,UNRELIABLE,,
momentum,Awesome Oscillator 0-cross,1h,long,uptrend|at range high|clean|contracting,13,11.201,46.15,1.46,2,-132.1497,0.0,-2.64,-2.64,UNRELIABLE,,
momentum,Awesome Oscillator 0-cross,1h,short,uptrend|at range high|clean|contracting,1,239.7133,100.0,2.4,0,0.0,0.0,0.0,0.0,UNRELIABLE,,
momentum,Awesome Oscillator 0-cross,1h,long,uptrend|pulling back in trend|clean|expanding,4,-41.7634,25.0,-1.67,2,-132.8651,0.0,-2.66,-3.17,UNRELIABLE,,
momentum,Awesome Oscillator 0-cross,1h,short,uptrend|pulling back in trend|clean|expanding,14,30.9609,50.0,4.33,3,-9.8879,33.33,-0.3,-1.33,UNRELIABLE,,
momentum,Awesome Oscillator 0-cross,1h,long,downtrend|pulling back in trend|clean|expanding,5,161.8536,80.0,8.09,3,-12.1327,33.33,-0.36,-2.64,UNRELIABLE,,
momentum,Awesome Oscillator 0-cross,1h,short,downtrend|pulling back in trend|clean|expanding,9,31.8487,44.44,2.87,2,29.9223,50.0,0.6,-2.39,UNRELIABLE,,
momentum,Awesome Oscillator 0-cross,1h,long,transition|at range high|clean|expanding,27,-2.3634,40.74,-0.64,7,-11.0957,28.57,-0.78,-3.48,UNRELIABLE,,
momentum,Awesome Oscillator 0-cross,1h,short,transition|at range high|clean|expanding,1,-129.7103,0.0,-1.3,0,0.0,0.0,0.0,0.0,UNRELIABLE,,
momentum,Awesome Oscillator 0-cross,1h,long,transition|at range low|clean|contracting,0,,,,0,,,,,NO-TRADES,,
momentum,Awesome Oscillator 0-cross,1h,short,transition|at range low|clean|contracting,27,-26.6401,29.63,-7.19,10,-55.4797,10.0,-5.55,-7.74,FAIL,,
momentum,Awesome Oscillator 0-cross,1h,long,downtrend|at range high|messy|contracting,34,12.2198,41.18,4.15,11,-65.0348,27.27,-7.15,-8.44,FAIL,,
momentum,Awesome Oscillator 0-cross,1h,short,downtrend|at range high|messy|contracting,1,-37.1319,0.0,-0.37,0,0.0,0.0,0.0,0.0,UNRELIABLE,,
momentum,Awesome Oscillator 0-cross,1h,long,uptrend|at range high|clean|expanding,10,74.2906,60.0,7.43,2,-45.0836,50.0,-0.9,-2.36,UNRELIABLE,,
momentum,Awesome Oscillator 0-cross,1h,short,uptrend|at range high|clean|expanding,0,,,,0,,,,,NO-TRADES,,
momentum,Awesome Oscillator 0-cross,1h,long,downtrend|at range low|clean|contracting,0,,,,0,,,,,NO-TRADES,,
momentum,Awesome Oscillator 0-cross,1h,short,downtrend|at range low|clean|contracting,5,14.9165,40.0,0.75,3,-130.7566,0.0,-3.92,-3.92,UNRELIABLE,,
momentum,Awesome Oscillator 0-cross,1h,long,downtrend|pulling back in trend|messy|stalling,13,-68.3036,15.38,-8.88,1,-136.2731,0.0,-1.36,-2.96,UNRELIABLE,,
momentum,Awesome Oscillator 0-cross,1h,short,downtrend|pulling back in trend|messy|stalling,9,31.7683,44.44,2.86,1,10.7021,100.0,0.11,-0.56,UNRELIABLE,,
momentum,Awesome Oscillator 0-cross,1h,long,uptrend|at range high|messy|stalling,5,-37.5974,20.0,-1.88,2,51.926,50.0,1.04,-2.85,UNRELIABLE,,
momentum,Awesome Oscillator 0-cross,1h,short,uptrend|at range high|messy|stalling,0,0.0,0.0,0.0,1,-125.9256,0.0,-1.26,-2.49,UNRELIABLE,,
momentum,Awesome Oscillator 0-cross,1h,long,transition|at range low|clean|expanding,3,-131.7654,0.0,-3.95,0,0.0,0.0,0.0,0.0,UNRELIABLE,,
momentum,Awesome Oscillator 0-cross,1h,short,transition|at range low|clean|expanding,21,-23.1992,33.33,-4.87,14,32.5249,50.0,4.55,-5.53,FAIL,,
momentum,Awesome Oscillator 0-cross,1h,long,uptrend|pulling back in trend|messy|stalling,4,48.6847,50.0,1.95,1,237.0756,100.0,2.37,-0.61,UNRELIABLE,,
momentum,Awesome Oscillator 0-cross,1h,short,uptrend|pulling back in trend|messy|stalling,8,-62.3311,12.5,-4.99,3,-115.734,0.0,-3.47,-3.67,UNRELIABLE,,
momentum,Awesome Oscillator 0-cross,1h,long,uptrend|at range low|messy|contracting,1,-132.3775,0.0,-1.32,0,0.0,0.0,0.0,0.0,UNRELIABLE,,
momentum,Awesome Oscillator 0-cross,1h,short,uptrend|at range low|messy|contracting,45,-51.7123,24.44,-23.27,18,26.7033,44.44,4.81,-4.64,FAIL,,
momentum,Awesome Oscillator 0-cross,1h,long,downtrend|at range high|messy|expanding,19,22.0955,42.11,4.2,13,13.2477,46.15,1.72,-5.1,UNRELIABLE,,
momentum,Awesome Oscillator 0-cross,1h,short,downtrend|at range high|messy|expanding,2,-130.8099,0.0,-2.62,0,0.0,0.0,0.0,0.0,UNRELIABLE,,
momentum,Awesome Oscillator 0-cross,1h,long,uptrend|at range low|messy|expanding,1,-133.8881,0.0,-1.34,0,0.0,0.0,0.0,0.0,UNRELIABLE,,
momentum,Awesome Oscillator 0-cross,1h,short,uptrend|at range low|messy|expanding,31,-12.4808,35.48,-3.87,9,57.0392,55.56,5.13,-2.29,FAIL,,
momentum,Awesome Oscillator 0-cross,1h,long,downtrend|at range low|clean|expanding,1,7.4351,100.0,0.07,1,-132.4704,0.0,-1.32,-1.32,UNRELIABLE,,
momentum,Awesome Oscillator 0-cross,1h,short,downtrend|at range low|clean|expanding,9,-9.4307,33.33,-0.85,3,-118.7038,0.0,-3.56,-3.56,UNRELIABLE,,
momentum,Awesome Oscillator 0-cross,15m,long,transition|mid range|messy|contracting,153,-7.9329,35.29,-12.14,44,-24.7367,25.0,-10.88,-11.43,FAIL,813.4209,
momentum,Awesome Oscillator 0-cross,15m,short,transition|mid range|messy|contracting,193,-5.9636,35.75,-11.51,48,-6.6898,37.5,-3.21,-8.3,FAIL,5.8368,6.5152
momentum,Awesome Oscillator 0-cross,15m,long,transition|mid range|messy|expanding,136,-5.7213,36.03,-7.78,34,-18.9242,32.35,-6.43,-7.15,FAIL,3.0305,
momentum,Awesome Oscillator 0-cross,15m,short,transition|mid range|messy|expanding,143,-4.566,37.06,-6.53,34,-33.282,17.65,-11.32,-12.76,FAIL,2.6459,
momentum,Awesome Oscillator 0-cross,15m,long,downtrend|pulling back in trend|messy|contracting,99,-1.2555,39.39,-1.24,22,-15.9514,36.36,-3.51,-4.46,FAIL,1.1804,
momentum,Awesome Oscillator 0-cross,15m,short,downtrend|pulling back in trend|messy|contracting,86,-16.5728,29.07,-14.25,19,-34.4664,15.79,-6.55,-8.37,FAIL,,
momentum,Awesome Oscillator 0-cross,15m,long,uptrend|at range high|messy|contracting,82,-6.3927,35.37,-5.24,29,-26.5645,24.14,-7.7,-9.61,FAIL,3.904,
momentum,Awesome Oscillator 0-cross,15m,short,uptrend|at range high|messy|contracting,1,104.5802,100.0,1.05,0,0.0,0.0,0.0,0.0,UNRELIABLE,0.0358,
momentum,Awesome Oscillator 0-cross,15m,long,uptrend|pulling back in trend|messy|contracting,73,-8.3458,32.88,-6.09,25,14.4273,48.0,3.61,-2.27,FAIL,30.5196,0.3569
momentum,Awesome Oscillator 0-cross,15m,short,uptrend|pulling back in trend|messy|contracting,126,3.9226,44.44,4.94,34,11.5177,50.0,3.92,-2.53,SURVIVOR,0.6583,0.3777
momentum,Awesome Oscillator 0-cross,15m,long,downtrend|pulling back in trend|messy|expanding,88,-5.4427,37.5,-4.79,25,16.5032,52.0,4.13,-2.11,FAIL,2.9587,0.3237
momentum,Awesome Oscillator 0-cross,15m,short,downtrend|pulling back in trend|messy|expanding,63,4.1359,41.27,2.61,20,-34.0204,20.0,-6.8,-7.26,FAIL,0.6374,
momentum,Awesome Oscillator 0-cross,15m,long,uptrend|pulling back in trend|messy|expanding,57,-11.3802,33.33,-6.49,29,-21.7048,27.59,-6.29,-8.24,FAIL,,
momentum,Awesome Oscillator 0-cross,15m,short,uptrend|pulling back in trend|messy|expanding,108,-14.8291,26.85,-16.02,32,2.8545,43.75,0.91,-3.26,FAIL,,0.7115
momentum,Awesome Oscillator 0-cross,15m,long,transition|at range high|messy|contracting,227,-11.6652,31.28,-26.48,70,7.3632,45.71,5.15,-4.49,FAIL,,0.5264
momentum,Awesome Oscillator 0-cross,15m,short,transition|at range high|messy|contracting,7,20.3149,57.14,1.42,0,0.0,0.0,0.0,0.0,UNRELIABLE,0.2472,
momentum,Awesome Oscillator 0-cross,15m,long,uptrend|at range high|messy|expanding,72,-5.9882,36.11,-4.31,28,-3.045,35.71,-0.85,-3.71,FAIL,3.6877,1.5458
momentum,Awesome Oscillator 0-cross,15m,short,uptrend|at range high|messy|expanding,5,-31.4275,20.0,-1.57,3,-64.6057,0.0,-1.94,-1.96,UNRELIABLE,,
momentum,Awesome Oscillator 0-cross,15m,long,transition|mid range|clean|contracting,100,-4.5537,38.0,-4.55,27,-20.5432,25.93,-5.55,-7.26,FAIL,2.1388,
momentum,Awesome Oscillator 0-cross,15m,short,transition|mid range|clean|contracting,117,-10.5346,34.19,-12.33,33,0.2497,39.39,0.08,-3.47,FAIL,,0.9671
momentum,Awesome Oscillator 0-cross,15m,long,downtrend|at range low|messy|contracting,3,36.4435,66.67,1.09,2,19.1797,50.0,0.38,-0.65,UNRELIABLE,0.1502,0.2833
momentum,Awesome Oscillator 0-cross,15m,short,downtrend|at range low|messy|contracting,83,-17.4039,30.12,-14.45,18,1.1876,44.44,0.21,-2.65,FAIL,,0.8639
momentum,Awesome Oscillator 0-cross,15m,long,transition|at range high|messy|expanding,159,-0.9351,37.74,-1.49,62,-12.2591,32.26,-7.6,-10.64,FAIL,1.1197,
momentum,Awesome Oscillator 0-cross,15m,short,transition|at range high|messy|expanding,12,-36.0732,16.67,-4.33,1,-64.5946,0.0,-0.65,-0.77,UNRELIABLE,,
momentum,Awesome Oscillator 0-cross,15m,long,transition|at range low|messy|contracting,6,-9.064,33.33,-0.54,1,104.2849,100.0,1.04,-0.17,UNRELIABLE,,0.0385
momentum,Awesome Oscillator 0-cross,15m,short,transition|at range low|messy|contracting,165,-13.8091,30.3,-22.79,61,6.5611,42.62,4.0,-4.27,FAIL,,0.5381
momentum,Awesome Oscillator 0-cross,15m,long,transition|mid range|clean|expanding,67,-12.3708,32.84,-8.29,16,49.9851,75.0,8.0,-1.64,FAIL,,0.1137
momentum,Awesome Oscillator 0-cross,15m,short,transition|mid range|clean|expanding,64,-3.1744,34.38,-2.03,35,-7.4194,40.0,-2.6,-3.96,FAIL,1.7671,44.6706
momentum,Awesome Oscillator 0-cross,15m,long,downtrend|at range low|messy|expanding,4,-23.3262,25.0,-0.93,1,104.0668,100.0,1.04,-0.3,UNRELIABLE,,0.0405
momentum,Awesome Oscillator 0-cross,15m,short,downtrend|at range low|messy|expanding,54,-3.7435,42.59,-2.02,17,-20.5601,23.53,-3.5,-4.07,FAIL,2.0474,
momentum,Awesome Oscillator 0-cross,15m,long,transition|at range low|messy|expanding,9,-5.0307,33.33,-0.45,2,-44.616,0.0,-0.89,-1.0,UNRELIABLE,2.5451,
momentum,Awesome Oscillator 0-cross,15m,short,transition|at range low|messy|expanding,176,-12.35,30.68,-21.74,64,-6.4926,40.62,-4.16,-9.1,FAIL,,7.8617
momentum,Awesome Oscillator 0-cross,15m,long,downtrend|pulling back in trend|clean|contracting,78,-3.1922,37.18,-2.49,22,-15.9014,31.82,-3.5,-6.09,FAIL,1.624,
momentum,Awesome Oscillator 0-cross,15m,short,downtrend|pulling back in trend|clean|contracting,37,-11.587,35.14,-4.29,14,-18.8253,35.71,-2.64,-3.73,FAIL,,
momentum,Awesome Oscillator 0-cross,15m,long,uptrend|pulling back in trend|clean|contracting,44,-15.4118,31.82,-6.78,9,-27.7311,22.22,-2.5,-3.5,FAIL,,
momentum,Awesome Oscillator 0-cross,15m,short,uptrend|pulling back in trend|clean|contracting,69,-1.2583,37.68,-0.87,21,21.0012,52.38,4.41,-2.76,FAIL,1.2051,0.2534
momentum,Awesome Oscillator 0-cross,15m,long,uptrend|at range high|clean|contracting,47,-15.3431,31.91,-7.21,12,0.6638,41.67,0.08,-4.73,FAIL,,0.9252
momentum,Awesome Oscillator 0-cross,15m,short,uptrend|at range high|clean|contracting,2,19.3167,50.0,0.39,0,0.0,0.0,0.0,0.0,UNRELIABLE,0.2782,
momentum,Awesome Oscillator 0-cross,15m,long,downtrend|pulling back in trend|clean|expanding,44,11.5375,50.0,5.08,18,20.0969,55.56,3.62,-2.49,SURVIVOR,0.3994,0.2673
momentum,Awesome Oscillator 0-cross,15m,short,downtrend|pulling back in trend|clean|expanding,34,-2.4984,38.24,-0.85,12,21.6038,58.33,2.59,-1.55,FAIL,1.4836,0.2211
momentum,Awesome Oscillator 0-cross,15m,long,uptrend|pulling back in trend|clean|expanding,38,-7.1747,34.21,-2.73,12,33.7066,58.33,4.04,-1.59,FAIL,7.0649,0.1797
momentum,Awesome Oscillator 0-cross,15m,short,uptrend|pulling back in trend|clean|expanding,55,-12.8724,30.91,-7.08,17,-9.4151,35.29,-1.6,-5.26,FAIL,,
momentum,Awesome Oscillator 0-cross,15m,long,transition|at range high|clean|contracting,137,-6.4654,37.23,-8.86,43,7.9703,46.51,3.43,-3.78,FAIL,3.2545,0.5008
momentum,Awesome Oscillator 0-cross,15m,short,transition|at range high|clean|contracting,1,-65.2825,0.0,-0.65,2,19.2837,50.0,0.39,-0.77,UNRELIABLE,,0.2794
momentum,Awesome Oscillator 0-cross,15m,long,transition|mid range|messy|stalling,39,-5.9447,35.9,-2.32,10,9.4925,50.0,0.95,-1.74,FAIL,3.4749,0.4525
momentum,Awesome Oscillator 0-cross,15m,short,transition|mid range|messy|stalling,62,-12.1195,32.26,-7.51,16,-22.4302,25.0,-3.59,-4.87,FAIL,,
momentum,Awesome Oscillator 0-cross,15m,long,transition|at range high|clean|expanding,114,1.6066,42.98,1.83,33,-10.7553,36.36,-3.55,-5.9,FAIL,0.8426,
momentum,Awesome Oscillator 0-cross,15m,short,transition|at range high|clean|expanding,5,44.2947,60.0,2.21,1,104.6152,100.0,1.05,-0.25,UNRELIABLE,0.1018,0.0355
momentum,Awesome Oscillator 0-cross,15m,long,uptrend|at range high|clean|expanding,45,-17.8625,28.89,-8.04,11,27.1324,54.55,2.98,-2.58,FAIL,,0.2193
momentum,Awesome Oscillator 0-cross,15m,short,uptrend|at range high|clean|expanding,3,51.0687,66.67,1.53,1,-64.9722,0.0,-0.65,-0.73,UNRELIABLE,0.0578,
momentum,Awesome Oscillator 0-cross,15m,long,downtrend|at range low|clean|contracting,1,12.6833,100.0,0.13,1,-65.4308,0.0,-0.65,-0.65,UNRELIABLE,0.2967,
momentum,Awesome Oscillator 0-cross,15m,short,downtrend|at range low|clean|contracting,57,-10.4072,35.09,-5.93,13,1.7305,46.15,0.22,-1.68,FAIL,,0.8087
momentum,Awesome Oscillator 0-cross,15m,long,transition|at range low|clean|contracting,1,-66.2755,0.0,-0.66,0,0.0,0.0,0.0,0.0,UNRELIABLE,,
momentum,Awesome Oscillator 0-cross,15m,short,transition|at range low|clean|contracting,129,4.0367,42.64,5.21,39,-5.4855,38.46,-2.14,-7.87,FAIL,0.6582,3.564
momentum,Awesome Oscillator 0-cross,15m,long,transition|at range low|clean|expanding,1,-65.2125,0.0,-0.65,1,-44.6529,0.0,-0.45,-0.89,UNRELIABLE,,
momentum,Awesome Oscillator 0-cross,15m,short,transition|at range low|clean|expanding,114,-0.5795,38.6,-0.66,35,-7.4883,34.29,-2.62,-7.42,FAIL,1.0825,34.228
momentum,Awesome Oscillator 0-cross,15m,long,downtrend|at range low|clean|expanding,1,104.2227,100.0,1.04,0,0.0,0.0,0.0,0.0,UNRELIABLE,0.0391,
momentum,Awesome Oscillator 0-cross,15m,short,downtrend|at range low|clean|expanding,34,9.7166,44.12,3.3,12,-2.9345,41.67,-0.35,-5.18,FAIL,0.4086,1.6413
momentum,Awesome Oscillator 0-cross,15m,long,downtrend|pulling back in trend|messy|stalling,25,-7.1902,44.0,-1.8,10,1.05,50.0,0.11,-3.21,FAIL,6.4913,0.8815
momentum,Awesome Oscillator 0-cross,15m,short,downtrend|pulling back in trend|messy|stalling,8,41.5373,62.5,3.32,5,-45.4009,20.0,-2.27,-3.07,UNRELIABLE,0.132,
momentum,Awesome Oscillator 0-cross,15m,long,downtrend|at range high|messy|contracting,142,-5.2304,35.92,-7.43,53,-2.104,39.62,-1.12,-4.88,FAIL,2.6241,1.3271
momentum,Awesome Oscillator 0-cross,15m,short,downtrend|at range high|messy|contracting,5,14.0176,40.0,0.7,0,0.0,0.0,0.0,0.0,UNRELIABLE,0.3166,
momentum,Awesome Oscillator 0-cross,15m,long,uptrend|pulling back in trend|messy|stalling,17,-21.5255,23.53,-3.66,4,-5.8973,50.0,-0.24,-1.63,UNRELIABLE,,2.5799
momentum,Awesome Oscillator 0-cross,15m,short,uptrend|pulling back in trend|messy|stalling,25,5.0752,40.0,1.27,7,-40.445,14.29,-2.83,-3.24,UNRELIABLE,0.6058,
momentum,Awesome Oscillator 0-cross,15m,long,downtrend|at range high|messy|expanding,110,-10.6143,33.64,-11.68,36,-18.5799,27.78,-6.69,-6.69,FAIL,,
momentum,Awesome Oscillator 0-cross,15m,short,downtrend|at range high|messy|expanding,5,-29.9466,20.0,-1.5,1,104.5478,100.0,1.05,0.0,UNRELIABLE,,0.0361
momentum,Awesome Oscillator 0-cross,15m,long,uptrend|at range high|messy|stalling,24,-23.4602,20.83,-5.63,6,-59.032,0.0,-3.54,-3.74,UNRELIABLE,,
momentum,Awesome Oscillator 0-cross,15m,short,uptrend|at range high|messy|stalling,4,19.4057,50.0,0.78,1,-65.5199,0.0,-0.66,-0.99,UNRELIABLE,0.2773,
momentum,TSI 0-cross,1h,long,transition|mid range|messy|contracting,21,-11.7844,42.86,-2.47,7,82.0064,71.43,5.74,-3.01,UNRELIABLE,,
momentum,TSI 0-cross,1h,short,transition|mid range|messy|contracting,24,-0.0628,33.33,-0.02,6,-30.9048,33.33,-1.85,-3.89,UNRELIABLE,,
momentum,TSI 0-cross,1h,long,transition|mid range|messy|expanding,31,25.455,51.61,7.89,7,35.9592,42.86,2.52,-4.06,UNRELIABLE,,
momentum,TSI 0-cross,1h,short,transition|mid range|messy|expanding,33,-21.6187,33.33,-7.13,7,-37.1422,28.57,-2.6,-6.18,UNRELIABLE,,
momentum,TSI 0-cross,1h,long,uptrend|at range high|messy|contracting,17,-44.3111,29.41,-7.53,4,-130.1607,0.0,-5.21,-6.74,UNRELIABLE,,
momentum,TSI 0-cross,1h,short,uptrend|at range high|messy|contracting,0,,,,0,,,,,NO-TRADES,,
momentum,TSI 0-cross,1h,long,downtrend|pulling back in trend|messy|contracting,13,16.8488,53.85,2.19,3,-131.4218,0.0,-3.94,-3.94,UNRELIABLE,,
momentum,TSI 0-cross,1h,short,downtrend|pulling back in trend|messy|contracting,12,-22.0216,33.33,-2.64,2,-85.6792,0.0,-1.71,-1.76,UNRELIABLE,,
momentum,TSI 0-cross,1h,long,uptrend|pulling back in trend|messy|contracting,11,39.8122,45.45,4.38,3,-55.7471,33.33,-1.67,-2.81,UNRELIABLE,,
momentum,TSI 0-cross,1h,short,uptrend|pulling back in trend|messy|contracting,15,7.6985,46.67,1.15,7,29.7553,42.86,2.08,-4.73,UNRELIABLE,,
momentum,TSI 0-cross,1h,long,uptrend|at range high|messy|expanding,17,28.6301,41.18,4.87,6,-35.3977,50.0,-2.12,-3.39,UNRELIABLE,,
momentum,TSI 0-cross,1h,short,uptrend|at range high|messy|expanding,0,,,,0,,,,,NO-TRADES,,
momentum,TSI 0-cross,1h,long,downtrend|pulling back in trend|messy|expanding,17,18.7878,41.18,3.19,3,114.473,66.67,3.43,-1.4,UNRELIABLE,,
momentum,TSI 0-cross,1h,short,downtrend|pulling back in trend|messy|expanding,12,31.5119,58.33,3.78,1,239.5833,100.0,2.4,-0.34,UNRELIABLE,,
momentum,TSI 0-cross,1h,long,transition|at range high|messy|contracting,44,-0.8626,34.09,-0.38,9,30.3427,44.44,2.73,-4.44,FAIL,,
momentum,TSI 0-cross,1h,short,transition|at range high|messy|contracting,0,,,,0,,,,,NO-TRADES,,
momentum,TSI 0-cross,1h,long,uptrend|pulling back in trend|messy|expanding,7,-71.5577,28.57,-5.01,0,0.0,0.0,0.0,0.0,UNRELIABLE,,
momentum,TSI 0-cross,1h,short,uptrend|pulling back in trend|messy|expanding,17,36.5216,47.06,6.21,2,-38.2005,50.0,-0.76,-3.08,UNRELIABLE,,
momentum,TSI 0-cross,1h,long,transition|at range high|messy|expanding,32,-41.2998,25.0,-13.22,19,-15.474,36.84,-2.94,-9.22,FAIL,,
momentum,TSI 0-cross,1h,short,transition|at range high|messy|expanding,0,,,,0,,,,,NO-TRADES,,
momentum,TSI 0-cross,1h,long,downtrend|at range low|messy|contracting,0,,,,0,,,,,NO-TRADES,,
momentum,TSI 0-cross,1h,short,downtrend|at range low|messy|contracting,14,1.1404,35.71,0.16,5,-43.6078,20.0,-2.18,-4.48,UNRELIABLE,,
momentum,TSI 0-cross,1h,long,transition|at range low|messy|contracting,0,,,,0,,,,,NO-TRADES,,
momentum,TSI 0-cross,1h,short,transition|at range low|messy|contracting,35,20.0989,51.43,7.03,12,-58.6298,16.67,-7.04,-7.1,FAIL,,
momentum,TSI 0-cross,1h,long,downtrend|at range low|messy|expanding,1,-52.6737,0.0,-0.53,1,7.7494,100.0,0.08,-1.45,UNRELIABLE,,
momentum,TSI 0-cross,1h,short,downtrend|at range low|messy|expanding,17,-20.6526,29.41,-3.51,7,-103.3383,0.0,-7.23,-7.23,UNRELIABLE,,
momentum,TSI 0-cross,1h,long,transition|at range low|messy|expanding,0,0.0,0.0,0.0,1,-132.5964,0.0,-1.33,-1.7,UNRELIABLE,,
momentum,TSI 0-cross,1h,short,transition|at range low|messy|expanding,37,20.0698,45.95,7.43,10,-51.5966,30.0,-5.16,-6.63,FAIL,,
momentum,TSI 0-cross,1h,long,transition|mid range|clean|contracting,10,-14.7495,40.0,-1.47,3,43.3675,66.67,1.3,-1.56,UNRELIABLE,,
momentum,TSI 0-cross,1h,short,transition|mid range|clean|contracting,11,2.1532,45.45,0.24,4,-116.032,0.0,-4.64,-4.64,UNRELIABLE,,
momentum,TSI 0-cross,1h,long,transition|mid range|clean|expanding,13,-14.6388,46.15,-1.9,3,147.745,66.67,4.43,-1.09,UNRELIABLE,,
momentum,TSI 0-cross,1h,short,transition|mid range|clean|expanding,12,16.7077,33.33,2.0,5,91.0314,60.0,4.55,-2.61,UNRELIABLE,,
momentum,TSI 0-cross,1h,long,transition|mid range|messy|stalling,7,78.7178,57.14,5.51,2,-118.1841,0.0,-2.36,-2.63,UNRELIABLE,,
momentum,TSI 0-cross,1h,short,transition|mid range|messy|stalling,7,-59.4969,14.29,-4.16,1,-132.3015,0.0,-1.32,-2.12,UNRELIABLE,,
momentum,TSI 0-cross,1h,long,transition|at range high|clean|contracting,26,-3.6789,34.62,-0.96,4,121.4556,75.0,4.86,-1.32,UNRELIABLE,,
momentum,TSI 0-cross,1h,short,transition|at range high|clean|contracting,0,0.0,0.0,0.0,0,0.0,0.0,0.0,0.0,UNRELIABLE,,
momentum,TSI 0-cross,1h,long,downtrend|pulling back in trend|clean|contracting,7,-11.0169,42.86,-0.77,2,51.4638,50.0,1.03,-1.33,UNRELIABLE,,
momentum,TSI 0-cross,1h,short,downtrend|pulling back in trend|clean|contracting,2,51.373,50.0,1.03,0,0.0,0.0,0.0,0.0,UNRELIABLE,,
momentum,TSI 0-cross,1h,long,uptrend|pulling back in trend|clean|contracting,4,-31.1302,25.0,-1.25,1,-132.5947,0.0,-1.33,-1.33,UNRELIABLE,,
momentum,TSI 0-cross,1h,short,uptrend|pulling back in trend|clean|contracting,4,193.9489,100.0,7.76,1,239.442,100.0,2.39,-0.41,UNRELIABLE,,
momentum,TSI 0-cross,1h,long,uptrend|at range high|clean|contracting,10,76.4514,70.0,7.65,1,-18.3716,0.0,-0.18,-1.4,UNRELIABLE,,
momentum,TSI 0-cross,1h,short,uptrend|at range high|clean|contracting,0,,,,0,,,,,NO-TRADES,,
momentum,TSI 0-cross,1h,long,uptrend|pulling back in trend|clean|expanding,3,-10.8435,33.33,-0.33,1,-133.5953,0.0,-1.34,-1.86,UNRELIABLE,,
momentum,TSI 0-cross,1h,short,uptrend|pulling back in trend|clean|expanding,7,6.286,42.86,0.44,1,-132.5686,0.0,-1.33,-1.33,UNRELIABLE,,
momentum,TSI 0-cross,1h,long,downtrend|pulling back in trend|clean|expanding,2,-132.3955,0.0,-2.65,0,0.0,0.0,0.0,0.0,UNRELIABLE,,
momentum,TSI 0-cross,1h,short,downtrend|pulling back in trend|clean|expanding,3,-9.5466,33.33,-0.29,2,52.1583,50.0,1.04,-1.33,UNRELIABLE,,
momentum,TSI 0-cross,1h,long,transition|at range high|clean|expanding,25,-11.4764,32.0,-2.87,5,-59.7282,20.0,-2.99,-3.21,UNRELIABLE,,
momentum,TSI 0-cross,1h,short,transition|at range high|clean|expanding,0,,,,0,,,,,NO-TRADES,,
momentum,TSI 0-cross,1h,long,transition|at range low|clean|contracting,0,,,,0,,,,,NO-TRADES,,
momentum,TSI 0-cross,1h,short,transition|at range low|clean|contracting,19,-33.2086,31.58,-6.31,11,-51.453,18.18,-5.66,-5.96,UNRELIABLE,,
momentum,TSI 0-cross,1h,long,downtrend|at range high|messy|contracting,25,-8.7649,36.0,-2.19,11,33.0992,54.55,3.64,-2.64,FAIL,,
momentum,TSI 0-cross,1h,short,downtrend|at range high|messy|contracting,1,-132.5686,0.0,-1.33,0,0.0,0.0,0.0,0.0,UNRELIABLE,,
momentum,TSI 0-cross,1h,long,uptrend|at range high|clean|expanding,10,66.6312,60.0,6.66,3,-130.8893,0.0,-3.93,-4.11,UNRELIABLE,,
momentum,TSI 0-cross,1h,short,uptrend|at range high|clean|expanding,0,,,,0,,,,,NO-TRADES,,
momentum,TSI 0-cross,1h,long,downtrend|at range low|clean|contracting,0,,,,0,,,,,NO-TRADES,,
momentum,TSI 0-cross,1h,short,downtrend|at range low|clean|contracting,10,-24.599,30.0,-2.46,5,-11.8283,40.0,-0.59,-3.04,UNRELIABLE,,
momentum,TSI 0-cross,1h,long,downtrend|pulling back in trend|messy|stalling,0,0.0,0.0,0.0,1,-71.5832,0.0,-0.72,-1.04,UNRELIABLE,,
momentum,TSI 0-cross,1h,short,downtrend|pulling back in trend|messy|stalling,6,35.2982,50.0,2.12,0,0.0,0.0,0.0,0.0,UNRELIABLE,,
momentum,TSI 0-cross,1h,long,uptrend|at range high|messy|stalling,5,-129.9961,0.0,-6.5,4,27.9721,50.0,1.12,-1.78,UNRELIABLE,,
momentum,TSI 0-cross,1h,short,uptrend|at range high|messy|stalling,0,,,,0,,,,,NO-TRADES,,
momentum,TSI 0-cross,1h,long,transition|at range low|clean|expanding,0,,,,0,,,,,NO-TRADES,,
momentum,TSI 0-cross,1h,short,transition|at range low|clean|expanding,22,-7.82,40.91,-1.72,7,48.4881,57.14,3.39,-2.92,UNRELIABLE,,
momentum,TSI 0-cross,1h,long,uptrend|pulling back in trend|messy|stalling,3,-28.8724,0.0,-0.87,0,0.0,0.0,0.0,0.0,UNRELIABLE,,
momentum,TSI 0-cross,1h,short,uptrend|pulling back in trend|messy|stalling,4,-48.617,25.0,-1.94,1,239.837,100.0,2.4,-0.71,UNRELIABLE,,
momentum,TSI 0-cross,1h,long,uptrend|at range low|messy|contracting,0,,,,0,,,,,NO-TRADES,,
momentum,TSI 0-cross,1h,short,uptrend|at range low|messy|contracting,29,22.6766,44.83,6.58,8,128.6273,75.0,10.29,-3.06,SURVIVOR,,
momentum,TSI 0-cross,1h,long,downtrend|at range high|messy|expanding,20,76.9324,60.0,15.39,6,-10.6153,33.33,-0.64,-2.95,UNRELIABLE,,
momentum,TSI 0-cross,1h,short,downtrend|at range high|messy|expanding,0,,,,0,,,,,NO-TRADES,,
momentum,TSI 0-cross,1h,long,uptrend|at range low|messy|expanding,0,,,,0,,,,,NO-TRADES,,
momentum,TSI 0-cross,1h,short,uptrend|at range low|messy|expanding,32,5.4363,40.62,1.74,12,-1.3207,33.33,-0.16,-4.26,FAIL,,
momentum,TSI 0-cross,1h,long,downtrend|at range low|clean|expanding,0,,,,0,,,,,NO-TRADES,,
momentum,TSI 0-cross,1h,short,downtrend|at range low|clean|expanding,6,-38.9719,33.33,-2.34,2,-128.4373,0.0,-2.57,-3.19,UNRELIABLE,,
momentum,TSI 0-cross,15m,long,transition|mid range|messy|contracting,76,-8.218,35.53,-6.25,26,-19.2716,26.92,-5.01,-6.24,FAIL,38.3899,
momentum,TSI 0-cross,15m,short,transition|mid range|messy|contracting,88,-9.7552,35.23,-8.58,22,-3.1071,40.91,-0.68,-4.14,FAIL,,1.916
momentum,TSI 0-cross,15m,long,transition|mid range|messy|expanding,80,-13.426,30.0,-10.74,29,9.2319,48.28,2.68,-2.3,FAIL,,0.4632
momentum,TSI 0-cross,15m,short,transition|mid range|messy|expanding,100,-8.7888,34.0,-8.79,26,-7.0638,38.46,-1.84,-3.9,FAIL,,15.6713
momentum,TSI 0-cross,15m,long,downtrend|pulling back in trend|messy|contracting,44,5.4418,45.45,2.39,13,-36.6606,15.38,-4.77,-4.98,FAIL,0.5941,
momentum,TSI 0-cross,15m,short,downtrend|pulling back in trend|messy|contracting,43,15.5683,48.84,6.69,8,-22.606,25.0,-1.81,-2.67,FAIL,0.31,
momentum,TSI 0-cross,15m,long,uptrend|at range high|messy|contracting,94,-19.9789,26.6,-18.78,27,3.5598,40.74,0.96,-3.57,FAIL,,0.6967
momentum,TSI 0-cross,15m,short,uptrend|at range high|messy|contracting,0,,,,0,,,,,NO-TRADES,,
momentum,TSI 0-cross,15m,long,uptrend|pulling back in trend|messy|contracting,33,-13.3409,30.3,-4.4,11,-19.1537,27.27,-2.11,-2.88,FAIL,,
momentum,TSI 0-cross,15m,short,uptrend|pulling back in trend|messy|contracting,59,2.0548,42.37,1.21,12,-6.1677,41.67,-0.74,-4.12,FAIL,0.7827,5.7935
momentum,TSI 0-cross,15m,long,downtrend|pulling back in trend|messy|expanding,45,-18.1677,28.89,-8.18,11,35.6406,63.64,3.92,-1.39,FAIL,,0.1681
momentum,TSI 0-cross,15m,short,downtrend|pulling back in trend|messy|expanding,44,1.1152,40.91,0.49,13,-14.4844,38.46,-1.88,-3.21,FAIL,0.8698,
momentum,TSI 0-cross,15m,long,uptrend|pulling back in trend|messy|expanding,26,-12.5536,30.77,-3.26,13,-9.2884,38.46,-1.21,-2.5,FAIL,,
momentum,TSI 0-cross,15m,short,uptrend|pulling back in trend|messy|expanding,77,-7.4877,31.17,-5.77,15,11.8237,53.33,1.77,-2.6,FAIL,,0.3415
momentum,TSI 0-cross,15m,long,transition|at range high|messy|contracting,154,-18.8068,25.97,-28.96,47,3.7577,44.68,1.77,-4.58,FAIL,,0.6786
momentum,TSI 0-cross,15m,short,transition|at range high|messy|contracting,1,-64.439,0.0,-0.64,0,0.0,0.0,0.0,0.0,UNRELIABLE,,
momentum,TSI 0-cross,15m,long,uptrend|at range high|messy|expanding,90,-3.426,37.78,-3.08,24,18.1105,50.0,4.35,-3.34,FAIL,1.7055,0.303
momentum,TSI 0-cross,15m,short,uptrend|at range high|messy|expanding,1,104.5132,100.0,1.05,0,0.0,0.0,0.0,0.0,UNRELIABLE,0.0364,
momentum,TSI 0-cross,15m,long,transition|mid range|clean|contracting,35,19.5664,51.43,6.85,10,15.6487,50.0,1.56,-2.1,SURVIVOR,0.2841,0.3483
momentum,TSI 0-cross,15m,short,transition|mid range|clean|contracting,57,-10.8187,38.6,-6.17,8,12.2898,50.0,0.98,-2.34,FAIL,,0.3674
momentum,TSI 0-cross,15m,long,downtrend|at range low|messy|contracting,0,,,,0,,,,,NO-TRADES,,
momentum,TSI 0-cross,15m,short,downtrend|at range low|messy|contracting,54,-18.2409,27.78,-9.85,17,3.479,41.18,0.59,-4.3,FAIL,,0.684
momentum,TSI 0-cross,15m,long,transition|at range high|messy|expanding,161,-12.2841,31.68,-19.78,58,-11.905,31.03,-6.9,-7.52,FAIL,,
momentum,TSI 0-cross,15m,short,transition|at range high|messy|expanding,0,0.0,0.0,0.0,1,104.579,100.0,1.05,-0.15,UNRELIABLE,,0.0358
momentum,TSI 0-cross,15m,long,transition|at range low|messy|contracting,1,105.2019,100.0,1.05,0,0.0,0.0,0.0,0.0,UNRELIABLE,0.0301,
momentum,TSI 0-cross,15m,short,transition|at range low|messy|contracting,131,-9.0609,32.82,-11.87,55,1.4949,40.0,0.82,-4.93,FAIL,,0.8432
momentum,TSI 0-cross,15m,long,transition|mid range|clean|expanding,49,-14.0956,32.65,-6.91,21,1.8441,47.62,0.39,-2.89,FAIL,,0.8128
momentum,TSI 0-cross,15m,short,transition|mid range|clean|expanding,62,3.5687,38.71,2.21,21,9.9484,47.62,2.09,-3.35,SURVIVOR,0.6827,0.4093
momentum,TSI 0-cross,15m,long,downtrend|at range low|messy|expanding,1,-40.1382,0.0,-0.4,0,0.0,0.0,0.0,0.0,UNRELIABLE,,
momentum,TSI 0-cross,15m,short,downtrend|at range low|messy|expanding,67,-5.7119,37.31,-3.83,26,-5.9017,38.46,-1.53,-4.92,FAIL,4.1953,4.8996
momentum,TSI 0-cross,15m,long,transition|at range low|messy|expanding,1,104.6802,100.0,1.05,0,0.0,0.0,0.0,0.0,UNRELIABLE,0.0349,
momentum,TSI 0-cross,15m,short,transition|at range low|messy|expanding,157,-11.359,32.48,-17.83,51,-13.907,35.29,-7.09,-7.74,FAIL,,
momentum,TSI 0-cross,15m,long,downtrend|pulling back in trend|clean|contracting,37,3.0774,40.54,1.14,15,10.0505,46.67,1.51,-2.66,SURVIVOR,0.7371,0.4496
momentum,TSI 0-cross,15m,short,downtrend|pulling back in trend|clean|contracting,18,-24.1895,27.78,-4.35,6,-17.6771,33.33,-1.06,-2.61,UNRELIABLE,,
momentum,TSI 0-cross,15m,long,uptrend|pulling back in trend|clean|contracting,18,27.4592,55.56,4.94,4,18.8481,50.0,0.75,-1.45,UNRELIABLE,0.2072,0.296
momentum,TSI 0-cross,15m,short,uptrend|pulling back in trend|clean|contracting,34,-7.2334,32.35,-2.46,8,-34.2738,25.0,-2.74,-3.41,FAIL,51.4973,
momentum,TSI 0-cross,15m,long,uptrend|at range high|clean|contracting,43,4.5683,39.53,1.96,10,-20.2889,20.0,-2.03,-3.91,FAIL,0.6579,
momentum,TSI 0-cross,15m,short,uptrend|at range high|clean|contracting,0,,,,0,,,,,NO-TRADES,,
momentum,TSI 0-cross,15m,long,downtrend|pulling back in trend|clean|expanding,31,-5.5843,35.48,-1.73,9,-45.9711,11.11,-4.14,-4.25,FAIL,3.088,
momentum,TSI 0-cross,15m,short,downtrend|pulling back in trend|clean|expanding,28,-10.3012,32.14,-2.88,5,-31.1865,20.0,-1.56,-2.82,UNRELIABLE,,
momentum,TSI 0-cross,15m,long,uptrend|pulling back in trend|clean|expanding,21,-0.0027,38.1,-0.0,4,-23.3658,25.0,-0.93,-2.1,UNRELIABLE,1.0003,
momentum,TSI 0-cross,15m,short,uptrend|pulling back in trend|clean|expanding,40,21.8696,50.0,8.75,10,-17.084,30.0,-1.71,-3.15,FAIL,0.2568,
momentum,TSI 0-cross,15m,long,transition|at range high|clean|contracting,95,-20.4724,29.47,-19.45,28,-13.6062,35.71,-3.81,-7.04,FAIL,,
momentum,TSI 0-cross,15m,short,transition|at range high|clean|contracting,0,,,,0,,,,,NO-TRADES,,
momentum,TSI 0-cross,15m,long,transition|mid range|messy|stalling,21,-13.4937,28.57,-2.83,7,26.468,57.14,1.85,-1.54,UNRELIABLE,,0.2209
momentum,TSI 0-cross,15m,short,transition|mid range|messy|stalling,17,20.1058,52.94,3.42,7,-3.6846,28.57,-0.26,-1.94,UNRELIABLE,0.2615,2.2323
momentum,TSI 0-cross,15m,long,transition|at range high|clean|expanding,115,-0.9501,40.0,-1.09,35,14.251,48.57,4.99,-3.43,FAIL,1.1234,0.3572
momentum,TSI 0-cross,15m,short,transition|at range high|clean|expanding,0,,,,0,,,,,NO-TRADES,,
momentum,TSI 0-cross,15m,long,uptrend|at range high|clean|expanding,49,-17.3095,28.57,-8.48,11,17.688,54.55,1.95,-1.66,FAIL,,0.3229
momentum,TSI 0-cross,15m,short,uptrend|at range high|clean|expanding,0,,,,0,,,,,NO-TRADES,,
momentum,TSI 0-cross,15m,long,downtrend|at range low|clean|contracting,0,,,,0,,,,,NO-TRADES,,
momentum,TSI 0-cross,15m,short,downtrend|at range low|clean|contracting,38,2.8238,42.11,1.07,8,-43.2572,12.5,-3.46,-3.91,FAIL,0.7161,
momentum,TSI 0-cross,15m,long,transition|at range low|clean|contracting,1,103.6914,100.0,1.04,1,-65.4933,0.0,-0.65,-0.67,UNRELIABLE,0.044,
momentum,TSI 0-cross,15m,short,transition|at range low|clean|contracting,88,-10.989,31.82,-9.67,30,-15.375,33.33,-4.61,-6.36,FAIL,,
momentum,TSI 0-cross,15m,long,transition|at range low|clean|expanding,0,,,,0,,,,,NO-TRADES,,
momentum,TSI 0-cross,15m,short,transition|at range low|clean|expanding,111,2.1824,39.64,2.42,35,-3.3406,37.14,-1.17,-4.87,FAIL,0.7867,1.8726
momentum,TSI 0-cross,15m,long,downtrend|at range low|clean|expanding,0,0.0,0.0,0.0,1,-65.2546,0.0,-0.65,-0.66,UNRELIABLE,,
momentum,TSI 0-cross,15m,short,downtrend|at range low|clean|expanding,51,-17.9466,25.49,-9.15,12,-40.4527,8.33,-4.85,-5.57,FAIL,,
momentum,TSI 0-cross,15m,long,downtrend|pulling back in trend|messy|stalling,15,29.5194,60.0,4.43,6,-9.1601,33.33,-0.55,-3.0,UNRELIABLE,0.206,
momentum,TSI 0-cross,15m,short,downtrend|pulling back in trend|messy|stalling,10,-41.1384,10.0,-4.11,3,-43.2818,0.0,-1.3,-1.81,UNRELIABLE,,
momentum,TSI 0-cross,15m,long,downtrend|at range high|messy|contracting,98,-5.9895,36.73,-5.87,39,-25.7948,23.08,-10.06,-10.38,FAIL,3.1742,
momentum,TSI 0-cross,15m,short,downtrend|at range high|messy|contracting,0,,,,0,,,,,NO-TRADES,,
momentum,TSI 0-cross,15m,long,uptrend|pulling back in trend|messy|stalling,7,27.644,57.14,1.94,5,-59.3724,0.0,-2.97,-3.04,UNRELIABLE,0.2054,
momentum,TSI 0-cross,15m,short,uptrend|pulling back in trend|messy|stalling,20,-4.6658,30.0,-0.93,5,-34.2134,40.0,-1.71,-2.43,UNRELIABLE,2.9055,
momentum,TSI 0-cross,15m,long,downtrend|at range high|messy|expanding,98,-5.8516,34.69,-5.73,36,-4.7517,38.89,-1.71,-4.3,FAIL,3.1967,2.2397
momentum,TSI 0-cross,15m,short,downtrend|at range high|messy|expanding,0,,,,0,,,,,NO-TRADES,,
momentum,TSI 0-cross,15m,long,uptrend|at range high|messy|stalling,21,-40.9966,14.29,-8.61,6,-36.9388,16.67,-2.22,-2.92,UNRELIABLE,,
momentum,TSI 0-cross,15m,short,uptrend|at range high|messy|stalling,0,,,,0,,,,,NO-TRADES,,
momentum,Fisher Transform 0-cross,1h,long,transition|mid range|messy|contracting,105,-0.7761,42.86,-0.81,30,29.6431,43.33,8.89,-8.45,FAIL,,
momentum,Fisher Transform 0-cross,1h,short,transition|mid range|messy|contracting,112,-8.6184,40.18,-9.65,29,-23.5283,34.48,-6.82,-9.46,FAIL,,
momentum,Fisher Transform 0-cross,1h,long,transition|mid range|messy|expanding,81,-21.1431,34.57,-17.13,30,-22.9727,30.0,-6.89,-10.71,FAIL,,
momentum,Fisher Transform 0-cross,1h,short,transition|mid range|messy|expanding,102,-18.066,32.35,-18.43,19,21.6735,52.63,4.12,-4.3,FAIL,,
momentum,Fisher Transform 0-cross,1h,long,uptrend|at range high|messy|contracting,29,51.1889,51.72,14.84,8,-66.7726,25.0,-5.34,-7.52,FAIL,,
momentum,Fisher Transform 0-cross,1h,short,uptrend|at range high|messy|contracting,9,10.8289,44.44,0.97,6,78.7877,66.67,4.73,-3.45,UNRELIABLE,,
momentum,Fisher Transform 0-cross,1h,long,downtrend|pulling back in trend|messy|contracting,112,-0.4533,41.07,-0.51,38,-9.0134,44.74,-3.43,-10.51,FAIL,,
momentum,Fisher Transform 0-cross,1h,short,downtrend|pulling back in trend|messy|contracting,29,8.5213,37.93,2.47,7,-40.6584,28.57,-2.85,-5.72,UNRELIABLE,,
momentum,Fisher Transform 0-cross,1h,long,uptrend|pulling back in trend|messy|contracting,34,-2.4502,38.24,-0.83,15,-33.566,33.33,-5.03,-10.38,FAIL,,
momentum,Fisher Transform 0-cross,1h,short,uptrend|pulling back in trend|messy|contracting,102,1.8421,45.1,1.88,40,-10.29,40.0,-4.12,-12.15,FAIL,,
momentum,Fisher Transform 0-cross,1h,long,uptrend|at range high|messy|expanding,17,-12.2068,35.29,-2.08,6,-10.8716,33.33,-0.65,-3.92,UNRELIABLE,,
momentum,Fisher Transform 0-cross,1h,short,uptrend|at range high|messy|expanding,17,2.667,35.29,0.45,3,-8.4721,33.33,-0.25,-3.31,UNRELIABLE,,
momentum,Fisher Transform 0-cross,1h,long,downtrend|pulling back in trend|messy|expanding,85,7.6754,45.88,6.52,25,57.3372,52.0,14.33,-4.14,SURVIVOR,,
momentum,Fisher Transform 0-cross,1h,short,downtrend|pulling back in trend|messy|expanding,22,46.9065,50.0,10.32,4,52.1902,50.0,2.09,-1.89,UNRELIABLE,,
momentum,Fisher Transform 0-cross,1h,long,transition|at range high|messy|contracting,45,-9.2689,35.56,-4.17,7,2.3572,57.14,0.17,-2.81,UNRELIABLE,,
momentum,Fisher Transform 0-cross,1h,short,transition|at range high|messy|contracting,11,-20.1748,36.36,-2.22,4,149.0895,75.0,5.96,-2.19,UNRELIABLE,,
momentum,Fisher Transform 0-cross,1h,long,uptrend|pulling back in trend|messy|expanding,19,-46.343,26.32,-8.81,6,-95.2849,16.67,-5.72,-6.58,UNRELIABLE,,
momentum,Fisher Transform 0-cross,1h,short,uptrend|pulling back in trend|messy|expanding,78,4.2507,42.31,3.32,24,43.7257,50.0,10.49,-5.6,SURVIVOR,,
momentum,Fisher Transform 0-cross,1h,long,transition|at range high|messy|expanding,58,7.0771,37.93,4.1,16,-21.1572,37.5,-3.39,-5.87,FAIL,,
momentum,Fisher Transform 0-cross,1h,short,transition|at range high|messy|expanding,9,33.274,55.56,2.99,6,13.5014,50.0,0.81,-1.71,UNRELIABLE,,
momentum,Fisher Transform 0-cross,1h,long,downtrend|at range low|messy|contracting,9,-12.115,44.44,-1.09,5,-100.2213,20.0,-5.01,-5.12,UNRELIABLE,,
momentum,Fisher Transform 0-cross,1h,short,downtrend|at range low|messy|contracting,24,-60.2121,16.67,-14.45,5,14.89,40.0,0.74,-2.63,UNRELIABLE,,
momentum,Fisher Transform 0-cross,1h,long,transition|at range low|messy|contracting,10,-100.1235,10.0,-10.01,0,0.0,0.0,0.0,0.0,UNRELIABLE,,
momentum,Fisher Transform 0-cross,1h,short,transition|at range low|messy|contracting,40,21.5761,45.0,8.63,5,-109.7357,0.0,-5.49,-5.49,UNRELIABLE,,
momentum,Fisher Transform 0-cross,1h,long,downtrend|at range low|messy|expanding,11,-60.1628,27.27,-6.62,5,-36.7346,60.0,-1.84,-2.71,UNRELIABLE,,
momentum,Fisher Transform 0-cross,1h,short,downtrend|at range low|messy|expanding,19,5.792,47.37,1.1,5,-103.5714,0.0,-5.18,-6.82,UNRELIABLE,,
momentum,Fisher Transform 0-cross,1h,long,transition|at range low|messy|expanding,10,-1.2046,40.0,-0.12,3,113.9167,66.67,3.42,-2.28,UNRELIABLE,,
momentum,Fisher Transform 0-cross,1h,short,transition|at range low|messy|expanding,54,-3.4909,38.89,-1.89,10,-40.2735,30.0,-4.03,-5.37,FAIL,,
momentum,Fisher Transform 0-cross,1h,long,transition|mid range|clean|contracting,41,-12.8881,36.59,-5.28,5,-46.7581,20.0,-2.34,-3.55,UNRELIABLE,,
momentum,Fisher Transform 0-cross,1h,short,transition|mid range|clean|contracting,45,21.8557,48.89,9.84,9,-93.4421,11.11,-8.41,-8.41,FAIL,,
momentum,Fisher Transform 0-cross,1h,long,transition|mid range|clean|expanding,33,-21.343,36.36,-7.04,14,-47.3656,28.57,-6.63,-10.4,FAIL,,
momentum,Fisher Transform 0-cross,1h,short,transition|mid range|clean|expanding,28,-13.8154,35.71,-3.87,13,-23.7003,30.77,-3.08,-6.28,FAIL,,
momentum,Fisher Transform 0-cross,1h,long,transition|mid range|messy|stalling,31,-4.8054,35.48,-1.49,8,35.5853,37.5,2.85,-3.02,FAIL,,
momentum,Fisher Transform 0-cross,1h,short,transition|mid range|messy|stalling,32,-15.6856,34.38,-5.02,12,25.827,50.0,3.1,-3.39,FAIL,,
momentum,Fisher Transform 0-cross,1h,long,transition|at range high|clean|contracting,21,-22.0694,28.57,-4.63,7,2.642,42.86,0.18,-2.71,UNRELIABLE,,
momentum,Fisher Transform 0-cross,1h,short,transition|at range high|clean|contracting,3,43.1058,66.67,1.29,0,0.0,0.0,0.0,0.0,UNRELIABLE,,
momentum,Fisher Transform 0-cross,1h,long,downtrend|pulling back in trend|clean|contracting,38,1.5441,39.47,0.59,10,45.1503,50.0,4.52,-2.1,SURVIVOR,,
momentum,Fisher Transform 0-cross,1h,short,downtrend|pulling back in trend|clean|contracting,9,-18.115,33.33,-1.63,4,75.1615,75.0,3.01,-2.27,UNRELIABLE,,
momentum,Fisher Transform 0-cross,1h,long,uptrend|pulling back in trend|clean|contracting,9,33.2172,44.44,2.99,4,-41.0422,25.0,-1.64,-2.64,UNRELIABLE,,
momentum,Fisher Transform 0-cross,1h,short,uptrend|pulling back in trend|clean|contracting,44,6.1371,40.91,2.7,13,-38.2124,38.46,-4.97,-7.15,FAIL,,
momentum,Fisher Transform 0-cross,1h,long,uptrend|at range high|clean|contracting,4,50.0237,50.0,2.0,1,238.8714,100.0,2.39,-0.42,UNRELIABLE,,
momentum,Fisher Transform 0-cross,1h,short,uptrend|at range high|clean|contracting,5,16.4497,40.0,0.82,1,239.947,100.0,2.4,-0.59,UNRELIABLE,,
momentum,Fisher Transform 0-cross,1h,long,uptrend|pulling back in trend|clean|expanding,8,3.8941,37.5,0.31,2,95.3342,50.0,1.91,-1.22,UNRELIABLE,,
momentum,Fisher Transform 0-cross,1h,short,uptrend|pulling back in trend|clean|expanding,37,-7.1966,35.14,-2.66,10,-37.4778,30.0,-3.75,-6.33,FAIL,,
momentum,Fisher Transform 0-cross,1h,long,downtrend|pulling back in trend|clean|expanding,22,-49.5162,22.73,-10.89,11,36.2199,63.64,3.98,-2.93,FAIL,,
momentum,Fisher Transform 0-cross,1h,short,downtrend|pulling back in trend|clean|expanding,6,13.9017,50.0,0.83,2,33.6247,50.0,0.67,-1.43,UNRELIABLE,,
momentum,Fisher Transform 0-cross,1h,long,transition|at range high|clean|expanding,17,14.9284,47.06,2.54,7,53.3068,57.14,3.73,-3.35,UNRELIABLE,,
momentum,Fisher Transform 0-cross,1h,short,transition|at range high|clean|expanding,5,-57.0544,20.0,-2.85,2,243.414,100.0,4.87,-0.52,UNRELIABLE,,
momentum,Fisher Transform 0-cross,1h,long,transition|at range low|clean|contracting,3,111.7065,66.67,3.35,2,50.3616,50.0,1.01,-2.09,UNRELIABLE,,
momentum,Fisher Transform 0-cross,1h,short,transition|at range low|clean|contracting,22,22.838,40.91,5.02,9,15.6079,33.33,1.4,-3.96,SURVIVOR,,
momentum,Fisher Transform 0-cross,1h,long,downtrend|at range high|messy|contracting,36,5.6175,44.44,2.02,14,-52.9795,21.43,-7.42,-9.32,FAIL,,
momentum,Fisher Transform 0-cross,1h,short,downtrend|at range high|messy|contracting,3,-130.7376,0.0,-3.92,0,0.0,0.0,0.0,0.0,UNRELIABLE,,
momentum,Fisher Transform 0-cross,1h,long,uptrend|at range high|clean|expanding,7,-49.992,14.29,-3.5,3,113.5067,66.67,3.41,-1.48,UNRELIABLE,,
momentum,Fisher Transform 0-cross,1h,short,uptrend|at range high|clean|expanding,3,-9.3063,33.33,-0.28,0,0.0,0.0,0.0,0.0,UNRELIABLE,,
momentum,Fisher Transform 0-cross,1h,long,downtrend|at range low|clean|contracting,2,180.6293,100.0,3.61,1,-132.0624,0.0,-1.32,-1.44,UNRELIABLE,,
momentum,Fisher Transform 0-cross,1h,short,downtrend|at range low|clean|contracting,4,96.8781,75.0,3.88,2,51.8426,50.0,1.04,-2.3,UNRELIABLE,,
momentum,Fisher Transform 0-cross,1h,long,downtrend|pulling back in trend|messy|stalling,29,33.5355,44.83,9.73,8,36.9252,50.0,2.95,-5.55,SURVIVOR,,
momentum,Fisher Transform 0-cross,1h,short,downtrend|pulling back in trend|messy|stalling,5,15.1746,40.0,0.76,1,-131.8144,0.0,-1.32,-1.32,UNRELIABLE,,
momentum,Fisher Transform 0-cross,1h,long,uptrend|at range high|messy|stalling,4,148.504,75.0,5.94,0,0.0,0.0,0.0,0.0,UNRELIABLE,,
momentum,Fisher Transform 0-cross,1h,short,uptrend|at range high|messy|stalling,4,53.2308,50.0,2.13,0,0.0,0.0,0.0,0.0,UNRELIABLE,,
momentum,Fisher Transform 0-cross,1h,long,transition|at range low|clean|expanding,3,-11.4543,33.33,-0.34,2,107.7892,50.0,2.16,-0.44,UNRELIABLE,,
momentum,Fisher Transform 0-cross,1h,short,transition|at range low|clean|expanding,18,21.4032,44.44,3.85,4,16.9162,50.0,0.68,-3.86,UNRELIABLE,,
momentum,Fisher Transform 0-cross,1h,long,uptrend|pulling back in trend|messy|stalling,7,-36.6211,28.57,-2.56,3,181.5252,100.0,5.45,-2.07,UNRELIABLE,,
momentum,Fisher Transform 0-cross,1h,short,uptrend|pulling back in trend|messy|stalling,36,-2.7187,50.0,-0.98,12,-41.6731,33.33,-5.0,-8.8,FAIL,,
momentum,Fisher Transform 0-cross,1h,long,uptrend|at range low|messy|contracting,2,-131.7444,0.0,-2.63,2,50.7149,50.0,1.01,-1.32,UNRELIABLE,,
momentum,Fisher Transform 0-cross,1h,short,uptrend|at range low|messy|contracting,42,-25.7334,26.19,-10.81,19,77.1732,57.89,14.66,-4.23,FAIL,,
momentum,Fisher Transform 0-cross,1h,long,downtrend|at range high|messy|expanding,35,16.551,42.86,5.79,14,-19.1294,35.71,-2.68,-6.84,FAIL,,
momentum,Fisher Transform 0-cross,1h,short,downtrend|at range high|messy|expanding,2,242.8297,100.0,4.86,1,-132.122,0.0,-1.32,-1.32,UNRELIABLE,,
momentum,Fisher Transform 0-cross,1h,long,uptrend|at range low|messy|expanding,1,-133.8881,0.0,-1.34,0,0.0,0.0,0.0,0.0,UNRELIABLE,,
momentum,Fisher Transform 0-cross,1h,short,uptrend|at range low|messy|expanding,33,-6.0879,36.36,-2.01,8,91.5131,62.5,7.32,-2.03,FAIL,,
momentum,Fisher Transform 0-cross,1h,long,downtrend|at range low|clean|expanding,2,-132.6702,0.0,-2.65,1,-132.4911,0.0,-1.32,-1.58,UNRELIABLE,,
momentum,Fisher Transform 0-cross,1h,short,downtrend|at range low|clean|expanding,7,-15.4136,28.57,-1.08,5,15.5196,40.0,0.78,-4.96,UNRELIABLE,,
momentum,Fisher Transform 0-cross,15m,long,transition|mid range|messy|contracting,379,-7.6243,34.56,-28.9,101,-13.8681,32.67,-14.01,-14.85,FAIL,,
momentum,Fisher Transform 0-cross,15m,short,transition|mid range|messy|contracting,348,-11.2863,30.75,-39.28,110,-17.0039,29.09,-18.7,-21.33,FAIL,,
momentum,Fisher Transform 0-cross,15m,long,transition|mid range|messy|expanding,273,-13.356,30.04,-36.46,87,-0.1771,40.23,-0.15,-6.02,FAIL,,1.0212
momentum,Fisher Transform 0-cross,15m,short,transition|mid range|messy|expanding,321,-10.688,31.78,-34.31,96,-9.9174,32.29,-9.52,-12.63,FAIL,,
momentum,Fisher Transform 0-cross,15m,long,downtrend|pulling back in trend|messy|contracting,399,-6.5103,37.09,-25.98,115,-12.4196,34.78,-14.28,-14.97,FAIL,5.5689,
momentum,Fisher Transform 0-cross,15m,short,downtrend|pulling back in trend|messy|contracting,104,-13.2226,33.65,-13.75,40,-9.9245,32.5,-3.97,-8.76,FAIL,,
momentum,Fisher Transform 0-cross,15m,long,uptrend|at range high|messy|contracting,71,-10.9439,30.99,-7.77,27,-4.3087,37.04,-1.16,-4.19,FAIL,,2.0617
momentum,Fisher Transform 0-cross,15m,short,uptrend|at range high|messy|contracting,27,-27.9956,22.22,-7.56,14,19.6286,50.0,2.75,-1.94,FAIL,,0.2778
momentum,Fisher Transform 0-cross,15m,long,uptrend|pulling back in trend|messy|contracting,94,5.2025,41.49,4.89,41,-4.9031,36.59,-2.01,-6.26,FAIL,0.6154,2.2765
momentum,Fisher Transform 0-cross,15m,short,uptrend|pulling back in trend|messy|contracting,396,-6.0772,36.36,-24.07,131,-9.6997,34.35,-12.71,-16.85,FAIL,13.156,
momentum,Fisher Transform 0-cross,15m,long,downtrend|pulling back in trend|messy|expanding,317,-3.2088,37.54,-10.17,98,12.6795,47.96,12.43,-6.49,FAIL,1.6472,0.4055
momentum,Fisher Transform 0-cross,15m,short,downtrend|pulling back in trend|messy|expanding,92,-3.7887,35.87,-3.49,24,-24.3995,25.0,-5.86,-8.9,FAIL,1.9268,
momentum,Fisher Transform 0-cross,15m,long,uptrend|pulling back in trend|messy|expanding,89,-7.7574,34.83,-6.9,25,-12.259,36.0,-3.06,-7.3,FAIL,10.4559,
momentum,Fisher Transform 0-cross,15m,short,uptrend|pulling back in trend|messy|expanding,319,-5.1676,36.68,-16.48,102,-4.4351,37.25,-4.52,-8.85,FAIL,3.7158,2.4708
momentum,Fisher Transform 0-cross,15m,long,transition|at range high|messy|contracting,183,-5.1676,36.07,-9.46,45,-1.765,37.78,-0.79,-6.39,FAIL,2.6185,1.2659
momentum,Fisher Transform 0-cross,15m,short,transition|at range high|messy|contracting,26,-10.3967,34.62,-2.7,11,-14.0949,36.36,-1.55,-4.17,FAIL,,
momentum,Fisher Transform 0-cross,15m,long,uptrend|at range high|messy|expanding,62,-8.4638,35.48,-5.25,13,-13.6795,30.77,-1.78,-2.72,FAIL,,
momentum,Fisher Transform 0-cross,15m,short,uptrend|at range high|messy|expanding,73,-11.3577,31.51,-8.29,18,-17.6441,33.33,-3.18,-5.79,FAIL,,
momentum,Fisher Transform 0-cross,15m,long,transition|mid range|clean|contracting,198,0.5241,40.91,1.04,59,0.3497,42.37,0.21,-4.27,SURVIVOR,0.9437,0.9588
momentum,Fisher Transform 0-cross,15m,short,transition|mid range|clean|contracting,180,-1.6082,38.89,-2.89,59,-5.7476,40.68,-3.39,-8.48,FAIL,1.2491,3.8561
momentum,Fisher Transform 0-cross,15m,long,downtrend|at range low|messy|contracting,22,-6.2503,40.91,-1.38,5,-64.1811,0.0,-3.21,-3.56,UNRELIABLE,3.7483,
momentum,Fisher Transform 0-cross,15m,short,downtrend|at range low|messy|contracting,64,0.0751,40.62,0.05,14,23.7397,57.14,3.32,-1.4,SURVIVOR,0.9901,0.2083
momentum,Fisher Transform 0-cross,15m,long,transition|at range high|messy|expanding,132,-10.6773,31.82,-14.09,62,-5.1547,35.48,-3.2,-5.24,FAIL,,2.605
momentum,Fisher Transform 0-cross,15m,short,transition|at range high|messy|expanding,47,-0.0495,40.43,-0.02,13,-19.6825,30.77,-2.56,-4.35,FAIL,1.0064,
momentum,Fisher Transform 0-cross,15m,long,transition|at range low|messy|contracting,24,0.5194,41.67,0.12,7,6.5772,42.86,0.46,-1.49,UNRELIABLE,0.9417,0.5651
momentum,Fisher Transform 0-cross,15m,short,transition|at range low|messy|contracting,135,-11.4673,34.07,-15.48,58,-9.2575,32.76,-5.37,-11.15,FAIL,,
momentum,Fisher Transform 0-cross,15m,long,transition|mid range|clean|expanding,127,-14.3877,31.5,-18.27,43,-18.9578,25.58,-8.15,-12.07,FAIL,,
momentum,Fisher Transform 0-cross,15m,short,transition|mid range|clean|expanding,164,1.657,40.24,2.72,46,-7.2399,36.96,-3.33,-7.11,FAIL,0.8237,14.6815
momentum,Fisher Transform 0-cross,15m,long,downtrend|at range low|messy|expanding,47,-22.6584,25.53,-10.65,15,2.2138,40.0,0.33,-4.41,FAIL,,0.7921
momentum,Fisher Transform 0-cross,15m,short,downtrend|at range low|messy|expanding,55,-2.8251,38.18,-1.55,12,-44.4069,16.67,-5.33,-5.33,FAIL,1.6157,
momentum,Fisher Transform 0-cross,15m,long,transition|at range low|messy|expanding,29,-14.9248,27.59,-4.33,8,40.9262,62.5,3.27,-1.24,FAIL,,0.143
momentum,Fisher Transform 0-cross,15m,short,transition|at range low|messy|expanding,125,-11.7046,32.0,-14.63,45,-10.0945,33.33,-4.54,-10.04,FAIL,,
momentum,Fisher Transform 0-cross,15m,long,downtrend|pulling back in trend|clean|contracting,204,0.0959,40.69,0.2,62,-4.4907,37.1,-2.78,-9.38,FAIL,0.9886,2.1376
momentum,Fisher Transform 0-cross,15m,short,downtrend|pulling back in trend|clean|contracting,48,-0.2421,39.58,-0.12,19,-22.0423,26.32,-4.19,-6.97,FAIL,1.0323,
momentum,Fisher Transform 0-cross,15m,long,uptrend|pulling back in trend|clean|contracting,53,-2.6629,37.74,-1.41,19,-4.4549,36.84,-0.85,-4.14,FAIL,1.457,2.042
momentum,Fisher Transform 0-cross,15m,short,uptrend|pulling back in trend|clean|contracting,238,-0.2171,41.6,-0.52,68,-11.4162,36.76,-7.76,-8.86,FAIL,1.0285,
momentum,Fisher Transform 0-cross,15m,long,uptrend|at range high|clean|contracting,36,-7.6469,38.89,-2.75,14,4.9922,42.86,0.7,-2.06,FAIL,7.863,0.6326
momentum,Fisher Transform 0-cross,15m,short,uptrend|at range high|clean|contracting,21,-3.8604,38.1,-0.81,2,19.391,50.0,0.39,-0.77,UNRELIABLE,2.0667,0.2773
momentum,Fisher Transform 0-cross,15m,long,downtrend|pulling back in trend|clean|expanding,153,-16.8319,29.41,-25.75,46,-10.5757,34.78,-4.86,-6.16,FAIL,,
momentum,Fisher Transform 0-cross,15m,short,downtrend|pulling back in trend|clean|expanding,27,-16.2749,29.63,-4.39,13,-16.5235,30.77,-2.15,-3.75,FAIL,,
momentum,Fisher Transform 0-cross,15m,long,uptrend|pulling back in trend|clean|expanding,34,-12.77,29.41,-4.34,14,-20.8011,35.71,-2.91,-5.5,FAIL,,
momentum,Fisher Transform 0-cross,15m,short,uptrend|pulling back in trend|clean|expanding,144,-9.1712,35.42,-13.21,48,4.2493,39.58,2.04,-5.02,FAIL,,0.6436
momentum,Fisher Transform 0-cross,15m,long,transition|at range high|clean|contracting,119,-8.9979,36.13,-10.71,44,-15.2773,27.27,-6.72,-9.94,FAIL,,
momentum,Fisher Transform 0-cross,15m,short,transition|at range high|clean|contracting,11,-14.8566,27.27,-1.63,4,-22.895,25.0,-0.92,-2.21,UNRELIABLE,,
momentum,Fisher Transform 0-cross,15m,long,transition|mid range|messy|stalling,108,-12.3416,33.33,-13.33,29,1.0861,41.38,0.31,-6.72,FAIL,,0.8836
momentum,Fisher Transform 0-cross,15m,short,transition|mid range|messy|stalling,121,-5.0825,38.02,-6.15,35,8.7017,48.57,3.05,-4.59,FAIL,3.0323,0.4569
momentum,Fisher Transform 0-cross,15m,long,transition|at range high|clean|expanding,111,8.9272,45.95,9.91,33,1.2366,42.42,0.41,-4.07,SURVIVOR,0.4831,0.8706
momentum,Fisher Transform 0-cross,15m,short,transition|at range high|clean|expanding,19,-1.2778,42.11,-0.24,7,-16.7333,28.57,-1.17,-2.91,UNRELIABLE,1.2127,
momentum,Fisher Transform 0-cross,15m,long,uptrend|at range high|clean|expanding,45,-18.5561,31.11,-8.35,14,-17.2005,28.57,-2.41,-5.76,FAIL,,
momentum,Fisher Transform 0-cross,15m,short,uptrend|at range high|clean|expanding,19,9.946,42.11,1.89,7,-18.1086,28.57,-1.27,-3.13,UNRELIABLE,0.4013,
momentum,Fisher Transform 0-cross,15m,long,downtrend|at range low|clean|contracting,9,-2.5531,33.33,-0.23,2,19.3372,50.0,0.39,-0.65,UNRELIABLE,1.5187,0.2793
momentum,Fisher Transform 0-cross,15m,short,downtrend|at range low|clean|contracting,27,-0.8413,37.04,-0.23,8,-9.5609,37.5,-0.76,-2.4,FAIL,1.119,
momentum,Fisher Transform 0-cross,15m,long,transition|at range low|clean|contracting,9,2.069,55.56,0.19,3,-57.256,0.0,-1.72,-1.76,UNRELIABLE,0.7751,
momentum,Fisher Transform 0-cross,15m,short,transition|at range low|clean|contracting,93,-2.3315,39.78,-2.17,28,-8.2578,35.71,-2.31,-4.41,FAIL,1.4461,
momentum,Fisher Transform 0-cross,15m,long,transition|at range low|clean|expanding,16,-27.8373,25.0,-4.45,2,-64.9151,0.0,-1.3,-1.3,UNRELIABLE,,
momentum,Fisher Transform 0-cross,15m,short,transition|at range low|clean|expanding,100,-3.696,36.0,-3.7,27,-9.5879,40.74,-2.59,-4.29,FAIL,1.9618,
momentum,Fisher Transform 0-cross,15m,long,downtrend|at range low|clean|expanding,9,-9.8229,33.33,-0.88,8,-13.1021,25.0,-1.05,-2.47,UNRELIABLE,,
momentum,Fisher Transform 0-cross,15m,short,downtrend|at range low|clean|expanding,47,-1.4198,36.17,-0.67,16,-22.3716,25.0,-3.58,-5.66,FAIL,1.2318,
momentum,Fisher Transform 0-cross,15m,long,downtrend|pulling back in trend|messy|stalling,119,-8.579,36.97,-10.21,39,-3.5213,38.46,-1.37,-4.82,FAIL,,1.7116
momentum,Fisher Transform 0-cross,15m,short,downtrend|pulling back in trend|messy|stalling,20,-5.1472,40.0,-1.03,10,9.0675,40.0,0.91,-2.02,FAIL,4.9568,0.4434
momentum,Fisher Transform 0-cross,15m,long,downtrend|at range high|messy|contracting,169,-9.7852,33.14,-16.54,56,-15.3295,30.36,-8.58,-10.77,FAIL,,
momentum,Fisher Transform 0-cross,15m,short,downtrend|at range high|messy|contracting,5,72.3208,80.0,3.62,3,-64.6251,0.0,-1.94,-1.94,UNRELIABLE,0.0587,
momentum,Fisher Transform 0-cross,15m,long,uptrend|pulling back in trend|messy|stalling,32,10.2785,46.88,3.29,9,-45.6567,11.11,-4.11,-5.1,FAIL,0.4508,
momentum,Fisher Transform 0-cross,15m,short,uptrend|pulling back in trend|messy|stalling,129,-11.4579,31.78,-14.78,38,-16.5186,34.21,-6.28,-7.55,FAIL,,
momentum,Fisher Transform 0-cross,15m,long,downtrend|at range high|messy|expanding,109,-11.0009,33.03,-11.99,35,-10.2365,37.14,-3.58,-6.84,FAIL,,
momentum,Fisher Transform 0-cross,15m,short,downtrend|at range high|messy|expanding,12,-18.8051,33.33,-2.26,2,-65.0383,0.0,-1.3,-1.3,UNRELIABLE,,
momentum,Fisher Transform 0-cross,15m,long,uptrend|at range high|messy|stalling,23,-4.5827,34.78,-1.05,12,-19.5183,25.0,-2.34,-3.47,FAIL,2.0961,
momentum,Fisher Transform 0-cross,15m,short,uptrend|at range high|messy|stalling,14,-19.0258,28.57,-2.66,5,37.0165,60.0,1.85,-0.96,UNRELIABLE,,0.1459
momentum,Connors RSI extremes,1h,long,transition|mid range|messy|contracting,0,0.0,0.0,0.0,0,0.0,0.0,0.0,0.0,UNRELIABLE,,
momentum,Connors RSI extremes,1h,short,transition|mid range|messy|contracting,2,-131.2572,0.0,-2.63,0,0.0,0.0,0.0,0.0,UNRELIABLE,,
momentum,Connors RSI extremes,1h,long,transition|mid range|messy|expanding,17,11.7195,41.18,1.99,5,54.8573,60.0,2.74,-2.21,UNRELIABLE,,
momentum,Connors RSI extremes,1h,short,transition|mid range|messy|expanding,6,13.2403,50.0,0.79,2,242.4556,100.0,4.85,-0.49,UNRELIABLE,,
momentum,Connors RSI extremes,1h,long,uptrend|at range high|messy|contracting,0,,,,0,,,,,NO-TRADES,,
momentum,Connors RSI extremes,1h,short,uptrend|at range high|messy|contracting,1,-130.8261,0.0,-1.31,0,0.0,0.0,0.0,0.0,UNRELIABLE,,
momentum,Connors RSI extremes,1h,long,downtrend|pulling back in trend|messy|contracting,1,-132.3464,0.0,-1.32,0,0.0,0.0,0.0,0.0,UNRELIABLE,,
momentum,Connors RSI extremes,1h,short,downtrend|pulling back in trend|messy|contracting,2,-131.2354,0.0,-2.62,0,0.0,0.0,0.0,0.0,UNRELIABLE,,
momentum,Connors RSI extremes,1h,long,uptrend|pulling back in trend|messy|contracting,0,0.0,0.0,0.0,0,0.0,0.0,0.0,0.0,UNRELIABLE,,
momentum,Connors RSI extremes,1h,short,uptrend|pulling back in trend|messy|contracting,0,,,,0,,,,,NO-TRADES,,
momentum,Connors RSI extremes,1h,long,uptrend|at range high|messy|expanding,0,0.0,0.0,0.0,0,0.0,0.0,0.0,0.0,UNRELIABLE,,
momentum,Connors RSI extremes,1h,short,uptrend|at range high|messy|expanding,13,-37.2956,30.77,-4.85,3,-8.4044,33.33,-0.25,-2.91,UNRELIABLE,,
momentum,Connors RSI extremes,1h,long,downtrend|pulling back in trend|messy|expanding,3,-74.2277,33.33,-2.23,0,0.0,0.0,0.0,0.0,UNRELIABLE,,
momentum,Connors RSI extremes,1h,short,downtrend|pulling back in trend|messy|expanding,9,-9.7214,33.33,-0.87,4,52.1014,50.0,2.08,-1.66,UNRELIABLE,,
momentum,Connors RSI extremes,1h,long,transition|at range high|messy|contracting,0,,,,0,,,,,NO-TRADES,,
momentum,Connors RSI extremes,1h,short,transition|at range high|messy|contracting,4,52.9129,50.0,2.12,2,-131.7528,0.0,-2.64,-2.64,UNRELIABLE,,
momentum,Connors RSI extremes,1h,long,uptrend|pulling back in trend|messy|expanding,13,52.1169,53.85,6.78,1,-133.4126,0.0,-1.33,-1.37,UNRELIABLE,,
momentum,Connors RSI extremes,1h,short,uptrend|pulling back in trend|messy|expanding,5,-128.674,0.0,-6.43,2,-132.0603,0.0,-2.64,-2.64,UNRELIABLE,,
momentum,Connors RSI extremes,1h,long,transition|at range high|messy|expanding,1,-132.3431,0.0,-1.32,0,0.0,0.0,0.0,0.0,UNRELIABLE,,
momentum,Connors RSI extremes,1h,short,transition|at range high|messy|expanding,22,-33.7918,31.82,-7.43,7,-106.7211,14.29,-7.47,-7.79,UNRELIABLE,,
momentum,Connors RSI extremes,1h,long,downtrend|at range low|messy|contracting,4,-40.7276,25.0,-1.63,3,-11.4464,33.33,-0.34,-4.68,UNRELIABLE,,
momentum,Connors RSI extremes,1h,short,downtrend|at range low|messy|contracting,0,,,,0,,,,,NO-TRADES,,
momentum,Connors RSI extremes,1h,long,transition|at range low|messy|contracting,6,-49.4077,33.33,-2.96,3,45.47,66.67,1.36,-1.68,UNRELIABLE,,
momentum,Connors RSI extremes,1h,short,transition|at range low|messy|contracting,0,,,,0,,,,,NO-TRADES,,
momentum,Connors RSI extremes,1h,long,downtrend|at range low|messy|expanding,17,-34.0758,41.18,-5.79,8,52.5283,50.0,4.2,-2.65,UNRELIABLE,,
momentum,Connors RSI extremes,1h,short,downtrend|at range low|messy|expanding,0,,,,0,,,,,NO-TRADES,,
momentum,Connors RSI extremes,1h,long,transition|at range low|messy|expanding,37,2.3757,43.24,0.88,6,-70.9649,16.67,-4.26,-5.21,UNRELIABLE,,
momentum,Connors RSI extremes,1h,short,transition|at range low|messy|expanding,0,,,,0,,,,,NO-TRADES,,
momentum,Connors RSI extremes,1h,long,transition|mid range|clean|contracting,1,133.371,100.0,1.33,0,0.0,0.0,0.0,0.0,UNRELIABLE,,
momentum,Connors RSI extremes,1h,short,transition|mid range|clean|contracting,1,-130.5205,0.0,-1.31,1,-129.7142,0.0,-1.3,-1.72,UNRELIABLE,,
momentum,Connors RSI extremes,1h,long,transition|mid range|clean|expanding,25,4.631,40.0,1.16,4,-87.3316,25.0,-3.49,-4.06,UNRELIABLE,,
momentum,Connors RSI extremes,1h,short,transition|mid range|clean|expanding,12,-55.3389,16.67,-6.64,4,-129.2543,0.0,-5.17,-6.65,UNRELIABLE,,
momentum,Connors RSI extremes,1h,long,transition|mid range|messy|stalling,0,0.0,0.0,0.0,0,0.0,0.0,0.0,0.0,UNRELIABLE,,
momentum,Connors RSI extremes,1h,short,transition|mid range|messy|stalling,1,-132.3168,0.0,-1.32,1,239.9396,100.0,2.4,-1.08,UNRELIABLE,,
momentum,Connors RSI extremes,1h,long,transition|at range high|clean|contracting,0,,,,0,,,,,NO-TRADES,,
momentum,Connors RSI extremes,1h,short,transition|at range high|clean|contracting,11,-56.0842,27.27,-6.17,4,-63.3707,25.0,-2.53,-3.31,UNRELIABLE,,
momentum,Connors RSI extremes,1h,long,downtrend|pulling back in trend|clean|contracting,0,,,,0,,,,,NO-TRADES,,
momentum,Connors RSI extremes,1h,short,downtrend|pulling back in trend|clean|contracting,2,124.9232,100.0,2.5,2,51.9459,50.0,1.04,-1.85,UNRELIABLE,,
momentum,Connors RSI extremes,1h,long,uptrend|pulling back in trend|clean|contracting,3,-130.807,0.0,-3.92,1,81.1344,100.0,0.81,-0.91,UNRELIABLE,,
momentum,Connors RSI extremes,1h,short,uptrend|pulling back in trend|clean|contracting,0,,,,0,,,,,NO-TRADES,,
momentum,Connors RSI extremes,1h,long,uptrend|at range high|clean|contracting,0,,,,0,,,,,NO-TRADES,,
momentum,Connors RSI extremes,1h,short,uptrend|at range high|clean|contracting,7,25.8339,57.14,1.81,0,0.0,0.0,0.0,0.0,UNRELIABLE,,
momentum,Connors RSI extremes,1h,long,uptrend|pulling back in trend|clean|expanding,20,7.7935,40.0,1.56,6,-53.4716,16.67,-3.21,-4.74,UNRELIABLE,,
momentum,Connors RSI extremes,1h,short,uptrend|pulling back in trend|clean|expanding,2,41.811,100.0,0.84,0,0.0,0.0,0.0,0.0,UNRELIABLE,,
momentum,Connors RSI extremes,1h,long,downtrend|pulling back in trend|clean|expanding,6,-43.9944,33.33,-2.64,4,26.1148,50.0,1.04,-2.83,UNRELIABLE,,
momentum,Connors RSI extremes,1h,short,downtrend|pulling back in trend|clean|expanding,8,-38.5536,25.0,-3.08,3,-10.0422,33.33,-0.3,-3.61,UNRELIABLE,,
momentum,Connors RSI extremes,1h,long,transition|at range high|clean|expanding,0,0.0,0.0,0.0,1,-61.5455,0.0,-0.62,-2.37,UNRELIABLE,,
momentum,Connors RSI extremes,1h,short,transition|at range high|clean|expanding,27,-10.6984,37.04,-2.89,8,-39.7862,25.0,-3.18,-5.52,FAIL,,
momentum,Connors RSI extremes,1h,long,transition|at range low|clean|contracting,6,-10.0113,33.33,-0.6,2,240.1276,100.0,4.8,-1.05,UNRELIABLE,,
momentum,Connors RSI extremes,1h,short,transition|at range low|clean|contracting,0,,,,0,,,,,NO-TRADES,,
momentum,Connors RSI extremes,1h,long,downtrend|at range high|messy|contracting,0,,,,0,,,,,NO-TRADES,,
momentum,Connors RSI extremes,1h,short,downtrend|at range high|messy|contracting,3,-99.8303,0.0,-2.99,1,-131.5704,0.0,-1.32,-1.89,UNRELIABLE,,
momentum,Connors RSI extremes,1h,long,uptrend|at range high|clean|expanding,1,237.7311,100.0,2.38,0,0.0,0.0,0.0,0.0,UNRELIABLE,,
momentum,Connors RSI extremes,1h,short,uptrend|at range high|clean|expanding,18,50.3751,61.11,9.07,2,51.8585,50.0,1.04,-1.36,UNRELIABLE,,
momentum,Connors RSI extremes,1h,long,downtrend|at range low|clean|contracting,7,27.7462,57.14,1.94,4,-41.2431,25.0,-1.65,-3.13,UNRELIABLE,,
momentum,Connors RSI extremes,1h,short,downtrend|at range low|clean|contracting,0,,,,0,,,,,NO-TRADES,,
momentum,Connors RSI extremes,1h,long,downtrend|pulling back in trend|messy|stalling,0,,,,0,,,,,NO-TRADES,,
momentum,Connors RSI extremes,1h,short,downtrend|pulling back in trend|messy|stalling,0,0.0,0.0,0.0,0,0.0,0.0,0.0,0.0,UNRELIABLE,,
momentum,Connors RSI extremes,1h,long,uptrend|at range high|messy|stalling,0,,,,0,,,,,NO-TRADES,,
momentum,Connors RSI extremes,1h,short,uptrend|at range high|messy|stalling,2,-2.0887,50.0,-0.04,0,0.0,0.0,0.0,0.0,UNRELIABLE,,
momentum,Connors RSI extremes,1h,long,transition|at range low|clean|expanding,37,-23.9787,32.43,-8.87,11,-64.1749,18.18,-7.06,-10.14,FAIL,,
momentum,Connors RSI extremes,1h,short,transition|at range low|clean|expanding,0,,,,0,,,,,NO-TRADES,,
momentum,Connors RSI extremes,1h,long,uptrend|pulling back in trend|messy|stalling,0,,,,0,,,,,NO-TRADES,,
momentum,Connors RSI extremes,1h,short,uptrend|pulling back in trend|messy|stalling,0,,,,0,,,,,NO-TRADES,,
momentum,Connors RSI extremes,1h,long,uptrend|at range low|messy|contracting,2,-55.7013,50.0,-1.11,3,-10.3643,33.33,-0.31,-1.35,UNRELIABLE,,
momentum,Connors RSI extremes,1h,short,uptrend|at range low|messy|contracting,0,,,,0,,,,,NO-TRADES,,
momentum,Connors RSI extremes,1h,long,downtrend|at range high|messy|expanding,0,,,,0,,,,,NO-TRADES,,
momentum,Connors RSI extremes,1h,short,downtrend|at range high|messy|expanding,7,-77.6825,14.29,-5.44,5,91.9171,60.0,4.6,-2.38,UNRELIABLE,,
momentum,Connors RSI extremes,1h,long,uptrend|at range low|messy|expanding,27,-22.1301,33.33,-5.98,3,114.3986,66.67,3.43,-1.36,UNRELIABLE,,
momentum,Connors RSI extremes,1h,short,uptrend|at range low|messy|expanding,0,,,,0,,,,,NO-TRADES,,
momentum,Connors RSI extremes,1h,long,downtrend|at range low|clean|expanding,16,-29.8808,31.25,-4.78,7,-69.9342,14.29,-4.9,-5.86,UNRELIABLE,,
momentum,Connors RSI extremes,1h,short,downtrend|at range low|clean|expanding,0,,,,0,,,,,NO-TRADES,,
momentum,Connors RSI extremes,15m,long,transition|mid range|messy|contracting,6,39.606,66.67,2.38,0,0.0,0.0,0.0,0.0,UNRELIABLE,0.1453,
momentum,Connors RSI extremes,15m,short,transition|mid range|messy|contracting,0,,,,0,,,,,NO-TRADES,,
momentum,Connors RSI extremes,15m,long,transition|mid range|messy|expanding,32,-17.1435,31.25,-5.49,9,28.3859,55.56,2.55,-1.3,FAIL,,0.2187
momentum,Connors RSI extremes,15m,short,transition|mid range|messy|expanding,20,1.0832,40.0,0.22,10,19.5515,50.0,1.96,-3.97,SURVIVOR,0.8739,0.2808
momentum,Connors RSI extremes,15m,long,downtrend|pulling back in trend|messy|contracting,0,,,,0,,,,,NO-TRADES,,
momentum,Connors RSI extremes,15m,short,downtrend|pulling back in trend|messy|contracting,2,-64.4796,0.0,-1.29,1,-65.1508,0.0,-0.65,-0.93,UNRELIABLE,,
momentum,Connors RSI extremes,15m,long,uptrend|at range high|messy|contracting,0,,,,0,,,,,NO-TRADES,,
momentum,Connors RSI extremes,15m,short,uptrend|at range high|messy|contracting,10,-50.3964,10.0,-5.04,6,-19.9767,33.33,-1.2,-2.31,UNRELIABLE,,
momentum,Connors RSI extremes,15m,long,uptrend|pulling back in trend|messy|contracting,2,19.5617,50.0,0.39,2,18.9619,50.0,0.38,-1.03,UNRELIABLE,0.2709,0.2915
momentum,Connors RSI extremes,15m,short,uptrend|pulling back in trend|messy|contracting,1,104.5166,100.0,1.05,1,-65.2825,0.0,-0.65,-0.65,UNRELIABLE,0.0364,
momentum,Connors RSI extremes,15m,long,downtrend|pulling back in trend|messy|expanding,11,-49.2871,9.09,-5.42,3,-9.4563,33.33,-0.28,-1.11,UNRELIABLE,,
momentum,Connors RSI extremes,15m,short,downtrend|pulling back in trend|messy|expanding,28,10.4168,46.43,2.92,5,-13.3728,40.0,-0.67,-1.61,UNRELIABLE,0.4245,
momentum,Connors RSI extremes,15m,long,uptrend|pulling back in trend|messy|expanding,30,-19.6959,30.0,-5.91,16,35.4026,62.5,5.66,-1.94,FAIL,,0.1757
momentum,Connors RSI extremes,15m,short,uptrend|pulling back in trend|messy|expanding,8,11.2147,50.0,0.9,3,48.0962,66.67,1.44,-1.1,UNRELIABLE,0.39,0.1116
momentum,Connors RSI extremes,15m,long,transition|at range high|messy|contracting,0,,,,0,,,,,NO-TRADES,,
momentum,Connors RSI extremes,15m,short,transition|at range high|messy|contracting,9,8.7819,44.44,0.79,2,105.6487,100.0,2.11,-0.63,UNRELIABLE,0.4221,0.0311
momentum,Connors RSI extremes,15m,long,uptrend|at range high|messy|expanding,2,104.0527,100.0,2.08,0,0.0,0.0,0.0,0.0,UNRELIABLE,0.0456,
momentum,Connors RSI extremes,15m,short,uptrend|at range high|messy|expanding,35,-25.4998,25.71,-8.92,11,21.7304,54.55,2.39,-1.96,FAIL,,0.2199
momentum,Connors RSI extremes,15m,long,transition|mid range|clean|contracting,6,-30.6027,16.67,-1.84,2,-64.969,0.0,-1.3,-1.3,UNRELIABLE,,
momentum,Connors RSI extremes,15m,short,transition|mid range|clean|contracting,5,7.4987,40.0,0.37,4,19.7144,50.0,0.79,-1.01,UNRELIABLE,0.2888,0.2657
momentum,Connors RSI extremes,15m,long,downtrend|at range low|messy|contracting,13,-26.0863,23.08,-3.39,2,-65.2262,0.0,-1.3,-1.82,UNRELIABLE,,
momentum,Connors RSI extremes,15m,short,downtrend|at range low|messy|contracting,0,,,,0,,,,,NO-TRADES,,
momentum,Connors RSI extremes,15m,long,transition|at range high|messy|expanding,0,0.0,0.0,0.0,1,-65.2917,0.0,-0.65,-0.67,UNRELIABLE,,
momentum,Connors RSI extremes,15m,short,transition|at range high|messy|expanding,41,11.002,46.34,4.51,13,-13.086,30.77,-1.7,-3.82,FAIL,0.402,
momentum,Connors RSI extremes,15m,long,transition|at range low|messy|contracting,13,12.7082,46.15,1.65,2,-65.1955,0.0,-1.3,-1.85,UNRELIABLE,0.3859,
momentum,Connors RSI extremes,15m,short,transition|at range low|messy|contracting,0,0.0,0.0,0.0,1,46.0107,100.0,0.46,-0.47,UNRELIABLE,,0.0882
momentum,Connors RSI extremes,15m,long,transition|mid range|clean|expanding,70,-10.5024,34.29,-7.35,25,-4.8247,36.0,-1.21,-4.75,FAIL,,2.1888
momentum,Connors RSI extremes,15m,short,transition|mid range|clean|expanding,50,2.7238,46.0,1.36,21,-24.2892,23.81,-5.1,-6.3,FAIL,0.7244,
momentum,Connors RSI extremes,15m,long,downtrend|at range low|messy|expanding,56,-16.6937,32.14,-9.35,22,-33.4689,18.18,-7.36,-7.79,FAIL,,
momentum,Connors RSI extremes,15m,short,downtrend|at range low|messy|expanding,0,0.0,0.0,0.0,0,0.0,0.0,0.0,0.0,UNRELIABLE,,
momentum,Connors RSI extremes,15m,long,transition|at range low|messy|expanding,58,-11.5192,34.48,-6.68,22,-5.8305,36.36,-1.28,-4.18,FAIL,,3.3805
momentum,Connors RSI extremes,15m,short,transition|at range low|messy|expanding,0,,,,0,,,,,NO-TRADES,,
momentum,Connors RSI extremes,15m,long,downtrend|pulling back in trend|clean|contracting,3,-9.4873,33.33,-0.28,1,-65.1113,0.0,-0.65,-1.0,UNRELIABLE,,
momentum,Connors RSI extremes,15m,short,downtrend|pulling back in trend|clean|contracting,7,-40.2972,14.29,-2.82,5,2.4818,40.0,0.12,-1.31,UNRELIABLE,,0.7635
momentum,Connors RSI extremes,15m,long,uptrend|pulling back in trend|clean|contracting,6,-23.4352,33.33,-1.41,1,103.7211,100.0,1.04,-0.42,UNRELIABLE,,0.0437
momentum,Connors RSI extremes,15m,short,uptrend|pulling back in trend|clean|contracting,2,-10.9682,50.0,-0.22,0,0.0,0.0,0.0,0.0,UNRELIABLE,,
momentum,Connors RSI extremes,15m,long,uptrend|at range high|clean|contracting,0,,,,0,,,,,NO-TRADES,,
momentum,Connors RSI extremes,15m,short,uptrend|at range high|clean|contracting,21,-19.8097,28.57,-4.16,6,-8.8677,33.33,-0.53,-1.94,UNRELIABLE,,
momentum,Connors RSI extremes,15m,long,downtrend|pulling back in trend|clean|expanding,16,-16.8722,31.25,-2.7,6,-9.1558,33.33,-0.55,-1.57,UNRELIABLE,,
momentum,Connors RSI extremes,15m,short,downtrend|pulling back in trend|clean|expanding,47,-13.7567,31.91,-6.47,15,-41.3246,13.33,-6.2,-7.07,FAIL,,
momentum,Connors RSI extremes,15m,long,uptrend|pulling back in trend|clean|expanding,76,-16.0515,28.95,-12.2,29,-15.8461,31.03,-4.6,-7.12,FAIL,,
momentum,Connors RSI extremes,15m,short,uptrend|pulling back in trend|clean|expanding,14,8.7795,50.0,1.23,2,0.8701,50.0,0.02,-0.74,UNRELIABLE,0.445,0.7732
momentum,Connors RSI extremes,15m,long,transition|at range high|clean|contracting,0,,,,0,,,,,NO-TRADES,,
momentum,Connors RSI extremes,15m,short,transition|at range high|clean|contracting,24,-12.3902,33.33,-2.97,12,19.6901,50.0,2.36,-3.84,FAIL,,0.2723
momentum,Connors RSI extremes,15m,long,transition|mid range|messy|stalling,0,0.0,0.0,0.0,0,0.0,0.0,0.0,0.0,UNRELIABLE,,
momentum,Connors RSI extremes,15m,short,transition|mid range|messy|stalling,3,47.9918,66.67,1.44,2,-64.2672,0.0,-1.29,-1.56,UNRELIABLE,0.115,
momentum,Connors RSI extremes,15m,long,transition|at range high|clean|expanding,3,-9.0594,33.33,-0.27,0,0.0,0.0,0.0,0.0,UNRELIABLE,,
momentum,Connors RSI extremes,15m,short,transition|at range high|clean|expanding,114,-10.3163,33.33,-11.76,42,-14.4895,30.95,-6.09,-7.42,FAIL,,
momentum,Connors RSI extremes,15m,long,uptrend|at range high|clean|expanding,1,-66.5859,0.0,-0.67,0,0.0,0.0,0.0,0.0,UNRELIABLE,,
momentum,Connors RSI extremes,15m,short,uptrend|at range high|clean|expanding,69,-17.1399,28.99,-11.83,10,2.7188,40.0,0.27,-3.49,FAIL,,0.7448
momentum,Connors RSI extremes,15m,long,downtrend|at range low|clean|contracting,27,-20.9393,29.63,-5.65,4,62.0314,75.0,2.48,-1.33,UNRELIABLE,,0.0896
momentum,Connors RSI extremes,15m,short,downtrend|at range low|clean|contracting,0,,,,0,,,,,NO-TRADES,,
momentum,Connors RSI extremes,15m,long,transition|at range low|clean|contracting,34,12.1819,47.06,4.14,9,-45.6369,11.11,-4.11,-4.48,FAIL,0.4011,
momentum,Connors RSI extremes,15m,short,transition|at range low|clean|contracting,0,,,,0,,,,,NO-TRADES,,
momentum,Connors RSI extremes,15m,long,transition|at range low|clean|expanding,119,-16.3722,31.09,-19.48,43,7.278,44.19,3.13,-3.4,FAIL,,0.5274
momentum,Connors RSI extremes,15m,short,transition|at range low|clean|expanding,1,-65.2501,0.0,-0.65,1,104.9648,100.0,1.05,-0.51,UNRELIABLE,,0.0323
momentum,Connors RSI extremes,15m,long,downtrend|at range low|clean|expanding,93,-8.5982,36.56,-8.0,24,-18.3467,29.17,-4.4,-5.82,FAIL,,
momentum,Connors RSI extremes,15m,short,downtrend|at range low|clean|expanding,0,,,,0,,,,,NO-TRADES,,
momentum,Connors RSI extremes,15m,long,downtrend|pulling back in trend|messy|stalling,1,-65.1813,0.0,-0.65,0,0.0,0.0,0.0,0.0,UNRELIABLE,,
momentum,Connors RSI extremes,15m,short,downtrend|pulling back in trend|messy|stalling,0,0.0,0.0,0.0,0,0.0,0.0,0.0,0.0,UNRELIABLE,,
momentum,Connors RSI extremes,15m,long,downtrend|at range high|messy|contracting,0,,,,0,,,,,NO-TRADES,,
momentum,Connors RSI extremes,15m,short,downtrend|at range high|messy|contracting,5,2.6605,40.0,0.13,1,104.5789,100.0,1.05,-0.59,UNRELIABLE,0.7491,0.0358
momentum,Connors RSI extremes,15m,long,uptrend|pulling back in trend|messy|stalling,5,13.9661,40.0,0.7,1,104.4273,100.0,1.04,-0.24,UNRELIABLE,0.3433,0.0372
momentum,Connors RSI extremes,15m,short,uptrend|pulling back in trend|messy|stalling,0,0.0,0.0,0.0,1,104.6726,100.0,1.05,-0.6,UNRELIABLE,,0.035
momentum,Connors RSI extremes,15m,long,downtrend|at range high|messy|expanding,0,,,,0,,,,,NO-TRADES,,
momentum,Connors RSI extremes,15m,short,downtrend|at range high|messy|expanding,33,-17.264,30.3,-5.7,12,-15.0541,33.33,-1.81,-5.43,FAIL,,
momentum,Connors RSI extremes,15m,long,uptrend|at range high|messy|stalling,0,,,,0,,,,,NO-TRADES,,
momentum,Connors RSI extremes,15m,short,uptrend|at range high|messy|stalling,3,-64.7527,0.0,-1.94,1,108.5247,100.0,1.09,-0.77,UNRELIABLE,,-0.0006
volatility,Bollinger mean-revert,1h,long,transition|mid range|messy|contracting,0,0.0,0.0,0.0,0,0.0,0.0,0.0,0.0,UNRELIABLE,,
volatility,Bollinger mean-revert,1h,short,transition|mid range|messy|contracting,3,208.9264,100.0,6.27,0,0.0,0.0,0.0,0.0,UNRELIABLE,,
volatility,Bollinger mean-revert,1h,long,transition|mid range|messy|expanding,7,-4.3961,42.86,-0.31,1,-135.5898,0.0,-1.36,-2.19,UNRELIABLE,,
volatility,Bollinger mean-revert,1h,short,transition|mid range|messy|expanding,7,-61.2741,28.57,-4.29,3,120.3476,100.0,3.61,-1.88,UNRELIABLE,,
volatility,Bollinger mean-revert,1h,long,uptrend|at range high|messy|contracting,0,,,,0,,,,,NO-TRADES,,
volatility,Bollinger mean-revert,1h,short,uptrend|at range high|messy|contracting,4,-39.8862,25.0,-1.6,2,52.2476,50.0,1.04,-1.35,UNRELIABLE,,
volatility,Bollinger mean-revert,1h,long,downtrend|pulling back in trend|messy|contracting,1,-132.4712,0.0,-1.32,0,0.0,0.0,0.0,0.0,UNRELIABLE,,
volatility,Bollinger mean-revert,1h,short,downtrend|pulling back in trend|messy|contracting,0,0.0,0.0,0.0,0,0.0,0.0,0.0,0.0,UNRELIABLE,,
volatility,Bollinger mean-revert,1h,long,uptrend|pulling back in trend|messy|contracting,2,-56.8419,50.0,-1.14,0,0.0,0.0,0.0,0.0,UNRELIABLE,,
volatility,Bollinger mean-revert,1h,short,uptrend|pulling back in trend|messy|contracting,1,239.585,100.0,2.4,0,0.0,0.0,0.0,0.0,UNRELIABLE,,
volatility,Bollinger mean-revert,1h,long,uptrend|at range high|messy|expanding,0,,,,0,,,,,NO-TRADES,,
volatility,Bollinger mean-revert,1h,short,uptrend|at range high|messy|expanding,28,-35.5084,32.14,-9.94,7,-46.3815,28.57,-3.25,-4.25,UNRELIABLE,,
volatility,Bollinger mean-revert,1h,long,downtrend|pulling back in trend|messy|expanding,5,-105.0612,20.0,-5.25,2,-131.5859,0.0,-2.63,-2.63,UNRELIABLE,,
volatility,Bollinger mean-revert,1h,short,downtrend|pulling back in trend|messy|expanding,4,3.4198,50.0,0.14,0,0.0,0.0,0.0,0.0,UNRELIABLE,,
volatility,Bollinger mean-revert,1h,long,transition|at range high|messy|contracting,0,,,,0,,,,,NO-TRADES,,
volatility,Bollinger mean-revert,1h,short,transition|at range high|messy|contracting,6,17.5989,66.67,1.06,4,-66.256,25.0,-2.65,-3.42,UNRELIABLE,,
volatility,Bollinger mean-revert,1h,long,uptrend|pulling back in trend|messy|expanding,4,-41.127,25.0,-1.65,2,-131.6522,0.0,-2.63,-2.95,UNRELIABLE,,
volatility,Bollinger mean-revert,1h,short,uptrend|pulling back in trend|messy|expanding,3,-61.6334,0.0,-1.85,0,0.0,0.0,0.0,0.0,UNRELIABLE,,
volatility,Bollinger mean-revert,1h,long,transition|at range high|messy|expanding,0,,,,0,,,,,NO-TRADES,,
volatility,Bollinger mean-revert,1h,short,transition|at range high|messy|expanding,51,-17.1369,39.22,-8.74,16,17.213,56.25,2.75,-3.26,FAIL,,
volatility,Bollinger mean-revert,1h,long,downtrend|at range low|messy|contracting,5,-23.8944,60.0,-1.19,0,0.0,0.0,0.0,0.0,UNRELIABLE,,
volatility,Bollinger mean-revert,1h,short,downtrend|at range low|messy|contracting,0,,,,0,,,,,NO-TRADES,,
volatility,Bollinger mean-revert,1h,long,transition|at range low|messy|contracting,7,-31.6978,28.57,-2.22,1,63.187,100.0,0.63,-1.12,UNRELIABLE,,
volatility,Bollinger mean-revert,1h,short,transition|at range low|messy|contracting,0,,,,0,,,,,NO-TRADES,,
volatility,Bollinger mean-revert,1h,long,downtrend|at range low|messy|expanding,29,-41.502,31.03,-12.04,7,40.0286,57.14,2.8,-5.02,UNRELIABLE,,
volatility,Bollinger mean-revert,1h,short,downtrend|at range low|messy|expanding,0,,,,0,,,,,NO-TRADES,,
volatility,Bollinger mean-revert,1h,long,transition|at range low|messy|expanding,59,-10.4105,44.07,-6.14,18,25.139,44.44,4.53,-7.38,FAIL,,
volatility,Bollinger mean-revert,1h,short,transition|at range low|messy|expanding,0,,,,0,,,,,NO-TRADES,,
volatility,Bollinger mean-revert,1h,long,transition|mid range|clean|contracting,2,-11.2323,50.0,-0.22,0,0.0,0.0,0.0,0.0,UNRELIABLE,,
volatility,Bollinger mean-revert,1h,short,transition|mid range|clean|contracting,0,,,,0,,,,,NO-TRADES,,
volatility,Bollinger mean-revert,1h,long,transition|mid range|clean|expanding,3,35.5825,66.67,1.07,3,57.486,66.67,1.72,-3.14,UNRELIABLE,,
volatility,Bollinger mean-revert,1h,short,transition|mid range|clean|expanding,5,-128.2011,0.0,-6.41,0,0.0,0.0,0.0,0.0,UNRELIABLE,,
volatility,Bollinger mean-revert,1h,long,transition|mid range|messy|stalling,4,3.4452,50.0,0.14,0,0.0,0.0,0.0,0.0,UNRELIABLE,,
volatility,Bollinger mean-revert,1h,short,transition|mid range|messy|stalling,1,-132.2816,0.0,-1.32,1,95.4247,100.0,0.95,-0.87,UNRELIABLE,,
volatility,Bollinger mean-revert,1h,long,transition|at range high|clean|contracting,0,,,,0,,,,,NO-TRADES,,
volatility,Bollinger mean-revert,1h,short,transition|at range high|clean|contracting,4,30.8936,50.0,1.24,1,136.085,100.0,1.36,-0.54,UNRELIABLE,,
volatility,Bollinger mean-revert,1h,long,downtrend|pulling back in trend|clean|contracting,0,,,,0,,,,,NO-TRADES,,
volatility,Bollinger mean-revert,1h,short,downtrend|pulling back in trend|clean|contracting,0,,,,0,,,,,NO-TRADES,,
volatility,Bollinger mean-revert,1h,long,uptrend|pulling back in trend|clean|contracting,0,,,,0,,,,,NO-TRADES,,
volatility,Bollinger mean-revert,1h,short,uptrend|pulling back in trend|clean|contracting,0,,,,0,,,,,NO-TRADES,,
volatility,Bollinger mean-revert,1h,long,uptrend|at range high|clean|contracting,0,,,,0,,,,,NO-TRADES,,
volatility,Bollinger mean-revert,1h,short,uptrend|at range high|clean|contracting,3,114.9463,66.67,3.45,0,0.0,0.0,0.0,0.0,UNRELIABLE,,
volatility,Bollinger mean-revert,1h,long,uptrend|pulling back in trend|clean|expanding,2,-132.178,0.0,-2.64,0,0.0,0.0,0.0,0.0,UNRELIABLE,,
volatility,Bollinger mean-revert,1h,short,uptrend|pulling back in trend|clean|expanding,1,-134.7995,0.0,-1.35,0,0.0,0.0,0.0,0.0,UNRELIABLE,,
volatility,Bollinger mean-revert,1h,long,downtrend|pulling back in trend|clean|expanding,5,-26.6294,40.0,-1.33,0,0.0,0.0,0.0,0.0,UNRELIABLE,,
volatility,Bollinger mean-revert,1h,short,downtrend|pulling back in trend|clean|expanding,4,-37.792,25.0,-1.51,0,0.0,0.0,0.0,0.0,UNRELIABLE,,
volatility,Bollinger mean-revert,1h,long,transition|at range high|clean|expanding,0,,,,0,,,,,NO-TRADES,,
volatility,Bollinger mean-revert,1h,short,transition|at range high|clean|expanding,25,-25.3308,36.0,-6.33,6,118.0963,66.67,7.09,-1.8,UNRELIABLE,,
volatility,Bollinger mean-revert,1h,long,transition|at range low|clean|contracting,8,31.5607,50.0,2.52,3,241.2992,100.0,7.24,-1.62,UNRELIABLE,,
volatility,Bollinger mean-revert,1h,short,transition|at range low|clean|contracting,0,,,,0,,,,,NO-TRADES,,
volatility,Bollinger mean-revert,1h,long,downtrend|at range high|messy|contracting,0,,,,0,,,,,NO-TRADES,,
volatility,Bollinger mean-revert,1h,short,downtrend|at range high|messy|contracting,2,51.8572,50.0,1.04,0,0.0,0.0,0.0,0.0,UNRELIABLE,,
volatility,Bollinger mean-revert,1h,long,uptrend|at range high|clean|expanding,0,,,,0,,,,,NO-TRADES,,
volatility,Bollinger mean-revert,1h,short,uptrend|at range high|clean|expanding,9,1.1936,55.56,0.11,2,159.2428,100.0,3.18,-0.81,UNRELIABLE,,
volatility,Bollinger mean-revert,1h,long,downtrend|at range low|clean|contracting,1,238.1006,100.0,2.38,1,239.2629,100.0,2.39,-0.62,UNRELIABLE,,
volatility,Bollinger mean-revert,1h,short,downtrend|at range low|clean|contracting,0,,,,0,,,,,NO-TRADES,,
volatility,Bollinger mean-revert,1h,long,downtrend|pulling back in trend|messy|stalling,2,51.6489,50.0,1.03,0,0.0,0.0,0.0,0.0,UNRELIABLE,,
volatility,Bollinger mean-revert,1h,short,downtrend|pulling back in trend|messy|stalling,0,,,,0,,,,,NO-TRADES,,
volatility,Bollinger mean-revert,1h,long,uptrend|at range high|messy|stalling,0,,,,0,,,,,NO-TRADES,,
volatility,Bollinger mean-revert,1h,short,uptrend|at range high|messy|stalling,8,25.2499,50.0,2.02,0,0.0,0.0,0.0,0.0,UNRELIABLE,,
volatility,Bollinger mean-revert,1h,long,transition|at range low|clean|expanding,32,17.3832,40.62,5.56,9,-20.0145,33.33,-1.8,-2.93,FAIL,,
volatility,Bollinger mean-revert,1h,short,transition|at range low|clean|expanding,0,,,,0,,,,,NO-TRADES,,
volatility,Bollinger mean-revert,1h,long,uptrend|pulling back in trend|messy|stalling,0,,,,0,,,,,NO-TRADES,,
volatility,Bollinger mean-revert,1h,short,uptrend|pulling back in trend|messy|stalling,0,,,,0,,,,,NO-TRADES,,
volatility,Bollinger mean-revert,1h,long,uptrend|at range low|messy|contracting,7,-82.5055,14.29,-5.78,2,-131.4706,0.0,-2.63,-2.63,UNRELIABLE,,
volatility,Bollinger mean-revert,1h,short,uptrend|at range low|messy|contracting,0,,,,0,,,,,NO-TRADES,,
volatility,Bollinger mean-revert,1h,long,downtrend|at range high|messy|expanding,0,,,,0,,,,,NO-TRADES,,
volatility,Bollinger mean-revert,1h,short,downtrend|at range high|messy|expanding,27,6.0425,40.74,1.63,6,-9.7538,33.33,-0.59,-4.11,UNRELIABLE,,
volatility,Bollinger mean-revert,1h,long,uptrend|at range low|messy|expanding,20,-34.6504,30.0,-6.93,12,-69.2126,16.67,-8.31,-12.51,FAIL,,
volatility,Bollinger mean-revert,1h,short,uptrend|at range low|messy|expanding,0,,,,0,,,,,NO-TRADES,,
volatility,Bollinger mean-revert,1h,long,downtrend|at range low|clean|expanding,10,-30.8092,40.0,-3.08,5,-47.8128,20.0,-2.39,-4.4,UNRELIABLE,,
volatility,Bollinger mean-revert,1h,short,downtrend|at range low|clean|expanding,0,,,,0,,,,,NO-TRADES,,
volatility,Bollinger mean-revert,15m,long,transition|mid range|messy|contracting,5,50.9744,80.0,2.55,0,0.0,0.0,0.0,0.0,UNRELIABLE,0.112,
volatility,Bollinger mean-revert,15m,short,transition|mid range|messy|contracting,3,77.0687,100.0,2.31,0,0.0,0.0,0.0,0.0,UNRELIABLE,0.0383,
volatility,Bollinger mean-revert,15m,long,transition|mid range|messy|expanding,23,-15.1712,34.78,-3.49,3,47.1766,66.67,1.42,-1.1,UNRELIABLE,,0.1301
volatility,Bollinger mean-revert,15m,short,transition|mid range|messy|expanding,19,34.1951,63.16,6.5,5,-30.5529,20.0,-1.53,-1.63,UNRELIABLE,0.1612,
volatility,Bollinger mean-revert,15m,long,downtrend|pulling back in trend|messy|contracting,4,2.3069,50.0,0.09,0,0.0,0.0,0.0,0.0,UNRELIABLE,0.7907,
volatility,Bollinger mean-revert,15m,short,downtrend|pulling back in trend|messy|contracting,1,-64.3137,0.0,-0.64,0,0.0,0.0,0.0,0.0,UNRELIABLE,,
volatility,Bollinger mean-revert,15m,long,uptrend|at range high|messy|contracting,0,,,,0,,,,,NO-TRADES,,
volatility,Bollinger mean-revert,15m,short,uptrend|at range high|messy|contracting,15,1.2371,40.0,0.19,3,-33.0608,33.33,-0.99,-1.82,UNRELIABLE,0.8463,
volatility,Bollinger mean-revert,15m,long,uptrend|pulling back in trend|messy|contracting,4,62.0201,75.0,2.48,1,-65.2975,0.0,-0.65,-0.72,UNRELIABLE,0.0893,
volatility,Bollinger mean-revert,15m,short,uptrend|pulling back in trend|messy|contracting,3,67.3071,66.67,2.02,0,0.0,0.0,0.0,0.0,UNRELIABLE,0.0484,
volatility,Bollinger mean-revert,15m,long,downtrend|pulling back in trend|messy|expanding,14,-24.5318,21.43,-3.43,4,19.1086,50.0,0.76,-1.44,UNRELIABLE,,0.2892
volatility,Bollinger mean-revert,15m,short,downtrend|pulling back in trend|messy|expanding,4,-23.0729,25.0,-0.92,0,0.0,0.0,0.0,0.0,UNRELIABLE,,
volatility,Bollinger mean-revert,15m,long,uptrend|pulling back in trend|messy|expanding,12,-49.8669,8.33,-5.98,3,-9.0872,33.33,-0.27,-0.65,UNRELIABLE,,
volatility,Bollinger mean-revert,15m,short,uptrend|pulling back in trend|messy|expanding,13,1.1815,46.15,0.15,2,51.1217,50.0,1.02,-0.49,UNRELIABLE,0.8628,0.0558
volatility,Bollinger mean-revert,15m,long,transition|at range high|messy|contracting,0,,,,0,,,,,NO-TRADES,,
volatility,Bollinger mean-revert,15m,short,transition|at range high|messy|contracting,30,6.0092,46.67,1.8,7,-6.6286,42.86,-0.46,-2.53,UNRELIABLE,0.5459,7.739
volatility,Bollinger mean-revert,15m,long,uptrend|at range high|messy|expanding,0,,,,0,,,,,NO-TRADES,,
volatility,Bollinger mean-revert,15m,short,uptrend|at range high|messy|expanding,66,-15.8639,34.85,-10.47,33,-18.4152,27.27,-6.08,-9.35,FAIL,,
volatility,Bollinger mean-revert,15m,long,transition|mid range|clean|contracting,5,17.8551,60.0,0.89,1,67.5857,100.0,0.68,-0.41,UNRELIABLE,0.2906,0.0755
volatility,Bollinger mean-revert,15m,short,transition|mid range|clean|contracting,0,,,,0,,,,,NO-TRADES,,
volatility,Bollinger mean-revert,15m,long,downtrend|at range low|messy|contracting,26,-3.6695,38.46,-0.95,7,6.9521,42.86,0.49,-2.87,UNRELIABLE,1.7379,0.5442
volatility,Bollinger mean-revert,15m,short,downtrend|at range low|messy|contracting,0,,,,0,,,,,NO-TRADES,,
volatility,Bollinger mean-revert,15m,long,transition|at range high|messy|expanding,0,,,,0,,,,,NO-TRADES,,
volatility,Bollinger mean-revert,15m,short,transition|at range high|messy|expanding,100,-1.2644,41.0,-1.26,43,2.7888,39.53,1.2,-5.38,FAIL,1.2098,0.7295
volatility,Bollinger mean-revert,15m,long,transition|at range low|messy|contracting,35,-11.9913,31.43,-4.2,14,-28.6792,21.43,-4.02,-5.43,FAIL,,
volatility,Bollinger mean-revert,15m,short,transition|at range low|messy|contracting,0,,,,0,,,,,NO-TRADES,,
volatility,Bollinger mean-revert,15m,long,transition|mid range|clean|expanding,15,13.335,46.67,2.0,3,-64.8433,0.0,-1.95,-1.95,UNRELIABLE,0.3787,
volatility,Bollinger mean-revert,15m,short,transition|mid range|clean|expanding,9,-27.2063,22.22,-2.45,6,12.4494,50.0,0.75,-2.06,UNRELIABLE,,0.3739
volatility,Bollinger mean-revert,15m,long,downtrend|at range low|messy|expanding,91,-18.9957,28.57,-17.29,20,-21.5191,35.0,-4.3,-5.18,FAIL,,
volatility,Bollinger mean-revert,15m,short,downtrend|at range low|messy|expanding,0,,,,0,,,,,NO-TRADES,,
volatility,Bollinger mean-revert,15m,long,transition|at range low|messy|expanding,156,-4.6938,38.46,-7.32,51,-12.1655,35.29,-6.2,-7.56,FAIL,2.1656,
volatility,Bollinger mean-revert,15m,short,transition|at range low|messy|expanding,0,,,,0,,,,,NO-TRADES,,
volatility,Bollinger mean-revert,15m,long,downtrend|pulling back in trend|clean|contracting,0,0.0,0.0,0.0,0,0.0,0.0,0.0,0.0,UNRELIABLE,,
volatility,Bollinger mean-revert,15m,short,downtrend|pulling back in trend|clean|contracting,0,0.0,0.0,0.0,0,0.0,0.0,0.0,0.0,UNRELIABLE,,
volatility,Bollinger mean-revert,15m,long,uptrend|pulling back in trend|clean|contracting,2,-64.9688,0.0,-1.3,2,19.2388,50.0,0.38,-0.66,UNRELIABLE,,0.283
volatility,Bollinger mean-revert,15m,short,uptrend|pulling back in trend|clean|contracting,1,-64.9476,0.0,-0.65,0,0.0,0.0,0.0,0.0,UNRELIABLE,,
volatility,Bollinger mean-revert,15m,long,uptrend|at range high|clean|contracting,0,,,,0,,,,,NO-TRADES,,
volatility,Bollinger mean-revert,15m,short,uptrend|at range high|clean|contracting,8,-55.605,12.5,-4.45,3,47.6957,66.67,1.43,-0.65,UNRELIABLE,,0.119
volatility,Bollinger mean-revert,15m,long,downtrend|pulling back in trend|clean|expanding,4,-64.9338,0.0,-2.6,1,103.8484,100.0,1.04,-0.46,UNRELIABLE,,0.0426
volatility,Bollinger mean-revert,15m,short,downtrend|pulling back in trend|clean|expanding,1,-64.5324,0.0,-0.65,0,0.0,0.0,0.0,0.0,UNRELIABLE,,
volatility,Bollinger mean-revert,15m,long,uptrend|pulling back in trend|clean|expanding,9,-36.4997,22.22,-3.28,2,104.7495,100.0,2.09,-0.59,UNRELIABLE,,0.0392
volatility,Bollinger mean-revert,15m,short,uptrend|pulling back in trend|clean|expanding,3,-26.9096,33.33,-0.81,0,0.0,0.0,0.0,0.0,UNRELIABLE,,
volatility,Bollinger mean-revert,15m,long,transition|at range high|clean|contracting,0,,,,0,,,,,NO-TRADES,,
volatility,Bollinger mean-revert,15m,short,transition|at range high|clean|contracting,24,2.2524,41.67,0.54,8,41.4268,62.5,3.31,-1.96,SURVIVOR,0.7582,0.134
volatility,Bollinger mean-revert,15m,long,transition|mid range|messy|stalling,6,21.518,50.0,1.29,1,104.4373,100.0,1.04,0.0,UNRELIABLE,0.2488,0.0371
volatility,Bollinger mean-revert,15m,short,transition|mid range|messy|stalling,3,-8.9128,33.33,-0.27,0,0.0,0.0,0.0,0.0,UNRELIABLE,,
volatility,Bollinger mean-revert,15m,long,transition|at range high|clean|expanding,0,,,,0,,,,,NO-TRADES,,
volatility,Bollinger mean-revert,15m,short,transition|at range high|clean|expanding,103,-22.9738,24.27,-23.66,41,-7.7244,39.02,-3.17,-4.72,FAIL,,
volatility,Bollinger mean-revert,15m,long,uptrend|at range high|clean|expanding,0,,,,0,,,,,NO-TRADES,,
volatility,Bollinger mean-revert,15m,short,uptrend|at range high|clean|expanding,59,-17.3038,32.2,-10.21,17,-13.5627,29.41,-2.31,-4.87,FAIL,,
volatility,Bollinger mean-revert,15m,long,downtrend|at range low|clean|contracting,14,-1.5424,42.86,-0.22,1,103.5326,100.0,1.04,-0.41,UNRELIABLE,1.2319,0.0455
volatility,Bollinger mean-revert,15m,short,downtrend|at range low|clean|contracting,0,,,,0,,,,,NO-TRADES,,
volatility,Bollinger mean-revert,15m,long,transition|at range low|clean|contracting,28,-2.753,39.29,-0.77,8,19.3045,50.0,1.54,-2.41,FAIL,1.4912,0.2833
volatility,Bollinger mean-revert,15m,short,transition|at range low|clean|contracting,0,,,,0,,,,,NO-TRADES,,
volatility,Bollinger mean-revert,15m,long,transition|at range low|clean|expanding,132,-13.6326,31.06,-18.0,36,3.358,41.67,1.21,-3.32,FAIL,,0.71
volatility,Bollinger mean-revert,15m,short,transition|at range low|clean|expanding,0,,,,0,,,,,NO-TRADES,,
volatility,Bollinger mean-revert,15m,long,downtrend|at range low|clean|expanding,68,-13.8946,33.82,-9.45,21,7.8736,47.62,1.65,-4.65,FAIL,,0.481
volatility,Bollinger mean-revert,15m,short,downtrend|at range low|clean|expanding,0,,,,0,,,,,NO-TRADES,,
volatility,Bollinger mean-revert,15m,long,downtrend|pulling back in trend|messy|stalling,0,0.0,0.0,0.0,1,104.937,100.0,1.05,-0.53,UNRELIABLE,,0.0325
volatility,Bollinger mean-revert,15m,short,downtrend|pulling back in trend|messy|stalling,1,-65.2199,0.0,-0.65,0,0.0,0.0,0.0,0.0,UNRELIABLE,,
volatility,Bollinger mean-revert,15m,long,downtrend|at range high|messy|contracting,0,,,,0,,,,,NO-TRADES,,
volatility,Bollinger mean-revert,15m,short,downtrend|at range high|messy|contracting,11,43.0744,72.73,4.74,9,-45.451,11.11,-4.09,-4.32,UNRELIABLE,0.1107,
volatility,Bollinger mean-revert,15m,long,uptrend|pulling back in trend|messy|stalling,6,1.1376,33.33,0.07,0,0.0,0.0,0.0,0.0,UNRELIABLE,0.8684,
volatility,Bollinger mean-revert,15m,short,uptrend|pulling back in trend|messy|stalling,0,,,,0,,,,,NO-TRADES,,
volatility,Bollinger mean-revert,15m,long,downtrend|at range high|messy|expanding,0,,,,0,,,,,NO-TRADES,,
volatility,Bollinger mean-revert,15m,short,downtrend|at range high|messy|expanding,65,1.6275,41.54,1.06,16,-22.9871,31.25,-3.68,-5.33,FAIL,0.815,
volatility,Bollinger mean-revert,15m,long,uptrend|at range high|messy|stalling,0,,,,0,,,,,NO-TRADES,,
volatility,Bollinger mean-revert,15m,short,uptrend|at range high|messy|stalling,9,-29.3308,33.33,-2.64,8,14.3875,50.0,1.15,-1.96,UNRELIABLE,,0.3386
volatility,Bollinger breakout,1h,long,transition|mid range|messy|contracting,3,-131.9576,0.0,-3.96,0,0.0,0.0,0.0,0.0,UNRELIABLE,,
volatility,Bollinger breakout,1h,short,transition|mid range|messy|contracting,0,0.0,0.0,0.0,0,0.0,0.0,0.0,0.0,UNRELIABLE,,
volatility,Bollinger breakout,1h,long,transition|mid range|messy|expanding,7,-12.8103,42.86,-0.9,3,-96.1534,0.0,-2.88,-3.46,UNRELIABLE,,
volatility,Bollinger breakout,1h,short,transition|mid range|messy|expanding,7,-6.4905,42.86,-0.45,1,32.5701,100.0,0.33,-1.43,UNRELIABLE,,
volatility,Bollinger breakout,1h,long,uptrend|at range high|messy|contracting,4,-71.0497,25.0,-2.84,2,50.0735,50.0,1.0,-1.33,UNRELIABLE,,
volatility,Bollinger breakout,1h,short,uptrend|at range high|messy|contracting,0,,,,0,,,,,NO-TRADES,,
volatility,Bollinger breakout,1h,long,downtrend|pulling back in trend|messy|contracting,0,0.0,0.0,0.0,0,0.0,0.0,0.0,0.0,UNRELIABLE,,
volatility,Bollinger breakout,1h,short,downtrend|pulling back in trend|messy|contracting,1,239.2126,100.0,2.39,0,0.0,0.0,0.0,0.0,UNRELIABLE,,
volatility,Bollinger breakout,1h,long,uptrend|pulling back in trend|messy|contracting,1,-132.8449,0.0,-1.33,0,0.0,0.0,0.0,0.0,UNRELIABLE,,
volatility,Bollinger breakout,1h,short,uptrend|pulling back in trend|messy|contracting,2,-81.2675,0.0,-1.63,0,0.0,0.0,0.0,0.0,UNRELIABLE,,
volatility,Bollinger breakout,1h,long,uptrend|at range high|messy|expanding,28,16.4472,42.86,4.61,7,-24.3858,42.86,-1.71,-4.26,UNRELIABLE,,
volatility,Bollinger breakout,1h,short,uptrend|at range high|messy|expanding,0,,,,0,,,,,NO-TRADES,,
volatility,Bollinger breakout,1h,long,downtrend|pulling back in trend|messy|expanding,4,72.5952,50.0,2.9,0,0.0,0.0,0.0,0.0,UNRELIABLE,,
volatility,Bollinger breakout,1h,short,downtrend|pulling back in trend|messy|expanding,5,197.9892,80.0,9.9,2,241.9566,100.0,4.84,-0.51,UNRELIABLE,,
volatility,Bollinger breakout,1h,long,transition|at range high|messy|contracting,6,-20.6391,33.33,-1.24,4,-8.6325,50.0,-0.35,-2.96,UNRELIABLE,,
volatility,Bollinger breakout,1h,short,transition|at range high|messy|contracting,0,,,,0,,,,,NO-TRADES,,
volatility,Bollinger breakout,1h,long,uptrend|pulling back in trend|messy|expanding,3,-77.7243,33.33,-2.33,0,0.0,0.0,0.0,0.0,UNRELIABLE,,
volatility,Bollinger breakout,1h,short,uptrend|pulling back in trend|messy|expanding,4,-40.2152,25.0,-1.61,2,-129.6573,0.0,-2.59,-3.46,UNRELIABLE,,
volatility,Bollinger breakout,1h,long,transition|at range high|messy|expanding,51,-6.9865,33.33,-3.56,16,37.1661,43.75,5.95,-3.6,FAIL,,
volatility,Bollinger breakout,1h,short,transition|at range high|messy|expanding,0,,,,0,,,,,NO-TRADES,,
volatility,Bollinger breakout,1h,long,downtrend|at range low|messy|contracting,0,,,,0,,,,,NO-TRADES,,
volatility,Bollinger breakout,1h,short,downtrend|at range low|messy|contracting,5,-24.1313,20.0,-1.21,0,0.0,0.0,0.0,0.0,UNRELIABLE,,
volatility,Bollinger breakout,1h,long,transition|at range low|messy|contracting,0,,,,0,,,,,NO-TRADES,,
volatility,Bollinger breakout,1h,short,transition|at range low|messy|contracting,7,-21.1323,28.57,-1.48,1,-130.0903,0.0,-1.3,-1.93,UNRELIABLE,,
volatility,Bollinger breakout,1h,long,downtrend|at range low|messy|expanding,0,,,,0,,,,,NO-TRADES,,
volatility,Bollinger breakout,1h,short,downtrend|at range low|messy|expanding,29,9.6234,48.28,2.79,7,-69.7659,14.29,-4.88,-6.19,UNRELIABLE,,
volatility,Bollinger breakout,1h,long,transition|at range low|messy|expanding,0,,,,0,,,,,NO-TRADES,,
volatility,Bollinger breakout,1h,short,transition|at range low|messy|expanding,59,0.3663,35.59,0.22,18,-51.1654,27.78,-9.21,-13.3,FAIL,,
volatility,Bollinger breakout,1h,long,transition|mid range|clean|contracting,0,,,,0,,,,,NO-TRADES,,
volatility,Bollinger breakout,1h,short,transition|mid range|clean|contracting,2,-130.278,0.0,-2.61,0,0.0,0.0,0.0,0.0,UNRELIABLE,,
volatility,Bollinger breakout,1h,long,transition|mid range|clean|expanding,5,44.4818,60.0,2.22,0,0.0,0.0,0.0,0.0,UNRELIABLE,,
volatility,Bollinger breakout,1h,short,transition|mid range|clean|expanding,3,30.7532,33.33,0.92,3,-130.2863,0.0,-3.91,-3.91,UNRELIABLE,,
volatility,Bollinger breakout,1h,long,transition|mid range|messy|stalling,1,-132.3464,0.0,-1.32,1,-133.9635,0.0,-1.34,-1.34,UNRELIABLE,,
volatility,Bollinger breakout,1h,short,transition|mid range|messy|stalling,4,-128.4169,0.0,-5.14,0,0.0,0.0,0.0,0.0,UNRELIABLE,,
volatility,Bollinger breakout,1h,long,transition|at range high|clean|contracting,4,-129.8111,0.0,-5.19,1,-133.2191,0.0,-1.33,-1.7,UNRELIABLE,,
volatility,Bollinger breakout,1h,short,transition|at range high|clean|contracting,0,,,,0,,,,,NO-TRADES,,
volatility,Bollinger breakout,1h,long,downtrend|pulling back in trend|clean|contracting,0,,,,0,,,,,NO-TRADES,,
volatility,Bollinger breakout,1h,short,downtrend|pulling back in trend|clean|contracting,0,,,,0,,,,,NO-TRADES,,
volatility,Bollinger breakout,1h,long,uptrend|pulling back in trend|clean|contracting,0,,,,0,,,,,NO-TRADES,,
volatility,Bollinger breakout,1h,short,uptrend|pulling back in trend|clean|contracting,0,,,,0,,,,,NO-TRADES,,
volatility,Bollinger breakout,1h,long,uptrend|at range high|clean|contracting,3,-66.7741,33.33,-2.0,0,0.0,0.0,0.0,0.0,UNRELIABLE,,
volatility,Bollinger breakout,1h,short,uptrend|at range high|clean|contracting,0,,,,0,,,,,NO-TRADES,,
volatility,Bollinger breakout,1h,long,uptrend|pulling back in trend|clean|expanding,1,-130.8584,0.0,-1.31,0,0.0,0.0,0.0,0.0,UNRELIABLE,,
volatility,Bollinger breakout,1h,short,uptrend|pulling back in trend|clean|expanding,2,-22.1497,50.0,-0.44,0,0.0,0.0,0.0,0.0,UNRELIABLE,,
volatility,Bollinger breakout,1h,long,downtrend|pulling back in trend|clean|expanding,4,-18.2465,25.0,-0.73,0,0.0,0.0,0.0,0.0,UNRELIABLE,,
volatility,Bollinger breakout,1h,short,downtrend|pulling back in trend|clean|expanding,5,96.7014,60.0,4.84,0,0.0,0.0,0.0,0.0,UNRELIABLE,,
volatility,Bollinger breakout,1h,long,transition|at range high|clean|expanding,25,-3.8265,40.0,-0.96,6,-128.8223,0.0,-7.73,-8.62,UNRELIABLE,,
volatility,Bollinger breakout,1h,short,transition|at range high|clean|expanding,0,,,,0,,,,,NO-TRADES,,
volatility,Bollinger breakout,1h,long,transition|at range low|clean|contracting,0,,,,0,,,,,NO-TRADES,,
volatility,Bollinger breakout,1h,short,transition|at range low|clean|contracting,8,23.6922,50.0,1.9,3,-130.0964,0.0,-3.9,-3.9,UNRELIABLE,,
volatility,Bollinger breakout,1h,long,downtrend|at range high|messy|contracting,2,-131.9039,0.0,-2.64,0,0.0,0.0,0.0,0.0,UNRELIABLE,,
volatility,Bollinger breakout,1h,short,downtrend|at range high|messy|contracting,0,,,,0,,,,,NO-TRADES,,
volatility,Bollinger breakout,1h,long,uptrend|at range high|clean|expanding,9,-77.6819,11.11,-6.99,2,-132.916,0.0,-2.66,-2.66,UNRELIABLE,,
volatility,Bollinger breakout,1h,short,uptrend|at range high|clean|expanding,0,,,,0,,,,,NO-TRADES,,
volatility,Bollinger breakout,1h,long,downtrend|at range low|clean|contracting,0,,,,0,,,,,NO-TRADES,,
volatility,Bollinger breakout,1h,short,downtrend|at range low|clean|contracting,1,-132.5318,0.0,-1.33,1,-133.0892,0.0,-1.33,-1.56,UNRELIABLE,,
volatility,Bollinger breakout,1h,long,downtrend|pulling back in trend|messy|stalling,0,,,,0,,,,,NO-TRADES,,
volatility,Bollinger breakout,1h,short,downtrend|pulling back in trend|messy|stalling,2,51.8137,50.0,1.04,0,0.0,0.0,0.0,0.0,UNRELIABLE,,
volatility,Bollinger breakout,1h,long,uptrend|at range high|messy|stalling,8,-1.5131,37.5,-0.12,0,0.0,0.0,0.0,0.0,UNRELIABLE,,
volatility,Bollinger breakout,1h,short,uptrend|at range high|messy|stalling,0,,,,0,,,,,NO-TRADES,,
volatility,Bollinger breakout,1h,long,transition|at range low|clean|expanding,0,,,,0,,,,,NO-TRADES,,
volatility,Bollinger breakout,1h,short,transition|at range low|clean|expanding,32,-52.0003,28.12,-16.64,9,32.2695,44.44,2.9,-3.14,FAIL,,
volatility,Bollinger breakout,1h,long,uptrend|pulling back in trend|messy|stalling,0,,,,0,,,,,NO-TRADES,,
volatility,Bollinger breakout,1h,short,uptrend|pulling back in trend|messy|stalling,0,,,,0,,,,,NO-TRADES,,
volatility,Bollinger breakout,1h,long,uptrend|at range low|messy|contracting,0,,,,0,,,,,NO-TRADES,,
volatility,Bollinger breakout,1h,short,uptrend|at range low|messy|contracting,7,108.58,71.43,7.6,2,52.108,50.0,1.04,-2.72,UNRELIABLE,,
volatility,Bollinger breakout,1h,long,downtrend|at range high|messy|expanding,27,13.82,44.44,3.73,6,12.7582,50.0,0.77,-5.89,UNRELIABLE,,
volatility,Bollinger breakout,1h,short,downtrend|at range high|messy|expanding,0,,,,0,,,,,NO-TRADES,,
volatility,Bollinger breakout,1h,long,uptrend|at range low|messy|expanding,0,,,,0,,,,,NO-TRADES,,
volatility,Bollinger breakout,1h,short,uptrend|at range low|messy|expanding,20,-10.0466,40.0,-2.01,12,138.4669,75.0,16.62,-2.61,FAIL,,
volatility,Bollinger breakout,1h,long,downtrend|at range low|clean|expanding,0,,,,0,,,,,NO-TRADES,,
volatility,Bollinger breakout,1h,short,downtrend|at range low|clean|expanding,10,62.456,50.0,6.25,5,-57.1919,20.0,-2.86,-4.31,UNRELIABLE,,
volatility,Bollinger breakout,15m,long,transition|mid range|messy|contracting,3,-64.9209,0.0,-1.95,0,0.0,0.0,0.0,0.0,UNRELIABLE,,
volatility,Bollinger breakout,15m,short,transition|mid range|messy|contracting,5,-54.4855,0.0,-2.72,0,0.0,0.0,0.0,0.0,UNRELIABLE,,
volatility,Bollinger breakout,15m,long,transition|mid range|messy|expanding,19,-26.4911,21.05,-5.03,5,-13.1168,40.0,-0.66,-2.21,UNRELIABLE,,
volatility,Bollinger breakout,15m,short,transition|mid range|messy|expanding,23,-17.1285,26.09,-3.94,3,-64.2803,0.0,-1.93,-2.08,UNRELIABLE,,
volatility,Bollinger breakout,15m,long,downtrend|pulling back in trend|messy|contracting,1,5.4469,100.0,0.05,0,0.0,0.0,0.0,0.0,UNRELIABLE,0.5026,
volatility,Bollinger breakout,15m,short,downtrend|pulling back in trend|messy|contracting,4,-64.3087,0.0,-2.57,0,0.0,0.0,0.0,0.0,UNRELIABLE,,
volatility,Bollinger breakout,15m,long,uptrend|at range high|messy|contracting,15,-23.9611,26.67,-3.59,3,-9.3068,33.33,-0.28,-1.31,UNRELIABLE,,
volatility,Bollinger breakout,15m,short,uptrend|at range high|messy|contracting,0,,,,0,,,,,NO-TRADES,,
volatility,Bollinger breakout,15m,long,uptrend|pulling back in trend|messy|contracting,3,-43.2923,33.33,-1.3,0,0.0,0.0,0.0,0.0,UNRELIABLE,,
volatility,Bollinger breakout,15m,short,uptrend|pulling back in trend|messy|contracting,4,-64.4433,0.0,-2.58,1,-19.4928,0.0,-0.19,-0.78,UNRELIABLE,,
volatility,Bollinger breakout,15m,long,downtrend|pulling back in trend|messy|expanding,4,-47.9773,25.0,-1.92,0,0.0,0.0,0.0,0.0,UNRELIABLE,,
volatility,Bollinger breakout,15m,short,downtrend|pulling back in trend|messy|expanding,14,2.4033,35.71,0.34,4,-64.6874,0.0,-2.59,-2.59,UNRELIABLE,0.7469,
volatility,Bollinger breakout,15m,long,uptrend|pulling back in trend|messy|expanding,13,-24.8209,23.08,-3.23,2,-35.43,0.0,-0.71,-0.8,UNRELIABLE,,
volatility,Bollinger breakout,15m,short,uptrend|pulling back in trend|messy|expanding,12,-22.7384,25.0,-2.73,3,47.8383,66.67,1.44,-0.65,UNRELIABLE,,0.1171
volatility,Bollinger breakout,15m,long,transition|at range high|messy|contracting,30,-12.7255,33.33,-3.82,7,-20.7338,28.57,-1.45,-3.14,UNRELIABLE,,
volatility,Bollinger breakout,15m,short,transition|at range high|messy|contracting,0,,,,0,,,,,NO-TRADES,,
volatility,Bollinger breakout,15m,long,uptrend|at range high|messy|expanding,66,-8.6166,33.33,-5.69,33,1.9256,42.42,0.64,-4.59,FAIL,,0.8103
volatility,Bollinger breakout,15m,short,uptrend|at range high|messy|expanding,0,,,,0,,,,,NO-TRADES,,
volatility,Bollinger breakout,15m,long,transition|mid range|clean|contracting,0,,,,0,,,,,NO-TRADES,,
volatility,Bollinger breakout,15m,short,transition|mid range|clean|contracting,5,2.5728,40.0,0.13,1,-64.6578,0.0,-0.65,-0.95,UNRELIABLE,0.7561,
volatility,Bollinger breakout,15m,long,downtrend|at range low|messy|contracting,0,,,,0,,,,,NO-TRADES,,
volatility,Bollinger breakout,15m,short,downtrend|at range low|messy|contracting,26,-0.0164,38.46,-0.0,7,-16.9012,28.57,-1.18,-2.99,UNRELIABLE,1.0021,
volatility,Bollinger breakout,15m,long,transition|at range high|messy|expanding,100,-14.7078,29.0,-14.71,43,-7.5307,34.88,-3.24,-6.61,FAIL,,8.2833
volatility,Bollinger breakout,15m,short,transition|at range high|messy|expanding,0,,,,0,,,,,NO-TRADES,,
volatility,Bollinger breakout,15m,long,transition|at range low|messy|contracting,0,,,,0,,,,,NO-TRADES,,
volatility,Bollinger breakout,15m,short,transition|at range low|messy|contracting,35,-17.8348,31.43,-6.24,14,-23.1859,28.57,-3.25,-4.01,FAIL,,
volatility,Bollinger breakout,15m,long,transition|mid range|clean|expanding,9,27.0687,55.56,2.44,6,-25.035,33.33,-1.5,-2.52,UNRELIABLE,0.2147,
volatility,Bollinger breakout,15m,short,transition|mid range|clean|expanding,15,2.4927,40.0,0.37,3,105.6805,100.0,3.17,-0.23,UNRELIABLE,0.7654,0.0358
volatility,Bollinger breakout,15m,long,downtrend|at range low|messy|expanding,0,,,,0,,,,,NO-TRADES,,
volatility,Bollinger breakout,15m,short,downtrend|at range low|messy|expanding,91,-1.8171,38.46,-1.65,20,-14.2101,30.0,-2.84,-5.64,FAIL,1.3225,
volatility,Bollinger breakout,15m,long,transition|at range low|messy|expanding,0,,,,0,,,,,NO-TRADES,,
volatility,Bollinger breakout,15m,short,transition|at range low|messy|expanding,156,-9.5674,32.69,-14.93,51,-17.6282,25.49,-8.99,-10.33,FAIL,,
volatility,Bollinger breakout,15m,long,downtrend|pulling back in trend|clean|contracting,0,0.0,0.0,0.0,0,0.0,0.0,0.0,0.0,UNRELIABLE,,
volatility,Bollinger breakout,15m,short,downtrend|pulling back in trend|clean|contracting,0,0.0,0.0,0.0,0,0.0,0.0,0.0,0.0,UNRELIABLE,,
volatility,Bollinger breakout,15m,long,uptrend|pulling back in trend|clean|contracting,1,-67.5521,0.0,-0.68,0,0.0,0.0,0.0,0.0,UNRELIABLE,,
volatility,Bollinger breakout,15m,short,uptrend|pulling back in trend|clean|contracting,2,105.0626,100.0,2.1,2,-64.7957,0.0,-1.3,-1.53,UNRELIABLE,0.0364,
volatility,Bollinger breakout,15m,long,uptrend|at range high|clean|contracting,8,40.6746,62.5,3.25,3,-9.1011,33.33,-0.27,-1.3,UNRELIABLE,0.1515,
volatility,Bollinger breakout,15m,short,uptrend|at range high|clean|contracting,0,,,,0,,,,,NO-TRADES,,
volatility,Bollinger breakout,15m,long,downtrend|pulling back in trend|clean|expanding,1,103.6605,100.0,1.04,0,0.0,0.0,0.0,0.0,UNRELIABLE,0.0443,
volatility,Bollinger breakout,15m,short,downtrend|pulling back in trend|clean|expanding,4,19.6528,50.0,0.79,1,-64.6889,0.0,-0.65,-0.96,UNRELIABLE,0.2661,
volatility,Bollinger breakout,15m,long,uptrend|pulling back in trend|clean|expanding,3,-9.1169,33.33,-0.27,0,0.0,0.0,0.0,0.0,UNRELIABLE,,
volatility,Bollinger breakout,15m,short,uptrend|pulling back in trend|clean|expanding,9,26.6821,55.56,2.4,2,-65.0227,0.0,-1.3,-1.3,UNRELIABLE,0.1813,
volatility,Bollinger breakout,15m,long,transition|at range high|clean|contracting,24,-24.7535,20.83,-5.94,8,-43.6963,12.5,-3.5,-3.5,FAIL,,
volatility,Bollinger breakout,15m,short,transition|at range high|clean|contracting,0,,,,0,,,,,NO-TRADES,,
volatility,Bollinger breakout,15m,long,transition|mid range|messy|stalling,3,17.0991,66.67,0.51,0,0.0,0.0,0.0,0.0,UNRELIABLE,0.2775,
volatility,Bollinger breakout,15m,short,transition|mid range|messy|stalling,6,-12.7801,50.0,-0.77,1,-65.2801,0.0,-0.65,-0.65,UNRELIABLE,,
volatility,Bollinger breakout,15m,long,transition|at range high|clean|expanding,103,5.3158,43.69,5.48,41,9.8337,46.34,4.03,-3.96,SURVIVOR,0.6143,0.444
volatility,Bollinger breakout,15m,short,transition|at range high|clean|expanding,0,,,,0,,,,,NO-TRADES,,
volatility,Bollinger breakout,15m,long,uptrend|at range high|clean|expanding,59,3.2421,42.37,1.91,17,18.5257,52.94,3.15,-2.53,SURVIVOR,0.7214,0.2899
volatility,Bollinger breakout,15m,short,uptrend|at range high|clean|expanding,0,,,,0,,,,,NO-TRADES,,
volatility,Bollinger breakout,15m,long,downtrend|at range low|clean|contracting,0,,,,0,,,,,NO-TRADES,,
volatility,Bollinger breakout,15m,short,downtrend|at range low|clean|contracting,14,7.4423,42.86,1.04,1,-64.5149,0.0,-0.65,-0.96,UNRELIABLE,0.5171,
volatility,Bollinger breakout,15m,long,transition|at range low|clean|contracting,0,,,,0,,,,,NO-TRADES,,
volatility,Bollinger breakout,15m,short,transition|at range low|clean|contracting,28,9.4619,42.86,2.65,8,-43.3608,12.5,-3.47,-4.17,FAIL,0.4485,
volatility,Bollinger breakout,15m,long,transition|at range low|clean|expanding,0,,,,0,,,,,NO-TRADES,,
volatility,Bollinger breakout,15m,short,transition|at range low|clean|expanding,132,-5.6962,35.61,-7.52,36,-27.1368,22.22,-9.77,-12.99,FAIL,3.8617,
volatility,Bollinger breakout,15m,long,downtrend|at range low|clean|expanding,0,,,,0,,,,,NO-TRADES,,
volatility,Bollinger breakout,15m,short,downtrend|at range low|clean|expanding,68,-12.0643,30.88,-8.2,21,-28.4939,19.05,-5.98,-8.35,FAIL,,
volatility,Bollinger breakout,15m,long,downtrend|pulling back in trend|messy|stalling,1,-65.1813,0.0,-0.65,0,0.0,0.0,0.0,0.0,UNRELIABLE,,
volatility,Bollinger breakout,15m,short,downtrend|pulling back in trend|messy|stalling,0,0.0,0.0,0.0,1,-65.7775,0.0,-0.66,-0.94,UNRELIABLE,,
volatility,Bollinger breakout,15m,long,downtrend|at range high|messy|contracting,11,-34.5657,18.18,-3.8,9,9.6375,44.44,0.87,-2.31,UNRELIABLE,,0.4587
volatility,Bollinger breakout,15m,short,downtrend|at range high|messy|contracting,0,,,,0,,,,,NO-TRADES,,
volatility,Bollinger breakout,15m,long,uptrend|pulling back in trend|messy|stalling,0,,,,0,,,,,NO-TRADES,,
volatility,Bollinger breakout,15m,short,uptrend|pulling back in trend|messy|stalling,6,1.531,33.33,0.09,0,0.0,0.0,0.0,0.0,UNRELIABLE,0.8288,
volatility,Bollinger breakout,15m,long,downtrend|at range high|messy|expanding,65,-18.9529,26.15,-12.32,16,-20.7068,25.0,-3.31,-4.07,FAIL,,
volatility,Bollinger breakout,15m,short,downtrend|at range high|messy|expanding,0,,,,0,,,,,NO-TRADES,,
volatility,Bollinger breakout,15m,long,uptrend|at range high|messy|stalling,9,-3.3071,33.33,-0.3,8,-2.1741,37.5,-0.17,-2.6,UNRELIABLE,1.638,1.3385
volatility,Bollinger breakout,15m,short,uptrend|at range high|messy|stalling,0,,,,0,,,,,NO-TRADES,,
volatility,Keltner mean-revert,1h,long,transition|mid range|messy|contracting,0,,,,0,,,,,NO-TRADES,,
volatility,Keltner mean-revert,1h,short,transition|mid range|messy|contracting,0,,,,0,,,,,NO-TRADES,,
volatility,Keltner mean-revert,1h,long,transition|mid range|messy|expanding,0,0.0,0.0,0.0,0,0.0,0.0,0.0,0.0,UNRELIABLE,,
volatility,Keltner mean-revert,1h,short,transition|mid range|messy|expanding,0,,,,0,,,,,NO-TRADES,,
volatility,Keltner mean-revert,1h,long,uptrend|at range high|messy|contracting,0,,,,0,,,,,NO-TRADES,,
volatility,Keltner mean-revert,1h,short,uptrend|at range high|messy|contracting,1,-132.5571,0.0,-1.33,0,0.0,0.0,0.0,0.0,UNRELIABLE,,
volatility,Keltner mean-revert,1h,long,downtrend|pulling back in trend|messy|contracting,0,,,,0,,,,,NO-TRADES,,
volatility,Keltner mean-revert,1h,short,downtrend|pulling back in trend|messy|contracting,0,,,,0,,,,,NO-TRADES,,
volatility,Keltner mean-revert,1h,long,uptrend|pulling back in trend|messy|contracting,0,,,,0,,,,,NO-TRADES,,
volatility,Keltner mean-revert,1h,short,uptrend|pulling back in trend|messy|contracting,0,,,,0,,,,,NO-TRADES,,
volatility,Keltner mean-revert,1h,long,uptrend|at range high|messy|expanding,0,,,,0,,,,,NO-TRADES,,
volatility,Keltner mean-revert,1h,short,uptrend|at range high|messy|expanding,3,-43.2223,33.33,-1.3,1,237.9979,100.0,2.38,-0.39,UNRELIABLE,,
volatility,Keltner mean-revert,1h,long,downtrend|pulling back in trend|messy|expanding,0,,,,0,,,,,NO-TRADES,,
volatility,Keltner mean-revert,1h,short,downtrend|pulling back in trend|messy|expanding,0,,,,0,,,,,NO-TRADES,,
volatility,Keltner mean-revert,1h,long,transition|at range high|messy|contracting,0,,,,0,,,,,NO-TRADES,,
volatility,Keltner mean-revert,1h,short,transition|at range high|messy|contracting,2,-131.0957,0.0,-2.62,0,0.0,0.0,0.0,0.0,UNRELIABLE,,
volatility,Keltner mean-revert,1h,long,uptrend|pulling back in trend|messy|expanding,0,,,,0,,,,,NO-TRADES,,
volatility,Keltner mean-revert,1h,short,uptrend|pulling back in trend|messy|expanding,0,,,,0,,,,,NO-TRADES,,
volatility,Keltner mean-revert,1h,long,transition|at range high|messy|expanding,0,,,,0,,,,,NO-TRADES,,
volatility,Keltner mean-revert,1h,short,transition|at range high|messy|expanding,5,-128.9379,0.0,-6.45,3,115.4065,66.67,3.46,-1.81,UNRELIABLE,,
volatility,Keltner mean-revert,1h,long,downtrend|at range low|messy|contracting,3,-83.5917,33.33,-2.51,1,237.4922,100.0,2.37,-0.19,UNRELIABLE,,
volatility,Keltner mean-revert,1h,short,downtrend|at range low|messy|contracting,0,,,,0,,,,,NO-TRADES,,
volatility,Keltner mean-revert,1h,long,transition|at range low|messy|contracting,0,,,,0,,,,,NO-TRADES,,
volatility,Keltner mean-revert,1h,short,transition|at range low|messy|contracting,0,,,,0,,,,,NO-TRADES,,
volatility,Keltner mean-revert,1h,long,downtrend|at range low|messy|expanding,6,-10.2678,33.33,-0.62,1,239.4569,100.0,2.39,-0.55,UNRELIABLE,,
volatility,Keltner mean-revert,1h,short,downtrend|at range low|messy|expanding,0,,,,0,,,,,NO-TRADES,,
volatility,Keltner mean-revert,1h,long,transition|at range low|messy|expanding,8,-84.8004,12.5,-6.78,3,-130.6026,0.0,-3.92,-3.92,UNRELIABLE,,
volatility,Keltner mean-revert,1h,short,transition|at range low|messy|expanding,0,,,,0,,,,,NO-TRADES,,
volatility,Keltner mean-revert,1h,long,transition|mid range|clean|contracting,0,,,,0,,,,,NO-TRADES,,
volatility,Keltner mean-revert,1h,short,transition|mid range|clean|contracting,0,,,,0,,,,,NO-TRADES,,
volatility,Keltner mean-revert,1h,long,transition|mid range|clean|expanding,1,-134.9315,0.0,-1.35,0,0.0,0.0,0.0,0.0,UNRELIABLE,,
volatility,Keltner mean-revert,1h,short,transition|mid range|clean|expanding,0,,,,0,,,,,NO-TRADES,,
volatility,Keltner mean-revert,1h,long,transition|mid range|messy|stalling,0,,,,0,,,,,NO-TRADES,,
volatility,Keltner mean-revert,1h,short,transition|mid range|messy|stalling,0,,,,0,,,,,NO-TRADES,,
volatility,Keltner mean-revert,1h,long,transition|at range high|clean|contracting,0,,,,0,,,,,NO-TRADES,,
volatility,Keltner mean-revert,1h,short,transition|at range high|clean|contracting,2,51.1293,50.0,1.02,1,-130.842,0.0,-1.31,-1.7,UNRELIABLE,,
volatility,Keltner mean-revert,1h,long,downtrend|pulling back in trend|clean|contracting,0,,,,0,,,,,NO-TRADES,,
volatility,Keltner mean-revert,1h,short,downtrend|pulling back in trend|clean|contracting,0,,,,0,,,,,NO-TRADES,,
volatility,Keltner mean-revert,1h,long,uptrend|pulling back in trend|clean|contracting,0,,,,0,,,,,NO-TRADES,,
volatility,Keltner mean-revert,1h,short,uptrend|pulling back in trend|clean|contracting,0,,,,0,,,,,NO-TRADES,,
volatility,Keltner mean-revert,1h,long,uptrend|at range high|clean|contracting,0,,,,0,,,,,NO-TRADES,,
volatility,Keltner mean-revert,1h,short,uptrend|at range high|clean|contracting,1,-131.8238,0.0,-1.32,0,0.0,0.0,0.0,0.0,UNRELIABLE,,
volatility,Keltner mean-revert,1h,long,uptrend|pulling back in trend|clean|expanding,0,,,,0,,,,,NO-TRADES,,
volatility,Keltner mean-revert,1h,short,uptrend|pulling back in trend|clean|expanding,0,,,,0,,,,,NO-TRADES,,
volatility,Keltner mean-revert,1h,long,downtrend|pulling back in trend|clean|expanding,0,,,,0,,,,,NO-TRADES,,
volatility,Keltner mean-revert,1h,short,downtrend|pulling back in trend|clean|expanding,0,,,,0,,,,,NO-TRADES,,
volatility,Keltner mean-revert,1h,long,transition|at range high|clean|expanding,0,,,,0,,,,,NO-TRADES,,
volatility,Keltner mean-revert,1h,short,transition|at range high|clean|expanding,4,-38.9415,25.0,-1.56,1,-132.4438,0.0,-1.32,-1.41,UNRELIABLE,,
volatility,Keltner mean-revert,1h,long,transition|at range low|clean|contracting,1,34.3782,100.0,0.34,0,0.0,0.0,0.0,0.0,UNRELIABLE,,
volatility,Keltner mean-revert,1h,short,transition|at range low|clean|contracting,0,,,,0,,,,,NO-TRADES,,
volatility,Keltner mean-revert,1h,long,downtrend|at range high|messy|contracting,0,,,,0,,,,,NO-TRADES,,
volatility,Keltner mean-revert,1h,short,downtrend|at range high|messy|contracting,0,0.0,0.0,0.0,1,238.9636,100.0,2.39,0.0,UNRELIABLE,,
volatility,Keltner mean-revert,1h,long,uptrend|at range high|clean|expanding,0,,,,0,,,,,NO-TRADES,,
volatility,Keltner mean-revert,1h,short,uptrend|at range high|clean|expanding,6,26.2982,50.0,1.58,2,245.287,100.0,4.91,-0.62,UNRELIABLE,,
volatility,Keltner mean-revert,1h,long,downtrend|at range low|clean|contracting,0,,,,0,,,,,NO-TRADES,,
volatility,Keltner mean-revert,1h,short,downtrend|at range low|clean|contracting,0,,,,0,,,,,NO-TRADES,,
volatility,Keltner mean-revert,1h,long,downtrend|pulling back in trend|messy|stalling,0,,,,0,,,,,NO-TRADES,,
volatility,Keltner mean-revert,1h,short,downtrend|pulling back in trend|messy|stalling,0,,,,0,,,,,NO-TRADES,,
volatility,Keltner mean-revert,1h,long,uptrend|at range high|messy|stalling,0,,,,0,,,,,NO-TRADES,,
volatility,Keltner mean-revert,1h,short,uptrend|at range high|messy|stalling,0,,,,0,,,,,NO-TRADES,,
volatility,Keltner mean-revert,1h,long,transition|at range low|clean|expanding,7,62.3223,71.43,4.36,4,10.3417,50.0,0.41,-3.51,UNRELIABLE,,
volatility,Keltner mean-revert,1h,short,transition|at range low|clean|expanding,0,,,,0,,,,,NO-TRADES,,
volatility,Keltner mean-revert,1h,long,uptrend|pulling back in trend|messy|stalling,0,,,,0,,,,,NO-TRADES,,
volatility,Keltner mean-revert,1h,short,uptrend|pulling back in trend|messy|stalling,0,,,,0,,,,,NO-TRADES,,
volatility,Keltner mean-revert,1h,long,uptrend|at range low|messy|contracting,1,-132.3464,0.0,-1.32,1,-132.3464,0.0,-1.32,-1.32,UNRELIABLE,,
volatility,Keltner mean-revert,1h,short,uptrend|at range low|messy|contracting,0,,,,0,,,,,NO-TRADES,,
volatility,Keltner mean-revert,1h,long,downtrend|at range high|messy|expanding,0,,,,0,,,,,NO-TRADES,,
volatility,Keltner mean-revert,1h,short,downtrend|at range high|messy|expanding,3,-49.2359,33.33,-1.48,0,0.0,0.0,0.0,0.0,UNRELIABLE,,
volatility,Keltner mean-revert,1h,long,uptrend|at range low|messy|expanding,1,-132.3464,0.0,-1.32,1,-132.3623,0.0,-1.32,-1.32,UNRELIABLE,,
volatility,Keltner mean-revert,1h,short,uptrend|at range low|messy|expanding,0,,,,0,,,,,NO-TRADES,,
volatility,Keltner mean-revert,1h,long,downtrend|at range low|clean|expanding,1,-132.7219,0.0,-1.33,1,-132.5965,0.0,-1.33,-1.65,UNRELIABLE,,
volatility,Keltner mean-revert,1h,short,downtrend|at range low|clean|expanding,0,,,,0,,,,,NO-TRADES,,
volatility,Keltner mean-revert,15m,long,transition|mid range|messy|contracting,0,,,,0,,,,,NO-TRADES,,
volatility,Keltner mean-revert,15m,short,transition|mid range|messy|contracting,0,,,,0,,,,,NO-TRADES,,
volatility,Keltner mean-revert,15m,long,transition|mid range|messy|expanding,2,-10.8025,50.0,-0.22,0,0.0,0.0,0.0,0.0,UNRELIABLE,,
volatility,Keltner mean-revert,15m,short,transition|mid range|messy|expanding,0,,,,0,,,,,NO-TRADES,,
volatility,Keltner mean-revert,15m,long,downtrend|pulling back in trend|messy|contracting,0,,,,0,,,,,NO-TRADES,,
volatility,Keltner mean-revert,15m,short,downtrend|pulling back in trend|messy|contracting,0,,,,0,,,,,NO-TRADES,,
volatility,Keltner mean-revert,15m,long,uptrend|at range high|messy|contracting,0,,,,0,,,,,NO-TRADES,,
volatility,Keltner mean-revert,15m,short,uptrend|at range high|messy|contracting,3,-42.7939,33.33,-1.28,1,-65.2199,0.0,-0.65,-0.74,UNRELIABLE,,
volatility,Keltner mean-revert,15m,long,uptrend|pulling back in trend|messy|contracting,0,,,,0,,,,,NO-TRADES,,
volatility,Keltner mean-revert,15m,short,uptrend|pulling back in trend|messy|contracting,0,,,,0,,,,,NO-TRADES,,
volatility,Keltner mean-revert,15m,long,downtrend|pulling back in trend|messy|expanding,1,-65.1813,0.0,-0.65,0,0.0,0.0,0.0,0.0,UNRELIABLE,,
volatility,Keltner mean-revert,15m,short,downtrend|pulling back in trend|messy|expanding,0,,,,0,,,,,NO-TRADES,,
volatility,Keltner mean-revert,15m,long,uptrend|pulling back in trend|messy|expanding,0,,,,0,,,,,NO-TRADES,,
volatility,Keltner mean-revert,15m,short,uptrend|pulling back in trend|messy|expanding,2,-64.161,0.0,-1.28,0,0.0,0.0,0.0,0.0,UNRELIABLE,,
volatility,Keltner mean-revert,15m,long,transition|at range high|messy|contracting,0,,,,0,,,,,NO-TRADES,,
volatility,Keltner mean-revert,15m,short,transition|at range high|messy|contracting,5,5.9334,40.0,0.3,0,0.0,0.0,0.0,0.0,UNRELIABLE,0.4364,
volatility,Keltner mean-revert,15m,long,uptrend|at range high|messy|expanding,0,,,,0,,,,,NO-TRADES,,
volatility,Keltner mean-revert,15m,short,uptrend|at range high|messy|expanding,17,13.3519,47.06,2.27,5,26.4692,60.0,1.32,-0.92,UNRELIABLE,0.3478,0.2002
volatility,Keltner mean-revert,15m,long,transition|mid range|clean|contracting,0,,,,0,,,,,NO-TRADES,,
volatility,Keltner mean-revert,15m,short,transition|mid range|clean|contracting,0,,,,0,,,,,NO-TRADES,,
volatility,Keltner mean-revert,15m,long,downtrend|at range low|messy|contracting,4,16.8356,50.0,0.67,2,19.273,50.0,0.39,-0.9,UNRELIABLE,0.3738,0.2798
volatility,Keltner mean-revert,15m,short,downtrend|at range low|messy|contracting,0,,,,0,,,,,NO-TRADES,,
volatility,Keltner mean-revert,15m,long,transition|at range high|messy|expanding,0,,,,0,,,,,NO-TRADES,,
volatility,Keltner mean-revert,15m,short,transition|at range high|messy|expanding,22,4.9186,50.0,1.08,4,-22.9549,25.0,-0.92,-1.95,UNRELIABLE,0.5976,
volatility,Keltner mean-revert,15m,long,transition|at range low|messy|contracting,10,-31.3701,20.0,-3.14,0,0.0,0.0,0.0,0.0,UNRELIABLE,,
volatility,Keltner mean-revert,15m,short,transition|at range low|messy|contracting,0,,,,0,,,,,NO-TRADES,,
volatility,Keltner mean-revert,15m,long,transition|mid range|clean|expanding,1,103.6568,100.0,1.04,0,0.0,0.0,0.0,0.0,UNRELIABLE,0.0443,
volatility,Keltner mean-revert,15m,short,transition|mid range|clean|expanding,1,-64.251,0.0,-0.64,0,0.0,0.0,0.0,0.0,UNRELIABLE,,
volatility,Keltner mean-revert,15m,long,downtrend|at range low|messy|expanding,25,-10.6,36.0,-2.65,5,2.0617,40.0,0.1,-1.3,UNRELIABLE,,0.8035
volatility,Keltner mean-revert,15m,short,downtrend|at range low|messy|expanding,0,,,,0,,,,,NO-TRADES,,
volatility,Keltner mean-revert,15m,long,transition|at range low|messy|expanding,34,-32.7647,20.59,-11.14,5,-44.0059,20.0,-2.2,-2.21,UNRELIABLE,,
volatility,Keltner mean-revert,15m,short,transition|at range low|messy|expanding,0,,,,0,,,,,NO-TRADES,,
volatility,Keltner mean-revert,15m,long,downtrend|pulling back in trend|clean|contracting,0,,,,0,,,,,NO-TRADES,,
volatility,Keltner mean-revert,15m,short,downtrend|pulling back in trend|clean|contracting,0,,,,0,,,,,NO-TRADES,,
volatility,Keltner mean-revert,15m,long,uptrend|pulling back in trend|clean|contracting,0,,,,0,,,,,NO-TRADES,,
volatility,Keltner mean-revert,15m,short,uptrend|pulling back in trend|clean|contracting,0,,,,0,,,,,NO-TRADES,,
volatility,Keltner mean-revert,15m,long,uptrend|at range high|clean|contracting,0,,,,0,,,,,NO-TRADES,,
volatility,Keltner mean-revert,15m,short,uptrend|at range high|clean|contracting,5,-31.2673,20.0,-1.56,1,104.7341,100.0,1.05,-0.31,UNRELIABLE,,0.0344
volatility,Keltner mean-revert,15m,long,downtrend|pulling back in trend|clean|expanding,0,,,,0,,,,,NO-TRADES,,
volatility,Keltner mean-revert,15m,short,downtrend|pulling back in trend|clean|expanding,1,42.3507,100.0,0.42,0,0.0,0.0,0.0,0.0,UNRELIABLE,0.0659,
volatility,Keltner mean-revert,15m,long,uptrend|pulling back in trend|clean|expanding,0,0.0,0.0,0.0,1,104.2851,100.0,1.04,-0.59,UNRELIABLE,,0.0385
volatility,Keltner mean-revert,15m,short,uptrend|pulling back in trend|clean|expanding,0,,,,0,,,,,NO-TRADES,,
volatility,Keltner mean-revert,15m,long,transition|at range high|clean|contracting,0,,,,0,,,,,NO-TRADES,,
volatility,Keltner mean-revert,15m,short,transition|at range high|clean|contracting,6,-8.7304,33.33,-0.52,2,-64.9487,0.0,-1.3,-1.3,UNRELIABLE,,
volatility,Keltner mean-revert,15m,long,transition|mid range|messy|stalling,0,,,,0,,,,,NO-TRADES,,
volatility,Keltner mean-revert,15m,short,transition|mid range|messy|stalling,0,,,,0,,,,,NO-TRADES,,
volatility,Keltner mean-revert,15m,long,transition|at range high|clean|expanding,0,,,,0,,,,,NO-TRADES,,
volatility,Keltner mean-revert,15m,short,transition|at range high|clean|expanding,34,-12.85,32.35,-4.37,9,3.1477,44.44,0.28,-2.45,FAIL,,0.707
volatility,Keltner mean-revert,15m,long,uptrend|at range high|clean|expanding,0,,,,0,,,,,NO-TRADES,,
volatility,Keltner mean-revert,15m,short,uptrend|at range high|clean|expanding,31,-5.165,35.48,-1.6,7,-40.5587,14.29,-2.84,-2.84,UNRELIABLE,2.8632,
volatility,Keltner mean-revert,15m,long,downtrend|at range low|clean|contracting,5,56.8571,80.0,2.84,0,0.0,0.0,0.0,0.0,UNRELIABLE,0.0937,
volatility,Keltner mean-revert,15m,short,downtrend|at range low|clean|contracting,0,,,,0,,,,,NO-TRADES,,
volatility,Keltner mean-revert,15m,long,transition|at range low|clean|contracting,6,-36.8967,16.67,-2.21,3,-9.2128,33.33,-0.28,-0.88,UNRELIABLE,,
volatility,Keltner mean-revert,15m,short,transition|at range low|clean|contracting,0,,,,0,,,,,NO-TRADES,,
volatility,Keltner mean-revert,15m,long,transition|at range low|clean|expanding,36,-28.463,22.22,-10.25,8,-10.6252,37.5,-0.85,-1.75,FAIL,,
volatility,Keltner mean-revert,15m,short,transition|at range low|clean|expanding,0,,,,0,,,,,NO-TRADES,,
volatility,Keltner mean-revert,15m,long,downtrend|at range low|clean|expanding,27,-9.0827,37.04,-2.45,8,-20.8683,37.5,-1.67,-2.47,FAIL,,
volatility,Keltner mean-revert,15m,short,downtrend|at range low|clean|expanding,0,,,,0,,,,,NO-TRADES,,
volatility,Keltner mean-revert,15m,long,downtrend|pulling back in trend|messy|stalling,0,,,,0,,,,,NO-TRADES,,
volatility,Keltner mean-revert,15m,short,downtrend|pulling back in trend|messy|stalling,0,,,,0,,,,,NO-TRADES,,
volatility,Keltner mean-revert,15m,long,downtrend|at range high|messy|contracting,0,,,,0,,,,,NO-TRADES,,
volatility,Keltner mean-revert,15m,short,downtrend|at range high|messy|contracting,3,-63.8988,0.0,-1.92,0,0.0,0.0,0.0,0.0,UNRELIABLE,,
volatility,Keltner mean-revert,15m,long,uptrend|pulling back in trend|messy|stalling,0,,,,0,,,,,NO-TRADES,,
volatility,Keltner mean-revert,15m,short,uptrend|pulling back in trend|messy|stalling,0,,,,0,,,,,NO-TRADES,,
volatility,Keltner mean-revert,15m,long,downtrend|at range high|messy|expanding,0,,,,0,,,,,NO-TRADES,,
volatility,Keltner mean-revert,15m,short,downtrend|at range high|messy|expanding,17,-23.8492,29.41,-4.05,3,-64.8294,0.0,-1.94,-1.94,UNRELIABLE,,
volatility,Keltner mean-revert,15m,long,uptrend|at range high|messy|stalling,0,,,,0,,,,,NO-TRADES,,
volatility,Keltner mean-revert,15m,short,uptrend|at range high|messy|stalling,4,19.5737,50.0,0.78,0,0.0,0.0,0.0,0.0,UNRELIABLE,0.2719,
volatility,Keltner breakout,1h,long,transition|mid range|messy|contracting,0,,,,0,,,,,NO-TRADES,,
volatility,Keltner breakout,1h,short,transition|mid range|messy|contracting,0,,,,0,,,,,NO-TRADES,,
volatility,Keltner breakout,1h,long,transition|mid range|messy|expanding,0,,,,0,,,,,NO-TRADES,,
volatility,Keltner breakout,1h,short,transition|mid range|messy|expanding,0,0.0,0.0,0.0,0,0.0,0.0,0.0,0.0,UNRELIABLE,,
volatility,Keltner breakout,1h,long,uptrend|at range high|messy|contracting,1,238.8549,100.0,2.39,0,0.0,0.0,0.0,0.0,UNRELIABLE,,
volatility,Keltner breakout,1h,short,uptrend|at range high|messy|contracting,0,,,,0,,,,,NO-TRADES,,
volatility,Keltner breakout,1h,long,downtrend|pulling back in trend|messy|contracting,0,,,,0,,,,,NO-TRADES,,
volatility,Keltner breakout,1h,short,downtrend|pulling back in trend|messy|contracting,0,,,,0,,,,,NO-TRADES,,
volatility,Keltner breakout,1h,long,uptrend|pulling back in trend|messy|contracting,0,,,,0,,,,,NO-TRADES,,
volatility,Keltner breakout,1h,short,uptrend|pulling back in trend|messy|contracting,0,,,,0,,,,,NO-TRADES,,
volatility,Keltner breakout,1h,long,uptrend|at range high|messy|expanding,3,-131.5813,0.0,-3.95,1,-132.1662,0.0,-1.32,-1.32,UNRELIABLE,,
volatility,Keltner breakout,1h,short,uptrend|at range high|messy|expanding,0,,,,0,,,,,NO-TRADES,,
volatility,Keltner breakout,1h,long,downtrend|pulling back in trend|messy|expanding,0,,,,0,,,,,NO-TRADES,,
volatility,Keltner breakout,1h,short,downtrend|pulling back in trend|messy|expanding,0,,,,0,,,,,NO-TRADES,,
volatility,Keltner breakout,1h,long,transition|at range high|messy|contracting,2,159.0708,100.0,3.18,0,0.0,0.0,0.0,0.0,UNRELIABLE,,
volatility,Keltner breakout,1h,short,transition|at range high|messy|contracting,0,,,,0,,,,,NO-TRADES,,
volatility,Keltner breakout,1h,long,uptrend|pulling back in trend|messy|expanding,0,,,,0,,,,,NO-TRADES,,
volatility,Keltner breakout,1h,short,uptrend|pulling back in trend|messy|expanding,0,,,,0,,,,,NO-TRADES,,
volatility,Keltner breakout,1h,long,transition|at range high|messy|expanding,5,13.9303,40.0,0.7,3,-10.3172,33.33,-0.31,-3.07,UNRELIABLE,,
volatility,Keltner breakout,1h,short,transition|at range high|messy|expanding,0,,,,0,,,,,NO-TRADES,,
volatility,Keltner breakout,1h,long,downtrend|at range low|messy|contracting,0,,,,0,,,,,NO-TRADES,,
volatility,Keltner breakout,1h,short,downtrend|at range low|messy|contracting,3,-93.9316,0.0,-2.82,1,-131.9373,0.0,-1.32,-1.32,UNRELIABLE,,
volatility,Keltner breakout,1h,long,transition|at range low|messy|contracting,0,,,,0,,,,,NO-TRADES,,
volatility,Keltner breakout,1h,short,transition|at range low|messy|contracting,0,,,,0,,,,,NO-TRADES,,
volatility,Keltner breakout,1h,long,downtrend|at range low|messy|expanding,0,,,,0,,,,,NO-TRADES,,
volatility,Keltner breakout,1h,short,downtrend|at range low|messy|expanding,6,52.337,50.0,3.14,1,-132.7384,0.0,-1.33,-1.33,UNRELIABLE,,
volatility,Keltner breakout,1h,long,transition|at range low|messy|expanding,0,,,,0,,,,,NO-TRADES,,
volatility,Keltner breakout,1h,short,transition|at range low|messy|expanding,8,22.6136,50.0,1.81,3,114.861,66.67,3.45,-1.43,UNRELIABLE,,
volatility,Keltner breakout,1h,long,transition|mid range|clean|contracting,0,,,,0,,,,,NO-TRADES,,
volatility,Keltner breakout,1h,short,transition|mid range|clean|contracting,0,,,,0,,,,,NO-TRADES,,
volatility,Keltner breakout,1h,long,transition|mid range|clean|expanding,0,,,,0,,,,,NO-TRADES,,
volatility,Keltner breakout,1h,short,transition|mid range|clean|expanding,1,-132.5686,0.0,-1.33,0,0.0,0.0,0.0,0.0,UNRELIABLE,,
volatility,Keltner breakout,1h,long,transition|mid range|messy|stalling,0,,,,0,,,,,NO-TRADES,,
volatility,Keltner breakout,1h,short,transition|mid range|messy|stalling,0,,,,0,,,,,NO-TRADES,,
volatility,Keltner breakout,1h,long,transition|at range high|clean|contracting,2,-131.1061,0.0,-2.62,1,120.1988,100.0,1.2,-0.64,UNRELIABLE,,
volatility,Keltner breakout,1h,short,transition|at range high|clean|contracting,0,,,,0,,,,,NO-TRADES,,
volatility,Keltner breakout,1h,long,downtrend|pulling back in trend|clean|contracting,0,,,,0,,,,,NO-TRADES,,
volatility,Keltner breakout,1h,short,downtrend|pulling back in trend|clean|contracting,0,,,,0,,,,,NO-TRADES,,
volatility,Keltner breakout,1h,long,uptrend|pulling back in trend|clean|contracting,0,,,,0,,,,,NO-TRADES,,
volatility,Keltner breakout,1h,short,uptrend|pulling back in trend|clean|contracting,0,,,,0,,,,,NO-TRADES,,
volatility,Keltner breakout,1h,long,uptrend|at range high|clean|contracting,1,-132.3464,0.0,-1.32,0,0.0,0.0,0.0,0.0,UNRELIABLE,,
volatility,Keltner breakout,1h,short,uptrend|at range high|clean|contracting,0,,,,0,,,,,NO-TRADES,,
volatility,Keltner breakout,1h,long,uptrend|pulling back in trend|clean|expanding,0,,,,0,,,,,NO-TRADES,,
volatility,Keltner breakout,1h,short,uptrend|pulling back in trend|clean|expanding,0,,,,0,,,,,NO-TRADES,,
volatility,Keltner breakout,1h,long,downtrend|pulling back in trend|clean|expanding,0,,,,0,,,,,NO-TRADES,,
volatility,Keltner breakout,1h,short,downtrend|pulling back in trend|clean|expanding,0,,,,0,,,,,NO-TRADES,,
volatility,Keltner breakout,1h,long,transition|at range high|clean|expanding,4,-93.9126,25.0,-3.76,1,238.2354,100.0,2.38,-0.13,UNRELIABLE,,
volatility,Keltner breakout,1h,short,transition|at range high|clean|expanding,0,,,,0,,,,,NO-TRADES,,
volatility,Keltner breakout,1h,long,transition|at range low|clean|contracting,0,,,,0,,,,,NO-TRADES,,
volatility,Keltner breakout,1h,short,transition|at range low|clean|contracting,1,-130.562,0.0,-1.31,0,0.0,0.0,0.0,0.0,UNRELIABLE,,
volatility,Keltner breakout,1h,long,downtrend|at range high|messy|contracting,0,0.0,0.0,0.0,1,-132.3464,0.0,-1.32,-1.32,UNRELIABLE,,
volatility,Keltner breakout,1h,short,downtrend|at range high|messy|contracting,0,,,,0,,,,,NO-TRADES,,
volatility,Keltner breakout,1h,long,uptrend|at range high|clean|expanding,6,18.4749,50.0,1.11,2,-134.74,0.0,-2.69,-3.0,UNRELIABLE,,
volatility,Keltner breakout,1h,short,uptrend|at range high|clean|expanding,0,,,,0,,,,,NO-TRADES,,
volatility,Keltner breakout,1h,long,downtrend|at range low|clean|contracting,0,,,,0,,,,,NO-TRADES,,
volatility,Keltner breakout,1h,short,downtrend|at range low|clean|contracting,0,,,,0,,,,,NO-TRADES,,
volatility,Keltner breakout,1h,long,downtrend|pulling back in trend|messy|stalling,0,,,,0,,,,,NO-TRADES,,
volatility,Keltner breakout,1h,short,downtrend|pulling back in trend|messy|stalling,0,,,,0,,,,,NO-TRADES,,
volatility,Keltner breakout,1h,long,uptrend|at range high|messy|stalling,0,,,,0,,,,,NO-TRADES,,
volatility,Keltner breakout,1h,short,uptrend|at range high|messy|stalling,0,,,,0,,,,,NO-TRADES,,
volatility,Keltner breakout,1h,long,transition|at range low|clean|expanding,0,,,,0,,,,,NO-TRADES,,
volatility,Keltner breakout,1h,short,transition|at range low|clean|expanding,7,-12.3191,28.57,-0.86,4,-4.5782,50.0,-0.18,-2.64,UNRELIABLE,,
volatility,Keltner breakout,1h,long,uptrend|pulling back in trend|messy|stalling,0,,,,0,,,,,NO-TRADES,,
volatility,Keltner breakout,1h,short,uptrend|pulling back in trend|messy|stalling,0,,,,0,,,,,NO-TRADES,,
volatility,Keltner breakout,1h,long,uptrend|at range low|messy|contracting,0,,,,0,,,,,NO-TRADES,,
volatility,Keltner breakout,1h,short,uptrend|at range low|messy|contracting,1,238.5741,100.0,2.39,1,238.9636,100.0,2.39,0.0,UNRELIABLE,,
volatility,Keltner breakout,1h,long,downtrend|at range high|messy|expanding,3,-11.0208,33.33,-0.33,0,0.0,0.0,0.0,0.0,UNRELIABLE,,
volatility,Keltner breakout,1h,short,downtrend|at range high|messy|expanding,0,,,,0,,,,,NO-TRADES,,
volatility,Keltner breakout,1h,long,uptrend|at range low|messy|expanding,0,,,,0,,,,,NO-TRADES,,
volatility,Keltner breakout,1h,short,uptrend|at range low|messy|expanding,1,238.7511,100.0,2.39,1,239.0188,100.0,2.39,-0.65,UNRELIABLE,,
volatility,Keltner breakout,1h,long,downtrend|at range low|clean|expanding,0,,,,0,,,,,NO-TRADES,,
volatility,Keltner breakout,1h,short,downtrend|at range low|clean|expanding,1,143.9566,100.0,1.44,1,-130.9419,0.0,-1.31,-1.76,UNRELIABLE,,
volatility,Keltner breakout,15m,long,transition|mid range|messy|contracting,0,,,,0,,,,,NO-TRADES,,
volatility,Keltner breakout,15m,short,transition|mid range|messy|contracting,0,,,,0,,,,,NO-TRADES,,
volatility,Keltner breakout,15m,long,transition|mid range|messy|expanding,0,,,,0,,,,,NO-TRADES,,
volatility,Keltner breakout,15m,short,transition|mid range|messy|expanding,2,-64.4477,0.0,-1.29,0,0.0,0.0,0.0,0.0,UNRELIABLE,,
volatility,Keltner breakout,15m,long,downtrend|pulling back in trend|messy|contracting,0,,,,0,,,,,NO-TRADES,,
volatility,Keltner breakout,15m,short,downtrend|pulling back in trend|messy|contracting,0,,,,0,,,,,NO-TRADES,,
volatility,Keltner breakout,15m,long,uptrend|at range high|messy|contracting,3,9.5474,33.33,0.29,1,-65.0326,0.0,-0.65,-1.32,UNRELIABLE,0.4224,
volatility,Keltner breakout,15m,short,uptrend|at range high|messy|contracting,0,,,,0,,,,,NO-TRADES,,
volatility,Keltner breakout,15m,long,uptrend|pulling back in trend|messy|contracting,0,,,,0,,,,,NO-TRADES,,
volatility,Keltner breakout,15m,short,uptrend|pulling back in trend|messy|contracting,0,,,,0,,,,,NO-TRADES,,
volatility,Keltner breakout,15m,long,downtrend|pulling back in trend|messy|expanding,0,,,,0,,,,,NO-TRADES,,
volatility,Keltner breakout,15m,short,downtrend|pulling back in trend|messy|expanding,1,-65.2308,0.0,-0.65,0,0.0,0.0,0.0,0.0,UNRELIABLE,,
volatility,Keltner breakout,15m,long,uptrend|pulling back in trend|messy|expanding,2,18.6618,50.0,0.37,0,0.0,0.0,0.0,0.0,UNRELIABLE,0.3046,
volatility,Keltner breakout,15m,short,uptrend|pulling back in trend|messy|expanding,0,,,,0,,,,,NO-TRADES,,
volatility,Keltner breakout,15m,long,transition|at range high|messy|contracting,5,1.7411,40.0,0.09,0,0.0,0.0,0.0,0.0,UNRELIABLE,0.835,
volatility,Keltner breakout,15m,short,transition|at range high|messy|contracting,0,,,,0,,,,,NO-TRADES,,
volatility,Keltner breakout,15m,long,uptrend|at range high|messy|expanding,17,-5.2686,35.29,-0.9,5,-31.5503,20.0,-1.58,-2.89,UNRELIABLE,2.7187,
volatility,Keltner breakout,15m,short,uptrend|at range high|messy|expanding,0,,,,0,,,,,NO-TRADES,,
volatility,Keltner breakout,15m,long,transition|mid range|clean|contracting,0,,,,0,,,,,NO-TRADES,,
volatility,Keltner breakout,15m,short,transition|mid range|clean|contracting,0,,,,0,,,,,NO-TRADES,,
volatility,Keltner breakout,15m,long,downtrend|at range low|messy|contracting,0,,,,0,,,,,NO-TRADES,,
volatility,Keltner breakout,15m,short,downtrend|at range low|messy|contracting,4,-22.4432,25.0,-0.9,2,-65.0246,0.0,-1.3,-1.43,UNRELIABLE,,
volatility,Keltner breakout,15m,long,transition|at range high|messy|expanding,22,-31.0623,18.18,-6.83,4,19.1918,50.0,0.77,-1.42,UNRELIABLE,,0.2842
volatility,Keltner breakout,15m,short,transition|at range high|messy|expanding,0,,,,0,,,,,NO-TRADES,,
volatility,Keltner breakout,15m,long,transition|at range low|messy|contracting,0,,,,0,,,,,NO-TRADES,,
volatility,Keltner breakout,15m,short,transition|at range low|messy|contracting,10,-5.0812,40.0,-0.51,0,0.0,0.0,0.0,0.0,UNRELIABLE,3.2419,
volatility,Keltner breakout,15m,long,transition|mid range|clean|expanding,1,103.3163,100.0,1.03,0,0.0,0.0,0.0,0.0,UNRELIABLE,0.0475,
volatility,Keltner breakout,15m,short,transition|mid range|clean|expanding,1,-65.0002,0.0,-0.65,0,0.0,0.0,0.0,0.0,UNRELIABLE,,
volatility,Keltner breakout,15m,long,downtrend|at range low|messy|expanding,0,,,,0,,,,,NO-TRADES,,
volatility,Keltner breakout,15m,short,downtrend|at range low|messy|expanding,25,-22.8234,28.0,-5.71,5,-31.2343,20.0,-1.56,-1.56,UNRELIABLE,,
volatility,Keltner breakout,15m,long,transition|at range low|messy|expanding,0,,,,0,,,,,NO-TRADES,,
volatility,Keltner breakout,15m,short,transition|at range low|messy|expanding,34,-7.638,32.35,-2.6,5,40.2137,60.0,2.01,-0.65,UNRELIABLE,49.4814,0.1127
volatility,Keltner breakout,15m,long,downtrend|pulling back in trend|clean|contracting,0,,,,0,,,,,NO-TRADES,,
volatility,Keltner breakout,15m,short,downtrend|pulling back in trend|clean|contracting,0,,,,0,,,,,NO-TRADES,,
volatility,Keltner breakout,15m,long,uptrend|pulling back in trend|clean|contracting,0,,,,0,,,,,NO-TRADES,,
volatility,Keltner breakout,15m,short,uptrend|pulling back in trend|clean|contracting,0,,,,0,,,,,NO-TRADES,,
volatility,Keltner breakout,15m,long,uptrend|at range high|clean|contracting,5,36.3281,60.0,1.82,1,-65.2747,0.0,-0.65,-0.65,UNRELIABLE,0.1628,
volatility,Keltner breakout,15m,short,uptrend|at range high|clean|contracting,0,,,,0,,,,,NO-TRADES,,
volatility,Keltner breakout,15m,long,downtrend|pulling back in trend|clean|expanding,1,-65.7194,0.0,-0.66,0,0.0,0.0,0.0,0.0,UNRELIABLE,,
volatility,Keltner breakout,15m,short,downtrend|pulling back in trend|clean|expanding,0,,,,0,,,,,NO-TRADES,,
volatility,Keltner breakout,15m,long,uptrend|pulling back in trend|clean|expanding,0,,,,0,,,,,NO-TRADES,,
volatility,Keltner breakout,15m,short,uptrend|pulling back in trend|clean|expanding,0,0.0,0.0,0.0,1,-65.2825,0.0,-0.65,-0.65,UNRELIABLE,,
volatility,Keltner breakout,15m,long,transition|at range high|clean|contracting,6,19.1766,50.0,1.15,2,66.2116,100.0,1.32,-0.51,UNRELIABLE,0.2862,0.0627
volatility,Keltner breakout,15m,short,transition|at range high|clean|contracting,0,,,,0,,,,,NO-TRADES,,
volatility,Keltner breakout,15m,long,transition|mid range|messy|stalling,0,,,,0,,,,,NO-TRADES,,
volatility,Keltner breakout,15m,short,transition|mid range|messy|stalling,0,,,,0,,,,,NO-TRADES,,
volatility,Keltner breakout,15m,long,transition|at range high|clean|expanding,34,-3.7453,35.29,-1.27,9,-9.482,33.33,-0.85,-2.85,FAIL,1.8223,
volatility,Keltner breakout,15m,short,transition|at range high|clean|expanding,0,,,,0,,,,,NO-TRADES,,
volatility,Keltner breakout,15m,long,uptrend|at range high|clean|expanding,31,3.1035,41.94,0.96,7,31.4924,57.14,2.2,-1.44,UNRELIABLE,0.7248,0.1879
volatility,Keltner breakout,15m,short,uptrend|at range high|clean|expanding,0,,,,0,,,,,NO-TRADES,,
volatility,Keltner breakout,15m,long,downtrend|at range low|clean|contracting,0,,,,0,,,,,NO-TRADES,,
volatility,Keltner breakout,15m,short,downtrend|at range low|clean|contracting,5,-31.1634,20.0,-1.56,0,0.0,0.0,0.0,0.0,UNRELIABLE,,
volatility,Keltner breakout,15m,long,transition|at range low|clean|contracting,0,,,,0,,,,,NO-TRADES,,
volatility,Keltner breakout,15m,short,transition|at range low|clean|contracting,6,19.4838,50.0,1.17,3,48.0962,66.67,1.44,-0.99,UNRELIABLE,0.278,0.1124
volatility,Keltner breakout,15m,long,transition|at range low|clean|expanding,0,,,,0,,,,,NO-TRADES,,
volatility,Keltner breakout,15m,short,transition|at range low|clean|expanding,36,-7.2147,36.11,-2.6,8,-1.748,37.5,-0.14,-2.57,FAIL,21.3583,1.2698
volatility,Keltner breakout,15m,long,downtrend|at range low|clean|expanding,0,,,,0,,,,,NO-TRADES,,
volatility,Keltner breakout,15m,short,downtrend|at range low|clean|expanding,27,-13.5633,33.33,-3.66,8,0.4292,37.5,0.03,-2.01,FAIL,,0.9427
volatility,Keltner breakout,15m,long,downtrend|pulling back in trend|messy|stalling,0,,,,0,,,,,NO-TRADES,,
volatility,Keltner breakout,15m,short,downtrend|pulling back in trend|messy|stalling,0,,,,0,,,,,NO-TRADES,,
volatility,Keltner breakout,15m,long,downtrend|at range high|messy|contracting,3,-10.056,33.33,-0.3,0,0.0,0.0,0.0,0.0,UNRELIABLE,,
volatility,Keltner breakout,15m,short,downtrend|at range high|messy|contracting,0,,,,0,,,,,NO-TRADES,,
volatility,Keltner breakout,15m,long,uptrend|pulling back in trend|messy|stalling,0,,,,0,,,,,NO-TRADES,,
volatility,Keltner breakout,15m,short,uptrend|pulling back in trend|messy|stalling,0,,,,0,,,,,NO-TRADES,,
volatility,Keltner breakout,15m,long,downtrend|at range high|messy|expanding,17,-17.644,29.41,-3.0,3,47.541,66.67,1.43,-1.48,UNRELIABLE,,0.1225
volatility,Keltner breakout,15m,short,downtrend|at range high|messy|expanding,0,,,,0,,,,,NO-TRADES,,
volatility,Keltner breakout,15m,long,uptrend|at range high|messy|stalling,4,-64.7764,0.0,-2.59,0,0.0,0.0,0.0,0.0,UNRELIABLE,,
volatility,Keltner breakout,15m,short,uptrend|at range high|messy|stalling,0,,,,0,,,,,NO-TRADES,,
volatility,Chandelier exit,1h,long,transition|mid range|messy|contracting,75,-9.3217,38.67,-6.99,21,36.6489,52.38,7.7,-5.55,FAIL,,
volatility,Chandelier exit,1h,short,transition|mid range|messy|contracting,72,-16.5128,34.72,-11.89,12,-26.737,33.33,-3.21,-5.5,FAIL,,
volatility,Chandelier exit,1h,long,transition|mid range|messy|expanding,105,-4.8813,39.05,-5.13,18,-46.4644,27.78,-8.36,-12.14,FAIL,,
volatility,Chandelier exit,1h,short,transition|mid range|messy|expanding,91,-0.2229,39.56,-0.2,31,-1.8084,38.71,-0.56,-7.5,FAIL,,
volatility,Chandelier exit,1h,long,uptrend|at range high|messy|contracting,13,-96.8126,7.69,-12.59,3,-131.747,0.0,-3.95,-4.04,UNRELIABLE,,
volatility,Chandelier exit,1h,short,uptrend|at range high|messy|contracting,3,-8.8821,33.33,-0.27,1,-132.5686,0.0,-1.33,-1.33,UNRELIABLE,,
volatility,Chandelier exit,1h,long,downtrend|pulling back in trend|messy|contracting,48,-4.013,35.42,-1.93,17,13.8123,41.18,2.35,-6.41,FAIL,,
volatility,Chandelier exit,1h,short,downtrend|pulling back in trend|messy|contracting,38,17.5307,42.11,6.66,12,-58.8353,16.67,-7.06,-10.71,FAIL,,
volatility,Chandelier exit,1h,long,uptrend|pulling back in trend|messy|contracting,44,-0.7527,36.36,-0.33,12,-2.2397,41.67,-0.27,-5.22,FAIL,,
volatility,Chandelier exit,1h,short,uptrend|pulling back in trend|messy|contracting,49,-24.9332,30.61,-12.22,12,-88.5243,8.33,-10.62,-10.97,FAIL,,
volatility,Chandelier exit,1h,long,uptrend|at range high|messy|expanding,27,8.5477,40.74,2.31,5,-58.6739,20.0,-2.93,-3.49,UNRELIABLE,,
volatility,Chandelier exit,1h,short,uptrend|at range high|messy|expanding,4,116.5256,75.0,4.66,1,238.9636,100.0,2.39,0.0,UNRELIABLE,,
volatility,Chandelier exit,1h,long,downtrend|pulling back in trend|messy|expanding,74,21.3216,45.95,15.78,26,-23.7741,34.62,-6.18,-10.14,FAIL,,
volatility,Chandelier exit,1h,short,downtrend|pulling back in trend|messy|expanding,52,-40.7415,23.08,-21.19,14,-0.6658,35.71,-0.09,-6.39,FAIL,,
volatility,Chandelier exit,1h,long,transition|at range high|messy|contracting,30,16.2701,40.0,4.88,9,16.3354,44.44,1.47,-4.32,SURVIVOR,,
volatility,Chandelier exit,1h,short,transition|at range high|messy|contracting,8,-44.5522,25.0,-3.56,4,101.2696,75.0,4.05,-1.33,UNRELIABLE,,
volatility,Chandelier exit,1h,long,uptrend|pulling back in trend|messy|expanding,49,-3.5274,40.82,-1.73,15,-8.9966,33.33,-1.35,-7.27,FAIL,,
volatility,Chandelier exit,1h,short,uptrend|pulling back in trend|messy|expanding,60,-30.7464,30.0,-18.45,16,-55.5853,18.75,-8.89,-10.95,FAIL,,
volatility,Chandelier exit,1h,long,transition|at range high|messy|expanding,60,12.6809,45.0,7.61,26,-3.3008,34.62,-0.86,-8.69,FAIL,,
volatility,Chandelier exit,1h,short,transition|at range high|messy|expanding,2,-70.4943,0.0,-1.41,2,76.6265,50.0,1.53,-1.73,UNRELIABLE,,
volatility,Chandelier exit,1h,long,downtrend|at range low|messy|contracting,2,-101.2314,0.0,-2.02,0,0.0,0.0,0.0,0.0,UNRELIABLE,,
volatility,Chandelier exit,1h,short,downtrend|at range low|messy|contracting,8,-55.9108,25.0,-4.47,2,52.2948,50.0,1.05,-2.09,UNRELIABLE,,
volatility,Chandelier exit,1h,long,transition|at range low|messy|contracting,2,-51.7322,50.0,-1.03,0,0.0,0.0,0.0,0.0,UNRELIABLE,,
volatility,Chandelier exit,1h,short,transition|at range low|messy|contracting,25,73.7116,60.0,18.43,5,-2.9172,40.0,-0.15,-3.03,UNRELIABLE,,
volatility,Chandelier exit,1h,long,downtrend|at range low|messy|expanding,3,-45.3781,33.33,-1.36,1,-132.3464,0.0,-1.32,-1.32,UNRELIABLE,,
volatility,Chandelier exit,1h,short,downtrend|at range low|messy|expanding,33,59.9985,57.58,19.8,10,-48.7789,20.0,-4.88,-7.28,FAIL,,
volatility,Chandelier exit,1h,long,transition|at range low|messy|expanding,5,13.672,40.0,0.68,1,-132.3464,0.0,-1.32,-1.32,UNRELIABLE,,
volatility,Chandelier exit,1h,short,transition|at range low|messy|expanding,61,33.027,49.18,20.15,24,-27.176,33.33,-6.52,-8.52,FAIL,,
volatility,Chandelier exit,1h,long,transition|mid range|clean|contracting,33,13.869,45.45,4.58,11,-48.0012,27.27,-5.28,-5.44,FAIL,,
volatility,Chandelier exit,1h,short,transition|mid range|clean|contracting,42,11.0792,45.24,4.65,7,70.1523,57.14,4.91,-2.57,UNRELIABLE,,
volatility,Chandelier exit,1h,long,transition|mid range|clean|expanding,50,-17.7136,32.0,-8.86,10,77.9208,60.0,7.79,-2.98,FAIL,,
volatility,Chandelier exit,1h,short,transition|mid range|clean|expanding,53,-23.9035,30.19,-12.67,11,-7.5983,36.36,-0.84,-5.93,FAIL,,
volatility,Chandelier exit,1h,long,transition|mid range|messy|stalling,31,-44.9986,22.58,-13.95,5,-34.5646,20.0,-1.73,-3.11,UNRELIABLE,,
volatility,Chandelier exit,1h,short,transition|mid range|messy|stalling,27,59.1289,55.56,15.96,6,-29.4126,33.33,-1.76,-3.36,UNRELIABLE,,
volatility,Chandelier exit,1h,long,transition|at range high|clean|contracting,10,-60.5507,30.0,-6.06,5,-105.9052,0.0,-5.3,-5.3,UNRELIABLE,,
volatility,Chandelier exit,1h,short,transition|at range high|clean|contracting,1,239.4928,100.0,2.39,0,0.0,0.0,0.0,0.0,UNRELIABLE,,
volatility,Chandelier exit,1h,long,downtrend|pulling back in trend|clean|contracting,22,-6.645,50.0,-1.46,9,-50.318,22.22,-4.53,-5.5,FAIL,,
volatility,Chandelier exit,1h,short,downtrend|pulling back in trend|clean|contracting,18,-80.3556,11.11,-14.46,6,8.6038,33.33,0.52,-4.4,UNRELIABLE,,
volatility,Chandelier exit,1h,long,uptrend|pulling back in trend|clean|contracting,23,-10.9086,39.13,-2.51,4,106.5378,75.0,4.26,-1.32,UNRELIABLE,,
volatility,Chandelier exit,1h,short,uptrend|pulling back in trend|clean|contracting,30,-13.3816,36.67,-4.01,7,-45.3248,28.57,-3.17,-7.15,UNRELIABLE,,
volatility,Chandelier exit,1h,long,uptrend|at range high|clean|contracting,7,23.4362,57.14,1.64,0,0.0,0.0,0.0,0.0,UNRELIABLE,,
volatility,Chandelier exit,1h,short,uptrend|at range high|clean|contracting,2,52.3123,50.0,1.05,0,0.0,0.0,0.0,0.0,UNRELIABLE,,
volatility,Chandelier exit,1h,long,uptrend|pulling back in trend|clean|expanding,29,9.2835,44.83,2.69,4,51.1826,50.0,2.05,-1.6,UNRELIABLE,,
volatility,Chandelier exit,1h,short,uptrend|pulling back in trend|clean|expanding,51,6.5027,41.18,3.32,8,-51.6024,25.0,-4.13,-6.37,FAIL,,
volatility,Chandelier exit,1h,long,downtrend|pulling back in trend|clean|expanding,34,-38.8033,23.53,-13.19,12,2.6263,50.0,0.32,-4.71,FAIL,,
volatility,Chandelier exit,1h,short,downtrend|pulling back in trend|clean|expanding,33,10.5444,45.45,3.48,12,-90.4955,8.33,-10.86,-11.4,FAIL,,
volatility,Chandelier exit,1h,long,transition|at range high|clean|expanding,48,-27.0357,27.08,-12.98,11,33.4688,45.45,3.68,-4.45,FAIL,,
volatility,Chandelier exit,1h,short,transition|at range high|clean|expanding,3,-131.331,0.0,-3.94,2,-90.2445,0.0,-1.8,-2.13,UNRELIABLE,,
volatility,Chandelier exit,1h,long,transition|at range low|clean|contracting,0,0.0,0.0,0.0,0,0.0,0.0,0.0,0.0,UNRELIABLE,,
volatility,Chandelier exit,1h,short,transition|at range low|clean|contracting,7,26.2526,42.86,1.84,3,-87.5564,0.0,-2.63,-2.99,UNRELIABLE,,
volatility,Chandelier exit,1h,long,downtrend|at range high|messy|contracting,12,-35.0903,25.0,-4.21,3,46.2008,66.67,1.39,-2.03,UNRELIABLE,,
volatility,Chandelier exit,1h,short,downtrend|at range high|messy|contracting,1,-47.3785,0.0,-0.47,0,0.0,0.0,0.0,0.0,UNRELIABLE,,
volatility,Chandelier exit,1h,long,uptrend|at range high|clean|expanding,20,-15.1609,40.0,-3.03,5,34.4175,40.0,1.72,-4.34,UNRELIABLE,,
volatility,Chandelier exit,1h,short,uptrend|at range high|clean|expanding,4,-40.6477,25.0,-1.63,0,0.0,0.0,0.0,0.0,UNRELIABLE,,
volatility,Chandelier exit,1h,long,downtrend|at range low|clean|contracting,0,,,,0,,,,,NO-TRADES,,
volatility,Chandelier exit,1h,short,downtrend|at range low|clean|contracting,6,57.9792,66.67,3.48,1,238.9995,100.0,2.39,0.0,UNRELIABLE,,
volatility,Chandelier exit,1h,long,downtrend|pulling back in trend|messy|stalling,15,13.9567,40.0,2.09,10,82.3276,70.0,8.23,-3.48,UNRELIABLE,,
volatility,Chandelier exit,1h,short,downtrend|pulling back in trend|messy|stalling,16,-76.7911,12.5,-12.29,1,-132.5686,0.0,-1.33,-1.33,UNRELIABLE,,
volatility,Chandelier exit,1h,long,uptrend|at range high|messy|stalling,4,96.6971,75.0,3.87,1,2.014,100.0,0.02,-0.41,UNRELIABLE,,
volatility,Chandelier exit,1h,short,uptrend|at range high|messy|stalling,0,0.0,0.0,0.0,1,-0.9613,0.0,-0.01,-0.71,UNRELIABLE,,
volatility,Chandelier exit,1h,long,transition|at range low|clean|expanding,1,-132.8597,0.0,-1.33,0,0.0,0.0,0.0,0.0,UNRELIABLE,,
volatility,Chandelier exit,1h,short,transition|at range low|clean|expanding,31,-35.2058,29.03,-10.91,17,-44.0533,23.53,-7.49,-9.79,FAIL,,
volatility,Chandelier exit,1h,long,uptrend|pulling back in trend|messy|stalling,14,-21.4103,28.57,-3.0,5,-59.2096,20.0,-2.96,-5.88,UNRELIABLE,,
volatility,Chandelier exit,1h,short,uptrend|pulling back in trend|messy|stalling,20,34.6455,60.0,6.93,6,8.1967,33.33,0.49,-2.64,UNRELIABLE,,
volatility,Chandelier exit,1h,long,uptrend|at range low|messy|contracting,1,238.7356,100.0,2.39,0,0.0,0.0,0.0,0.0,UNRELIABLE,,
volatility,Chandelier exit,1h,short,uptrend|at range low|messy|contracting,13,16.2363,38.46,2.11,3,-9.9806,33.33,-0.3,-2.84,UNRELIABLE,,
volatility,Chandelier exit,1h,long,downtrend|at range high|messy|expanding,55,4.1393,41.82,2.28,21,39.4129,47.62,8.28,-5.26,SURVIVOR,,
volatility,Chandelier exit,1h,short,downtrend|at range high|messy|expanding,0,0.0,0.0,0.0,2,-16.5356,50.0,-0.33,-1.73,UNRELIABLE,,
volatility,Chandelier exit,1h,long,uptrend|at range low|messy|expanding,1,236.216,100.0,2.36,1,238.7326,100.0,2.39,-0.85,UNRELIABLE,,
volatility,Chandelier exit,1h,short,uptrend|at range low|messy|expanding,58,19.698,44.83,11.42,23,83.7695,65.22,19.27,-3.45,SURVIVOR,,
volatility,Chandelier exit,1h,long,downtrend|at range low|clean|expanding,1,21.4985,100.0,0.21,1,-132.4185,0.0,-1.32,-1.32,UNRELIABLE,,
volatility,Chandelier exit,1h,short,downtrend|at range low|clean|expanding,12,21.9155,41.67,2.63,8,26.7309,37.5,2.14,-2.28,UNRELIABLE,,
volatility,Chandelier exit,15m,long,transition|mid range|messy|contracting,331,-8.7014,35.65,-28.8,61,-15.5136,31.15,-9.46,-11.24,FAIL,,
volatility,Chandelier exit,15m,short,transition|mid range|messy|contracting,316,-10.8052,32.59,-34.14,59,4.7076,42.37,2.78,-3.79,FAIL,,0.6228
volatility,Chandelier exit,15m,long,transition|mid range|messy|expanding,400,-12.6191,30.0,-50.48,83,-12.8889,31.33,-10.7,-11.9,FAIL,,
volatility,Chandelier exit,15m,short,transition|mid range|messy|expanding,424,-9.4833,33.25,-40.21,71,-14.1714,32.39,-10.06,-11.88,FAIL,,
volatility,Chandelier exit,15m,long,downtrend|pulling back in trend|messy|contracting,245,-1.1319,42.86,-2.77,47,-6.641,36.17,-3.12,-7.39,FAIL,1.1653,4.3127
volatility,Chandelier exit,15m,short,downtrend|pulling back in trend|messy|contracting,246,-8.9871,33.74,-22.11,43,26.8451,53.49,11.54,-3.56,FAIL,,0.2164
volatility,Chandelier exit,15m,long,uptrend|at range high|messy|contracting,52,2.1181,42.31,1.1,13,-31.8408,23.08,-4.14,-4.14,FAIL,0.7922,
volatility,Chandelier exit,15m,short,uptrend|at range high|messy|contracting,17,-0.2713,41.18,-0.05,0,0.0,0.0,0.0,0.0,UNRELIABLE,1.0376,
volatility,Chandelier exit,15m,long,uptrend|pulling back in trend|messy|contracting,193,-8.3897,37.31,-16.19,21,-24.4137,28.57,-5.13,-5.74,FAIL,,
volatility,Chandelier exit,15m,short,uptrend|pulling back in trend|messy|contracting,217,-11.411,32.26,-24.76,25,-13.2323,28.0,-3.31,-6.0,FAIL,,
volatility,Chandelier exit,15m,long,downtrend|pulling back in trend|messy|expanding,359,-6.2899,36.77,-22.58,65,-16.1449,32.31,-10.49,-12.64,FAIL,4.8849,
volatility,Chandelier exit,15m,short,downtrend|pulling back in trend|messy|expanding,276,-7.5526,34.42,-20.85,54,0.4114,38.89,0.22,-4.67,FAIL,,0.9505
volatility,Chandelier exit,15m,long,uptrend|pulling back in trend|messy|expanding,242,-5.0232,37.19,-12.16,37,-3.0662,40.54,-1.13,-3.77,FAIL,2.6947,1.5626
volatility,Chandelier exit,15m,short,uptrend|pulling back in trend|messy|expanding,328,-8.8194,35.67,-28.93,65,2.4031,41.54,1.56,-5.42,FAIL,,0.7652
volatility,Chandelier exit,15m,long,transition|at range high|messy|contracting,116,-4.5024,36.21,-5.22,30,-26.233,23.33,-7.87,-7.88,FAIL,2.254,
volatility,Chandelier exit,15m,short,transition|at range high|messy|contracting,22,4.7959,50.0,1.06,3,47.9926,66.67,1.44,-1.9,UNRELIABLE,0.6174,0.1143
volatility,Chandelier exit,15m,long,uptrend|at range high|messy|expanding,126,-7.2755,34.92,-9.17,37,6.8746,43.24,2.54,-4.43,FAIL,8.0787,0.5438
volatility,Chandelier exit,15m,short,uptrend|at range high|messy|expanding,19,-28.5786,26.32,-5.43,3,47.9597,66.67,1.44,-0.65,UNRELIABLE,,0.1149
volatility,Chandelier exit,15m,long,transition|mid range|clean|contracting,234,-8.3605,36.32,-19.56,59,-10.0876,33.9,-5.95,-9.22,FAIL,,
volatility,Chandelier exit,15m,short,transition|mid range|clean|contracting,226,-4.3273,36.73,-9.78,48,-10.1606,31.25,-4.88,-6.03,FAIL,2.5153,
volatility,Chandelier exit,15m,long,downtrend|at range low|messy|contracting,13,-37.4227,23.08,-4.86,1,-65.463,0.0,-0.65,-1.17,UNRELIABLE,,
volatility,Chandelier exit,15m,short,downtrend|at range low|messy|contracting,60,-6.0997,35.0,-3.66,14,-14.1047,28.57,-1.97,-4.21,FAIL,5.8412,
volatility,Chandelier exit,15m,long,transition|at range high|messy|expanding,233,-7.5781,35.62,-17.66,69,0.0948,42.03,0.07,-8.83,FAIL,13.566,0.9883
volatility,Chandelier exit,15m,short,transition|at range high|messy|expanding,23,-6.64,39.13,-1.53,1,-65.2512,0.0,-0.65,-0.65,UNRELIABLE,8.3728,
volatility,Chandelier exit,15m,long,transition|at range low|messy|contracting,21,-27.5699,23.81,-5.79,1,-66.3086,0.0,-0.66,-1.22,UNRELIABLE,,
volatility,Chandelier exit,15m,short,transition|at range low|messy|contracting,90,1.06,38.89,0.95,35,-15.2066,31.43,-5.32,-8.71,FAIL,0.8792,
volatility,Chandelier exit,15m,long,transition|mid range|clean|expanding,292,-9.1955,33.9,-26.85,65,-9.1532,36.92,-5.95,-12.62,FAIL,,
volatility,Chandelier exit,15m,short,transition|mid range|clean|expanding,291,-12.0698,30.93,-35.12,73,-12.5072,31.51,-9.13,-13.46,FAIL,,
volatility,Chandelier exit,15m,long,downtrend|at range low|messy|expanding,21,-21.7315,23.81,-4.56,2,19.2654,50.0,0.39,-0.65,UNRELIABLE,,0.2801
volatility,Chandelier exit,15m,short,downtrend|at range low|messy|expanding,116,-12.3232,32.76,-14.29,32,-15.2754,31.25,-4.89,-6.44,FAIL,,
volatility,Chandelier exit,15m,long,transition|at range low|messy|expanding,20,-34.9633,20.0,-6.99,3,-9.3459,33.33,-0.28,-1.3,UNRELIABLE,,
volatility,Chandelier exit,15m,short,transition|at range low|messy|expanding,242,-13.8078,29.75,-33.41,78,-7.4575,35.9,-5.82,-11.03,FAIL,,146.3625
volatility,Chandelier exit,15m,long,downtrend|pulling back in trend|clean|contracting,187,-6.1793,37.43,-11.56,59,-18.0166,28.81,-10.63,-12.77,FAIL,3.5765,
volatility,Chandelier exit,15m,short,downtrend|pulling back in trend|clean|contracting,141,-12.0156,31.21,-16.94,43,1.8382,39.53,0.79,-4.36,FAIL,,0.8141
volatility,Chandelier exit,15m,long,uptrend|pulling back in trend|clean|contracting,150,-15.5532,30.0,-23.33,36,-19.7617,27.78,-7.11,-10.28,FAIL,,
volatility,Chandelier exit,15m,short,uptrend|pulling back in trend|clean|contracting,179,0.0429,40.78,0.08,33,23.9788,54.55,7.91,-2.7,SURVIVOR,0.9941,0.2323
volatility,Chandelier exit,15m,long,uptrend|at range high|clean|contracting,36,-7.2912,36.11,-2.62,7,-34.5641,14.29,-2.42,-2.78,UNRELIABLE,6.6861,
volatility,Chandelier exit,15m,short,uptrend|at range high|clean|contracting,9,18.6023,55.56,1.67,0,0.0,0.0,0.0,0.0,UNRELIABLE,0.257,
volatility,Chandelier exit,15m,long,downtrend|pulling back in trend|clean|expanding,237,-11.287,34.6,-26.75,59,-25.7267,23.73,-15.18,-16.1,FAIL,,
volatility,Chandelier exit,15m,short,downtrend|pulling back in trend|clean|expanding,177,-2.5188,37.29,-4.46,41,-3.8184,36.59,-1.57,-3.81,FAIL,1.5072,1.9384
volatility,Chandelier exit,15m,long,uptrend|pulling back in trend|clean|expanding,169,-14.2977,28.4,-24.16,32,-15.951,28.12,-5.1,-8.05,FAIL,,
volatility,Chandelier exit,15m,short,uptrend|pulling back in trend|clean|expanding,247,-5.5041,36.84,-13.6,62,20.9606,51.61,13.0,-5.19,FAIL,4.4637,0.2563
volatility,Chandelier exit,15m,long,transition|at range high|clean|contracting,56,-7.2236,35.71,-4.05,27,11.454,48.15,3.09,-5.08,FAIL,6.9446,0.4052
volatility,Chandelier exit,15m,short,transition|at range high|clean|contracting,11,11.9441,54.55,1.31,5,2.3077,40.0,0.12,-1.45,UNRELIABLE,0.3391,0.7801
volatility,Chandelier exit,15m,long,transition|mid range|messy|stalling,148,-11.8041,32.43,-17.47,30,13.3361,46.67,4.0,-3.11,FAIL,,0.3714
volatility,Chandelier exit,15m,short,transition|mid range|messy|stalling,133,-13.2622,32.33,-17.64,29,5.4314,44.83,1.58,-4.15,FAIL,,0.5903
volatility,Chandelier exit,15m,long,transition|at range high|clean|expanding,183,1.0445,41.53,1.91,52,-11.8148,34.62,-6.14,-8.44,FAIL,0.8905,
volatility,Chandelier exit,15m,short,transition|at range high|clean|expanding,14,32.0643,57.14,4.49,1,-64.4494,0.0,-0.64,-1.0,UNRELIABLE,0.1805,
volatility,Chandelier exit,15m,long,uptrend|at range high|clean|expanding,69,-15.6864,30.43,-10.82,13,-13.7212,30.77,-1.78,-4.13,FAIL,,
volatility,Chandelier exit,15m,short,uptrend|at range high|clean|expanding,12,15.3552,50.0,1.84,0,0.0,0.0,0.0,0.0,UNRELIABLE,0.325,
volatility,Chandelier exit,15m,long,downtrend|at range low|clean|contracting,8,-12.4871,50.0,-1.0,2,-65.0155,0.0,-1.3,-1.58,UNRELIABLE,,
volatility,Chandelier exit,15m,short,downtrend|at range low|clean|contracting,35,-8.3107,34.29,-2.91,4,-4.7818,50.0,-0.19,-1.22,UNRELIABLE,71.6762,2.9721
volatility,Chandelier exit,15m,long,transition|at range low|clean|contracting,6,-9.6552,33.33,-0.58,3,-8.9501,33.33,-0.27,-1.32,UNRELIABLE,,
volatility,Chandelier exit,15m,short,transition|at range low|clean|contracting,56,-6.786,35.71,-3.8,16,17.4692,50.0,2.8,-2.92,FAIL,6.6197,0.288
volatility,Chandelier exit,15m,long,transition|at range low|clean|expanding,11,23.2038,54.55,2.55,3,-64.8087,0.0,-1.94,-1.94,UNRELIABLE,0.2496,
volatility,Chandelier exit,15m,short,transition|at range low|clean|expanding,186,1.2386,40.86,2.3,60,1.7642,43.33,1.06,-7.59,SURVIVOR,0.8651,0.8122
volatility,Chandelier exit,15m,long,downtrend|at range low|clean|expanding,9,-27.2592,22.22,-2.45,1,-65.4434,0.0,-0.65,-0.75,UNRELIABLE,,
volatility,Chandelier exit,15m,short,downtrend|at range low|clean|expanding,95,-0.6706,38.95,-0.64,23,-28.8295,21.74,-6.63,-6.72,FAIL,1.1006,
volatility,Chandelier exit,15m,long,downtrend|pulling back in trend|messy|stalling,114,-10.189,35.96,-11.62,26,-15.1085,30.77,-3.93,-5.56,FAIL,,
volatility,Chandelier exit,15m,short,downtrend|pulling back in trend|messy|stalling,87,-5.9061,35.63,-5.14,21,4.2649,42.86,0.9,-2.16,FAIL,7.0007,0.6356
volatility,Chandelier exit,15m,long,downtrend|at range high|messy|contracting,63,-11.6389,31.75,-7.33,31,-3.6733,38.71,-1.14,-5.74,FAIL,,1.7261
volatility,Chandelier exit,15m,short,downtrend|at range high|messy|contracting,10,9.7396,50.0,0.97,4,62.4441,75.0,2.5,-0.65,UNRELIABLE,0.4233,0.0846
volatility,Chandelier exit,15m,long,uptrend|pulling back in trend|messy|stalling,83,-17.648,28.92,-14.65,8,-22.9939,25.0,-1.84,-3.5,FAIL,,
volatility,Chandelier exit,15m,short,uptrend|pulling back in trend|messy|stalling,101,-3.3729,38.61,-3.41,10,25.8103,50.0,2.58,-2.37,FAIL,1.8425,0.1995
volatility,Chandelier exit,15m,long,downtrend|at range high|messy|expanding,233,-9.3579,32.19,-21.8,54,-7.7302,35.19,-4.17,-8.42,FAIL,,13.9053
volatility,Chandelier exit,15m,short,downtrend|at range high|messy|expanding,12,-14.8556,25.0,-1.78,0,0.0,0.0,0.0,0.0,UNRELIABLE,,
volatility,Chandelier exit,15m,long,uptrend|at range high|messy|stalling,29,-8.4122,34.48,-2.44,6,-2.9054,33.33,-0.17,-1.55,UNRELIABLE,,1.5395
volatility,Chandelier exit,15m,short,uptrend|at range high|messy|stalling,7,35.3953,57.14,2.48,0,0.0,0.0,0.0,0.0,UNRELIABLE,0.1311,
volatility,BB-inside-KC squeeze release,1h,long,transition|mid range|messy|contracting,14,1.5636,35.71,0.22,0,0.0,0.0,0.0,0.0,UNRELIABLE,,
volatility,BB-inside-KC squeeze release,1h,short,transition|mid range|messy|contracting,16,11.3994,37.5,1.82,5,147.7528,80.0,7.39,-1.6,UNRELIABLE,,
volatility,BB-inside-KC squeeze release,1h,long,transition|mid range|messy|expanding,7,-27.2963,28.57,-1.91,1,78.809,100.0,0.79,-0.83,UNRELIABLE,,
volatility,BB-inside-KC squeeze release,1h,short,transition|mid range|messy|expanding,6,-5.211,50.0,-0.31,0,0.0,0.0,0.0,0.0,UNRELIABLE,,
volatility,BB-inside-KC squeeze release,1h,long,uptrend|at range high|messy|contracting,23,-11.7974,39.13,-2.71,3,-46.8073,33.33,-1.4,-3.47,UNRELIABLE,,
volatility,BB-inside-KC squeeze release,1h,short,uptrend|at range high|messy|contracting,0,,,,0,,,,,NO-TRADES,,
volatility,BB-inside-KC squeeze release,1h,long,downtrend|pulling back in trend|messy|contracting,5,153.5444,100.0,7.68,0,0.0,0.0,0.0,0.0,UNRELIABLE,,
volatility,BB-inside-KC squeeze release,1h,short,downtrend|pulling back in trend|messy|contracting,10,48.3129,50.0,4.83,2,46.2611,100.0,0.93,-1.2,UNRELIABLE,,
volatility,BB-inside-KC squeeze release,1h,long,uptrend|pulling back in trend|messy|contracting,7,-23.5647,28.57,-1.65,3,-132.226,0.0,-3.97,-4.82,UNRELIABLE,,
volatility,BB-inside-KC squeeze release,1h,short,uptrend|pulling back in trend|messy|contracting,7,8.5051,42.86,0.6,1,240.5948,100.0,2.41,-0.74,UNRELIABLE,,
volatility,BB-inside-KC squeeze release,1h,long,uptrend|at range high|messy|expanding,28,-1.2521,42.86,-0.35,4,-41.2832,25.0,-1.65,-3.95,UNRELIABLE,,
volatility,BB-inside-KC squeeze release,1h,short,uptrend|at range high|messy|expanding,0,,,,0,,,,,NO-TRADES,,
volatility,BB-inside-KC squeeze release,1h,long,downtrend|pulling back in trend|messy|expanding,4,3.2126,50.0,0.13,0,0.0,0.0,0.0,0.0,UNRELIABLE,,
volatility,BB-inside-KC squeeze release,1h,short,downtrend|pulling back in trend|messy|expanding,11,34.1256,45.45,3.75,0,0.0,0.0,0.0,0.0,UNRELIABLE,,
volatility,BB-inside-KC squeeze release,1h,long,transition|at range high|messy|contracting,26,2.4143,42.31,0.63,9,-0.1858,44.44,-0.02,-5.75,FAIL,,
volatility,BB-inside-KC squeeze release,1h,short,transition|at range high|messy|contracting,1,61.4595,100.0,0.61,0,0.0,0.0,0.0,0.0,UNRELIABLE,,
volatility,BB-inside-KC squeeze release,1h,long,uptrend|pulling back in trend|messy|expanding,3,21.562,33.33,0.65,0,0.0,0.0,0.0,0.0,UNRELIABLE,,
volatility,BB-inside-KC squeeze release,1h,short,uptrend|pulling back in trend|messy|expanding,3,32.4766,33.33,0.97,1,43.1964,100.0,0.43,-0.88,UNRELIABLE,,
volatility,BB-inside-KC squeeze release,1h,long,transition|at range high|messy|expanding,23,2.8166,34.78,0.65,13,-7.423,38.46,-0.96,-5.86,FAIL,,
volatility,BB-inside-KC squeeze release,1h,short,transition|at range high|messy|expanding,0,,,,0,,,,,NO-TRADES,,
volatility,BB-inside-KC squeeze release,1h,long,downtrend|at range low|messy|contracting,0,,,,0,,,,,NO-TRADES,,
volatility,BB-inside-KC squeeze release,1h,short,downtrend|at range low|messy|contracting,16,-60.4112,18.75,-9.67,5,-127.9747,0.0,-6.4,-7.25,UNRELIABLE,,
volatility,BB-inside-KC squeeze release,1h,long,transition|at range low|messy|contracting,0,,,,0,,,,,NO-TRADES,,
volatility,BB-inside-KC squeeze release,1h,short,transition|at range low|messy|contracting,28,33.9114,46.43,9.5,4,-128.863,0.0,-5.15,-5.26,UNRELIABLE,,
volatility,BB-inside-KC squeeze release,1h,long,downtrend|at range low|messy|expanding,0,,,,0,,,,,NO-TRADES,,
volatility,BB-inside-KC squeeze release,1h,short,downtrend|at range low|messy|expanding,18,3.527,44.44,0.63,6,-50.9089,16.67,-3.05,-5.47,UNRELIABLE,,
volatility,BB-inside-KC squeeze release,1h,long,transition|at range low|messy|expanding,0,,,,0,,,,,NO-TRADES,,
volatility,BB-inside-KC squeeze release,1h,short,transition|at range low|messy|expanding,24,5.1546,41.67,1.24,5,31.0163,40.0,1.55,-2.79,UNRELIABLE,,
volatility,BB-inside-KC squeeze release,1h,long,transition|mid range|clean|contracting,2,-99.3218,0.0,-1.99,3,-132.0878,0.0,-3.96,-4.19,UNRELIABLE,,
volatility,BB-inside-KC squeeze release,1h,short,transition|mid range|clean|contracting,5,-45.6727,40.0,-2.28,2,-60.5458,0.0,-1.21,-3.15,UNRELIABLE,,
volatility,BB-inside-KC squeeze release,1h,long,transition|mid range|clean|expanding,4,-40.5429,25.0,-1.62,4,-92.6936,25.0,-3.71,-4.99,UNRELIABLE,,
volatility,BB-inside-KC squeeze release,1h,short,transition|mid range|clean|expanding,2,52.4788,50.0,1.05,0,0.0,0.0,0.0,0.0,UNRELIABLE,,
volatility,BB-inside-KC squeeze release,1h,long,transition|mid range|messy|stalling,3,-131.3048,0.0,-3.94,0,0.0,0.0,0.0,0.0,UNRELIABLE,,
volatility,BB-inside-KC squeeze release,1h,short,transition|mid range|messy|stalling,3,7.1626,33.33,0.21,0,0.0,0.0,0.0,0.0,UNRELIABLE,,
volatility,BB-inside-KC squeeze release,1h,long,transition|at range high|clean|contracting,13,-41.4475,23.08,-5.39,2,189.6315,100.0,3.79,-1.02,UNRELIABLE,,
volatility,BB-inside-KC squeeze release,1h,short,transition|at range high|clean|contracting,0,,,,0,,,,,NO-TRADES,,
volatility,BB-inside-KC squeeze release,1h,long,downtrend|pulling back in trend|clean|contracting,3,-84.1893,33.33,-2.53,0,0.0,0.0,0.0,0.0,UNRELIABLE,,
volatility,BB-inside-KC squeeze release,1h,short,downtrend|pulling back in trend|clean|contracting,2,-130.577,0.0,-2.61,0,0.0,0.0,0.0,0.0,UNRELIABLE,,
volatility,BB-inside-KC squeeze release,1h,long,uptrend|pulling back in trend|clean|contracting,3,-17.3244,33.33,-0.52,0,0.0,0.0,0.0,0.0,UNRELIABLE,,
volatility,BB-inside-KC squeeze release,1h,short,uptrend|pulling back in trend|clean|contracting,2,52.2939,50.0,1.05,2,186.9315,100.0,3.74,-2.07,UNRELIABLE,,
volatility,BB-inside-KC squeeze release,1h,long,uptrend|at range high|clean|contracting,11,-107.4356,9.09,-11.82,0,0.0,0.0,0.0,0.0,UNRELIABLE,,
volatility,BB-inside-KC squeeze release,1h,short,uptrend|at range high|clean|contracting,0,,,,0,,,,,NO-TRADES,,
volatility,BB-inside-KC squeeze release,1h,long,uptrend|pulling back in trend|clean|expanding,1,-132.6007,0.0,-1.33,0,0.0,0.0,0.0,0.0,UNRELIABLE,,
volatility,BB-inside-KC squeeze release,1h,short,uptrend|pulling back in trend|clean|expanding,1,-130.3325,0.0,-1.3,0,0.0,0.0,0.0,0.0,UNRELIABLE,,
volatility,BB-inside-KC squeeze release,1h,long,downtrend|pulling back in trend|clean|expanding,2,51.3226,50.0,1.03,0,0.0,0.0,0.0,0.0,UNRELIABLE,,
volatility,BB-inside-KC squeeze release,1h,short,downtrend|pulling back in trend|clean|expanding,2,52.1819,50.0,1.04,0,0.0,0.0,0.0,0.0,UNRELIABLE,,
volatility,BB-inside-KC squeeze release,1h,long,transition|at range high|clean|expanding,13,-67.242,15.38,-8.74,7,48.9167,57.14,3.42,-3.66,UNRELIABLE,,
volatility,BB-inside-KC squeeze release,1h,short,transition|at range high|clean|expanding,0,,,,0,,,,,NO-TRADES,,
volatility,BB-inside-KC squeeze release,1h,long,transition|at range low|clean|contracting,0,,,,0,,,,,NO-TRADES,,
volatility,BB-inside-KC squeeze release,1h,short,transition|at range low|clean|contracting,7,-29.4239,42.86,-2.06,5,-18.1921,40.0,-0.91,-3.48,UNRELIABLE,,
volatility,BB-inside-KC squeeze release,1h,long,downtrend|at range high|messy|contracting,14,4.173,35.71,0.58,5,-132.1561,0.0,-6.61,-7.87,UNRELIABLE,,
volatility,BB-inside-KC squeeze release,1h,short,downtrend|at range high|messy|contracting,0,,,,0,,,,,NO-TRADES,,
volatility,BB-inside-KC squeeze release,1h,long,uptrend|at range high|clean|expanding,10,14.3849,50.0,1.44,2,-45.6468,50.0,-0.91,-2.01,UNRELIABLE,,
volatility,BB-inside-KC squeeze release,1h,short,uptrend|at range high|clean|expanding,1,108.4451,100.0,1.08,0,0.0,0.0,0.0,0.0,UNRELIABLE,,
volatility,BB-inside-KC squeeze release,1h,long,downtrend|at range low|clean|contracting,0,,,,0,,,,,NO-TRADES,,
volatility,BB-inside-KC squeeze release,1h,short,downtrend|at range low|clean|contracting,3,51.0078,66.67,1.53,3,81.9565,66.67,2.46,-1.77,UNRELIABLE,,
volatility,BB-inside-KC squeeze release,1h,long,downtrend|pulling back in trend|messy|stalling,1,-18.7383,0.0,-0.19,0,0.0,0.0,0.0,0.0,UNRELIABLE,,
volatility,BB-inside-KC squeeze release,1h,short,downtrend|pulling back in trend|messy|stalling,1,-1.9214,0.0,-0.02,0,0.0,0.0,0.0,0.0,UNRELIABLE,,
volatility,BB-inside-KC squeeze release,1h,long,uptrend|at range high|messy|stalling,4,76.1708,75.0,3.05,5,-4.4882,40.0,-0.22,-2.85,UNRELIABLE,,
volatility,BB-inside-KC squeeze release,1h,short,uptrend|at range high|messy|stalling,0,,,,0,,,,,NO-TRADES,,
volatility,BB-inside-KC squeeze release,1h,long,transition|at range low|clean|expanding,0,,,,0,,,,,NO-TRADES,,
volatility,BB-inside-KC squeeze release,1h,short,transition|at range low|clean|expanding,17,35.2335,47.06,5.99,4,-6.4889,50.0,-0.26,-2.59,UNRELIABLE,,
volatility,BB-inside-KC squeeze release,1h,long,uptrend|pulling back in trend|messy|stalling,2,-132.3113,0.0,-2.65,0,0.0,0.0,0.0,0.0,UNRELIABLE,,
volatility,BB-inside-KC squeeze release,1h,short,uptrend|pulling back in trend|messy|stalling,1,-6.0464,0.0,-0.06,1,-24.7256,0.0,-0.25,-0.91,UNRELIABLE,,
volatility,BB-inside-KC squeeze release,1h,long,uptrend|at range low|messy|contracting,0,,,,0,,,,,NO-TRADES,,
volatility,BB-inside-KC squeeze release,1h,short,uptrend|at range low|messy|contracting,14,32.7924,50.0,4.59,7,-27.9628,28.57,-1.96,-3.39,UNRELIABLE,,
volatility,BB-inside-KC squeeze release,1h,long,downtrend|at range high|messy|expanding,18,-55.6991,22.22,-10.03,3,114.1886,66.67,3.43,-1.8,UNRELIABLE,,
volatility,BB-inside-KC squeeze release,1h,short,downtrend|at range high|messy|expanding,0,,,,0,,,,,NO-TRADES,,
volatility,BB-inside-KC squeeze release,1h,long,uptrend|at range low|messy|expanding,0,,,,0,,,,,NO-TRADES,,
volatility,BB-inside-KC squeeze release,1h,short,uptrend|at range low|messy|expanding,12,28.7679,50.0,3.45,7,57.2107,57.14,4.0,-2.45,UNRELIABLE,,
volatility,BB-inside-KC squeeze release,1h,long,downtrend|at range low|clean|expanding,0,,,,0,,,,,NO-TRADES,,
volatility,BB-inside-KC squeeze release,1h,short,downtrend|at range low|clean|expanding,5,15.1911,40.0,0.76,4,-10.271,25.0,-0.41,-4.0,UNRELIABLE,,
volatility,BB-inside-KC squeeze release,15m,long,transition|mid range|messy|contracting,34,-18.3097,29.41,-6.23,11,-25.7702,18.18,-2.83,-4.12,FAIL,,
volatility,BB-inside-KC squeeze release,15m,short,transition|mid range|messy|contracting,66,-3.9972,37.88,-2.64,7,37.7078,71.43,2.64,-1.19,UNRELIABLE,2.3107,0.0988
volatility,BB-inside-KC squeeze release,15m,long,transition|mid range|messy|expanding,26,2.2409,38.46,0.58,4,61.9306,75.0,2.48,-1.4,UNRELIABLE,0.7815,0.0916
volatility,BB-inside-KC squeeze release,15m,short,transition|mid range|messy|expanding,35,-12.1555,34.29,-4.25,6,36.3025,66.67,2.18,-1.34,UNRELIABLE,,0.1512
volatility,BB-inside-KC squeeze release,15m,long,downtrend|pulling back in trend|messy|contracting,16,-5.1296,37.5,-0.82,6,-36.6086,33.33,-2.2,-2.65,UNRELIABLE,2.442,
volatility,BB-inside-KC squeeze release,15m,short,downtrend|pulling back in trend|messy|contracting,27,4.6508,44.44,1.26,5,22.602,60.0,1.13,-1.36,UNRELIABLE,0.6234,0.217
volatility,BB-inside-KC squeeze release,15m,long,uptrend|at range high|messy|contracting,62,-17.2031,29.03,-10.67,27,-12.7813,33.33,-3.45,-5.66,FAIL,,
volatility,BB-inside-KC squeeze release,15m,short,uptrend|at range high|messy|contracting,0,,,,0,,,,,NO-TRADES,,
volatility,BB-inside-KC squeeze release,15m,long,uptrend|pulling back in trend|messy|contracting,17,10.1254,41.18,1.72,12,-30.4734,25.0,-3.66,-5.29,UNRELIABLE,0.4316,
volatility,BB-inside-KC squeeze release,15m,short,uptrend|pulling back in trend|messy|contracting,17,-28.5462,17.65,-4.85,11,10.7103,45.45,1.18,-1.94,UNRELIABLE,,0.3469
volatility,BB-inside-KC squeeze release,15m,long,downtrend|pulling back in trend|messy|expanding,12,13.0213,41.67,1.56,3,47.4478,66.67,1.42,-0.8,UNRELIABLE,0.3573,0.1243
volatility,BB-inside-KC squeeze release,15m,short,downtrend|pulling back in trend|messy|expanding,20,-30.319,20.0,-6.06,4,-64.5421,0.0,-2.58,-2.58,UNRELIABLE,,
volatility,BB-inside-KC squeeze release,15m,long,uptrend|pulling back in trend|messy|expanding,18,-12.2379,33.33,-2.2,4,-64.6902,0.0,-2.59,-2.59,UNRELIABLE,,
volatility,BB-inside-KC squeeze release,15m,short,uptrend|pulling back in trend|messy|expanding,10,6.0284,50.0,0.6,2,105.363,100.0,2.11,-0.52,UNRELIABLE,0.5306,0.0336
volatility,BB-inside-KC squeeze release,15m,long,transition|at range high|messy|contracting,88,-3.7736,36.36,-3.32,40,-3.4222,37.5,-1.37,-6.79,FAIL,1.7911,1.6821
volatility,BB-inside-KC squeeze release,15m,short,transition|at range high|messy|contracting,0,,,,0,,,,,NO-TRADES,,
volatility,BB-inside-KC squeeze release,15m,long,uptrend|at range high|messy|expanding,67,-15.1921,29.85,-10.18,14,-16.975,28.57,-2.38,-3.43,FAIL,,
volatility,BB-inside-KC squeeze release,15m,short,uptrend|at range high|messy|expanding,0,,,,0,,,,,NO-TRADES,,
volatility,BB-inside-KC squeeze release,15m,long,transition|mid range|clean|contracting,22,21.9344,50.0,4.83,5,-15.0765,40.0,-0.75,-1.74,UNRELIABLE,0.2621,
volatility,BB-inside-KC squeeze release,15m,short,transition|mid range|clean|contracting,19,4.4634,42.11,0.85,3,48.1353,66.67,1.44,-1.07,UNRELIABLE,0.6241,0.1109
volatility,BB-inside-KC squeeze release,15m,long,downtrend|at range low|messy|contracting,0,,,,0,,,,,NO-TRADES,,
volatility,BB-inside-KC squeeze release,15m,short,downtrend|at range low|messy|contracting,51,-7.7491,37.25,-3.95,17,-47.0108,11.76,-7.99,-7.99,FAIL,18.914,
volatility,BB-inside-KC squeeze release,15m,long,transition|at range high|messy|expanding,104,-13.2209,30.77,-13.75,30,-1.2121,40.0,-0.36,-4.33,FAIL,,1.1655
volatility,BB-inside-KC squeeze release,15m,short,transition|at range high|messy|expanding,0,,,,0,,,,,NO-TRADES,,
volatility,BB-inside-KC squeeze release,15m,long,transition|at range low|messy|contracting,0,,,,0,,,,,NO-TRADES,,
volatility,BB-inside-KC squeeze release,15m,short,transition|at range low|messy|contracting,69,-9.9691,36.23,-6.88,42,2.833,40.48,1.19,-7.34,FAIL,,0.7362
volatility,BB-inside-KC squeeze release,15m,long,transition|mid range|clean|expanding,15,-27.1683,20.0,-4.08,2,-65.0599,0.0,-1.3,-1.3,UNRELIABLE,,
volatility,BB-inside-KC squeeze release,15m,short,transition|mid range|clean|expanding,18,10.2518,44.44,1.85,3,-8.7534,33.33,-0.26,-1.3,UNRELIABLE,0.4258,
volatility,BB-inside-KC squeeze release,15m,long,downtrend|at range low|messy|expanding,0,,,,0,,,,,NO-TRADES,,
volatility,BB-inside-KC squeeze release,15m,short,downtrend|at range low|messy|expanding,61,-13.3346,32.79,-8.13,19,-7.1978,36.84,-1.37,-3.26,FAIL,,8.5549
volatility,BB-inside-KC squeeze release,15m,long,transition|at range low|messy|expanding,0,,,,0,,,,,NO-TRADES,,
volatility,BB-inside-KC squeeze release,15m,short,transition|at range low|messy|expanding,101,-9.7344,32.67,-9.83,26,-20.7597,34.62,-5.4,-8.09,FAIL,,
volatility,BB-inside-KC squeeze release,15m,long,downtrend|pulling back in trend|clean|contracting,6,-64.3622,0.0,-3.86,3,-28.2886,33.33,-0.85,-1.55,UNRELIABLE,,
volatility,BB-inside-KC squeeze release,15m,short,downtrend|pulling back in trend|clean|contracting,8,-22.4776,25.0,-1.8,2,12.8345,100.0,0.26,-0.89,UNRELIABLE,,0.1934
volatility,BB-inside-KC squeeze release,15m,long,uptrend|pulling back in trend|clean|contracting,7,-64.282,0.0,-4.5,1,-65.2124,0.0,-0.65,-0.65,UNRELIABLE,,
volatility,BB-inside-KC squeeze release,15m,short,uptrend|pulling back in trend|clean|contracting,11,-2.5058,36.36,-0.28,3,47.8667,66.67,1.44,-0.65,UNRELIABLE,1.5399,0.1173
volatility,BB-inside-KC squeeze release,15m,long,uptrend|at range high|clean|contracting,25,5.8027,44.0,1.45,13,-21.9802,23.08,-2.86,-4.71,FAIL,0.5967,
volatility,BB-inside-KC squeeze release,15m,short,uptrend|at range high|clean|contracting,0,,,,0,,,,,NO-TRADES,,
volatility,BB-inside-KC squeeze release,15m,long,downtrend|pulling back in trend|clean|expanding,5,-5.6192,40.0,-0.28,2,-65.1873,0.0,-1.3,-1.33,UNRELIABLE,4.6613,
volatility,BB-inside-KC squeeze release,15m,short,downtrend|pulling back in trend|clean|expanding,5,-64.0347,0.0,-3.2,3,-41.3653,33.33,-1.24,-1.48,UNRELIABLE,,
volatility,BB-inside-KC squeeze release,15m,long,uptrend|pulling back in trend|clean|expanding,10,-41.2335,10.0,-4.12,3,-8.95,33.33,-0.27,-1.42,UNRELIABLE,,
volatility,BB-inside-KC squeeze release,15m,short,uptrend|pulling back in trend|clean|expanding,5,2.9049,40.0,0.15,2,-64.7642,0.0,-1.3,-1.3,UNRELIABLE,0.726,
volatility,BB-inside-KC squeeze release,15m,long,transition|at range high|clean|contracting,53,-4.341,37.74,-2.3,20,-16.1502,35.0,-3.23,-5.68,FAIL,1.974,
volatility,BB-inside-KC squeeze release,15m,short,transition|at range high|clean|contracting,0,,,,0,,,,,NO-TRADES,,
volatility,BB-inside-KC squeeze release,15m,long,transition|mid range|messy|stalling,6,-23.4262,33.33,-1.41,5,-64.8982,0.0,-3.24,-3.6,UNRELIABLE,,
volatility,BB-inside-KC squeeze release,15m,short,transition|mid range|messy|stalling,11,42.0214,63.64,4.62,1,-65.2825,0.0,-0.65,-0.65,UNRELIABLE,0.1045,
volatility,BB-inside-KC squeeze release,15m,long,transition|at range high|clean|expanding,80,-1.3617,40.0,-1.09,19,0.63,42.11,0.12,-3.11,FAIL,1.1992,0.9293
volatility,BB-inside-KC squeeze release,15m,short,transition|at range high|clean|expanding,0,,,,0,,,,,NO-TRADES,,
volatility,BB-inside-KC squeeze release,15m,long,uptrend|at range high|clean|expanding,35,-7.7107,34.29,-2.7,16,-29.2514,25.0,-4.68,-5.97,FAIL,6.241,
volatility,BB-inside-KC squeeze release,15m,short,uptrend|at range high|clean|expanding,0,,,,0,,,,,NO-TRADES,,
volatility,BB-inside-KC squeeze release,15m,long,downtrend|at range low|clean|contracting,0,,,,0,,,,,NO-TRADES,,
volatility,BB-inside-KC squeeze release,15m,short,downtrend|at range low|clean|contracting,19,-9.2378,31.58,-1.76,6,-15.5026,33.33,-0.93,-1.32,UNRELIABLE,,
volatility,BB-inside-KC squeeze release,15m,long,transition|at range low|clean|contracting,0,,,,0,,,,,NO-TRADES,,
volatility,BB-inside-KC squeeze release,15m,short,transition|at range low|clean|contracting,47,-5.9536,38.3,-2.8,14,-20.5621,28.57,-2.88,-4.09,FAIL,4.2174,
volatility,BB-inside-KC squeeze release,15m,long,transition|at range low|clean|expanding,0,,,,0,,,,,NO-TRADES,,
volatility,BB-inside-KC squeeze release,15m,short,transition|at range low|clean|expanding,80,-2.919,38.75,-2.34,21,-16.3214,38.1,-3.43,-6.37,FAIL,1.6477,
volatility,BB-inside-KC squeeze release,15m,long,downtrend|at range low|clean|expanding,0,,,,0,,,,,NO-TRADES,,
volatility,BB-inside-KC squeeze release,15m,short,downtrend|at range low|clean|expanding,35,-13.169,28.57,-4.61,11,-38.2841,9.09,-4.21,-4.55,FAIL,,
volatility,BB-inside-KC squeeze release,15m,long,downtrend|pulling back in trend|messy|stalling,3,15.8404,66.67,0.48,1,-65.4796,0.0,-0.65,-0.76,UNRELIABLE,0.2897,
volatility,BB-inside-KC squeeze release,15m,short,downtrend|pulling back in trend|messy|stalling,8,-19.1866,25.0,-1.53,1,105.2643,100.0,1.05,-0.46,UNRELIABLE,,0.0295
volatility,BB-inside-KC squeeze release,15m,long,downtrend|at range high|messy|contracting,52,-17.1879,28.85,-8.94,20,-7.3949,30.0,-1.48,-4.06,FAIL,,11.3718
volatility,BB-inside-KC squeeze release,15m,short,downtrend|at range high|messy|contracting,0,,,,0,,,,,NO-TRADES,,
volatility,BB-inside-KC squeeze release,15m,long,uptrend|pulling back in trend|messy|stalling,5,2.0823,40.0,0.1,3,-9.2813,33.33,-0.28,-1.34,UNRELIABLE,0.8032,
volatility,BB-inside-KC squeeze release,15m,short,uptrend|pulling back in trend|messy|stalling,3,-9.2222,33.33,-0.28,2,-35.4587,0.0,-0.71,-0.96,UNRELIABLE,,
volatility,BB-inside-KC squeeze release,15m,long,downtrend|at range high|messy|expanding,53,9.2478,47.17,4.9,23,3.5079,43.48,0.81,-3.42,SURVIVOR,0.4689,0.7027
volatility,BB-inside-KC squeeze release,15m,short,downtrend|at range high|messy|expanding,0,,,,0,,,,,NO-TRADES,,
volatility,BB-inside-KC squeeze release,15m,long,uptrend|at range high|messy|stalling,19,-18.6347,26.32,-3.54,8,-23.5473,25.0,-1.88,-3.19,UNRELIABLE,,
volatility,BB-inside-KC squeeze release,15m,short,uptrend|at range high|messy|stalling,0,,,,0,,,,,NO-TRADES,,
volatility,Stdev channel mean-revert,1h,long,transition|mid range|messy|contracting,0,,,,0,,,,,NO-TRADES,,
volatility,Stdev channel mean-revert,1h,short,transition|mid range|messy|contracting,0,,,,0,,,,,NO-TRADES,,
volatility,Stdev channel mean-revert,1h,long,transition|mid range|messy|expanding,0,,,,0,,,,,NO-TRADES,,
volatility,Stdev channel mean-revert,1h,short,transition|mid range|messy|expanding,1,-131.5534,0.0,-1.32,0,0.0,0.0,0.0,0.0,UNRELIABLE,,
volatility,Stdev channel mean-revert,1h,long,uptrend|at range high|messy|contracting,0,,,,0,,,,,NO-TRADES,,
volatility,Stdev channel mean-revert,1h,short,uptrend|at range high|messy|contracting,2,-131.5257,0.0,-2.63,0,0.0,0.0,0.0,0.0,UNRELIABLE,,
volatility,Stdev channel mean-revert,1h,long,downtrend|pulling back in trend|messy|contracting,0,,,,0,,,,,NO-TRADES,,
volatility,Stdev channel mean-revert,1h,short,downtrend|pulling back in trend|messy|contracting,0,,,,0,,,,,NO-TRADES,,
volatility,Stdev channel mean-revert,1h,long,uptrend|pulling back in trend|messy|contracting,0,,,,0,,,,,NO-TRADES,,
volatility,Stdev channel mean-revert,1h,short,uptrend|pulling back in trend|messy|contracting,0,,,,0,,,,,NO-TRADES,,
volatility,Stdev channel mean-revert,1h,long,uptrend|at range high|messy|expanding,0,,,,0,,,,,NO-TRADES,,
volatility,Stdev channel mean-revert,1h,short,uptrend|at range high|messy|expanding,5,-108.5413,0.0,-5.43,0,0.0,0.0,0.0,0.0,UNRELIABLE,,
volatility,Stdev channel mean-revert,1h,long,downtrend|pulling back in trend|messy|expanding,0,,,,0,,,,,NO-TRADES,,
volatility,Stdev channel mean-revert,1h,short,downtrend|pulling back in trend|messy|expanding,0,,,,0,,,,,NO-TRADES,,
volatility,Stdev channel mean-revert,1h,long,transition|at range high|messy|contracting,0,,,,0,,,,,NO-TRADES,,
volatility,Stdev channel mean-revert,1h,short,transition|at range high|messy|contracting,4,99.938,100.0,4.0,0,0.0,0.0,0.0,0.0,UNRELIABLE,,
volatility,Stdev channel mean-revert,1h,long,uptrend|pulling back in trend|messy|expanding,0,,,,0,,,,,NO-TRADES,,
volatility,Stdev channel mean-revert,1h,short,uptrend|pulling back in trend|messy|expanding,0,,,,0,,,,,NO-TRADES,,
volatility,Stdev channel mean-revert,1h,long,transition|at range high|messy|expanding,0,,,,0,,,,,NO-TRADES,,
volatility,Stdev channel mean-revert,1h,short,transition|at range high|messy|expanding,14,-45.298,28.57,-6.34,3,115.8981,66.67,3.48,-1.44,UNRELIABLE,,
volatility,Stdev channel mean-revert,1h,long,downtrend|at range low|messy|contracting,2,76.9308,50.0,1.54,1,237.4922,100.0,2.37,-0.19,UNRELIABLE,,
volatility,Stdev channel mean-revert,1h,short,downtrend|at range low|messy|contracting,0,,,,0,,,,,NO-TRADES,,
volatility,Stdev channel mean-revert,1h,long,transition|at range low|messy|contracting,4,50.8417,50.0,2.03,0,0.0,0.0,0.0,0.0,UNRELIABLE,,
volatility,Stdev channel mean-revert,1h,short,transition|at range low|messy|contracting,0,,,,0,,,,,NO-TRADES,,
volatility,Stdev channel mean-revert,1h,long,downtrend|at range low|messy|expanding,7,-79.3512,14.29,-5.55,0,0.0,0.0,0.0,0.0,UNRELIABLE,,
volatility,Stdev channel mean-revert,1h,short,downtrend|at range low|messy|expanding,0,,,,0,,,,,NO-TRADES,,
volatility,Stdev channel mean-revert,1h,long,transition|at range low|messy|expanding,11,-57.0829,27.27,-6.28,6,-12.3245,33.33,-0.74,-4.35,UNRELIABLE,,
volatility,Stdev channel mean-revert,1h,short,transition|at range low|messy|expanding,0,,,,0,,,,,NO-TRADES,,
volatility,Stdev channel mean-revert,1h,long,transition|mid range|clean|contracting,0,,,,0,,,,,NO-TRADES,,
volatility,Stdev channel mean-revert,1h,short,transition|mid range|clean|contracting,0,,,,0,,,,,NO-TRADES,,
volatility,Stdev channel mean-revert,1h,long,transition|mid range|clean|expanding,1,3.9798,100.0,0.04,0,0.0,0.0,0.0,0.0,UNRELIABLE,,
volatility,Stdev channel mean-revert,1h,short,transition|mid range|clean|expanding,1,239.6563,100.0,2.4,0,0.0,0.0,0.0,0.0,UNRELIABLE,,
volatility,Stdev channel mean-revert,1h,long,transition|mid range|messy|stalling,1,-131.4491,0.0,-1.31,0,0.0,0.0,0.0,0.0,UNRELIABLE,,
volatility,Stdev channel mean-revert,1h,short,transition|mid range|messy|stalling,0,,,,0,,,,,NO-TRADES,,
volatility,Stdev channel mean-revert,1h,long,transition|at range high|clean|contracting,0,,,,0,,,,,NO-TRADES,,
volatility,Stdev channel mean-revert,1h,short,transition|at range high|clean|contracting,5,-58.0726,20.0,-2.9,1,136.085,100.0,1.36,-0.54,UNRELIABLE,,
volatility,Stdev channel mean-revert,1h,long,downtrend|pulling back in trend|clean|contracting,0,,,,0,,,,,NO-TRADES,,
volatility,Stdev channel mean-revert,1h,short,downtrend|pulling back in trend|clean|contracting,0,,,,0,,,,,NO-TRADES,,
volatility,Stdev channel mean-revert,1h,long,uptrend|pulling back in trend|clean|contracting,0,,,,0,,,,,NO-TRADES,,
volatility,Stdev channel mean-revert,1h,short,uptrend|pulling back in trend|clean|contracting,0,,,,0,,,,,NO-TRADES,,
volatility,Stdev channel mean-revert,1h,long,uptrend|at range high|clean|contracting,0,,,,0,,,,,NO-TRADES,,
volatility,Stdev channel mean-revert,1h,short,uptrend|at range high|clean|contracting,0,,,,0,,,,,NO-TRADES,,
volatility,Stdev channel mean-revert,1h,long,uptrend|pulling back in trend|clean|expanding,1,-132.3062,0.0,-1.32,0,0.0,0.0,0.0,0.0,UNRELIABLE,,
volatility,Stdev channel mean-revert,1h,short,uptrend|pulling back in trend|clean|expanding,0,,,,0,,,,,NO-TRADES,,
volatility,Stdev channel mean-revert,1h,long,downtrend|pulling back in trend|clean|expanding,0,,,,0,,,,,NO-TRADES,,
volatility,Stdev channel mean-revert,1h,short,downtrend|pulling back in trend|clean|expanding,0,,,,0,,,,,NO-TRADES,,
volatility,Stdev channel mean-revert,1h,long,transition|at range high|clean|expanding,0,,,,0,,,,,NO-TRADES,,
volatility,Stdev channel mean-revert,1h,short,transition|at range high|clean|expanding,5,-9.39,40.0,-0.47,2,177.3085,100.0,3.55,-1.2,UNRELIABLE,,
volatility,Stdev channel mean-revert,1h,long,transition|at range low|clean|contracting,2,-24.0442,50.0,-0.48,0,0.0,0.0,0.0,0.0,UNRELIABLE,,
volatility,Stdev channel mean-revert,1h,short,transition|at range low|clean|contracting,0,,,,0,,,,,NO-TRADES,,
volatility,Stdev channel mean-revert,1h,long,downtrend|at range high|messy|contracting,0,,,,0,,,,,NO-TRADES,,
volatility,Stdev channel mean-revert,1h,short,downtrend|at range high|messy|contracting,1,-131.3168,0.0,-1.31,1,239.2104,100.0,2.39,0.0,UNRELIABLE,,
volatility,Stdev channel mean-revert,1h,long,uptrend|at range high|clean|expanding,0,,,,0,,,,,NO-TRADES,,
volatility,Stdev channel mean-revert,1h,short,uptrend|at range high|clean|expanding,4,52.7164,50.0,2.11,0,0.0,0.0,0.0,0.0,UNRELIABLE,,
volatility,Stdev channel mean-revert,1h,long,downtrend|at range low|clean|contracting,1,-132.3464,0.0,-1.32,2,-133.041,0.0,-2.66,-2.66,UNRELIABLE,,
volatility,Stdev channel mean-revert,1h,short,downtrend|at range low|clean|contracting,0,,,,0,,,,,NO-TRADES,,
volatility,Stdev channel mean-revert,1h,long,downtrend|pulling back in trend|messy|stalling,0,,,,0,,,,,NO-TRADES,,
volatility,Stdev channel mean-revert,1h,short,downtrend|pulling back in trend|messy|stalling,0,,,,0,,,,,NO-TRADES,,
volatility,Stdev channel mean-revert,1h,long,uptrend|at range high|messy|stalling,0,,,,0,,,,,NO-TRADES,,
volatility,Stdev channel mean-revert,1h,short,uptrend|at range high|messy|stalling,2,-2.0887,50.0,-0.04,1,-17.468,0.0,-0.17,-1.05,UNRELIABLE,,
volatility,Stdev channel mean-revert,1h,long,transition|at range low|clean|expanding,11,-16.9433,36.36,-1.86,2,50.1052,50.0,1.0,-2.22,UNRELIABLE,,
volatility,Stdev channel mean-revert,1h,short,transition|at range low|clean|expanding,0,,,,0,,,,,NO-TRADES,,
volatility,Stdev channel mean-revert,1h,long,uptrend|pulling back in trend|messy|stalling,0,,,,0,,,,,NO-TRADES,,
volatility,Stdev channel mean-revert,1h,short,uptrend|pulling back in trend|messy|stalling,0,,,,0,,,,,NO-TRADES,,
volatility,Stdev channel mean-revert,1h,long,uptrend|at range low|messy|contracting,3,57.7163,66.67,1.73,3,-130.7501,0.0,-3.92,-3.92,UNRELIABLE,,
volatility,Stdev channel mean-revert,1h,short,uptrend|at range low|messy|contracting,0,,,,0,,,,,NO-TRADES,,
volatility,Stdev channel mean-revert,1h,long,downtrend|at range high|messy|expanding,0,,,,0,,,,,NO-TRADES,,
volatility,Stdev channel mean-revert,1h,short,downtrend|at range high|messy|expanding,3,-48.6963,33.33,-1.46,0,0.0,0.0,0.0,0.0,UNRELIABLE,,
volatility,Stdev channel mean-revert,1h,long,uptrend|at range low|messy|expanding,4,-77.0616,25.0,-3.08,4,-41.344,25.0,-1.65,-3.92,UNRELIABLE,,
volatility,Stdev channel mean-revert,1h,short,uptrend|at range low|messy|expanding,0,,,,0,,,,,NO-TRADES,,
volatility,Stdev channel mean-revert,1h,long,downtrend|at range low|clean|expanding,3,-81.7613,33.33,-2.45,1,-132.5965,0.0,-1.33,-1.65,UNRELIABLE,,
volatility,Stdev channel mean-revert,1h,short,downtrend|at range low|clean|expanding,0,,,,0,,,,,NO-TRADES,,
volatility,Stdev channel mean-revert,15m,long,transition|mid range|messy|contracting,1,8.4842,100.0,0.08,0,0.0,0.0,0.0,0.0,UNRELIABLE,0.3935,
volatility,Stdev channel mean-revert,15m,short,transition|mid range|messy|contracting,0,,,,0,,,,,NO-TRADES,,
volatility,Stdev channel mean-revert,15m,long,transition|mid range|messy|expanding,5,9.3677,60.0,0.47,0,0.0,0.0,0.0,0.0,UNRELIABLE,0.448,
volatility,Stdev channel mean-revert,15m,short,transition|mid range|messy|expanding,1,-65.3429,0.0,-0.65,1,-65.0811,0.0,-0.65,-0.68,UNRELIABLE,,
volatility,Stdev channel mean-revert,15m,long,downtrend|pulling back in trend|messy|contracting,1,39.4459,100.0,0.39,0,0.0,0.0,0.0,0.0,UNRELIABLE,0.1226,
volatility,Stdev channel mean-revert,15m,short,downtrend|pulling back in trend|messy|contracting,0,,,,0,,,,,NO-TRADES,,
volatility,Stdev channel mean-revert,15m,long,uptrend|at range high|messy|contracting,0,,,,0,,,,,NO-TRADES,,
volatility,Stdev channel mean-revert,15m,short,uptrend|at range high|messy|contracting,4,11.3263,50.0,0.45,4,-64.4563,0.0,-2.58,-2.58,UNRELIABLE,0.3852,
volatility,Stdev channel mean-revert,15m,long,uptrend|pulling back in trend|messy|contracting,0,,,,0,,,,,NO-TRADES,,
volatility,Stdev channel mean-revert,15m,short,uptrend|pulling back in trend|messy|contracting,0,0.0,0.0,0.0,1,104.1946,100.0,1.04,-0.46,UNRELIABLE,,0.0394
volatility,Stdev channel mean-revert,15m,long,downtrend|pulling back in trend|messy|expanding,3,-9.5776,33.33,-0.29,0,0.0,0.0,0.0,0.0,UNRELIABLE,,
volatility,Stdev channel mean-revert,15m,short,downtrend|pulling back in trend|messy|expanding,1,-65.5412,0.0,-0.66,0,0.0,0.0,0.0,0.0,UNRELIABLE,,
volatility,Stdev channel mean-revert,15m,long,uptrend|pulling back in trend|messy|expanding,2,-26.5856,50.0,-0.53,0,0.0,0.0,0.0,0.0,UNRELIABLE,,
volatility,Stdev channel mean-revert,15m,short,uptrend|pulling back in trend|messy|expanding,3,-8.7468,33.33,-0.26,0,0.0,0.0,0.0,0.0,UNRELIABLE,,
volatility,Stdev channel mean-revert,15m,long,transition|at range high|messy|contracting,0,,,,0,,,,,NO-TRADES,,
volatility,Stdev channel mean-revert,15m,short,transition|at range high|messy|contracting,4,38.9415,75.0,1.56,1,-65.2011,0.0,-0.65,-0.71,UNRELIABLE,0.1314,
volatility,Stdev channel mean-revert,15m,long,uptrend|at range high|messy|expanding,0,,,,0,,,,,NO-TRADES,,
volatility,Stdev channel mean-revert,15m,short,uptrend|at range high|messy|expanding,16,-12.3147,31.25,-1.97,7,0.7624,42.86,0.05,-1.99,UNRELIABLE,,0.904
volatility,Stdev channel mean-revert,15m,long,transition|mid range|clean|contracting,1,-65.1813,0.0,-0.65,0,0.0,0.0,0.0,0.0,UNRELIABLE,,
volatility,Stdev channel mean-revert,15m,short,transition|mid range|clean|contracting,1,-64.6276,0.0,-0.65,0,0.0,0.0,0.0,0.0,UNRELIABLE,,
volatility,Stdev channel mean-revert,15m,long,downtrend|at range low|messy|contracting,6,-9.1568,33.33,-0.55,2,18.8642,50.0,0.38,-0.89,UNRELIABLE,,0.297
volatility,Stdev channel mean-revert,15m,short,downtrend|at range low|messy|contracting,0,,,,0,,,,,NO-TRADES,,
volatility,Stdev channel mean-revert,15m,long,transition|at range high|messy|expanding,0,,,,0,,,,,NO-TRADES,,
volatility,Stdev channel mean-revert,15m,short,transition|at range high|messy|expanding,21,-6.8278,38.1,-1.43,5,36.8503,60.0,1.84,-1.29,UNRELIABLE,8.6823,0.1514
volatility,Stdev channel mean-revert,15m,long,transition|at range low|messy|contracting,8,-2.081,37.5,-0.17,8,30.2956,62.5,2.42,-1.09,UNRELIABLE,1.3238,0.1897
volatility,Stdev channel mean-revert,15m,short,transition|at range low|messy|contracting,0,,,,0,,,,,NO-TRADES,,
volatility,Stdev channel mean-revert,15m,long,transition|mid range|clean|expanding,1,103.9088,100.0,1.04,1,-65.1813,0.0,-0.65,-0.65,UNRELIABLE,0.042,
volatility,Stdev channel mean-revert,15m,short,transition|mid range|clean|expanding,2,19.8622,50.0,0.4,1,-65.2464,0.0,-0.65,-0.86,UNRELIABLE,0.2578,
volatility,Stdev channel mean-revert,15m,long,downtrend|at range low|messy|expanding,29,-13.888,31.03,-4.03,6,47.8284,66.67,2.87,-1.43,UNRELIABLE,,0.1251
volatility,Stdev channel mean-revert,15m,short,downtrend|at range low|messy|expanding,0,,,,0,,,,,NO-TRADES,,
volatility,Stdev channel mean-revert,15m,long,transition|at range low|messy|expanding,35,-41.5948,17.14,-14.56,10,-47.4939,10.0,-4.75,-5.12,FAIL,,
volatility,Stdev channel mean-revert,15m,short,transition|at range low|messy|expanding,0,,,,0,,,,,NO-TRADES,,
volatility,Stdev channel mean-revert,15m,long,downtrend|pulling back in trend|clean|contracting,0,,,,0,,,,,NO-TRADES,,
volatility,Stdev channel mean-revert,15m,short,downtrend|pulling back in trend|clean|contracting,0,,,,0,,,,,NO-TRADES,,
volatility,Stdev channel mean-revert,15m,long,uptrend|pulling back in trend|clean|contracting,1,-65.0326,0.0,-0.65,0,0.0,0.0,0.0,0.0,UNRELIABLE,,
volatility,Stdev channel mean-revert,15m,short,uptrend|pulling back in trend|clean|contracting,0,,,,0,,,,,NO-TRADES,,
volatility,Stdev channel mean-revert,15m,long,uptrend|at range high|clean|contracting,0,,,,0,,,,,NO-TRADES,,
volatility,Stdev channel mean-revert,15m,short,uptrend|at range high|clean|contracting,3,-8.8377,33.33,-0.27,0,0.0,0.0,0.0,0.0,UNRELIABLE,,
volatility,Stdev channel mean-revert,15m,long,downtrend|pulling back in trend|clean|expanding,1,-66.1932,0.0,-0.66,0,0.0,0.0,0.0,0.0,UNRELIABLE,,
volatility,Stdev channel mean-revert,15m,short,downtrend|pulling back in trend|clean|expanding,0,,,,0,,,,,NO-TRADES,,
volatility,Stdev channel mean-revert,15m,long,uptrend|pulling back in trend|clean|expanding,1,102.9466,100.0,1.03,0,0.0,0.0,0.0,0.0,UNRELIABLE,0.0509,
volatility,Stdev channel mean-revert,15m,short,uptrend|pulling back in trend|clean|expanding,1,17.48,100.0,0.17,0,0.0,0.0,0.0,0.0,UNRELIABLE,0.1253,
volatility,Stdev channel mean-revert,15m,long,transition|at range high|clean|contracting,0,,,,0,,,,,NO-TRADES,,
volatility,Stdev channel mean-revert,15m,short,transition|at range high|clean|contracting,11,-13.9868,45.45,-1.54,3,-8.9656,33.33,-0.27,-1.38,UNRELIABLE,,
volatility,Stdev channel mean-revert,15m,long,transition|mid range|messy|stalling,1,-65.1813,0.0,-0.65,0,0.0,0.0,0.0,0.0,UNRELIABLE,,
volatility,Stdev channel mean-revert,15m,short,transition|mid range|messy|stalling,0,,,,0,,,,,NO-TRADES,,
volatility,Stdev channel mean-revert,15m,long,transition|at range high|clean|expanding,0,,,,0,,,,,NO-TRADES,,
volatility,Stdev channel mean-revert,15m,short,transition|at range high|clean|expanding,31,-28.1495,22.58,-8.73,4,-64.1892,0.0,-2.57,-2.57,UNRELIABLE,,
volatility,Stdev channel mean-revert,15m,long,uptrend|at range high|clean|expanding,0,,,,0,,,,,NO-TRADES,,
volatility,Stdev channel mean-revert,15m,short,uptrend|at range high|clean|expanding,20,-20.0514,30.0,-4.01,2,106.2457,100.0,2.12,-0.41,UNRELIABLE,,0.0257
volatility,Stdev channel mean-revert,15m,long,downtrend|at range low|clean|contracting,10,-17.9211,40.0,-1.79,1,25.7345,100.0,0.26,-0.61,UNRELIABLE,,0.1716
volatility,Stdev channel mean-revert,15m,short,downtrend|at range low|clean|contracting,0,,,,0,,,,,NO-TRADES,,
volatility,Stdev channel mean-revert,15m,long,transition|at range low|clean|contracting,8,-23.1214,25.0,-1.85,4,-23.0505,25.0,-0.92,-1.3,UNRELIABLE,,
volatility,Stdev channel mean-revert,15m,short,transition|at range low|clean|contracting,0,,,,0,,,,,NO-TRADES,,
volatility,Stdev channel mean-revert,15m,long,transition|at range low|clean|expanding,38,-22.1382,28.95,-8.41,5,2.243,40.0,0.11,-1.95,UNRELIABLE,,0.7851
volatility,Stdev channel mean-revert,15m,short,transition|at range low|clean|expanding,0,,,,0,,,,,NO-TRADES,,
volatility,Stdev channel mean-revert,15m,long,downtrend|at range low|clean|expanding,23,-17.7604,34.78,-4.08,7,-19.6469,42.86,-1.38,-2.28,UNRELIABLE,,
volatility,Stdev channel mean-revert,15m,short,downtrend|at range low|clean|expanding,0,,,,0,,,,,NO-TRADES,,
volatility,Stdev channel mean-revert,15m,long,downtrend|pulling back in trend|messy|stalling,0,,,,0,,,,,NO-TRADES,,
volatility,Stdev channel mean-revert,15m,short,downtrend|pulling back in trend|messy|stalling,0,,,,0,,,,,NO-TRADES,,
volatility,Stdev channel mean-revert,15m,long,downtrend|at range high|messy|contracting,0,,,,0,,,,,NO-TRADES,,
volatility,Stdev channel mean-revert,15m,short,downtrend|at range high|messy|contracting,3,-8.9638,33.33,-0.27,1,-65.2825,0.0,-0.65,-0.65,UNRELIABLE,,
volatility,Stdev channel mean-revert,15m,long,uptrend|pulling back in trend|messy|stalling,2,49.1561,50.0,0.98,0,0.0,0.0,0.0,0.0,UNRELIABLE,0.086,
volatility,Stdev channel mean-revert,15m,short,uptrend|pulling back in trend|messy|stalling,0,,,,0,,,,,NO-TRADES,,
volatility,Stdev channel mean-revert,15m,long,downtrend|at range high|messy|expanding,0,,,,0,,,,,NO-TRADES,,
volatility,Stdev channel mean-revert,15m,short,downtrend|at range high|messy|expanding,14,-22.2866,28.57,-3.12,5,-64.2675,0.0,-3.21,-3.91,UNRELIABLE,,
volatility,Stdev channel mean-revert,15m,long,uptrend|at range high|messy|stalling,0,,,,0,,,,,NO-TRADES,,
volatility,Stdev channel mean-revert,15m,short,uptrend|at range high|messy|stalling,3,-8.8964,33.33,-0.27,0,0.0,0.0,0.0,0.0,UNRELIABLE,,
volume,OBV trend (vs own MA),1h,long,transition|mid range|messy|contracting,124,-1.5761,38.71,-1.95,39,22.3746,53.85,8.73,-5.83,FAIL,,
volume,OBV trend (vs own MA),1h,short,transition|mid range|messy|contracting,147,-16.2512,34.01,-23.89,43,12.6118,41.86,5.42,-8.95,FAIL,,
volume,OBV trend (vs own MA),1h,long,transition|mid range|messy|expanding,158,22.6751,43.67,35.83,48,-3.8712,39.58,-1.86,-14.24,FAIL,,
volume,OBV trend (vs own MA),1h,short,transition|mid range|messy|expanding,156,-2.5488,41.03,-3.98,54,4.583,38.89,2.47,-12.18,FAIL,,
volume,OBV trend (vs own MA),1h,long,uptrend|at range high|messy|contracting,47,-7.5386,31.91,-3.54,17,-9.1176,41.18,-1.55,-4.33,FAIL,,
volume,OBV trend (vs own MA),1h,short,uptrend|at range high|messy|contracting,43,6.956,44.19,2.99,21,-27.7342,33.33,-5.82,-8.88,FAIL,,
volume,OBV trend (vs own MA),1h,long,downtrend|pulling back in trend|messy|contracting,84,8.0762,44.05,6.78,18,26.276,50.0,4.73,-7.38,SURVIVOR,,
volume,OBV trend (vs own MA),1h,short,downtrend|pulling back in trend|messy|contracting,62,12.0301,41.94,7.46,14,-13.2866,35.71,-1.86,-5.61,FAIL,,
volume,OBV trend (vs own MA),1h,long,uptrend|pulling back in trend|messy|contracting,78,-19.8689,33.33,-15.5,22,-15.4183,36.36,-3.39,-7.7,FAIL,,
volume,OBV trend (vs own MA),1h,short,uptrend|pulling back in trend|messy|contracting,90,-2.309,36.67,-2.08,34,-8.2806,35.29,-2.82,-6.86,FAIL,,
volume,OBV trend (vs own MA),1h,long,uptrend|at range high|messy|expanding,67,-28.7376,31.34,-19.25,26,-15.4646,42.31,-4.02,-8.77,FAIL,,
volume,OBV trend (vs own MA),1h,short,uptrend|at range high|messy|expanding,39,-34.8161,35.9,-13.58,16,-12.8493,43.75,-2.06,-7.28,FAIL,,
volume,OBV trend (vs own MA),1h,long,downtrend|pulling back in trend|messy|expanding,112,-15.9815,36.61,-17.9,42,-7.4124,38.1,-3.11,-9.95,FAIL,,
volume,OBV trend (vs own MA),1h,short,downtrend|pulling back in trend|messy|expanding,70,2.8042,38.57,1.96,22,4.4312,50.0,0.97,-5.26,SURVIVOR,,
volume,OBV trend (vs own MA),1h,long,transition|at range high|messy|contracting,54,10.3545,40.74,5.59,19,-60.3103,15.79,-11.46,-13.74,FAIL,,
volume,OBV trend (vs own MA),1h,short,transition|at range high|messy|contracting,44,-7.5414,36.36,-3.32,13,-3.111,30.77,-0.4,-3.5,FAIL,,
volume,OBV trend (vs own MA),1h,long,uptrend|pulling back in trend|messy|expanding,77,-0.834,41.56,-0.64,27,21.9608,48.15,5.93,-11.34,FAIL,,
volume,OBV trend (vs own MA),1h,short,uptrend|pulling back in trend|messy|expanding,142,12.5824,44.37,17.87,42,-2.9723,35.71,-1.25,-9.16,FAIL,,
volume,OBV trend (vs own MA),1h,long,transition|at range high|messy|expanding,80,-8.0012,37.5,-6.4,30,1.8924,40.0,0.57,-8.11,FAIL,,
volume,OBV trend (vs own MA),1h,short,transition|at range high|messy|expanding,46,0.2204,43.48,0.1,17,36.4516,47.06,6.2,-3.63,SURVIVOR,,
volume,OBV trend (vs own MA),1h,long,downtrend|at range low|messy|contracting,42,-27.2585,30.95,-11.45,5,7.9815,60.0,0.4,-2.16,UNRELIABLE,,
volume,OBV trend (vs own MA),1h,short,downtrend|at range low|messy|contracting,27,-28.0152,33.33,-7.56,5,-85.2656,20.0,-4.26,-5.29,UNRELIABLE,,
volume,OBV trend (vs own MA),1h,long,transition|at range low|messy|contracting,38,-31.2796,34.21,-11.89,7,113.9871,71.43,7.98,-2.04,UNRELIABLE,,
volume,OBV trend (vs own MA),1h,short,transition|at range low|messy|contracting,41,-4.9037,39.02,-2.01,11,-37.4048,27.27,-4.11,-5.39,FAIL,,
volume,OBV trend (vs own MA),1h,long,downtrend|at range low|messy|expanding,39,-34.1303,30.77,-13.31,7,-72.9576,28.57,-5.11,-6.61,UNRELIABLE,,
volume,OBV trend (vs own MA),1h,short,downtrend|at range low|messy|expanding,56,-8.5079,33.93,-4.76,10,-65.7042,20.0,-6.57,-7.5,FAIL,,
volume,OBV trend (vs own MA),1h,long,transition|at range low|messy|expanding,39,-29.3633,35.9,-11.45,19,14.8267,42.11,2.82,-7.46,FAIL,,
volume,OBV trend (vs own MA),1h,short,transition|at range low|messy|expanding,88,-7.1499,34.09,-6.29,35,-38.4103,31.43,-13.44,-19.16,FAIL,,
volume,OBV trend (vs own MA),1h,long,transition|mid range|clean|contracting,45,6.2684,42.22,2.82,15,-20.7361,26.67,-3.11,-7.74,FAIL,,
volume,OBV trend (vs own MA),1h,short,transition|mid range|clean|contracting,43,-15.4109,39.53,-6.63,10,-50.1372,20.0,-5.01,-9.06,FAIL,,
volume,OBV trend (vs own MA),1h,long,transition|mid range|clean|expanding,53,3.0138,45.28,1.6,21,53.4428,57.14,11.22,-3.51,SURVIVOR,,
volume,OBV trend (vs own MA),1h,short,transition|mid range|clean|expanding,65,-6.0547,38.46,-3.94,22,-51.6661,22.73,-11.37,-13.67,FAIL,,
volume,OBV trend (vs own MA),1h,long,transition|mid range|messy|stalling,53,-28.3266,30.19,-15.01,19,-23.4272,31.58,-4.45,-11.94,FAIL,,
volume,OBV trend (vs own MA),1h,short,transition|mid range|messy|stalling,48,-21.5988,29.17,-10.37,18,-29.7009,27.78,-5.35,-6.37,FAIL,,
volume,OBV trend (vs own MA),1h,long,transition|at range high|clean|contracting,16,-60.41,25.0,-9.67,3,33.8702,33.33,1.02,-1.32,UNRELIABLE,,
volume,OBV trend (vs own MA),1h,short,transition|at range high|clean|contracting,17,30.165,47.06,5.13,1,-132.5686,0.0,-1.33,-1.33,UNRELIABLE,,
volume,OBV trend (vs own MA),1h,long,downtrend|pulling back in trend|clean|contracting,52,-10.3206,38.46,-5.37,18,-10.2413,33.33,-1.84,-6.79,FAIL,,
volume,OBV trend (vs own MA),1h,short,downtrend|pulling back in trend|clean|contracting,17,-47.1953,23.53,-8.02,8,-35.656,37.5,-2.85,-4.79,UNRELIABLE,,
volume,OBV trend (vs own MA),1h,long,uptrend|pulling back in trend|clean|contracting,28,-1.025,35.71,-0.29,11,11.3073,45.45,1.24,-4.2,FAIL,,
volume,OBV trend (vs own MA),1h,short,uptrend|pulling back in trend|clean|contracting,40,48.6854,55.0,19.47,11,41.7739,54.55,4.6,-4.53,SURVIVOR,,
volume,OBV trend (vs own MA),1h,long,uptrend|at range high|clean|contracting,15,4.7823,40.0,0.72,2,-131.6372,0.0,-2.63,-3.07,UNRELIABLE,,
volume,OBV trend (vs own MA),1h,short,uptrend|at range high|clean|contracting,16,6.1077,37.5,0.98,2,-16.2044,50.0,-0.32,-1.32,UNRELIABLE,,
volume,OBV trend (vs own MA),1h,long,uptrend|pulling back in trend|clean|expanding,22,-1.7321,40.91,-0.38,5,76.7104,60.0,3.84,-2.06,UNRELIABLE,,
volume,OBV trend (vs own MA),1h,short,uptrend|pulling back in trend|clean|expanding,58,4.4039,41.38,2.55,23,-45.3838,30.43,-10.44,-15.01,FAIL,,
volume,OBV trend (vs own MA),1h,long,downtrend|pulling back in trend|clean|expanding,47,1.7803,40.43,0.84,13,-16.8346,38.46,-2.19,-6.31,FAIL,,
volume,OBV trend (vs own MA),1h,short,downtrend|pulling back in trend|clean|expanding,28,-20.9365,32.14,-5.86,8,-38.743,25.0,-3.1,-4.67,FAIL,,
volume,OBV trend (vs own MA),1h,long,transition|at range high|clean|expanding,31,-22.8466,29.03,-7.08,12,-30.0257,25.0,-3.6,-7.44,FAIL,,
volume,OBV trend (vs own MA),1h,short,transition|at range high|clean|expanding,8,-72.0546,12.5,-5.76,2,-37.5839,50.0,-0.75,-1.62,UNRELIABLE,,
volume,OBV trend (vs own MA),1h,long,transition|at range low|clean|contracting,9,-74.4429,22.22,-6.7,0,0.0,0.0,0.0,0.0,UNRELIABLE,,
volume,OBV trend (vs own MA),1h,short,transition|at range low|clean|contracting,8,90.9796,62.5,7.28,2,-51.6722,50.0,-1.03,-3.24,UNRELIABLE,,
volume,OBV trend (vs own MA),1h,long,downtrend|at range high|messy|contracting,28,-21.3574,35.71,-5.98,5,-61.6288,20.0,-3.08,-5.33,UNRELIABLE,,
volume,OBV trend (vs own MA),1h,short,downtrend|at range high|messy|contracting,16,-67.3254,31.25,-10.77,5,166.3174,80.0,8.32,-1.53,UNRELIABLE,,
volume,OBV trend (vs own MA),1h,long,uptrend|at range high|clean|expanding,22,-29.2931,31.82,-6.44,8,-28.9044,25.0,-2.31,-4.37,FAIL,,
volume,OBV trend (vs own MA),1h,short,uptrend|at range high|clean|expanding,13,89.9977,61.54,11.7,2,51.8564,50.0,1.04,-1.32,UNRELIABLE,,
volume,OBV trend (vs own MA),1h,long,downtrend|at range low|clean|contracting,5,113.0959,60.0,5.65,3,84.9295,66.67,2.55,-1.62,UNRELIABLE,,
volume,OBV trend (vs own MA),1h,short,downtrend|at range low|clean|contracting,11,35.8288,45.45,3.94,3,-65.447,33.33,-1.96,-3.73,UNRELIABLE,,
volume,OBV trend (vs own MA),1h,long,downtrend|pulling back in trend|messy|stalling,39,5.2024,43.59,2.03,15,30.0574,46.67,4.51,-5.21,SURVIVOR,,
volume,OBV trend (vs own MA),1h,short,downtrend|pulling back in trend|messy|stalling,28,-19.5375,32.14,-5.47,9,-87.078,11.11,-7.84,-8.42,FAIL,,
volume,OBV trend (vs own MA),1h,long,uptrend|at range high|messy|stalling,16,-67.4832,18.75,-10.8,3,-59.4606,33.33,-1.78,-3.04,UNRELIABLE,,
volume,OBV trend (vs own MA),1h,short,uptrend|at range high|messy|stalling,23,-44.3935,30.43,-10.21,6,-75.3507,16.67,-4.52,-5.46,UNRELIABLE,,
volume,OBV trend (vs own MA),1h,long,transition|at range low|clean|expanding,4,-102.5832,0.0,-4.1,1,36.3045,100.0,0.36,-0.72,UNRELIABLE,,
volume,OBV trend (vs own MA),1h,short,transition|at range low|clean|expanding,41,-28.178,34.15,-11.55,9,-24.6046,33.33,-2.21,-4.39,FAIL,,
volume,OBV trend (vs own MA),1h,long,uptrend|pulling back in trend|messy|stalling,25,-44.5157,28.0,-11.13,10,-22.4359,40.0,-2.24,-8.38,FAIL,,
volume,OBV trend (vs own MA),1h,short,uptrend|pulling back in trend|messy|stalling,44,9.7959,45.45,4.31,11,-7.0601,45.45,-0.78,-6.12,FAIL,,
volume,OBV trend (vs own MA),1h,long,uptrend|at range low|messy|contracting,17,7.0926,35.29,1.21,8,25.0793,37.5,2.01,-3.55,UNRELIABLE,,
volume,OBV trend (vs own MA),1h,short,uptrend|at range low|messy|contracting,25,-27.2943,32.0,-6.82,14,61.1102,57.14,8.56,-3.13,FAIL,,
volume,OBV trend (vs own MA),1h,long,downtrend|at range high|messy|expanding,55,5.3362,43.64,2.93,18,17.7235,44.44,3.19,-4.99,SURVIVOR,,
volume,OBV trend (vs own MA),1h,short,downtrend|at range high|messy|expanding,19,-17.1589,36.84,-3.26,7,26.339,42.86,1.84,-3.95,UNRELIABLE,,
volume,OBV trend (vs own MA),1h,long,uptrend|at range low|messy|expanding,16,-12.6158,37.5,-2.02,5,-129.3706,0.0,-6.47,-6.47,UNRELIABLE,,
volume,OBV trend (vs own MA),1h,short,uptrend|at range low|messy|expanding,37,0.3263,40.54,0.12,16,27.5368,50.0,4.41,-6.12,SURVIVOR,,
volume,OBV trend (vs own MA),1h,long,downtrend|at range low|clean|expanding,4,48.7296,50.0,1.95,3,80.0431,66.67,2.4,-1.8,UNRELIABLE,,
volume,OBV trend (vs own MA),1h,short,downtrend|at range low|clean|expanding,26,63.5877,53.85,16.53,6,26.8606,50.0,1.61,-2.6,UNRELIABLE,,
volume,OBV trend (vs own MA),15m,long,transition|mid range|messy|contracting,434,-7.2893,34.33,-31.64,142,-9.5126,35.92,-13.51,-18.52,FAIL,15.7858,
volume,OBV trend (vs own MA),15m,short,transition|mid range|messy|contracting,407,-4.4704,36.12,-18.19,137,-14.4903,31.39,-19.85,-24.15,FAIL,3.102,
volume,OBV trend (vs own MA),15m,long,transition|mid range|messy|expanding,498,-7.1598,34.14,-35.66,151,1.0565,41.06,1.6,-8.42,FAIL,193.3363,0.8897
volume,OBV trend (vs own MA),15m,short,transition|mid range|messy|expanding,467,-7.8714,34.05,-36.76,142,-17.7806,28.87,-25.25,-28.85,FAIL,,
volume,OBV trend (vs own MA),15m,long,downtrend|pulling back in trend|messy|contracting,345,-12.1059,31.3,-41.77,108,-4.6,38.89,-4.97,-6.32,FAIL,,2.1632
volume,OBV trend (vs own MA),15m,short,downtrend|pulling back in trend|messy|contracting,258,-7.5065,35.66,-19.37,81,-17.9725,30.86,-14.56,-15.72,FAIL,,
volume,OBV trend (vs own MA),15m,long,uptrend|at range high|messy|contracting,140,-10.2434,34.29,-14.34,60,-2.7011,40.0,-1.62,-6.29,FAIL,,1.4807
volume,OBV trend (vs own MA),15m,short,uptrend|at range high|messy|contracting,166,-7.754,35.54,-12.87,65,-15.6888,29.23,-10.2,-12.11,FAIL,,
volume,OBV trend (vs own MA),15m,long,uptrend|pulling back in trend|messy|contracting,226,-6.6921,36.73,-15.12,79,-13.2804,30.38,-10.49,-17.57,FAIL,6.4808,
volume,OBV trend (vs own MA),15m,short,uptrend|pulling back in trend|messy|contracting,324,0.1883,40.12,0.61,120,-1.9763,38.33,-2.37,-11.07,FAIL,0.9764,1.3567
volume,OBV trend (vs own MA),15m,long,downtrend|pulling back in trend|messy|expanding,397,-11.2615,31.49,-44.71,129,-6.0422,38.76,-7.79,-11.37,FAIL,,3.7104
volume,OBV trend (vs own MA),15m,short,downtrend|pulling back in trend|messy|expanding,262,-10.9332,32.44,-28.64,87,-24.7553,22.99,-21.54,-22.03,FAIL,,
volume,OBV trend (vs own MA),15m,long,uptrend|pulling back in trend|messy|expanding,247,-13.1318,30.77,-32.44,86,-6.2125,36.05,-5.34,-11.27,FAIL,,3.7526
volume,OBV trend (vs own MA),15m,short,uptrend|pulling back in trend|messy|expanding,407,-11.6948,30.47,-47.6,147,-14.0633,30.61,-20.67,-22.02,FAIL,,
volume,OBV trend (vs own MA),15m,long,transition|at range high|messy|contracting,191,-9.304,32.46,-17.77,76,-12.3201,31.58,-9.36,-10.88,FAIL,,
volume,OBV trend (vs own MA),15m,short,transition|at range high|messy|contracting,154,-5.7435,35.06,-8.85,55,-0.5628,40.0,-0.31,-7.04,FAIL,3.8778,1.0788
volume,OBV trend (vs own MA),15m,long,uptrend|at range high|messy|expanding,222,-6.8177,33.78,-15.14,87,3.6581,41.38,3.18,-5.42,FAIL,6.9574,0.693
volume,OBV trend (vs own MA),15m,short,uptrend|at range high|messy|expanding,174,-14.3144,31.03,-24.91,53,-14.502,28.3,-7.69,-10.41,FAIL,,
volume,OBV trend (vs own MA),15m,long,transition|mid range|clean|contracting,205,-10.1699,34.15,-20.85,75,8.3887,45.33,6.29,-4.2,FAIL,,0.4892
volume,OBV trend (vs own MA),15m,short,transition|mid range|clean|contracting,234,0.3988,40.17,0.93,72,-14.5225,31.94,-10.46,-12.94,FAIL,0.9512,
volume,OBV trend (vs own MA),15m,long,downtrend|at range low|messy|contracting,119,-6.1811,35.29,-7.36,37,-8.3218,37.84,-3.08,-6.17,FAIL,4.2529,138.4373
volume,OBV trend (vs own MA),15m,short,downtrend|at range low|messy|contracting,137,-7.258,34.31,-9.94,43,-16.1033,30.23,-6.92,-7.92,FAIL,40.4663,
volume,OBV trend (vs own MA),15m,long,transition|at range high|messy|expanding,287,-7.9798,34.49,-22.9,101,-6.3923,34.65,-6.46,-11.55,FAIL,,4.5863
volume,OBV trend (vs own MA),15m,short,transition|at range high|messy|expanding,150,-3.9922,36.0,-5.99,62,-7.0255,38.71,-4.36,-9.44,FAIL,2.1987,12.9307
volume,OBV trend (vs own MA),15m,long,transition|at range low|messy|contracting,115,-5.6506,36.52,-6.5,36,-21.2163,25.0,-7.64,-7.64,FAIL,2.8325,
volume,OBV trend (vs own MA),15m,short,transition|at range low|messy|contracting,169,-8.3224,34.32,-14.06,55,-10.5498,34.55,-5.8,-8.47,FAIL,,
volume,OBV trend (vs own MA),15m,long,transition|mid range|clean|expanding,229,-13.3132,30.13,-30.49,79,-13.3817,34.18,-10.57,-17.41,FAIL,,
volume,OBV trend (vs own MA),15m,short,transition|mid range|clean|expanding,288,-8.4215,33.33,-24.25,71,-11.1291,32.39,-7.9,-11.48,FAIL,,
volume,OBV trend (vs own MA),15m,long,downtrend|at range low|messy|expanding,134,-4.1389,37.31,-5.55,39,-7.6385,33.33,-2.98,-5.46,FAIL,2.0508,9.9154
volume,OBV trend (vs own MA),15m,short,downtrend|at range low|messy|expanding,199,-2.0174,39.7,-4.01,61,-25.3986,22.95,-15.49,-16.14,FAIL,1.364,
volume,OBV trend (vs own MA),15m,long,transition|at range low|messy|expanding,138,-15.0019,30.43,-20.7,46,7.869,47.83,3.62,-4.34,FAIL,,0.5094
volume,OBV trend (vs own MA),15m,short,transition|at range low|messy|expanding,265,-11.0326,30.94,-29.24,86,-3.1085,37.21,-2.67,-8.04,FAIL,,1.6726
volume,OBV trend (vs own MA),15m,long,downtrend|pulling back in trend|clean|contracting,194,-9.9525,33.51,-19.31,73,1.9918,41.1,1.45,-5.67,FAIL,,0.806
volume,OBV trend (vs own MA),15m,short,downtrend|pulling back in trend|clean|contracting,105,-7.1054,34.29,-7.46,31,-20.8256,25.81,-6.46,-7.51,FAIL,9.7483,
volume,OBV trend (vs own MA),15m,long,uptrend|pulling back in trend|clean|contracting,138,-14.2501,28.26,-19.67,37,-27.1243,24.32,-10.04,-10.29,FAIL,,
volume,OBV trend (vs own MA),15m,short,uptrend|pulling back in trend|clean|contracting,209,-8.9819,33.97,-18.77,73,-6.4539,36.99,-4.71,-8.09,FAIL,,5.8637
volume,OBV trend (vs own MA),15m,long,uptrend|at range high|clean|contracting,63,-5.1572,36.51,-3.25,15,-5.1388,33.33,-0.77,-3.25,FAIL,2.4808,2.3784
volume,OBV trend (vs own MA),15m,short,uptrend|at range high|clean|contracting,71,-0.0226,40.85,-0.02,23,-6.5335,34.78,-1.5,-2.66,FAIL,1.003,9.8114
volume,OBV trend (vs own MA),15m,long,downtrend|pulling back in trend|clean|expanding,223,-7.5858,34.08,-16.92,67,5.3086,44.78,3.56,-6.1,FAIL,12.5908,0.6088
volume,OBV trend (vs own MA),15m,short,downtrend|pulling back in trend|clean|expanding,116,-14.5945,29.31,-16.93,44,-13.0371,31.82,-5.74,-10.41,FAIL,,
volume,OBV trend (vs own MA),15m,long,uptrend|pulling back in trend|clean|expanding,129,-11.0017,31.01,-14.19,37,0.2218,40.54,0.08,-4.17,FAIL,,0.9746
volume,OBV trend (vs own MA),15m,short,uptrend|pulling back in trend|clean|expanding,266,-8.235,34.96,-21.91,87,-8.5861,34.48,-7.47,-9.16,FAIL,,
volume,OBV trend (vs own MA),15m,long,transition|at range high|clean|contracting,71,-10.8569,32.39,-7.71,26,8.0417,46.15,2.09,-4.55,FAIL,,0.4936
volume,OBV trend (vs own MA),15m,short,transition|at range high|clean|contracting,62,-10.0814,32.26,-6.25,20,-9.0109,40.0,-1.8,-4.79,FAIL,,
volume,OBV trend (vs own MA),15m,long,transition|mid range|messy|stalling,175,-8.5353,33.14,-14.94,60,6.8411,46.67,4.1,-4.56,FAIL,32.8589,0.5527
volume,OBV trend (vs own MA),15m,short,transition|mid range|messy|stalling,177,-13.1089,31.64,-23.2,56,-19.8028,28.57,-11.09,-13.27,FAIL,,
volume,OBV trend (vs own MA),15m,long,transition|at range high|clean|expanding,190,-5.3217,36.84,-10.11,65,-6.3718,38.46,-4.14,-9.21,FAIL,2.7389,4.1877
volume,OBV trend (vs own MA),15m,short,transition|at range high|clean|expanding,55,-4.7778,38.18,-2.63,17,-24.8313,23.53,-4.22,-4.54,FAIL,2.6154,
volume,OBV trend (vs own MA),15m,long,uptrend|at range high|clean|expanding,118,-5.5636,37.29,-6.57,31,-6.0082,35.48,-1.86,-5.78,FAIL,2.749,3.1834
volume,OBV trend (vs own MA),15m,short,uptrend|at range high|clean|expanding,43,-10.3122,37.21,-4.43,13,-24.0332,23.08,-3.12,-4.17,FAIL,,
volume,OBV trend (vs own MA),15m,long,downtrend|at range low|clean|contracting,39,-11.4146,33.33,-4.45,14,-46.5038,14.29,-6.51,-6.63,FAIL,,
volume,OBV trend (vs own MA),15m,short,downtrend|at range low|clean|contracting,40,1.2694,40.0,0.51,10,12.9943,40.0,1.3,-1.69,SURVIVOR,0.8572,0.341
volume,OBV trend (vs own MA),15m,long,transition|at range low|clean|contracting,38,1.3359,44.74,0.51,13,-13.9409,38.46,-1.81,-3.77,FAIL,0.8631,
volume,OBV trend (vs own MA),15m,short,transition|at range low|clean|contracting,65,-8.373,33.85,-5.44,18,-29.7616,27.78,-5.36,-5.82,FAIL,,
volume,OBV trend (vs own MA),15m,long,transition|at range low|clean|expanding,35,-1.8654,40.0,-0.65,9,-12.967,33.33,-1.17,-2.16,FAIL,1.2817,
volume,OBV trend (vs own MA),15m,short,transition|at range low|clean|expanding,134,10.8115,47.76,14.49,53,-7.6918,35.85,-4.08,-10.72,FAIL,0.4107,
volume,OBV trend (vs own MA),15m,long,downtrend|at range low|clean|expanding,29,13.4682,48.28,3.91,9,46.9743,66.67,4.23,-1.04,SURVIVOR,0.3689,0.1175
volume,OBV trend (vs own MA),15m,short,downtrend|at range low|clean|expanding,106,-16.4251,28.3,-17.41,38,-15.4928,28.95,-5.89,-8.08,FAIL,,
volume,OBV trend (vs own MA),15m,long,downtrend|pulling back in trend|messy|stalling,155,0.7876,41.94,1.22,51,-5.8405,35.29,-2.98,-4.74,FAIL,0.9127,2.9808
volume,OBV trend (vs own MA),15m,short,downtrend|pulling back in trend|messy|stalling,78,7.3131,43.59,5.7,27,-10.5438,33.33,-2.85,-5.29,FAIL,0.5151,
volume,OBV trend (vs own MA),15m,long,downtrend|at range high|messy|contracting,106,-7.0593,34.91,-7.48,34,6.8034,44.12,2.31,-3.28,FAIL,5.7366,0.5414
volume,OBV trend (vs own MA),15m,short,downtrend|at range high|messy|contracting,55,-11.7842,30.91,-6.48,30,-17.7859,30.0,-5.34,-8.17,FAIL,,
volume,OBV trend (vs own MA),15m,long,uptrend|pulling back in trend|messy|stalling,69,-10.4376,34.78,-7.2,35,-18.8343,25.71,-6.59,-7.83,FAIL,,
volume,OBV trend (vs own MA),15m,short,uptrend|pulling back in trend|messy|stalling,140,-9.7699,31.43,-13.68,50,-3.8652,38.0,-1.93,-6.21,FAIL,,1.9699
volume,OBV trend (vs own MA),15m,long,downtrend|at range high|messy|expanding,211,-11.9557,30.81,-25.23,64,-15.4581,31.25,-9.89,-10.52,FAIL,,
volume,OBV trend (vs own MA),15m,short,downtrend|at range high|messy|expanding,69,-7.5852,31.88,-5.23,22,-9.1975,31.82,-2.02,-3.52,FAIL,,
volume,OBV trend (vs own MA),15m,long,uptrend|at range high|messy|stalling,63,-7.1619,33.33,-4.51,31,-3.5665,35.48,-1.11,-6.61,FAIL,6.7802,1.7385
volume,OBV trend (vs own MA),15m,short,uptrend|at range high|messy|stalling,46,-0.5225,43.48,-0.24,22,-41.5431,13.64,-9.14,-9.19,FAIL,1.0875,
volume,OBV divergence,1h,long,transition|mid range|messy|contracting,6,131.2842,83.33,7.88,4,-52.2961,25.0,-2.09,-3.6,UNRELIABLE,,
volume,OBV divergence,1h,short,transition|mid range|messy|contracting,6,29.076,66.67,1.74,1,-132.4323,0.0,-1.32,-1.89,UNRELIABLE,,
volume,OBV divergence,1h,long,transition|mid range|messy|expanding,14,24.2774,57.14,3.4,6,49.3876,50.0,2.96,-3.23,UNRELIABLE,,
volume,OBV divergence,1h,short,transition|mid range|messy|expanding,11,-1.2001,36.36,-0.13,3,94.9347,100.0,2.85,-1.88,UNRELIABLE,,
volume,OBV divergence,1h,long,uptrend|at range high|messy|contracting,0,,,,0,,,,,NO-TRADES,,
volume,OBV divergence,1h,short,uptrend|at range high|messy|contracting,5,17.37,40.0,0.87,1,-132.3902,0.0,-1.32,-1.69,UNRELIABLE,,
volume,OBV divergence,1h,long,downtrend|pulling back in trend|messy|contracting,1,7.6618,100.0,0.08,0,0.0,0.0,0.0,0.0,UNRELIABLE,,
volume,OBV divergence,1h,short,downtrend|pulling back in trend|messy|contracting,1,-132.1906,0.0,-1.32,1,-131.8095,0.0,-1.32,-1.32,UNRELIABLE,,
volume,OBV divergence,1h,long,uptrend|pulling back in trend|messy|contracting,2,72.3248,100.0,1.45,0,0.0,0.0,0.0,0.0,UNRELIABLE,,
volume,OBV divergence,1h,short,uptrend|pulling back in trend|messy|contracting,2,-130.3294,0.0,-2.61,0,0.0,0.0,0.0,0.0,UNRELIABLE,,
volume,OBV divergence,1h,long,uptrend|at range high|messy|expanding,0,,,,0,,,,,NO-TRADES,,
volume,OBV divergence,1h,short,uptrend|at range high|messy|expanding,9,120.0428,66.67,10.8,3,-9.9315,33.33,-0.3,-3.04,UNRELIABLE,,
volume,OBV divergence,1h,long,downtrend|pulling back in trend|messy|expanding,9,-46.6738,33.33,-4.2,0,0.0,0.0,0.0,0.0,UNRELIABLE,,
volume,OBV divergence,1h,short,downtrend|pulling back in trend|messy|expanding,6,-21.1146,33.33,-1.27,1,106.9315,100.0,1.07,-0.69,UNRELIABLE,,
volume,OBV divergence,1h,long,transition|at range high|messy|contracting,0,,,,0,,,,,NO-TRADES,,
volume,OBV divergence,1h,short,transition|at range high|messy|contracting,6,32.7796,50.0,1.97,7,-11.1357,28.57,-0.78,-5.88,UNRELIABLE,,
volume,OBV divergence,1h,long,uptrend|pulling back in trend|messy|expanding,4,-40.7094,25.0,-1.63,3,63.5783,66.67,1.91,-1.92,UNRELIABLE,,
volume,OBV divergence,1h,short,uptrend|pulling back in trend|messy|expanding,4,-93.1022,25.0,-3.72,3,115.5363,66.67,3.47,-1.52,UNRELIABLE,,
volume,OBV divergence,1h,long,transition|at range high|messy|expanding,0,,,,0,,,,,NO-TRADES,,
volume,OBV divergence,1h,short,transition|at range high|messy|expanding,23,21.4594,47.83,4.94,4,-128.4818,0.0,-5.14,-6.57,UNRELIABLE,,
volume,OBV divergence,1h,long,downtrend|at range low|messy|contracting,2,39.2261,100.0,0.78,0,0.0,0.0,0.0,0.0,UNRELIABLE,,
volume,OBV divergence,1h,short,downtrend|at range low|messy|contracting,0,,,,0,,,,,NO-TRADES,,
volume,OBV divergence,1h,long,transition|at range low|messy|contracting,9,-4.8097,33.33,-0.43,5,-0.0524,40.0,-0.0,-2.94,UNRELIABLE,,
volume,OBV divergence,1h,short,transition|at range low|messy|contracting,0,,,,0,,,,,NO-TRADES,,
volume,OBV divergence,1h,long,downtrend|at range low|messy|expanding,10,29.5146,50.0,2.95,2,50.7118,50.0,1.01,-2.36,UNRELIABLE,,
volume,OBV divergence,1h,short,downtrend|at range low|messy|expanding,0,,,,0,,,,,NO-TRADES,,
volume,OBV divergence,1h,long,transition|at range low|messy|expanding,22,-24.9549,36.36,-5.49,9,-50.9911,22.22,-4.59,-6.78,FAIL,,
volume,OBV divergence,1h,short,transition|at range low|messy|expanding,0,,,,0,,,,,NO-TRADES,,
volume,OBV divergence,1h,long,transition|mid range|clean|contracting,2,-53.7965,50.0,-1.08,1,-132.285,0.0,-1.32,-1.67,UNRELIABLE,,
volume,OBV divergence,1h,short,transition|mid range|clean|contracting,1,-17.4404,0.0,-0.17,0,0.0,0.0,0.0,0.0,UNRELIABLE,,
volume,OBV divergence,1h,long,transition|mid range|clean|expanding,4,-10.8117,25.0,-0.43,2,154.5119,100.0,3.09,-3.14,UNRELIABLE,,
volume,OBV divergence,1h,short,transition|mid range|clean|expanding,4,-92.6692,25.0,-3.71,0,0.0,0.0,0.0,0.0,UNRELIABLE,,
volume,OBV divergence,1h,long,transition|mid range|messy|stalling,0,0.0,0.0,0.0,2,-133.0363,0.0,-2.66,-2.66,UNRELIABLE,,
volume,OBV divergence,1h,short,transition|mid range|messy|stalling,4,60.572,75.0,2.42,0,0.0,0.0,0.0,0.0,UNRELIABLE,,
volume,OBV divergence,1h,long,transition|at range high|clean|contracting,0,,,,0,,,,,NO-TRADES,,
volume,OBV divergence,1h,short,transition|at range high|clean|contracting,4,-127.8904,0.0,-5.12,2,51.7566,50.0,1.04,-1.97,UNRELIABLE,,
volume,OBV divergence,1h,long,downtrend|pulling back in trend|clean|contracting,1,13.3185,100.0,0.13,0,0.0,0.0,0.0,0.0,UNRELIABLE,,
volume,OBV divergence,1h,short,downtrend|pulling back in trend|clean|contracting,1,-132.4091,0.0,-1.32,0,0.0,0.0,0.0,0.0,UNRELIABLE,,
volume,OBV divergence,1h,long,uptrend|pulling back in trend|clean|contracting,1,-1.2633,0.0,-0.01,0,0.0,0.0,0.0,0.0,UNRELIABLE,,
volume,OBV divergence,1h,short,uptrend|pulling back in trend|clean|contracting,0,,,,0,,,,,NO-TRADES,,
volume,OBV divergence,1h,long,uptrend|at range high|clean|contracting,0,,,,0,,,,,NO-TRADES,,
volume,OBV divergence,1h,short,uptrend|at range high|clean|contracting,1,30.2419,100.0,0.3,0,0.0,0.0,0.0,0.0,UNRELIABLE,,
volume,OBV divergence,1h,long,uptrend|pulling back in trend|clean|expanding,3,-2.1357,66.67,-0.06,0,0.0,0.0,0.0,0.0,UNRELIABLE,,
volume,OBV divergence,1h,short,uptrend|pulling back in trend|clean|expanding,1,-134.7995,0.0,-1.35,0,0.0,0.0,0.0,0.0,UNRELIABLE,,
volume,OBV divergence,1h,long,downtrend|pulling back in trend|clean|expanding,1,-133.4722,0.0,-1.33,1,-132.7095,0.0,-1.33,-1.33,UNRELIABLE,,
volume,OBV divergence,1h,short,downtrend|pulling back in trend|clean|expanding,1,240.5757,100.0,2.41,1,-129.8171,0.0,-1.3,-1.61,UNRELIABLE,,
volume,OBV divergence,1h,long,transition|at range high|clean|expanding,0,,,,0,,,,,NO-TRADES,,
volume,OBV divergence,1h,short,transition|at range high|clean|expanding,12,36.654,50.0,4.4,0,0.0,0.0,0.0,0.0,UNRELIABLE,,
volume,OBV divergence,1h,long,transition|at range low|clean|contracting,9,-71.4116,22.22,-6.43,0,0.0,0.0,0.0,0.0,UNRELIABLE,,
volume,OBV divergence,1h,short,transition|at range low|clean|contracting,0,,,,0,,,,,NO-TRADES,,
volume,OBV divergence,1h,long,downtrend|at range high|messy|contracting,0,,,,0,,,,,NO-TRADES,,
volume,OBV divergence,1h,short,downtrend|at range high|messy|contracting,8,8.1908,62.5,0.66,1,-132.481,0.0,-1.32,-1.32,UNRELIABLE,,
volume,OBV divergence,1h,long,uptrend|at range high|clean|expanding,0,,,,0,,,,,NO-TRADES,,
volume,OBV divergence,1h,short,uptrend|at range high|clean|expanding,4,-94.1461,25.0,-3.77,0,0.0,0.0,0.0,0.0,UNRELIABLE,,
volume,OBV divergence,1h,long,downtrend|at range low|clean|contracting,1,116.3863,100.0,1.16,0,0.0,0.0,0.0,0.0,UNRELIABLE,,
volume,OBV divergence,1h,short,downtrend|at range low|clean|contracting,0,,,,0,,,,,NO-TRADES,,
volume,OBV divergence,1h,long,downtrend|pulling back in trend|messy|stalling,2,50.552,50.0,1.01,1,236.5277,100.0,2.37,-0.85,UNRELIABLE,,
volume,OBV divergence,1h,short,downtrend|pulling back in trend|messy|stalling,0,,,,0,,,,,NO-TRADES,,
volume,OBV divergence,1h,long,uptrend|at range high|messy|stalling,0,,,,0,,,,,NO-TRADES,,
volume,OBV divergence,1h,short,uptrend|at range high|messy|stalling,2,-85.1397,0.0,-1.7,3,-128.6283,0.0,-3.86,-4.86,UNRELIABLE,,
volume,OBV divergence,1h,long,transition|at range low|clean|expanding,10,19.8314,50.0,1.98,1,-132.5495,0.0,-1.33,-2.04,UNRELIABLE,,
volume,OBV divergence,1h,short,transition|at range low|clean|expanding,0,,,,0,,,,,NO-TRADES,,
volume,OBV divergence,1h,long,uptrend|pulling back in trend|messy|stalling,1,-133.7297,0.0,-1.34,1,236.8563,100.0,2.37,-1.22,UNRELIABLE,,
volume,OBV divergence,1h,short,uptrend|pulling back in trend|messy|stalling,0,,,,0,,,,,NO-TRADES,,
volume,OBV divergence,1h,long,uptrend|at range low|messy|contracting,7,-30.4219,42.86,-2.13,4,-38.5911,50.0,-1.54,-3.26,UNRELIABLE,,
volume,OBV divergence,1h,short,uptrend|at range low|messy|contracting,0,,,,0,,,,,NO-TRADES,,
volume,OBV divergence,1h,long,downtrend|at range high|messy|expanding,0,,,,0,,,,,NO-TRADES,,
volume,OBV divergence,1h,short,downtrend|at range high|messy|expanding,20,-77.2919,25.0,-15.46,9,-57.2411,22.22,-5.15,-5.94,FAIL,,
volume,OBV divergence,1h,long,uptrend|at range low|messy|expanding,16,-50.6549,31.25,-8.1,10,-36.0805,30.0,-3.61,-7.75,UNRELIABLE,,
volume,OBV divergence,1h,short,uptrend|at range low|messy|expanding,0,,,,0,,,,,NO-TRADES,,
volume,OBV divergence,1h,long,downtrend|at range low|clean|expanding,4,-129.8667,0.0,-5.19,0,0.0,0.0,0.0,0.0,UNRELIABLE,,
volume,OBV divergence,1h,short,downtrend|at range low|clean|expanding,0,,,,0,,,,,NO-TRADES,,
volume,OBV divergence,15m,long,transition|mid range|messy|contracting,49,8.2929,44.9,4.06,13,-18.6383,30.77,-2.42,-2.92,FAIL,0.4831,
volume,OBV divergence,15m,short,transition|mid range|messy|contracting,45,0.3408,42.22,0.15,13,-24.2827,30.77,-3.16,-3.65,FAIL,0.9521,
volume,OBV divergence,15m,long,transition|mid range|messy|expanding,60,-7.5367,36.67,-4.52,25,3.3831,48.0,0.85,-4.22,FAIL,94.5381,0.698
volume,OBV divergence,15m,short,transition|mid range|messy|expanding,59,-5.9611,35.59,-3.52,7,-23.2966,42.86,-1.63,-2.39,UNRELIABLE,4.3857,
volume,OBV divergence,15m,long,downtrend|pulling back in trend|messy|contracting,28,-33.0906,17.86,-9.27,9,-9.2783,33.33,-0.84,-2.81,FAIL,,
volume,OBV divergence,15m,short,downtrend|pulling back in trend|messy|contracting,29,13.1619,48.28,3.82,6,-21.4887,33.33,-1.29,-1.9,UNRELIABLE,0.3216,
volume,OBV divergence,15m,long,uptrend|at range high|messy|contracting,1,-9.0649,0.0,-0.09,0,0.0,0.0,0.0,0.0,UNRELIABLE,,
volume,OBV divergence,15m,short,uptrend|at range high|messy|contracting,30,-23.3335,30.0,-7.0,9,-39.2635,11.11,-3.53,-3.93,FAIL,,
volume,OBV divergence,15m,long,uptrend|pulling back in trend|messy|contracting,29,-22.2277,27.59,-6.45,8,-63.9055,0.0,-5.11,-5.49,FAIL,,
volume,OBV divergence,15m,short,uptrend|pulling back in trend|messy|contracting,10,-54.9435,10.0,-5.49,7,-17.0039,42.86,-1.19,-2.59,UNRELIABLE,,
volume,OBV divergence,15m,long,downtrend|pulling back in trend|messy|expanding,24,-9.2455,37.5,-2.22,6,1.028,33.33,0.06,-2.2,UNRELIABLE,,0.8827
volume,OBV divergence,15m,short,downtrend|pulling back in trend|messy|expanding,36,-13.4193,41.67,-4.83,14,-10.5886,42.86,-1.48,-4.78,FAIL,,
volume,OBV divergence,15m,long,uptrend|pulling back in trend|messy|expanding,47,-21.6232,23.4,-10.16,16,-1.2055,43.75,-0.19,-4.63,FAIL,,1.1589
volume,OBV divergence,15m,short,uptrend|pulling back in trend|messy|expanding,15,-28.3658,26.67,-4.25,1,-64.4699,0.0,-0.64,-1.0,UNRELIABLE,,
volume,OBV divergence,15m,long,transition|at range high|messy|contracting,2,-2.5685,0.0,-0.05,0,0.0,0.0,0.0,0.0,UNRELIABLE,2.1195,
volume,OBV divergence,15m,short,transition|at range high|messy|contracting,66,-8.0691,33.33,-5.33,23,-5.9502,39.13,-1.37,-4.27,FAIL,,5.8612
volume,OBV divergence,15m,long,uptrend|at range high|messy|expanding,0,,,,0,,,,,NO-TRADES,,
volume,OBV divergence,15m,short,uptrend|at range high|messy|expanding,40,-13.6147,27.5,-5.45,17,-12.273,41.18,-2.09,-2.5,FAIL,,
volume,OBV divergence,15m,long,transition|mid range|clean|contracting,12,3.8726,58.33,0.46,6,56.4451,83.33,3.39,-0.99,UNRELIABLE,0.6566,0.0942
volume,OBV divergence,15m,short,transition|mid range|clean|contracting,18,-7.4903,44.44,-1.35,4,62.7039,75.0,2.51,-0.89,UNRELIABLE,,0.0803
volume,OBV divergence,15m,long,downtrend|at range low|messy|contracting,24,-34.2046,20.83,-8.21,9,-45.7433,11.11,-4.12,-4.65,FAIL,,
volume,OBV divergence,15m,short,downtrend|at range low|messy|contracting,0,,,,0,,,,,NO-TRADES,,
volume,OBV divergence,15m,long,transition|at range high|messy|expanding,0,,,,0,,,,,NO-TRADES,,
volume,OBV divergence,15m,short,transition|at range high|messy|expanding,103,-16.7504,27.18,-17.25,41,-10.6388,41.46,-4.36,-6.53,FAIL,,
volume,OBV divergence,15m,long,transition|at range low|messy|contracting,46,-22.0484,28.26,-10.14,17,-20.8123,29.41,-3.54,-5.17,FAIL,,
volume,OBV divergence,15m,short,transition|at range low|messy|contracting,2,-39.9997,0.0,-0.8,0,0.0,0.0,0.0,0.0,UNRELIABLE,,
volume,OBV divergence,15m,long,transition|mid range|clean|expanding,35,-0.3498,40.0,-0.12,11,-19.6562,27.27,-2.16,-3.62,FAIL,1.0439,
volume,OBV divergence,15m,short,transition|mid range|clean|expanding,29,-18.836,27.59,-5.46,13,-10.0464,38.46,-1.31,-4.5,FAIL,,
volume,OBV divergence,15m,long,downtrend|at range low|messy|expanding,43,-21.2943,25.58,-9.16,10,19.1897,50.0,1.92,-2.53,FAIL,,0.2876
volume,OBV divergence,15m,short,downtrend|at range low|messy|expanding,0,0.0,0.0,0.0,0,0.0,0.0,0.0,0.0,UNRELIABLE,,
volume,OBV divergence,15m,long,transition|at range low|messy|expanding,107,-11.9777,33.64,-12.82,30,-20.7007,26.67,-6.21,-7.33,FAIL,,
volume,OBV divergence,15m,short,transition|at range low|messy|expanding,1,-65.2663,0.0,-0.65,1,-65.0948,0.0,-0.65,-0.65,UNRELIABLE,,
volume,OBV divergence,15m,long,downtrend|pulling back in trend|clean|contracting,5,2.0535,40.0,0.1,4,-23.3331,25.0,-0.93,-2.31,UNRELIABLE,0.8032,
volume,OBV divergence,15m,short,downtrend|pulling back in trend|clean|contracting,17,-22.7263,29.41,-3.86,1,-65.2221,0.0,-0.65,-0.73,UNRELIABLE,,
volume,OBV divergence,15m,long,uptrend|pulling back in trend|clean|contracting,16,10.7089,56.25,1.71,2,19.1139,50.0,0.38,-0.65,UNRELIABLE,0.3997,0.2877
volume,OBV divergence,15m,short,uptrend|pulling back in trend|clean|contracting,10,12.8563,50.0,1.29,4,19.4757,50.0,0.78,-1.68,UNRELIABLE,0.3034,0.2747
volume,OBV divergence,15m,long,uptrend|at range high|clean|contracting,1,20.1805,100.0,0.2,0,0.0,0.0,0.0,0.0,UNRELIABLE,0.2143,
volume,OBV divergence,15m,short,uptrend|at range high|clean|contracting,9,-27.0428,22.22,-2.43,2,-64.4339,0.0,-1.29,-1.63,UNRELIABLE,,
volume,OBV divergence,15m,long,downtrend|pulling back in trend|clean|expanding,9,12.0393,44.44,1.08,1,4.1743,100.0,0.04,-0.66,UNRELIABLE,0.3653,0.5686
volume,OBV divergence,15m,short,downtrend|pulling back in trend|clean|expanding,23,-19.0438,34.78,-4.38,5,50.2758,80.0,2.51,-0.95,UNRELIABLE,,0.0856
volume,OBV divergence,15m,long,uptrend|pulling back in trend|clean|expanding,24,-17.2801,33.33,-4.15,13,-11.8806,38.46,-1.54,-2.96,FAIL,,
volume,OBV divergence,15m,short,uptrend|pulling back in trend|clean|expanding,14,-9.212,35.71,-1.29,5,4.8482,40.0,0.24,-1.25,UNRELIABLE,,0.5728
volume,OBV divergence,15m,long,transition|at range high|clean|contracting,0,,,,0,,,,,NO-TRADES,,
volume,OBV divergence,15m,short,transition|at range high|clean|contracting,22,5.0311,40.91,1.11,9,21.0522,55.56,1.89,-1.16,SURVIVOR,0.568,0.2233
volume,OBV divergence,15m,long,transition|mid range|messy|stalling,22,-18.2274,27.27,-4.01,4,-46.2824,25.0,-1.85,-2.06,UNRELIABLE,,
volume,OBV divergence,15m,short,transition|mid range|messy|stalling,11,-24.4592,18.18,-2.69,4,-46.1602,25.0,-1.85,-1.85,UNRELIABLE,,
volume,OBV divergence,15m,long,transition|at range high|clean|expanding,0,,,,0,,,,,NO-TRADES,,
volume,OBV divergence,15m,short,transition|at range high|clean|expanding,57,-14.4352,29.82,-8.23,22,-30.3141,22.73,-6.67,-6.85,FAIL,,
volume,OBV divergence,15m,long,uptrend|at range high|clean|expanding,0,,,,0,,,,,NO-TRADES,,
volume,OBV divergence,15m,short,uptrend|at range high|clean|expanding,24,-13.4446,29.17,-3.23,4,56.529,75.0,2.26,-1.28,UNRELIABLE,,0.0825
volume,OBV divergence,15m,long,downtrend|at range low|clean|contracting,7,-51.9233,14.29,-3.63,0,0.0,0.0,0.0,0.0,UNRELIABLE,,
volume,OBV divergence,15m,short,downtrend|at range low|clean|contracting,0,,,,0,,,,,NO-TRADES,,
volume,OBV divergence,15m,long,transition|at range low|clean|contracting,28,10.2509,50.0,2.87,7,7.1137,42.86,0.5,-1.3,UNRELIABLE,0.4394,0.5323
volume,OBV divergence,15m,short,transition|at range low|clean|contracting,0,,,,0,,,,,NO-TRADES,,
volume,OBV divergence,15m,long,transition|at range low|clean|expanding,62,-9.3336,35.48,-5.79,24,-9.7015,33.33,-2.33,-5.56,FAIL,,
volume,OBV divergence,15m,short,transition|at range low|clean|expanding,1,23.3074,100.0,0.23,0,0.0,0.0,0.0,0.0,UNRELIABLE,0.0967,
volume,OBV divergence,15m,long,downtrend|at range low|clean|expanding,21,7.9638,47.62,1.67,4,-9.6885,25.0,-0.39,-1.55,UNRELIABLE,0.4922,
volume,OBV divergence,15m,short,downtrend|at range low|clean|expanding,0,,,,0,,,,,NO-TRADES,,
volume,OBV divergence,15m,long,downtrend|pulling back in trend|messy|stalling,5,19.4689,60.0,0.97,2,-65.1576,0.0,-1.3,-1.39,UNRELIABLE,0.245,
volume,OBV divergence,15m,short,downtrend|pulling back in trend|messy|stalling,4,-45.4724,25.0,-1.82,2,-29.3338,50.0,-0.59,-0.92,UNRELIABLE,,
volume,OBV divergence,15m,long,downtrend|at range high|messy|contracting,0,,,,0,,,,,NO-TRADES,,
volume,OBV divergence,15m,short,downtrend|at range high|messy|contracting,52,-7.5322,40.38,-3.92,17,-34.2964,17.65,-5.83,-5.97,FAIL,,
volume,OBV divergence,15m,long,uptrend|pulling back in trend|messy|stalling,16,-2.1816,37.5,-0.35,4,-12.8529,25.0,-0.51,-1.3,UNRELIABLE,1.3778,
volume,OBV divergence,15m,short,uptrend|pulling back in trend|messy|stalling,7,-16.6761,28.57,-1.17,1,36.9294,100.0,0.37,-0.37,UNRELIABLE,,0.1003
volume,OBV divergence,15m,long,downtrend|at range high|messy|expanding,0,,,,0,,,,,NO-TRADES,,
volume,OBV divergence,15m,short,downtrend|at range high|messy|expanding,98,-12.5108,31.63,-12.26,30,10.8055,46.67,3.24,-2.53,FAIL,,0.3768
volume,OBV divergence,15m,long,uptrend|at range high|messy|stalling,0,0.0,0.0,0.0,0,0.0,0.0,0.0,0.0,UNRELIABLE,,
volume,OBV divergence,15m,short,uptrend|at range high|messy|stalling,14,-12.8555,35.71,-1.8,2,-65.055,0.0,-1.3,-1.3,UNRELIABLE,,
volume,CMF 0-cross,1h,long,transition|mid range|messy|contracting,105,18.8152,45.71,19.76,39,-39.7213,33.33,-15.49,-17.55,FAIL,,
volume,CMF 0-cross,1h,short,transition|mid range|messy|contracting,125,-6.3131,40.0,-7.89,37,-26.7688,29.73,-9.9,-17.32,FAIL,,
volume,CMF 0-cross,1h,long,transition|mid range|messy|expanding,123,-20.1184,34.96,-24.75,29,50.8264,51.72,14.74,-5.28,FAIL,,
volume,CMF 0-cross,1h,short,transition|mid range|messy|expanding,103,4.6711,39.81,4.81,38,-32.2485,31.58,-12.25,-15.91,FAIL,,
volume,CMF 0-cross,1h,long,uptrend|at range high|messy|contracting,32,-2.4182,37.5,-0.77,20,11.9139,45.0,2.38,-7.23,FAIL,,
volume,CMF 0-cross,1h,short,uptrend|at range high|messy|contracting,43,-36.4888,30.23,-15.69,20,-60.1318,20.0,-12.03,-12.94,FAIL,,
volume,CMF 0-cross,1h,long,downtrend|pulling back in trend|messy|contracting,89,5.7089,41.57,5.08,22,-1.208,36.36,-0.27,-6.57,FAIL,,
volume,CMF 0-cross,1h,short,downtrend|pulling back in trend|messy|contracting,71,1.9542,36.62,1.39,20,9.6052,35.0,1.92,-7.18,SURVIVOR,,
volume,CMF 0-cross,1h,long,uptrend|pulling back in trend|messy|contracting,68,-0.8957,41.18,-0.61,17,63.8098,47.06,10.85,-3.32,FAIL,,
volume,CMF 0-cross,1h,short,uptrend|pulling back in trend|messy|contracting,70,10.5022,45.71,7.35,16,-8.213,43.75,-1.31,-6.82,FAIL,,
volume,CMF 0-cross,1h,long,uptrend|at range high|messy|expanding,46,0.8665,39.13,0.4,25,-12.5237,36.0,-3.13,-8.78,FAIL,,
volume,CMF 0-cross,1h,short,uptrend|at range high|messy|expanding,33,-28.004,30.3,-9.24,23,-31.5065,34.78,-7.25,-13.72,FAIL,,
volume,CMF 0-cross,1h,long,downtrend|pulling back in trend|messy|expanding,93,53.3466,54.84,49.61,22,-7.4138,36.36,-1.63,-6.56,FAIL,,
volume,CMF 0-cross,1h,short,downtrend|pulling back in trend|messy|expanding,63,-13.8564,34.92,-8.73,16,61.6407,56.25,9.86,-5.75,FAIL,,
volume,CMF 0-cross,1h,long,transition|at range high|messy|contracting,48,-5.6161,37.5,-2.7,15,3.5952,46.67,0.54,-5.61,FAIL,,
volume,CMF 0-cross,1h,short,transition|at range high|messy|contracting,40,-34.1434,27.5,-13.66,15,19.457,46.67,2.92,-5.13,FAIL,,
volume,CMF 0-cross,1h,long,uptrend|pulling back in trend|messy|expanding,61,-0.6048,40.98,-0.37,17,-42.7444,35.29,-7.27,-10.94,FAIL,,
volume,CMF 0-cross,1h,short,uptrend|pulling back in trend|messy|expanding,74,-15.6394,33.78,-11.57,32,-2.8898,34.38,-0.92,-9.84,FAIL,,
volume,CMF 0-cross,1h,long,transition|at range high|messy|expanding,59,-19.1342,30.51,-11.29,26,37.4177,53.85,9.73,-6.41,FAIL,,
volume,CMF 0-cross,1h,short,transition|at range high|messy|expanding,46,-7.6064,39.13,-3.5,19,7.8561,42.11,1.49,-7.46,FAIL,,
volume,CMF 0-cross,1h,long,downtrend|at range low|messy|contracting,51,-4.8146,43.14,-2.46,12,-51.1169,25.0,-6.13,-7.09,FAIL,,
volume,CMF 0-cross,1h,short,downtrend|at range low|messy|contracting,44,-30.3297,27.27,-13.35,13,-18.4476,30.77,-2.4,-6.17,FAIL,,
volume,CMF 0-cross,1h,long,transition|at range low|messy|contracting,54,-15.0293,35.19,-8.12,9,17.2017,44.44,1.55,-5.43,FAIL,,
volume,CMF 0-cross,1h,short,transition|at range low|messy|contracting,56,-32.4028,30.36,-18.15,14,-4.9163,35.71,-0.69,-5.95,FAIL,,
volume,CMF 0-cross,1h,long,downtrend|at range low|messy|expanding,45,9.8082,48.89,4.41,13,-5.9364,38.46,-0.77,-7.35,FAIL,,
volume,CMF 0-cross,1h,short,downtrend|at range low|messy|expanding,47,-27.6166,27.66,-12.98,22,-27.9508,31.82,-6.15,-9.61,FAIL,,
volume,CMF 0-cross,1h,long,transition|at range low|messy|expanding,55,-6.0086,41.82,-3.3,7,24.8591,42.86,1.74,-3.98,UNRELIABLE,,
volume,CMF 0-cross,1h,short,transition|at range low|messy|expanding,57,22.5191,47.37,12.84,26,-33.7822,26.92,-8.78,-10.77,FAIL,,
volume,CMF 0-cross,1h,long,transition|mid range|clean|contracting,39,-40.0456,30.77,-15.62,17,-49.0717,29.41,-8.34,-12.29,FAIL,,
volume,CMF 0-cross,1h,short,transition|mid range|clean|contracting,47,-10.8762,38.3,-5.11,13,-36.0757,46.15,-4.69,-7.12,FAIL,,
volume,CMF 0-cross,1h,long,transition|mid range|clean|expanding,44,6.7958,40.91,2.99,17,70.5461,64.71,11.99,-4.55,SURVIVOR,,
volume,CMF 0-cross,1h,short,transition|mid range|clean|expanding,45,-9.2409,40.0,-4.16,17,-39.9197,23.53,-6.79,-10.95,FAIL,,
volume,CMF 0-cross,1h,long,transition|mid range|messy|stalling,42,-22.1217,33.33,-9.29,8,-15.9485,50.0,-1.28,-3.49,FAIL,,
volume,CMF 0-cross,1h,short,transition|mid range|messy|stalling,39,-47.072,25.64,-18.36,9,-27.2762,22.22,-2.45,-5.65,FAIL,,
volume,CMF 0-cross,1h,long,transition|at range high|clean|contracting,22,-19.5354,36.36,-4.3,3,-10.3428,33.33,-0.31,-3.02,UNRELIABLE,,
volume,CMF 0-cross,1h,short,transition|at range high|clean|contracting,21,-25.956,28.57,-5.45,3,-105.2892,0.0,-3.16,-4.15,UNRELIABLE,,
volume,CMF 0-cross,1h,long,downtrend|pulling back in trend|clean|contracting,28,-15.3905,35.71,-4.31,7,96.1713,57.14,6.73,-2.64,UNRELIABLE,,
volume,CMF 0-cross,1h,short,downtrend|pulling back in trend|clean|contracting,29,-27.1203,34.48,-7.86,10,8.5292,40.0,0.85,-4.9,FAIL,,
volume,CMF 0-cross,1h,long,uptrend|pulling back in trend|clean|contracting,20,61.8916,50.0,12.38,10,99.7137,80.0,9.97,-2.55,SURVIVOR,,
volume,CMF 0-cross,1h,short,uptrend|pulling back in trend|clean|contracting,33,-7.3333,51.52,-2.42,11,-58.7995,27.27,-6.47,-8.49,FAIL,,
volume,CMF 0-cross,1h,long,uptrend|at range high|clean|contracting,16,-75.6675,12.5,-12.11,9,135.3854,88.89,12.18,-2.62,UNRELIABLE,,
volume,CMF 0-cross,1h,short,uptrend|at range high|clean|contracting,17,-24.5061,29.41,-4.17,4,-73.9811,25.0,-2.96,-4.8,UNRELIABLE,,
volume,CMF 0-cross,1h,long,uptrend|pulling back in trend|clean|expanding,33,12.3716,45.45,4.08,9,-55.3298,22.22,-4.98,-7.94,FAIL,,
volume,CMF 0-cross,1h,short,uptrend|pulling back in trend|clean|expanding,28,46.9607,50.0,13.15,11,-17.3946,36.36,-1.91,-7.67,FAIL,,
volume,CMF 0-cross,1h,long,downtrend|pulling back in trend|clean|expanding,27,-18.2887,33.33,-4.94,12,55.8109,58.33,6.7,-2.72,FAIL,,
volume,CMF 0-cross,1h,short,downtrend|pulling back in trend|clean|expanding,29,-37.2853,31.03,-10.81,7,-87.5231,14.29,-6.13,-7.32,UNRELIABLE,,
volume,CMF 0-cross,1h,long,transition|at range high|clean|expanding,28,-33.3422,28.57,-9.34,10,-37.4485,40.0,-3.74,-6.4,FAIL,,
volume,CMF 0-cross,1h,short,transition|at range high|clean|expanding,12,-99.4091,16.67,-11.93,9,2.9745,44.44,0.27,-3.38,UNRELIABLE,,
volume,CMF 0-cross,1h,long,transition|at range low|clean|contracting,21,7.2766,47.62,1.53,6,-26.2493,33.33,-1.57,-3.77,UNRELIABLE,,
volume,CMF 0-cross,1h,short,transition|at range low|clean|contracting,29,-13.0379,34.48,-3.78,6,-8.9868,33.33,-0.54,-4.52,UNRELIABLE,,
volume,CMF 0-cross,1h,long,downtrend|at range high|messy|contracting,18,-41.8883,22.22,-7.54,9,0.5383,33.33,0.05,-5.0,UNRELIABLE,,
volume,CMF 0-cross,1h,short,downtrend|at range high|messy|contracting,18,-23.6147,38.89,-4.25,4,-105.1381,0.0,-4.21,-4.21,UNRELIABLE,,
volume,CMF 0-cross,1h,long,uptrend|at range high|clean|expanding,23,-48.6788,26.09,-11.2,9,-0.6687,33.33,-0.06,-4.63,FAIL,,
volume,CMF 0-cross,1h,short,uptrend|at range high|clean|expanding,11,40.6139,54.55,4.47,5,-128.4435,0.0,-6.42,-6.42,UNRELIABLE,,
volume,CMF 0-cross,1h,long,downtrend|at range low|clean|contracting,13,-104.1616,7.69,-13.54,4,-108.43,0.0,-4.34,-4.87,UNRELIABLE,,
volume,CMF 0-cross,1h,short,downtrend|at range low|clean|contracting,12,8.6626,41.67,1.04,4,148.1916,75.0,5.93,-1.43,UNRELIABLE,,
volume,CMF 0-cross,1h,long,downtrend|pulling back in trend|messy|stalling,23,-48.3666,26.09,-11.12,11,-24.7204,27.27,-2.72,-7.21,FAIL,,
volume,CMF 0-cross,1h,short,downtrend|pulling back in trend|messy|stalling,23,-6.2082,39.13,-1.43,2,-130.0299,0.0,-2.6,-2.93,UNRELIABLE,,
volume,CMF 0-cross,1h,long,uptrend|at range high|messy|stalling,9,13.5452,44.44,1.22,6,-12.749,33.33,-0.76,-3.53,UNRELIABLE,,
volume,CMF 0-cross,1h,short,uptrend|at range high|messy|stalling,11,21.1982,45.45,2.33,6,18.4244,50.0,1.11,-2.77,UNRELIABLE,,
volume,CMF 0-cross,1h,long,transition|at range low|clean|expanding,18,-13.6016,38.89,-2.45,5,17.489,40.0,0.87,-2.47,UNRELIABLE,,
volume,CMF 0-cross,1h,short,transition|at range low|clean|expanding,25,-24.7688,40.0,-6.19,15,-29.2235,26.67,-4.38,-8.87,FAIL,,
volume,CMF 0-cross,1h,long,uptrend|pulling back in trend|messy|stalling,11,-66.8245,18.18,-7.35,7,-29.985,28.57,-2.1,-5.52,UNRELIABLE,,
volume,CMF 0-cross,1h,short,uptrend|pulling back in trend|messy|stalling,17,16.8789,47.06,2.87,9,9.6661,44.44,0.87,-2.84,UNRELIABLE,,
volume,CMF 0-cross,1h,long,uptrend|at range low|messy|contracting,15,-38.5092,33.33,-5.78,4,146.8269,75.0,5.87,-1.98,UNRELIABLE,,
volume,CMF 0-cross,1h,short,uptrend|at range low|messy|contracting,17,26.3125,41.18,4.47,2,51.8421,50.0,1.04,-1.33,UNRELIABLE,,
volume,CMF 0-cross,1h,long,downtrend|at range high|messy|expanding,31,56.1032,54.84,17.39,13,17.3143,38.46,2.25,-7.11,SURVIVOR,,
volume,CMF 0-cross,1h,short,downtrend|at range high|messy|expanding,11,-35.1766,36.36,-3.87,2,52.1949,50.0,1.04,-2.4,UNRELIABLE,,
volume,CMF 0-cross,1h,long,uptrend|at range low|messy|expanding,19,-37.3013,31.58,-7.09,3,-70.4822,33.33,-2.11,-3.63,UNRELIABLE,,
volume,CMF 0-cross,1h,short,uptrend|at range low|messy|expanding,37,20.3386,43.24,7.53,10,110.7804,70.0,11.08,-3.89,SURVIVOR,,
volume,CMF 0-cross,1h,long,downtrend|at range low|clean|expanding,15,5.7294,53.33,0.86,10,-10.6061,40.0,-1.06,-5.97,UNRELIABLE,,
volume,CMF 0-cross,1h,short,downtrend|at range low|clean|expanding,19,0.3854,36.84,0.07,14,-8.2742,42.86,-1.16,-5.14,UNRELIABLE,,
volume,CMF 0-cross,15m,long,transition|mid range|messy|contracting,363,-12.2147,30.85,-44.34,125,3.0087,42.4,3.76,-7.04,FAIL,,0.7467
volume,CMF 0-cross,15m,short,transition|mid range|messy|contracting,333,-3.2736,37.54,-10.9,107,-26.0507,22.43,-27.87,-28.65,FAIL,1.7673,
volume,CMF 0-cross,15m,long,transition|mid range|messy|expanding,406,-3.0577,38.67,-12.41,120,-8.5157,36.67,-10.22,-13.92,FAIL,1.6325,
volume,CMF 0-cross,15m,short,transition|mid range|messy|expanding,380,-5.3392,36.84,-20.29,125,-23.3008,24.8,-29.13,-29.19,FAIL,3.776,
volume,CMF 0-cross,15m,long,downtrend|pulling back in trend|messy|contracting,296,-8.8468,36.15,-26.19,95,-11.1952,33.68,-10.64,-11.27,FAIL,,
volume,CMF 0-cross,15m,short,downtrend|pulling back in trend|messy|contracting,253,-8.6502,33.99,-21.88,70,-8.386,35.71,-5.87,-9.69,FAIL,,
volume,CMF 0-cross,15m,long,uptrend|at range high|messy|contracting,166,-9.6125,34.34,-15.96,50,-2.9709,38.0,-1.49,-5.22,FAIL,,1.5399
volume,CMF 0-cross,15m,short,uptrend|at range high|messy|contracting,183,-8.1878,35.52,-14.98,64,-28.7601,20.31,-18.41,-19.22,FAIL,,
volume,CMF 0-cross,15m,long,uptrend|pulling back in trend|messy|contracting,227,-11.0938,31.72,-25.18,82,-2.5711,41.46,-2.11,-7.13,FAIL,,1.4438
volume,CMF 0-cross,15m,short,uptrend|pulling back in trend|messy|contracting,278,-7.6226,35.97,-21.19,73,-14.3986,30.14,-10.51,-12.63,FAIL,,
volume,CMF 0-cross,15m,long,downtrend|pulling back in trend|messy|expanding,311,-9.8059,34.08,-30.5,94,-6.3584,36.17,-5.98,-8.61,FAIL,,4.3197
volume,CMF 0-cross,15m,short,downtrend|pulling back in trend|messy|expanding,254,-4.5517,37.4,-11.56,70,-1.2104,40.0,-0.85,-5.91,FAIL,2.5241,1.1868
volume,CMF 0-cross,15m,long,uptrend|pulling back in trend|messy|expanding,221,-9.8703,32.58,-21.81,84,11.031,46.43,9.27,-5.87,FAIL,,0.4353
volume,CMF 0-cross,15m,short,uptrend|pulling back in trend|messy|expanding,327,-7.0343,37.0,-23.0,117,-5.4297,36.75,-6.35,-18.15,FAIL,85.5914,3.97
volume,CMF 0-cross,15m,long,transition|at range high|messy|contracting,181,-8.0344,32.6,-14.54,70,2.4723,42.86,1.73,-5.44,FAIL,,0.7667
volume,CMF 0-cross,15m,short,transition|at range high|messy|contracting,168,-4.4201,37.5,-7.43,49,-16.6782,28.57,-8.17,-10.17,FAIL,2.7455,
volume,CMF 0-cross,15m,long,uptrend|at range high|messy|expanding,193,-11.1503,32.12,-21.52,73,-5.9804,35.62,-4.37,-11.77,FAIL,,3.5699
volume,CMF 0-cross,15m,short,uptrend|at range high|messy|expanding,178,-5.6644,37.64,-10.08,46,1.1789,41.3,0.54,-3.64,FAIL,3.6808,0.8646
volume,CMF 0-cross,15m,long,transition|mid range|clean|contracting,208,-6.9128,36.54,-14.38,77,-6.9017,35.06,-5.31,-6.33,FAIL,5.3014,5.0821
volume,CMF 0-cross,15m,short,transition|mid range|clean|contracting,212,-13.7647,31.13,-29.18,46,-11.3615,30.43,-5.23,-7.84,FAIL,,
volume,CMF 0-cross,15m,long,downtrend|at range low|messy|contracting,165,-10.5323,33.94,-17.38,51,0.8025,43.14,0.41,-7.13,FAIL,,0.9147
volume,CMF 0-cross,15m,short,downtrend|at range low|messy|contracting,131,-11.7593,32.06,-15.4,43,0.7857,37.21,0.34,-7.54,FAIL,,0.8971
volume,CMF 0-cross,15m,long,transition|at range high|messy|expanding,217,-0.807,39.63,-1.75,93,-11.5466,32.26,-10.74,-13.95,FAIL,1.1049,
volume,CMF 0-cross,15m,short,transition|at range high|messy|expanding,155,-8.4401,35.48,-13.08,47,-26.3109,25.53,-12.37,-14.4,FAIL,,
volume,CMF 0-cross,15m,long,transition|at range low|messy|contracting,145,-9.4867,35.17,-13.76,44,-12.6891,38.64,-5.58,-7.38,FAIL,,
volume,CMF 0-cross,15m,short,transition|at range low|messy|contracting,154,0.5134,39.61,0.79,47,-27.8678,25.53,-13.1,-16.79,FAIL,0.9384,
volume,CMF 0-cross,15m,long,transition|mid range|clean|expanding,206,-14.2295,29.61,-29.31,62,-2.7186,40.32,-1.69,-7.95,FAIL,,1.4861
volume,CMF 0-cross,15m,short,transition|mid range|clean|expanding,231,-10.6062,32.03,-24.5,61,-9.1087,36.07,-5.56,-7.46,FAIL,,
volume,CMF 0-cross,15m,long,downtrend|at range low|messy|expanding,174,-14.7504,29.89,-25.67,45,-9.2254,35.56,-4.15,-7.56,FAIL,,
volume,CMF 0-cross,15m,short,downtrend|at range low|messy|expanding,191,-8.7871,34.55,-16.78,64,-2.6008,39.06,-1.66,-5.75,FAIL,,1.5099
volume,CMF 0-cross,15m,long,transition|at range low|messy|expanding,142,-16.0749,30.28,-22.83,57,-4.9206,40.35,-2.8,-10.47,FAIL,,2.3263
volume,CMF 0-cross,15m,short,transition|at range low|messy|expanding,199,-9.8511,33.67,-19.6,96,0.1849,38.54,0.18,-8.86,FAIL,,0.9751
volume,CMF 0-cross,15m,long,downtrend|pulling back in trend|clean|contracting,153,-6.8799,36.6,-10.53,58,-18.3431,29.31,-10.64,-11.34,FAIL,6.5333,
volume,CMF 0-cross,15m,short,downtrend|pulling back in trend|clean|contracting,135,-12.4877,31.85,-16.86,56,-10.6472,35.71,-5.96,-10.93,FAIL,,
volume,CMF 0-cross,15m,long,uptrend|pulling back in trend|clean|contracting,144,-17.4345,27.08,-25.11,46,-5.1073,36.96,-2.35,-7.48,FAIL,,2.4966
volume,CMF 0-cross,15m,short,uptrend|pulling back in trend|clean|contracting,167,-7.0479,34.73,-11.77,53,-20.5811,28.3,-10.91,-10.93,FAIL,11.5222,
volume,CMF 0-cross,15m,long,uptrend|at range high|clean|contracting,79,-17.4503,27.85,-13.79,24,-29.4514,20.83,-7.07,-10.0,FAIL,,
volume,CMF 0-cross,15m,short,uptrend|at range high|clean|contracting,88,-8.0808,35.23,-7.11,28,-30.5187,21.43,-8.55,-8.57,FAIL,,
volume,CMF 0-cross,15m,long,downtrend|pulling back in trend|clean|expanding,196,-11.3761,32.65,-22.3,67,-21.2747,28.36,-14.25,-14.29,FAIL,,
volume,CMF 0-cross,15m,short,downtrend|pulling back in trend|clean|expanding,130,-9.5615,33.85,-12.43,34,6.0162,47.06,2.05,-4.62,FAIL,,0.5438
volume,CMF 0-cross,15m,long,uptrend|pulling back in trend|clean|expanding,128,-6.2761,35.94,-8.03,39,-5.1575,38.46,-2.01,-5.19,FAIL,4.1501,2.6815
volume,CMF 0-cross,15m,short,uptrend|pulling back in trend|clean|expanding,176,-4.982,38.07,-8.77,58,-2.2592,39.66,-1.31,-5.3,FAIL,3.3282,1.433
volume,CMF 0-cross,15m,long,transition|at range high|clean|contracting,84,-10.8171,33.33,-9.09,41,-15.2206,31.71,-6.24,-6.78,FAIL,,
volume,CMF 0-cross,15m,short,transition|at range high|clean|contracting,90,-17.5463,31.11,-15.79,24,-16.5715,33.33,-3.98,-6.23,FAIL,,
volume,CMF 0-cross,15m,long,transition|mid range|messy|stalling,144,-8.956,33.33,-12.9,49,-11.4057,34.69,-5.59,-6.89,FAIL,,
volume,CMF 0-cross,15m,short,transition|mid range|messy|stalling,141,-8.2581,33.33,-11.64,62,-0.6929,38.71,-0.43,-6.12,FAIL,,1.0973
volume,CMF 0-cross,15m,long,transition|at range high|clean|expanding,130,-0.5189,39.23,-0.67,46,-7.5791,32.61,-3.49,-5.35,FAIL,1.0677,10.9839
volume,CMF 0-cross,15m,short,transition|at range high|clean|expanding,87,-17.745,26.44,-15.44,30,-43.7808,13.33,-13.13,-13.97,FAIL,,
volume,CMF 0-cross,15m,long,uptrend|at range high|clean|expanding,95,-20.4493,27.37,-19.43,26,-17.0271,30.77,-4.43,-8.3,FAIL,,
volume,CMF 0-cross,15m,short,uptrend|at range high|clean|expanding,79,-9.0576,35.44,-7.16,25,15.0666,56.0,3.77,-3.28,FAIL,,0.2962
volume,CMF 0-cross,15m,long,downtrend|at range low|clean|contracting,86,-1.1808,41.86,-1.02,26,-16.9361,26.92,-4.4,-5.31,FAIL,1.1587,
volume,CMF 0-cross,15m,short,downtrend|at range low|clean|contracting,86,-25.9057,22.09,-22.28,24,-11.2164,33.33,-2.69,-6.37,FAIL,,
volume,CMF 0-cross,15m,long,transition|at range low|clean|contracting,80,-1.464,40.0,-1.17,12,8.5167,50.0,1.02,-2.6,FAIL,1.2013,0.466
volume,CMF 0-cross,15m,short,transition|at range low|clean|contracting,82,-5.6571,36.59,-4.64,38,-3.3345,39.47,-1.27,-4.7,FAIL,4.0514,1.7363
volume,CMF 0-cross,15m,long,transition|at range low|clean|expanding,79,-19.3794,30.38,-15.31,20,-6.4493,35.0,-1.29,-2.97,FAIL,,3.6139
volume,CMF 0-cross,15m,short,transition|at range low|clean|expanding,161,-4.2678,37.27,-6.87,46,-11.2224,34.78,-5.16,-8.31,FAIL,2.2126,
volume,CMF 0-cross,15m,long,downtrend|at range low|clean|expanding,73,-7.9702,34.25,-5.82,24,-2.5314,37.5,-0.61,-3.13,FAIL,15.3413,1.4333
volume,CMF 0-cross,15m,short,downtrend|at range low|clean|expanding,117,-19.5229,27.35,-22.84,30,-22.2693,23.33,-6.68,-8.0,FAIL,,
volume,CMF 0-cross,15m,long,downtrend|pulling back in trend|messy|stalling,108,-11.7787,34.26,-12.72,37,5.5586,45.95,2.06,-3.2,FAIL,,0.5944
volume,CMF 0-cross,15m,short,downtrend|pulling back in trend|messy|stalling,77,-17.3914,25.97,-13.39,28,-1.8598,35.71,-0.52,-4.71,FAIL,,1.3295
volume,CMF 0-cross,15m,long,downtrend|at range high|messy|contracting,89,-6.6067,34.83,-5.88,28,-22.4929,28.57,-6.3,-8.0,FAIL,4.6301,
volume,CMF 0-cross,15m,short,downtrend|at range high|messy|contracting,57,-4.0447,38.6,-2.31,30,9.2551,43.33,2.78,-5.24,FAIL,2.2673,0.442
volume,CMF 0-cross,15m,long,uptrend|pulling back in trend|messy|stalling,81,-23.548,24.69,-19.07,26,-7.1185,38.46,-1.85,-5.82,FAIL,,6.6203
volume,CMF 0-cross,15m,short,uptrend|pulling back in trend|messy|stalling,133,-3.6762,38.35,-4.89,31,2.978,41.94,0.92,-4.43,FAIL,2.1002,0.7187
volume,CMF 0-cross,15m,long,downtrend|at range high|messy|expanding,127,-17.1911,25.98,-21.83,37,-21.1965,29.73,-7.84,-7.85,FAIL,,
volume,CMF 0-cross,15m,short,downtrend|at range high|messy|expanding,63,-3.677,36.51,-2.32,25,-2.3579,40.0,-0.59,-3.8,FAIL,2.0552,1.4432
volume,CMF 0-cross,15m,long,uptrend|at range high|messy|stalling,64,-10.8778,32.81,-6.96,15,1.8762,40.0,0.28,-2.41,FAIL,,0.8213
volume,CMF 0-cross,15m,short,uptrend|at range high|messy|stalling,40,-9.4105,32.5,-3.76,19,-17.6598,26.32,-3.36,-4.26,FAIL,,
volume,MFI extremes,1h,long,transition|mid range|messy|contracting,15,-9.5156,46.67,-1.43,1,-134.6933,0.0,-1.35,-1.66,UNRELIABLE,,
volume,MFI extremes,1h,short,transition|mid range|messy|contracting,5,47.1189,60.0,2.36,1,-132.2635,0.0,-1.32,-1.32,UNRELIABLE,,
volume,MFI extremes,1h,long,transition|mid range|messy|expanding,11,-50.0375,27.27,-5.5,5,12.9441,40.0,0.65,-4.55,UNRELIABLE,,
volume,MFI extremes,1h,short,transition|mid range|messy|expanding,9,-8.1724,44.44,-0.74,7,-29.6723,28.57,-2.08,-5.1,UNRELIABLE,,
volume,MFI extremes,1h,long,uptrend|at range high|messy|contracting,0,,,,0,,,,,NO-TRADES,,
volume,MFI extremes,1h,short,uptrend|at range high|messy|contracting,37,-51.969,21.62,-19.23,19,-15.8721,31.58,-3.02,-7.15,FAIL,,
volume,MFI extremes,1h,long,downtrend|pulling back in trend|messy|contracting,11,36.5595,63.64,4.02,3,-80.1487,33.33,-2.4,-3.0,UNRELIABLE,,
volume,MFI extremes,1h,short,downtrend|pulling back in trend|messy|contracting,0,0.0,0.0,0.0,1,-132.2368,0.0,-1.32,-2.06,UNRELIABLE,,
volume,MFI extremes,1h,long,uptrend|pulling back in trend|messy|contracting,4,77.4207,75.0,3.1,1,5.1114,100.0,0.05,-0.83,UNRELIABLE,,
volume,MFI extremes,1h,short,uptrend|pulling back in trend|messy|contracting,8,-7.865,50.0,-0.63,1,-132.3188,0.0,-1.32,-1.53,UNRELIABLE,,
volume,MFI extremes,1h,long,uptrend|at range high|messy|expanding,0,,,,0,,,,,NO-TRADES,,
volume,MFI extremes,1h,short,uptrend|at range high|messy|expanding,33,-22.1781,33.33,-7.32,17,-26.4892,35.29,-4.5,-7.31,FAIL,,
volume,MFI extremes,1h,long,downtrend|pulling back in trend|messy|expanding,9,-25.2463,44.44,-2.27,1,-134.221,0.0,-1.34,-1.89,UNRELIABLE,,
volume,MFI extremes,1h,short,downtrend|pulling back in trend|messy|expanding,3,-130.6672,0.0,-3.92,2,-7.8782,50.0,-0.16,-1.57,UNRELIABLE,,
volume,MFI extremes,1h,long,transition|at range high|messy|contracting,0,,,,0,,,,,NO-TRADES,,
volume,MFI extremes,1h,short,transition|at range high|messy|contracting,40,-24.9837,37.5,-9.99,12,-0.7534,33.33,-0.09,-3.41,FAIL,,
volume,MFI extremes,1h,long,uptrend|pulling back in trend|messy|expanding,3,-131.6326,0.0,-3.95,2,137.6804,100.0,2.75,-0.9,UNRELIABLE,,
volume,MFI extremes,1h,short,uptrend|pulling back in trend|messy|expanding,6,43.002,66.67,2.58,1,-132.5153,0.0,-1.33,-1.33,UNRELIABLE,,
volume,MFI extremes,1h,long,transition|at range high|messy|expanding,0,,,,0,,,,,NO-TRADES,,
volume,MFI extremes,1h,short,transition|at range high|messy|expanding,36,15.1296,47.22,5.45,16,3.3568,50.0,0.54,-4.92,SURVIVOR,,
volume,MFI extremes,1h,long,downtrend|at range low|messy|contracting,31,31.7947,48.39,9.86,12,21.425,58.33,2.57,-3.72,SURVIVOR,,
volume,MFI extremes,1h,short,downtrend|at range low|messy|contracting,0,,,,0,,,,,NO-TRADES,,
volume,MFI extremes,1h,long,transition|at range low|messy|contracting,42,-33.8213,33.33,-14.2,8,-8.5238,50.0,-0.68,-3.94,FAIL,,
volume,MFI extremes,1h,short,transition|at range low|messy|contracting,0,,,,0,,,,,NO-TRADES,,
volume,MFI extremes,1h,long,downtrend|at range low|messy|expanding,39,-15.9751,35.9,-6.23,12,-22.9046,33.33,-2.75,-8.18,FAIL,,
volume,MFI extremes,1h,short,downtrend|at range low|messy|expanding,0,,,,0,,,,,NO-TRADES,,
volume,MFI extremes,1h,long,transition|at range low|messy|expanding,44,-23.7158,31.82,-10.43,11,-40.1681,27.27,-4.42,-6.1,FAIL,,
volume,MFI extremes,1h,short,transition|at range low|messy|expanding,0,,,,0,,,,,NO-TRADES,,
volume,MFI extremes,1h,long,transition|mid range|clean|contracting,3,-133.9346,0.0,-4.02,2,51.0002,50.0,1.02,-1.6,UNRELIABLE,,
volume,MFI extremes,1h,short,transition|mid range|clean|contracting,3,34.9076,66.67,1.05,1,-129.2567,0.0,-1.29,-1.29,UNRELIABLE,,
volume,MFI extremes,1h,long,transition|mid range|clean|expanding,4,-68.0753,25.0,-2.72,2,50.2881,50.0,1.01,-1.61,UNRELIABLE,,
volume,MFI extremes,1h,short,transition|mid range|clean|expanding,2,-67.1463,0.0,-1.34,0,0.0,0.0,0.0,0.0,UNRELIABLE,,
volume,MFI extremes,1h,long,transition|mid range|messy|stalling,2,-131.8303,0.0,-2.64,0,0.0,0.0,0.0,0.0,UNRELIABLE,,
volume,MFI extremes,1h,short,transition|mid range|messy|stalling,5,-81.8799,20.0,-4.09,2,53.1471,50.0,1.06,-2.37,UNRELIABLE,,
volume,MFI extremes,1h,long,transition|at range high|clean|contracting,0,,,,0,,,,,NO-TRADES,,
volume,MFI extremes,1h,short,transition|at range high|clean|contracting,17,-1.5505,35.29,-0.26,4,-9.7766,25.0,-0.39,-3.83,UNRELIABLE,,
volume,MFI extremes,1h,long,downtrend|pulling back in trend|clean|contracting,3,114.1418,66.67,3.42,1,-133.3455,0.0,-1.33,-1.52,UNRELIABLE,,
volume,MFI extremes,1h,short,downtrend|pulling back in trend|clean|contracting,0,,,,0,,,,,NO-TRADES,,
volume,MFI extremes,1h,long,uptrend|pulling back in trend|clean|contracting,0,0.0,0.0,0.0,1,-132.3464,0.0,-1.32,-1.32,UNRELIABLE,,
volume,MFI extremes,1h,short,uptrend|pulling back in trend|clean|contracting,3,-10.5546,33.33,-0.32,2,-46.5107,50.0,-0.93,-1.51,UNRELIABLE,,
volume,MFI extremes,1h,long,uptrend|at range high|clean|contracting,0,,,,0,,,,,NO-TRADES,,
volume,MFI extremes,1h,short,uptrend|at range high|clean|contracting,17,-35.8265,29.41,-6.09,8,-18.4501,37.5,-1.48,-5.64,UNRELIABLE,,
volume,MFI extremes,1h,long,uptrend|pulling back in trend|clean|expanding,0,0.0,0.0,0.0,0,0.0,0.0,0.0,0.0,UNRELIABLE,,
volume,MFI extremes,1h,short,uptrend|pulling back in trend|clean|expanding,3,-43.3852,33.33,-1.3,0,0.0,0.0,0.0,0.0,UNRELIABLE,,
volume,MFI extremes,1h,long,downtrend|pulling back in trend|clean|expanding,1,237.4883,100.0,2.37,0,0.0,0.0,0.0,0.0,UNRELIABLE,,
volume,MFI extremes,1h,short,downtrend|pulling back in trend|clean|expanding,1,-130.697,0.0,-1.31,0,0.0,0.0,0.0,0.0,UNRELIABLE,,
volume,MFI extremes,1h,long,transition|at range high|clean|expanding,0,,,,0,,,,,NO-TRADES,,
volume,MFI extremes,1h,short,transition|at range high|clean|expanding,16,-15.2169,31.25,-2.43,5,41.4501,40.0,2.07,-1.8,UNRELIABLE,,
volume,MFI extremes,1h,long,transition|at range low|clean|contracting,15,-17.2474,40.0,-2.59,7,-50.9985,28.57,-3.57,-7.08,UNRELIABLE,,
volume,MFI extremes,1h,short,transition|at range low|clean|contracting,0,,,,0,,,,,NO-TRADES,,
volume,MFI extremes,1h,long,downtrend|at range high|messy|contracting,0,,,,0,,,,,NO-TRADES,,
volume,MFI extremes,1h,short,downtrend|at range high|messy|contracting,10,-43.5313,20.0,-4.35,7,-27.3129,28.57,-1.91,-2.97,UNRELIABLE,,
volume,MFI extremes,1h,long,uptrend|at range high|clean|expanding,0,,,,0,,,,,NO-TRADES,,
volume,MFI extremes,1h,short,uptrend|at range high|clean|expanding,18,-9.2636,33.33,-1.67,3,-8.7177,33.33,-0.26,-3.31,UNRELIABLE,,
volume,MFI extremes,1h,long,downtrend|at range low|clean|contracting,9,23.3003,55.56,2.1,6,-78.1321,16.67,-4.69,-5.53,UNRELIABLE,,
volume,MFI extremes,1h,short,downtrend|at range low|clean|contracting,0,,,,0,,,,,NO-TRADES,,
volume,MFI extremes,1h,long,downtrend|pulling back in trend|messy|stalling,6,-38.4574,33.33,-2.31,1,237.6885,100.0,2.38,-1.1,UNRELIABLE,,
volume,MFI extremes,1h,short,downtrend|pulling back in trend|messy|stalling,0,,,,0,,,,,NO-TRADES,,
volume,MFI extremes,1h,long,uptrend|at range high|messy|stalling,0,,,,0,,,,,NO-TRADES,,
volume,MFI extremes,1h,short,uptrend|at range high|messy|stalling,12,-29.9058,25.0,-3.59,4,22.7659,50.0,0.91,-2.69,UNRELIABLE,,
volume,MFI extremes,1h,long,transition|at range low|clean|expanding,12,-14.8458,41.67,-1.78,7,3.658,42.86,0.26,-3.74,UNRELIABLE,,
volume,MFI extremes,1h,short,transition|at range low|clean|expanding,0,0.0,0.0,0.0,1,12.4299,100.0,0.12,-0.28,UNRELIABLE,,
volume,MFI extremes,1h,long,uptrend|pulling back in trend|messy|stalling,1,-132.3464,0.0,-1.32,0,0.0,0.0,0.0,0.0,UNRELIABLE,,
volume,MFI extremes,1h,short,uptrend|pulling back in trend|messy|stalling,0,0.0,0.0,0.0,0,0.0,0.0,0.0,0.0,UNRELIABLE,,
volume,MFI extremes,1h,long,uptrend|at range low|messy|contracting,4,-41.1812,25.0,-1.65,8,44.8679,62.5,3.59,-3.19,UNRELIABLE,,
volume,MFI extremes,1h,short,uptrend|at range low|messy|contracting,0,,,,0,,,,,NO-TRADES,,
volume,MFI extremes,1h,long,downtrend|at range high|messy|expanding,0,,,,0,,,,,NO-TRADES,,
volume,MFI extremes,1h,short,downtrend|at range high|messy|expanding,11,31.7921,54.55,3.5,2,241.8817,100.0,4.84,0.0,UNRELIABLE,,
volume,MFI extremes,1h,long,uptrend|at range low|messy|expanding,13,-118.2175,0.0,-15.37,7,-34.1315,28.57,-2.39,-4.4,UNRELIABLE,,
volume,MFI extremes,1h,short,uptrend|at range low|messy|expanding,0,,,,0,,,,,NO-TRADES,,
volume,MFI extremes,1h,long,downtrend|at range low|clean|expanding,17,-73.3192,23.53,-12.46,4,-129.7763,0.0,-5.19,-5.19,UNRELIABLE,,
volume,MFI extremes,1h,short,downtrend|at range low|clean|expanding,0,,,,0,,,,,NO-TRADES,,
volume,MFI extremes,15m,long,transition|mid range|messy|contracting,42,-6.6475,38.1,-2.79,4,-65.2355,0.0,-2.61,-3.28,UNRELIABLE,4.7065,
volume,MFI extremes,15m,short,transition|mid range|messy|contracting,24,-24.5899,25.0,-5.9,6,-8.5524,33.33,-0.51,-1.3,UNRELIABLE,,
volume,MFI extremes,15m,long,transition|mid range|messy|expanding,37,-26.1493,27.03,-9.68,5,36.2736,60.0,1.81,-1.82,UNRELIABLE,,0.1652
volume,MFI extremes,15m,short,transition|mid range|messy|expanding,23,-15.0366,30.43,-3.46,9,40.3016,66.67,3.63,-1.13,FAIL,,0.1329
volume,MFI extremes,15m,long,downtrend|pulling back in trend|messy|contracting,38,2.8947,44.74,1.1,8,-43.6468,12.5,-3.49,-3.88,FAIL,0.7322,
volume,MFI extremes,15m,short,downtrend|pulling back in trend|messy|contracting,9,49.5742,66.67,4.46,3,14.0611,66.67,0.42,-1.39,UNRELIABLE,0.0983,0.2947
volume,MFI extremes,15m,long,uptrend|at range high|messy|contracting,1,-66.2439,0.0,-0.66,0,0.0,0.0,0.0,0.0,UNRELIABLE,,
volume,MFI extremes,15m,short,uptrend|at range high|messy|contracting,150,4.2272,41.33,6.34,36,-23.4365,22.22,-8.44,-8.82,FAIL,0.6504,
volume,MFI extremes,15m,long,uptrend|pulling back in trend|messy|contracting,17,16.525,47.06,2.81,1,3.1404,100.0,0.03,-0.59,UNRELIABLE,0.3161,0.6366
volume,MFI extremes,15m,short,uptrend|pulling back in trend|messy|contracting,22,-13.0975,31.82,-2.88,4,-29.3448,25.0,-1.17,-1.66,UNRELIABLE,,
volume,MFI extremes,15m,long,downtrend|pulling back in trend|messy|expanding,29,-15.7854,34.48,-4.58,8,9.288,37.5,0.74,-1.62,FAIL,,0.4344
volume,MFI extremes,15m,short,downtrend|pulling back in trend|messy|expanding,9,-16.6195,33.33,-1.5,4,-64.4148,0.0,-2.58,-2.58,UNRELIABLE,,
volume,MFI extremes,15m,long,uptrend|pulling back in trend|messy|expanding,12,-9.1353,33.33,-1.1,2,19.2322,50.0,0.38,-0.89,UNRELIABLE,,0.2814
volume,MFI extremes,15m,short,uptrend|pulling back in trend|messy|expanding,21,-7.3345,38.1,-1.54,6,-36.2005,16.67,-2.17,-2.56,UNRELIABLE,19.033,
volume,MFI extremes,15m,long,transition|at range high|messy|contracting,0,,,,0,,,,,NO-TRADES,,
volume,MFI extremes,15m,short,transition|at range high|messy|contracting,114,-10.8448,33.33,-12.36,50,-26.1753,22.0,-13.09,-16.29,FAIL,,
volume,MFI extremes,15m,long,uptrend|at range high|messy|expanding,0,,,,0,,,,,NO-TRADES,,
volume,MFI extremes,15m,short,uptrend|at range high|messy|expanding,141,0.3493,40.43,0.49,36,15.3506,50.0,5.53,-2.72,SURVIVOR,0.9578,0.3265
volume,MFI extremes,15m,long,transition|mid range|clean|contracting,16,-44.4226,12.5,-7.11,4,-23.1449,25.0,-0.93,-2.27,UNRELIABLE,,
volume,MFI extremes,15m,short,transition|mid range|clean|contracting,14,2.4855,42.86,0.35,4,-22.7105,25.0,-0.91,-1.94,UNRELIABLE,0.7307,
volume,MFI extremes,15m,long,downtrend|at range low|messy|contracting,126,-2.1947,38.1,-2.77,35,-1.5052,42.86,-0.53,-5.66,FAIL,1.348,1.2165
volume,MFI extremes,15m,short,downtrend|at range low|messy|contracting,0,,,,0,,,,,NO-TRADES,,
volume,MFI extremes,15m,long,transition|at range high|messy|expanding,2,19.1646,50.0,0.38,0,0.0,0.0,0.0,0.0,UNRELIABLE,0.2858,
volume,MFI extremes,15m,short,transition|at range high|messy|expanding,118,-3.9365,38.14,-4.65,36,-11.2118,33.33,-4.04,-6.84,FAIL,2.1419,
volume,MFI extremes,15m,long,transition|at range low|messy|contracting,126,-7.411,38.89,-9.34,41,-26.2056,24.39,-10.74,-13.23,FAIL,8.5193,
volume,MFI extremes,15m,short,transition|at range low|messy|contracting,0,0.0,0.0,0.0,0,0.0,0.0,0.0,0.0,UNRELIABLE,,
volume,MFI extremes,15m,long,transition|mid range|clean|expanding,14,12.3129,50.0,1.72,4,-64.9352,0.0,-2.6,-2.6,UNRELIABLE,0.3825,
volume,MFI extremes,15m,short,transition|mid range|clean|expanding,9,-8.779,33.33,-0.79,1,104.6409,100.0,1.05,-0.14,UNRELIABLE,,0.0352
volume,MFI extremes,15m,long,downtrend|at range low|messy|expanding,133,-7.9647,36.09,-10.59,48,-5.8728,37.5,-2.82,-6.4,FAIL,7.3958,3.1923
volume,MFI extremes,15m,short,downtrend|at range low|messy|expanding,2,-64.4363,0.0,-1.29,0,0.0,0.0,0.0,0.0,UNRELIABLE,,
volume,MFI extremes,15m,long,transition|at range low|messy|expanding,121,-8.3444,35.54,-10.1,34,-0.099,41.18,-0.03,-7.78,FAIL,,1.0118
volume,MFI extremes,15m,short,transition|at range low|messy|expanding,2,-64.4888,0.0,-1.29,0,0.0,0.0,0.0,0.0,UNRELIABLE,,
volume,MFI extremes,15m,long,downtrend|pulling back in trend|clean|contracting,17,-14.8532,35.29,-2.53,4,-23.125,25.0,-0.92,-2.21,UNRELIABLE,,
volume,MFI extremes,15m,short,downtrend|pulling back in trend|clean|contracting,3,-7.9769,33.33,-0.24,1,105.4854,100.0,1.05,-0.46,UNRELIABLE,,0.0275
volume,MFI extremes,15m,long,uptrend|pulling back in trend|clean|contracting,8,-63.6766,0.0,-5.09,1,-65.4629,0.0,-0.65,-0.93,UNRELIABLE,,
volume,MFI extremes,15m,short,uptrend|pulling back in trend|clean|contracting,10,-28.2892,30.0,-2.83,3,47.8949,66.67,1.44,-0.65,UNRELIABLE,,0.1168
volume,MFI extremes,15m,long,uptrend|at range high|clean|contracting,0,,,,0,,,,,NO-TRADES,,
volume,MFI extremes,15m,short,uptrend|at range high|clean|contracting,76,-20.48,28.95,-15.56,24,-19.1919,29.17,-4.61,-6.86,FAIL,,
volume,MFI extremes,15m,long,downtrend|pulling back in trend|clean|expanding,13,-55.7527,0.0,-7.25,2,19.3158,50.0,0.39,-0.68,UNRELIABLE,,0.2801
volume,MFI extremes,15m,short,downtrend|pulling back in trend|clean|expanding,2,-64.544,0.0,-1.29,0,0.0,0.0,0.0,0.0,UNRELIABLE,,
volume,MFI extremes,15m,long,uptrend|pulling back in trend|clean|expanding,2,40.5382,50.0,0.81,2,19.2486,50.0,0.38,-0.65,UNRELIABLE,0.1057,0.2808
volume,MFI extremes,15m,short,uptrend|pulling back in trend|clean|expanding,12,3.2486,50.0,0.39,1,65.8963,100.0,0.66,-0.45,UNRELIABLE,0.6662,0.0403
volume,MFI extremes,15m,long,transition|at range high|clean|contracting,1,-65.3996,0.0,-0.65,0,0.0,0.0,0.0,0.0,UNRELIABLE,,
volume,MFI extremes,15m,short,transition|at range high|clean|contracting,60,-14.5397,30.0,-8.72,28,-13.8222,35.71,-3.87,-6.99,FAIL,,
volume,MFI extremes,15m,long,transition|mid range|messy|stalling,8,49.5442,75.0,3.96,4,18.878,50.0,0.76,-0.78,UNRELIABLE,0.1147,0.2978
volume,MFI extremes,15m,short,transition|mid range|messy|stalling,8,-1.5985,37.5,-0.13,0,0.0,0.0,0.0,0.0,UNRELIABLE,1.2474,
volume,MFI extremes,15m,long,transition|at range high|clean|expanding,0,,,,0,,,,,NO-TRADES,,
volume,MFI extremes,15m,short,transition|at range high|clean|expanding,88,-13.5105,31.82,-11.89,28,6.1429,42.86,1.72,-4.7,FAIL,,0.5553
volume,MFI extremes,15m,long,uptrend|at range high|clean|expanding,0,,,,0,,,,,NO-TRADES,,
volume,MFI extremes,15m,short,uptrend|at range high|clean|expanding,78,-6.4054,35.9,-5.0,21,0.9655,42.86,0.2,-2.31,FAIL,4.7552,0.8872
volume,MFI extremes,15m,long,downtrend|at range low|clean|contracting,48,-11.6133,33.33,-5.57,28,-4.9298,39.29,-1.38,-4.98,FAIL,,2.475
volume,MFI extremes,15m,short,downtrend|at range low|clean|contracting,0,,,,0,,,,,NO-TRADES,,
volume,MFI extremes,15m,long,transition|at range low|clean|contracting,62,-9.2181,35.48,-5.72,14,-40.2635,14.29,-5.64,-6.83,FAIL,,
volume,MFI extremes,15m,short,transition|at range low|clean|contracting,0,,,,0,,,,,NO-TRADES,,
volume,MFI extremes,15m,long,transition|at range low|clean|expanding,76,-4.9159,42.11,-3.74,30,-8.2495,33.33,-2.47,-5.15,FAIL,2.3342,40.6638
volume,MFI extremes,15m,short,transition|at range low|clean|expanding,1,104.2619,100.0,1.04,0,0.0,0.0,0.0,0.0,UNRELIABLE,0.0387,
volume,MFI extremes,15m,long,downtrend|at range low|clean|expanding,70,-14.4432,31.43,-10.11,15,0.951,40.0,0.14,-2.66,FAIL,,0.8967
volume,MFI extremes,15m,short,downtrend|at range low|clean|expanding,0,,,,0,,,,,NO-TRADES,,
volume,MFI extremes,15m,long,downtrend|pulling back in trend|messy|stalling,7,-40.9408,14.29,-2.87,2,18.9861,50.0,0.38,-0.91,UNRELIABLE,,0.2905
volume,MFI extremes,15m,short,downtrend|pulling back in trend|messy|stalling,0,,,,0,,,,,NO-TRADES,,
volume,MFI extremes,15m,long,downtrend|at range high|messy|contracting,0,,,,0,,,,,NO-TRADES,,
volume,MFI extremes,15m,short,downtrend|at range high|messy|contracting,35,0.0639,42.86,0.02,14,11.7629,50.0,1.65,-2.9,SURVIVOR,0.9914,0.3834
volume,MFI extremes,15m,long,uptrend|pulling back in trend|messy|stalling,8,-23.0837,25.0,-1.85,0,0.0,0.0,0.0,0.0,UNRELIABLE,,
volume,MFI extremes,15m,short,uptrend|pulling back in trend|messy|stalling,8,-30.2341,25.0,-2.42,3,-64.7368,0.0,-1.94,-2.12,UNRELIABLE,,
volume,MFI extremes,15m,long,downtrend|at range high|messy|expanding,2,19.3456,50.0,0.39,0,0.0,0.0,0.0,0.0,UNRELIABLE,0.2791,
volume,MFI extremes,15m,short,downtrend|at range high|messy|expanding,30,-17.4443,33.33,-5.23,14,12.5834,50.0,1.76,-3.52,FAIL,,0.3638
volume,MFI extremes,15m,long,uptrend|at range high|messy|stalling,0,,,,0,,,,,NO-TRADES,,
volume,MFI extremes,15m,short,uptrend|at range high|messy|stalling,44,-6.2463,36.36,-2.75,15,-6.645,33.33,-1.0,-3.95,FAIL,5.6464,5.9212
volume,VWAP session cross,1h,long,transition|mid range|messy|contracting,183,10.9299,42.08,20.0,60,1.4066,40.0,0.84,-14.19,SURVIVOR,,
volume,VWAP session cross,1h,short,transition|mid range|messy|contracting,191,-9.6037,34.03,-18.34,53,-23.4426,28.3,-12.42,-16.24,FAIL,,
volume,VWAP session cross,1h,long,transition|mid range|messy|expanding,267,-11.8394,35.58,-31.61,81,21.8045,44.44,17.66,-10.21,FAIL,,
volume,VWAP session cross,1h,short,transition|mid range|messy|expanding,271,-9.2525,37.27,-25.07,93,0.624,40.86,0.58,-17.83,FAIL,,
volume,VWAP session cross,1h,long,uptrend|at range high|messy|contracting,76,8.5499,43.42,6.5,26,-20.0533,42.31,-5.21,-6.34,FAIL,,
volume,VWAP session cross,1h,short,uptrend|at range high|messy|contracting,88,-12.1707,39.77,-10.71,30,0.1898,43.33,0.06,-8.06,FAIL,,
volume,VWAP session cross,1h,long,downtrend|pulling back in trend|messy|contracting,144,-4.8895,40.28,-7.04,46,8.7168,43.48,4.01,-7.51,FAIL,,
volume,VWAP session cross,1h,short,downtrend|pulling back in trend|messy|contracting,132,-4.8039,38.64,-6.34,27,23.4673,48.15,6.34,-7.4,FAIL,,
volume,VWAP session cross,1h,long,uptrend|pulling back in trend|messy|contracting,119,-16.5287,35.29,-19.67,47,-15.7414,36.17,-7.4,-13.36,FAIL,,
volume,VWAP session cross,1h,short,uptrend|pulling back in trend|messy|contracting,136,-19.9765,34.56,-27.17,50,-3.3214,38.0,-1.66,-11.17,FAIL,,
volume,VWAP session cross,1h,long,uptrend|at range high|messy|expanding,137,-10.6943,37.23,-14.65,49,-27.0309,36.73,-13.25,-17.03,FAIL,,
volume,VWAP session cross,1h,short,uptrend|at range high|messy|expanding,100,-2.1538,39.0,-2.15,33,36.7557,51.52,12.13,-6.54,FAIL,,
volume,VWAP session cross,1h,long,downtrend|pulling back in trend|messy|expanding,247,6.3584,41.7,15.71,70,28.2738,44.29,19.79,-10.11,SURVIVOR,,
volume,VWAP session cross,1h,short,downtrend|pulling back in trend|messy|expanding,144,-15.9937,33.33,-23.03,39,39.7583,51.28,15.51,-8.68,FAIL,,
volume,VWAP session cross,1h,long,transition|at range high|messy|contracting,62,32.2347,45.16,19.99,17,-24.5413,29.41,-4.17,-6.15,FAIL,,
volume,VWAP session cross,1h,short,transition|at range high|messy|contracting,53,-8.8471,37.74,-4.69,19,-15.4483,42.11,-2.94,-10.53,FAIL,,
volume,VWAP session cross,1h,long,uptrend|pulling back in trend|messy|expanding,153,0.9268,38.56,1.42,49,11.3638,46.94,5.57,-7.33,SURVIVOR,,
volume,VWAP session cross,1h,short,uptrend|pulling back in trend|messy|expanding,238,1.4204,40.34,3.38,76,-15.8054,34.21,-12.01,-19.81,FAIL,,
volume,VWAP session cross,1h,long,transition|at range high|messy|expanding,140,18.6942,45.71,26.17,44,-14.0673,43.18,-6.19,-13.55,FAIL,,
volume,VWAP session cross,1h,short,transition|at range high|messy|expanding,66,29.4335,48.48,19.43,22,30.2699,45.45,6.66,-5.07,SURVIVOR,,
volume,VWAP session cross,1h,long,downtrend|at range low|messy|contracting,57,9.4804,43.86,5.4,21,-11.4663,38.1,-2.41,-8.04,FAIL,,
volume,VWAP session cross,1h,short,downtrend|at range low|messy|contracting,54,1.5017,42.59,0.81,12,-21.3604,33.33,-2.56,-7.47,FAIL,,
volume,VWAP session cross,1h,long,transition|at range low|messy|contracting,36,-15.824,36.11,-5.7,16,-0.1802,37.5,-0.03,-4.21,FAIL,,
volume,VWAP session cross,1h,short,transition|at range low|messy|contracting,57,-6.0859,40.35,-3.47,16,-65.9229,18.75,-10.55,-11.06,FAIL,,
volume,VWAP session cross,1h,long,downtrend|at range low|messy|expanding,68,11.4533,42.65,7.79,21,-12.1204,42.86,-2.55,-6.39,FAIL,,
volume,VWAP session cross,1h,short,downtrend|at range low|messy|expanding,111,6.6544,39.64,7.39,35,-20.9719,34.29,-7.34,-12.52,FAIL,,
volume,VWAP session cross,1h,long,transition|at range low|messy|expanding,53,-9.9867,39.62,-5.29,22,-38.0133,27.27,-8.36,-11.82,FAIL,,
volume,VWAP session cross,1h,short,transition|at range low|messy|expanding,127,-6.9827,35.43,-8.87,49,-21.9668,32.65,-10.76,-17.71,FAIL,,
volume,VWAP session cross,1h,long,transition|mid range|clean|contracting,76,8.9298,43.42,6.79,27,-5.9406,37.04,-1.6,-8.24,FAIL,,
volume,VWAP session cross,1h,short,transition|mid range|clean|contracting,79,2.5231,41.77,1.99,25,-32.6733,28.0,-8.17,-10.86,FAIL,,
volume,VWAP session cross,1h,long,transition|mid range|clean|expanding,115,-2.463,42.61,-2.83,32,3.9187,43.75,1.25,-7.07,FAIL,,
volume,VWAP session cross,1h,short,transition|mid range|clean|expanding,110,-4.2858,40.91,-4.71,30,-29.7515,30.0,-8.93,-15.87,FAIL,,
volume,VWAP session cross,1h,long,transition|mid range|messy|stalling,94,4.6838,39.36,4.4,31,-2.9406,48.39,-0.91,-10.66,FAIL,,
volume,VWAP session cross,1h,short,transition|mid range|messy|stalling,93,-17.7401,33.33,-16.5,33,3.4464,39.39,1.14,-6.58,FAIL,,
volume,VWAP session cross,1h,long,transition|at range high|clean|contracting,12,-23.6827,41.67,-2.84,5,56.3491,60.0,2.82,-4.44,UNRELIABLE,,
volume,VWAP session cross,1h,short,transition|at range high|clean|contracting,31,36.0439,48.39,11.17,6,83.0688,50.0,4.98,-2.89,UNRELIABLE,,
volume,VWAP session cross,1h,long,downtrend|pulling back in trend|clean|contracting,58,6.7776,43.1,3.93,21,34.4159,52.38,7.23,-4.21,SURVIVOR,,
volume,VWAP session cross,1h,short,downtrend|pulling back in trend|clean|contracting,37,4.0976,40.54,1.52,17,-25.1026,29.41,-4.27,-9.73,FAIL,,
volume,VWAP session cross,1h,long,uptrend|pulling back in trend|clean|contracting,40,-31.3877,25.0,-12.56,11,38.3207,45.45,4.22,-4.34,FAIL,,
volume,VWAP session cross,1h,short,uptrend|pulling back in trend|clean|contracting,58,1.8235,41.38,1.06,16,-57.5611,25.0,-9.21,-10.19,FAIL,,
volume,VWAP session cross,1h,long,uptrend|at range high|clean|contracting,19,-59.7846,21.05,-11.36,17,-17.1814,35.29,-2.92,-8.05,UNRELIABLE,,
volume,VWAP session cross,1h,short,uptrend|at range high|clean|contracting,33,-6.4942,36.36,-2.14,14,-19.3665,35.71,-2.71,-8.34,FAIL,,
volume,VWAP session cross,1h,long,uptrend|pulling back in trend|clean|expanding,44,33.7507,43.18,14.85,19,-16.3509,36.84,-3.11,-6.77,FAIL,,
volume,VWAP session cross,1h,short,uptrend|pulling back in trend|clean|expanding,91,4.3219,38.46,3.93,35,-2.2657,40.0,-0.79,-6.86,FAIL,,
volume,VWAP session cross,1h,long,downtrend|pulling back in trend|clean|expanding,97,-9.0178,37.11,-8.75,33,43.6576,54.55,14.41,-6.59,FAIL,,
volume,VWAP session cross,1h,short,downtrend|pulling back in trend|clean|expanding,68,-15.3575,38.24,-10.44,20,-43.5794,20.0,-8.72,-12.07,FAIL,,
volume,VWAP session cross,1h,long,transition|at range high|clean|expanding,47,-28.9707,27.66,-13.62,17,-39.5434,35.29,-6.72,-10.15,FAIL,,
volume,VWAP session cross,1h,short,transition|at range high|clean|expanding,20,-21.0239,35.0,-4.2,7,-85.0729,0.0,-5.96,-5.96,UNRELIABLE,,
volume,VWAP session cross,1h,long,transition|at range low|clean|contracting,20,-22.068,35.0,-4.41,8,-54.1693,12.5,-4.33,-7.83,FAIL,,
volume,VWAP session cross,1h,short,transition|at range low|clean|contracting,18,-44.5428,22.22,-8.02,9,13.2264,55.56,1.19,-3.11,UNRELIABLE,,
volume,VWAP session cross,1h,long,downtrend|at range high|messy|contracting,20,-15.4312,40.0,-3.09,5,-100.8072,0.0,-5.04,-5.45,UNRELIABLE,,
volume,VWAP session cross,1h,short,downtrend|at range high|messy|contracting,23,11.6874,47.83,2.69,7,26.8086,42.86,1.88,-3.52,UNRELIABLE,,
volume,VWAP session cross,1h,long,uptrend|at range high|clean|expanding,38,-25.3314,36.84,-9.63,16,-18.0871,31.25,-2.89,-6.89,FAIL,,
volume,VWAP session cross,1h,short,uptrend|at range high|clean|expanding,21,-9.8755,42.86,-2.07,13,-30.7422,30.77,-4.0,-7.92,FAIL,,
volume,VWAP session cross,1h,long,downtrend|at range low|clean|contracting,23,-60.6468,26.09,-13.95,11,-72.0826,18.18,-7.93,-8.99,FAIL,,
volume,VWAP session cross,1h,short,downtrend|at range low|clean|contracting,14,-33.5918,28.57,-4.7,5,-57.7779,20.0,-2.89,-5.74,UNRELIABLE,,
volume,VWAP session cross,1h,long,downtrend|pulling back in trend|messy|stalling,100,-11.2002,38.0,-11.2,22,27.6548,50.0,6.08,-5.77,FAIL,,
volume,VWAP session cross,1h,short,downtrend|pulling back in trend|messy|stalling,58,-4.1366,39.66,-2.4,12,-88.0297,8.33,-10.56,-11.06,FAIL,,
volume,VWAP session cross,1h,long,uptrend|at range high|messy|stalling,47,-22.4603,34.04,-10.56,8,-19.4809,50.0,-1.56,-3.87,FAIL,,
volume,VWAP session cross,1h,short,uptrend|at range high|messy|stalling,24,-40.4516,25.0,-9.71,12,-30.805,33.33,-3.7,-6.36,FAIL,,
volume,VWAP session cross,1h,long,transition|at range low|clean|expanding,20,-46.3848,30.0,-9.28,5,-17.5115,20.0,-0.88,-4.08,UNRELIABLE,,
volume,VWAP session cross,1h,short,transition|at range low|clean|expanding,46,-29.3389,32.61,-13.5,21,-40.1151,23.81,-8.42,-10.67,FAIL,,
volume,VWAP session cross,1h,long,uptrend|pulling back in trend|messy|stalling,45,-33.488,28.89,-15.07,12,-42.0305,33.33,-5.04,-10.38,FAIL,,
volume,VWAP session cross,1h,short,uptrend|pulling back in trend|messy|stalling,78,3.4546,46.15,2.69,25,-31.6269,40.0,-7.91,-11.47,FAIL,,
volume,VWAP session cross,1h,long,uptrend|at range low|messy|contracting,16,-28.5156,31.25,-4.56,8,60.8573,50.0,4.87,-3.77,UNRELIABLE,,
volume,VWAP session cross,1h,short,uptrend|at range low|messy|contracting,11,1.696,45.45,0.19,6,10.5782,50.0,0.63,-3.12,UNRELIABLE,,
volume,VWAP session cross,1h,long,downtrend|at range high|messy|expanding,52,14.776,48.08,7.68,21,-19.3505,28.57,-4.06,-10.49,FAIL,,
volume,VWAP session cross,1h,short,downtrend|at range high|messy|expanding,11,19.6323,54.55,2.16,6,53.1993,50.0,3.19,-2.61,UNRELIABLE,,
volume,VWAP session cross,1h,long,uptrend|at range low|messy|expanding,9,-73.8227,22.22,-6.64,5,10.1083,40.0,0.51,-2.37,UNRELIABLE,,
volume,VWAP session cross,1h,short,uptrend|at range low|messy|expanding,52,7.3429,42.31,3.82,21,17.3097,47.62,3.64,-9.73,SURVIVOR,,
volume,VWAP session cross,1h,long,downtrend|at range low|clean|expanding,20,8.1892,50.0,1.64,10,-26.6736,30.0,-2.67,-6.17,FAIL,,
volume,VWAP session cross,1h,short,downtrend|at range low|clean|expanding,41,28.54,43.9,11.7,17,-26.4534,35.29,-4.5,-10.97,FAIL,,
volume,VWAP session cross,15m,long,transition|mid range|messy|contracting,332,-11.5318,31.02,-38.29,110,-0.839,40.0,-0.92,-9.19,FAIL,,1.1091
volume,VWAP session cross,15m,short,transition|mid range|messy|contracting,343,-8.5033,32.94,-29.17,121,-13.5252,33.06,-16.37,-18.99,FAIL,,
volume,VWAP session cross,15m,long,transition|mid range|messy|expanding,488,-6.1986,35.66,-30.25,178,-4.7356,38.76,-8.43,-12.58,FAIL,5.0656,2.3508
volume,VWAP session cross,15m,short,transition|mid range|messy|expanding,513,-7.5301,34.5,-38.63,160,-8.8363,36.88,-14.14,-17.66,FAIL,,
volume,VWAP session cross,15m,long,downtrend|pulling back in trend|messy|contracting,240,-3.2507,40.0,-7.8,82,0.3247,41.46,0.27,-6.94,FAIL,1.6687,0.9628
volume,VWAP session cross,15m,short,downtrend|pulling back in trend|messy|contracting,210,-2.594,39.52,-5.45,60,-3.1222,40.0,-1.87,-6.67,FAIL,1.5143,1.7119
volume,VWAP session cross,15m,long,uptrend|at range high|messy|contracting,108,-10.9976,33.33,-11.88,33,10.2314,45.45,3.38,-3.69,FAIL,,0.4441
volume,VWAP session cross,15m,short,uptrend|at range high|messy|contracting,81,5.6639,43.21,4.59,24,-25.63,29.17,-6.15,-6.44,FAIL,0.5562,
volume,VWAP session cross,15m,long,uptrend|pulling back in trend|messy|contracting,209,-8.5151,35.41,-17.8,58,-11.9871,34.48,-6.95,-10.02,FAIL,,
volume,VWAP session cross,15m,short,uptrend|pulling back in trend|messy|contracting,231,-0.361,41.13,-0.83,84,-4.9359,36.9,-4.15,-7.79,FAIL,1.0484,2.9863
volume,VWAP session cross,15m,long,downtrend|pulling back in trend|messy|expanding,413,-2.9297,38.98,-12.1,139,-12.72,31.65,-17.68,-17.87,FAIL,1.591,
volume,VWAP session cross,15m,short,downtrend|pulling back in trend|messy|expanding,295,-4.0209,37.97,-11.86,86,-19.6907,25.58,-16.93,-18.19,FAIL,2.1616,
volume,VWAP session cross,15m,long,uptrend|pulling back in trend|messy|expanding,286,-9.9434,33.92,-28.44,101,-0.0822,40.59,-0.08,-6.8,FAIL,,1.01
volume,VWAP session cross,15m,short,uptrend|pulling back in trend|messy|expanding,420,-4.7746,36.67,-20.05,131,-12.1606,32.06,-15.93,-16.67,FAIL,3.1453,
volume,VWAP session cross,15m,long,transition|at range high|messy|contracting,149,-7.108,33.56,-10.59,46,-16.1255,30.43,-7.42,-9.36,FAIL,6.6635,
volume,VWAP session cross,15m,short,transition|at range high|messy|contracting,99,-6.5741,34.34,-6.51,20,-20.8029,25.0,-4.16,-4.5,FAIL,7.7662,
volume,VWAP session cross,15m,long,uptrend|at range high|messy|expanding,237,-13.2202,30.38,-31.33,73,-9.81,32.88,-7.16,-7.81,FAIL,,
volume,VWAP session cross,15m,short,uptrend|at range high|messy|expanding,85,6.7315,43.53,5.72,29,2.1014,37.93,0.61,-4.79,SURVIVOR,0.5296,0.7824
volume,VWAP session cross,15m,long,transition|mid range|clean|contracting,187,-4.8663,36.9,-9.1,76,-8.4534,34.21,-6.42,-7.66,FAIL,2.3929,80.4996
volume,VWAP session cross,15m,short,transition|mid range|clean|contracting,208,-4.2195,38.46,-8.78,66,-9.6504,33.33,-6.37,-9.39,FAIL,2.3666,
volume,VWAP session cross,15m,long,downtrend|at range low|messy|contracting,54,-18.6767,27.78,-10.09,11,2.5772,45.45,0.28,-1.85,FAIL,,0.7585
volume,VWAP session cross,15m,short,downtrend|at range low|messy|contracting,77,-18.8587,27.27,-14.52,31,-3.6621,35.48,-1.14,-6.71,FAIL,,1.8973
volume,VWAP session cross,15m,long,transition|at range high|messy|expanding,310,-8.1369,34.84,-25.22,103,-3.9946,37.86,-4.11,-6.67,FAIL,,2.0167
volume,VWAP session cross,15m,short,transition|at range high|messy|expanding,97,0.6751,40.21,0.65,27,-0.5304,44.44,-0.14,-5.0,FAIL,0.9085,1.0758
volume,VWAP session cross,15m,long,transition|at range low|messy|contracting,52,-0.4188,40.38,-0.22,21,-11.0705,38.1,-2.32,-3.34,FAIL,1.0532,
volume,VWAP session cross,15m,short,transition|at range low|messy|contracting,96,-0.1083,40.62,-0.1,40,-15.5643,30.0,-6.23,-7.35,FAIL,1.0142,
volume,VWAP session cross,15m,long,transition|mid range|clean|expanding,286,-13.6062,29.72,-38.91,104,-12.4259,33.65,-12.92,-18.37,FAIL,,
volume,VWAP session cross,15m,short,transition|mid range|clean|expanding,319,-4.8133,36.36,-15.35,113,-0.5291,40.71,-0.6,-9.16,FAIL,2.9569,1.0754
volume,VWAP session cross,15m,long,downtrend|at range low|messy|expanding,69,5.4867,42.03,3.79,25,-5.7928,40.0,-1.45,-3.13,FAIL,0.6052,3.1088
volume,VWAP session cross,15m,short,downtrend|at range low|messy|expanding,214,-4.7895,37.85,-10.25,62,-15.9253,32.26,-9.87,-15.33,FAIL,3.2066,
volume,VWAP session cross,15m,long,transition|at range low|messy|expanding,54,-15.2387,31.48,-8.23,31,-10.4897,35.48,-3.25,-7.78,FAIL,,
volume,VWAP session cross,15m,short,transition|at range low|messy|expanding,276,-1.1182,39.13,-3.09,113,-4.3613,38.05,-4.93,-9.5,FAIL,1.1715,2.4147
volume,VWAP session cross,15m,long,downtrend|pulling back in trend|clean|contracting,157,-0.7894,38.85,-1.24,44,3.0605,40.91,1.35,-3.48,FAIL,1.1048,0.7253
volume,VWAP session cross,15m,short,downtrend|pulling back in trend|clean|contracting,130,-6.243,35.38,-8.12,49,-2.1176,42.86,-1.04,-8.3,FAIL,5.4599,1.3899
volume,VWAP session cross,15m,long,uptrend|pulling back in trend|clean|contracting,122,-11.7769,31.15,-14.37,38,-10.8317,34.21,-4.12,-10.26,FAIL,,
volume,VWAP session cross,15m,short,uptrend|pulling back in trend|clean|contracting,152,-12.7345,32.89,-19.36,48,-6.3029,35.42,-3.03,-7.73,FAIL,,5.057
volume,VWAP session cross,15m,long,uptrend|at range high|clean|contracting,66,-10.649,34.85,-7.03,13,-6.0652,30.77,-0.79,-2.51,FAIL,,3.5701
volume,VWAP session cross,15m,short,uptrend|at range high|clean|contracting,52,-10.457,34.62,-5.44,12,6.0874,41.67,0.73,-2.13,FAIL,,0.5435
volume,VWAP session cross,15m,long,downtrend|pulling back in trend|clean|expanding,258,-8.906,34.88,-22.98,77,-11.669,35.06,-8.99,-13.46,FAIL,,
volume,VWAP session cross,15m,short,downtrend|pulling back in trend|clean|expanding,150,-12.3138,30.0,-18.47,55,-17.2436,32.73,-9.48,-10.31,FAIL,,
volume,VWAP session cross,15m,long,uptrend|pulling back in trend|clean|expanding,158,-12.4354,31.65,-19.65,57,-17.9952,28.07,-10.26,-10.84,FAIL,,
volume,VWAP session cross,15m,short,uptrend|pulling back in trend|clean|expanding,250,9.227,46.4,23.07,83,-18.9712,28.92,-15.75,-18.65,FAIL,0.4471,
volume,VWAP session cross,15m,long,transition|at range high|clean|contracting,72,-15.4683,29.17,-11.14,22,2.6913,40.91,0.59,-3.32,FAIL,,0.7544
volume,VWAP session cross,15m,short,transition|at range high|clean|contracting,51,7.8155,45.1,3.99,12,13.6843,50.0,1.64,-2.51,SURVIVOR,0.4573,0.354
volume,VWAP session cross,15m,long,transition|mid range|messy|stalling,163,-0.8117,39.88,-1.32,55,-1.9142,40.0,-1.05,-5.76,FAIL,1.1119,1.3023
volume,VWAP session cross,15m,short,transition|mid range|messy|stalling,173,-5.4884,36.42,-9.49,64,-10.3023,34.38,-6.59,-9.23,FAIL,3.6863,
volume,VWAP session cross,15m,long,transition|at range high|clean|expanding,164,-4.0868,37.2,-6.7,59,-11.7064,35.59,-6.91,-9.68,FAIL,1.918,
volume,VWAP session cross,15m,short,transition|at range high|clean|expanding,38,-22.3224,23.68,-8.48,15,2.3922,40.0,0.36,-3.81,FAIL,,0.7709
volume,VWAP session cross,15m,long,uptrend|at range high|clean|expanding,100,-15.8477,29.0,-15.85,35,2.2877,42.86,0.8,-4.58,FAIL,,0.7783
volume,VWAP session cross,15m,short,uptrend|at range high|clean|expanding,38,8.5205,47.37,3.24,13,-9.6789,30.77,-1.26,-3.75,FAIL,0.4604,
volume,VWAP session cross,15m,long,downtrend|at range low|clean|contracting,27,-0.9403,44.44,-0.25,9,28.8903,55.56,2.6,-3.34,FAIL,1.1251,0.2018
volume,VWAP session cross,15m,short,downtrend|at range low|clean|contracting,37,5.6805,43.24,2.1,15,-20.6989,40.0,-3.1,-4.98,FAIL,0.5636,
volume,VWAP session cross,15m,long,transition|at range low|clean|contracting,34,-1.9161,41.18,-0.65,8,10.1562,50.0,0.81,-1.53,FAIL,1.2818,0.4412
volume,VWAP session cross,15m,short,transition|at range low|clean|contracting,65,-3.0598,36.92,-1.99,15,2.5349,40.0,0.38,-3.66,FAIL,1.6629,0.7579
volume,VWAP session cross,15m,long,transition|at range low|clean|expanding,38,-1.9504,42.11,-0.74,15,2.0836,40.0,0.31,-1.96,FAIL,1.3052,0.8029
volume,VWAP session cross,15m,short,transition|at range low|clean|expanding,157,2.5766,41.4,4.05,52,6.2609,44.23,3.26,-7.85,SURVIVOR,0.7471,0.5601
volume,VWAP session cross,15m,long,downtrend|at range low|clean|expanding,28,0.4646,39.29,0.13,10,11.419,50.0,1.14,-2.33,SURVIVOR,0.9433,0.4013
volume,VWAP session cross,15m,short,downtrend|at range low|clean|expanding,93,-6.6496,34.41,-6.18,39,-8.9521,35.9,-3.49,-4.43,FAIL,8.7511,
volume,VWAP session cross,15m,long,downtrend|pulling back in trend|messy|stalling,124,-9.1115,36.29,-11.3,38,-4.3273,36.84,-1.64,-4.98,FAIL,,2.0192
volume,VWAP session cross,15m,short,downtrend|pulling back in trend|messy|stalling,88,-2.2423,37.5,-1.97,36,-26.2735,22.22,-9.46,-10.94,FAIL,1.4112,
volume,VWAP session cross,15m,long,downtrend|at range high|messy|contracting,82,-14.6929,30.49,-12.05,36,-2.3893,36.11,-0.86,-6.02,FAIL,,1.3904
volume,VWAP session cross,15m,short,downtrend|at range high|messy|contracting,28,8.3022,42.86,2.32,10,-14.0653,40.0,-1.41,-2.85,FAIL,0.4465,
volume,VWAP session cross,15m,long,uptrend|pulling back in trend|messy|stalling,70,-13.2974,31.43,-9.31,41,-6.29,39.02,-2.58,-6.4,FAIL,,4.3745
volume,VWAP session cross,15m,short,uptrend|pulling back in trend|messy|stalling,140,-0.1345,42.14,-0.19,31,-22.0429,29.03,-6.83,-7.38,FAIL,1.0187,
volume,VWAP session cross,15m,long,downtrend|at range high|messy|expanding,205,-12.053,31.22,-24.71,67,-1.4008,38.81,-0.94,-5.54,FAIL,,1.205
volume,VWAP session cross,15m,short,downtrend|at range high|messy|expanding,36,-13.0397,30.56,-4.69,17,6.9567,47.06,1.18,-2.69,FAIL,,0.5157
volume,VWAP session cross,15m,long,uptrend|at range high|messy|stalling,54,-17.191,27.78,-9.28,29,-11.6206,31.03,-3.37,-6.27,FAIL,,
volume,VWAP session cross,15m,short,uptrend|at range high|messy|stalling,35,-21.0871,25.71,-7.38,8,13.9366,50.0,1.11,-3.58,FAIL,,0.3289
volume,VWAP fade band,1h,long,transition|mid range|messy|contracting,26,35.2899,61.54,9.18,9,36.9252,44.44,3.32,-3.33,SURVIVOR,,
volume,VWAP fade band,1h,short,transition|mid range|messy|contracting,32,-13.3255,40.62,-4.26,14,-24.0696,28.57,-3.37,-10.84,FAIL,,
volume,VWAP fade band,1h,long,transition|mid range|messy|expanding,85,1.9508,42.35,1.66,31,-7.9121,38.71,-2.45,-8.33,FAIL,,
volume,VWAP fade band,1h,short,transition|mid range|messy|expanding,85,-1.5537,41.18,-1.32,17,-48.2558,35.29,-8.2,-9.72,FAIL,,
volume,VWAP fade band,1h,long,uptrend|at range high|messy|contracting,0,,,,0,,,,,NO-TRADES,,
volume,VWAP fade band,1h,short,uptrend|at range high|messy|contracting,29,-4.3263,44.83,-1.25,7,-77.8137,14.29,-5.45,-5.65,UNRELIABLE,,
volume,VWAP fade band,1h,long,downtrend|pulling back in trend|messy|contracting,9,4.2534,55.56,0.38,2,-12.7248,50.0,-0.25,-1.28,UNRELIABLE,,
volume,VWAP fade band,1h,short,downtrend|pulling back in trend|messy|contracting,17,18.8856,52.94,3.21,7,-110.1623,0.0,-7.71,-8.5,UNRELIABLE,,
volume,VWAP fade band,1h,long,uptrend|pulling back in trend|messy|contracting,31,-30.3987,35.48,-9.42,9,-55.8921,22.22,-5.03,-7.46,FAIL,,
volume,VWAP fade band,1h,short,uptrend|pulling back in trend|messy|contracting,8,44.4547,50.0,3.56,3,-57.5291,33.33,-1.73,-2.87,UNRELIABLE,,
volume,VWAP fade band,1h,long,uptrend|at range high|messy|expanding,0,,,,0,,,,,NO-TRADES,,
volume,VWAP fade band,1h,short,uptrend|at range high|messy|expanding,80,-13.154,35.0,-10.52,29,28.938,44.83,8.39,-11.36,FAIL,,
volume,VWAP fade band,1h,long,downtrend|pulling back in trend|messy|expanding,34,-76.0704,17.65,-25.86,6,-32.6012,33.33,-1.96,-3.01,UNRELIABLE,,
volume,VWAP fade band,1h,short,downtrend|pulling back in trend|messy|expanding,58,8.7808,44.83,5.09,23,25.9689,47.83,5.97,-5.23,SURVIVOR,,
volume,VWAP fade band,1h,long,transition|at range high|messy|contracting,1,23.5693,100.0,0.24,0,0.0,0.0,0.0,0.0,UNRELIABLE,,
volume,VWAP fade band,1h,short,transition|at range high|messy|contracting,39,6.4521,51.28,2.52,7,-78.325,14.29,-5.48,-7.75,UNRELIABLE,,
volume,VWAP fade band,1h,long,uptrend|pulling back in trend|messy|expanding,62,-2.7087,38.71,-1.68,15,9.9994,46.67,1.5,-4.42,FAIL,,
volume,VWAP fade band,1h,short,uptrend|pulling back in trend|messy|expanding,26,-54.6981,26.92,-14.22,9,-76.2774,11.11,-6.86,-7.72,FAIL,,
volume,VWAP fade band,1h,long,transition|at range high|messy|expanding,2,50.806,50.0,1.02,0,0.0,0.0,0.0,0.0,UNRELIABLE,,
volume,VWAP fade band,1h,short,transition|at range high|messy|expanding,113,-18.6415,36.28,-21.06,38,-29.1462,28.95,-11.08,-14.82,FAIL,,
volume,VWAP fade band,1h,long,downtrend|at range low|messy|contracting,13,5.2049,53.85,0.68,3,-15.5093,33.33,-0.47,-3.96,UNRELIABLE,,
volume,VWAP fade band,1h,short,downtrend|at range low|messy|contracting,0,,,,0,,,,,NO-TRADES,,
volume,VWAP fade band,1h,long,transition|at range low|messy|contracting,19,-14.2128,36.84,-2.7,8,49.3531,62.5,3.95,-4.09,UNRELIABLE,,
volume,VWAP fade band,1h,short,transition|at range low|messy|contracting,0,,,,0,,,,,NO-TRADES,,
volume,VWAP fade band,1h,long,downtrend|at range low|messy|expanding,66,-51.7821,22.73,-34.18,13,13.8137,46.15,1.8,-3.2,FAIL,,
volume,VWAP fade band,1h,short,downtrend|at range low|messy|expanding,3,-88.0534,0.0,-2.64,0,0.0,0.0,0.0,0.0,UNRELIABLE,,
volume,VWAP fade band,1h,long,transition|at range low|messy|expanding,122,1.2827,41.8,1.56,42,-9.9039,38.1,-4.16,-7.36,FAIL,,
volume,VWAP fade band,1h,short,transition|at range low|messy|expanding,0,,,,0,,,,,NO-TRADES,,
volume,VWAP fade band,1h,long,transition|mid range|clean|contracting,16,-48.3856,31.25,-7.74,3,-22.4001,33.33,-0.67,-3.23,UNRELIABLE,,
volume,VWAP fade band,1h,short,transition|mid range|clean|contracting,15,-14.4997,33.33,-2.17,5,90.5431,60.0,4.53,-3.14,UNRELIABLE,,
volume,VWAP fade band,1h,long,transition|mid range|clean|expanding,45,28.6846,48.89,12.91,11,-16.7271,36.36,-1.84,-6.35,FAIL,,
volume,VWAP fade band,1h,short,transition|mid range|clean|expanding,45,-24.5092,35.56,-11.03,12,-30.7461,33.33,-3.69,-7.27,FAIL,,
volume,VWAP fade band,1h,long,transition|mid range|messy|stalling,9,-51.1322,22.22,-4.6,4,51.5628,50.0,2.06,-2.84,UNRELIABLE,,
volume,VWAP fade band,1h,short,transition|mid range|messy|stalling,19,26.9693,42.11,5.12,6,37.3889,66.67,2.24,-1.96,UNRELIABLE,,
volume,VWAP fade band,1h,long,transition|at range high|clean|contracting,0,,,,0,,,,,NO-TRADES,,
volume,VWAP fade band,1h,short,transition|at range high|clean|contracting,17,-52.0106,29.41,-8.84,4,-40.1936,25.0,-1.61,-3.91,UNRELIABLE,,
volume,VWAP fade band,1h,long,downtrend|pulling back in trend|clean|contracting,10,48.7877,60.0,4.88,1,-20.225,0.0,-0.2,-0.62,UNRELIABLE,,
volume,VWAP fade band,1h,short,downtrend|pulling back in trend|clean|contracting,16,-58.0798,18.75,-9.29,6,-20.2834,33.33,-1.22,-5.07,UNRELIABLE,,
volume,VWAP fade band,1h,long,uptrend|pulling back in trend|clean|contracting,11,-54.7857,18.18,-6.03,3,126.7677,100.0,3.8,-1.77,UNRELIABLE,,
volume,VWAP fade band,1h,short,uptrend|pulling back in trend|clean|contracting,2,126.2644,100.0,2.53,1,-128.0666,0.0,-1.28,-2.08,UNRELIABLE,,
volume,VWAP fade band,1h,long,uptrend|at range high|clean|contracting,0,,,,0,,,,,NO-TRADES,,
volume,VWAP fade band,1h,short,uptrend|at range high|clean|contracting,9,7.8059,44.44,0.7,3,31.154,33.33,0.93,-1.79,UNRELIABLE,,
volume,VWAP fade band,1h,long,uptrend|pulling back in trend|clean|expanding,36,-5.2686,38.89,-1.9,15,38.1973,53.33,5.73,-4.08,FAIL,,
volume,VWAP fade band,1h,short,uptrend|pulling back in trend|clean|expanding,10,-31.0532,40.0,-3.11,2,-130.5951,0.0,-2.61,-3.12,UNRELIABLE,,
volume,VWAP fade band,1h,long,downtrend|pulling back in trend|clean|expanding,16,37.7372,50.0,6.04,4,25.5519,50.0,1.02,-2.64,UNRELIABLE,,
volume,VWAP fade band,1h,short,downtrend|pulling back in trend|clean|expanding,31,12.9002,41.94,4.0,14,-18.8131,35.71,-2.63,-6.45,FAIL,,
volume,VWAP fade band,1h,long,transition|at range high|clean|expanding,0,,,,0,,,,,NO-TRADES,,
volume,VWAP fade band,1h,short,transition|at range high|clean|expanding,73,-20.0495,35.62,-14.64,15,11.1486,46.67,1.67,-3.85,FAIL,,
volume,VWAP fade band,1h,long,transition|at range low|clean|contracting,12,-58.1494,25.0,-6.98,6,150.3584,83.33,9.02,-2.41,UNRELIABLE,,
volume,VWAP fade band,1h,short,transition|at range low|clean|contracting,0,,,,0,,,,,NO-TRADES,,
volume,VWAP fade band,1h,long,downtrend|at range high|messy|contracting,0,,,,0,,,,,NO-TRADES,,
volume,VWAP fade band,1h,short,downtrend|at range high|messy|contracting,11,-37.3577,36.36,-4.11,12,9.2108,66.67,1.11,-5.37,UNRELIABLE,,
volume,VWAP fade band,1h,long,uptrend|at range high|clean|expanding,0,,,,0,,,,,NO-TRADES,,
volume,VWAP fade band,1h,short,uptrend|at range high|clean|expanding,27,-17.3781,37.04,-4.69,8,67.276,62.5,5.38,-3.48,FAIL,,
volume,VWAP fade band,1h,long,downtrend|at range low|clean|contracting,4,-41.3309,25.0,-1.65,3,-54.6218,0.0,-1.64,-3.65,UNRELIABLE,,
volume,VWAP fade band,1h,short,downtrend|at range low|clean|contracting,0,,,,0,,,,,NO-TRADES,,
volume,VWAP fade band,1h,long,downtrend|pulling back in trend|messy|stalling,7,118.6395,71.43,8.3,1,238.6979,100.0,2.39,0.0,UNRELIABLE,,
volume,VWAP fade band,1h,short,downtrend|pulling back in trend|messy|stalling,9,-62.3642,33.33,-5.61,8,-37.9046,25.0,-3.03,-6.98,UNRELIABLE,,
volume,VWAP fade band,1h,long,uptrend|at range high|messy|stalling,0,,,,0,,,,,NO-TRADES,,
volume,VWAP fade band,1h,short,uptrend|at range high|messy|stalling,17,17.763,47.06,3.02,6,22.1483,50.0,1.33,-3.65,UNRELIABLE,,
volume,VWAP fade band,1h,long,transition|at range low|clean|expanding,57,14.7737,45.61,8.42,17,-49.8615,23.53,-8.48,-8.75,FAIL,,
volume,VWAP fade band,1h,short,transition|at range low|clean|expanding,0,0.0,0.0,0.0,0,0.0,0.0,0.0,0.0,UNRELIABLE,,
volume,VWAP fade band,1h,long,uptrend|pulling back in trend|messy|stalling,16,-30.8996,31.25,-4.94,8,51.5078,50.0,4.12,-4.01,UNRELIABLE,,
volume,VWAP fade band,1h,short,uptrend|pulling back in trend|messy|stalling,5,127.5212,80.0,6.38,3,-113.2256,0.0,-3.4,-4.35,UNRELIABLE,,
volume,VWAP fade band,1h,long,uptrend|at range low|messy|contracting,13,-50.2011,30.77,-6.53,3,66.9154,66.67,2.01,-1.64,UNRELIABLE,,
volume,VWAP fade band,1h,short,uptrend|at range low|messy|contracting,0,,,,0,,,,,NO-TRADES,,
volume,VWAP fade band,1h,long,downtrend|at range high|messy|expanding,0,,,,0,,,,,NO-TRADES,,
volume,VWAP fade band,1h,short,downtrend|at range high|messy|expanding,72,-16.557,36.11,-11.92,17,-12.9551,35.29,-2.2,-5.68,FAIL,,
volume,VWAP fade band,1h,long,uptrend|at range low|messy|expanding,66,-18.0166,37.88,-11.89,30,-71.5339,13.33,-21.46,-21.46,FAIL,,
volume,VWAP fade band,1h,short,uptrend|at range low|messy|expanding,0,,,,0,,,,,NO-TRADES,,
volume,VWAP fade band,1h,long,downtrend|at range low|clean|expanding,34,2.4663,47.06,0.84,13,-7.1619,38.46,-0.93,-4.57,FAIL,,
volume,VWAP fade band,1h,short,downtrend|at range low|clean|expanding,0,,,,0,,,,,NO-TRADES,,
volume,VWAP fade band,15m,long,transition|mid range|messy|contracting,73,-10.9551,34.25,-8.0,16,2.1369,37.5,0.34,-3.64,FAIL,,0.7872
volume,VWAP fade band,15m,short,transition|mid range|messy|contracting,85,8.198,42.35,6.97,27,-21.2727,29.63,-5.74,-8.09,FAIL,0.4651,
volume,VWAP fade band,15m,long,transition|mid range|messy|expanding,178,-7.9815,35.39,-14.21,37,3.2628,45.95,1.21,-2.99,FAIL,,0.7109
volume,VWAP fade band,15m,short,transition|mid range|messy|expanding,144,1.3948,42.36,2.01,54,-22.974,24.07,-12.41,-13.73,FAIL,0.8391,
volume,VWAP fade band,15m,long,downtrend|pulling back in trend|messy|contracting,38,-16.4489,28.95,-6.25,9,-35.983,22.22,-3.24,-3.42,FAIL,,
volume,VWAP fade band,15m,short,downtrend|pulling back in trend|messy|contracting,46,-9.7283,34.78,-4.48,20,21.7261,55.0,4.35,-3.06,FAIL,,0.211
volume,VWAP fade band,15m,long,uptrend|at range high|messy|contracting,2,41.2699,50.0,0.83,0,0.0,0.0,0.0,0.0,UNRELIABLE,0.1057,
volume,VWAP fade band,15m,short,uptrend|at range high|messy|contracting,50,-9.9054,36.0,-4.95,20,-2.2994,40.0,-0.46,-4.13,FAIL,,1.4767
volume,VWAP fade band,15m,long,uptrend|pulling back in trend|messy|contracting,54,-1.4556,42.59,-0.79,14,-14.5158,35.71,-2.03,-4.31,FAIL,1.2112,
volume,VWAP fade band,15m,short,uptrend|pulling back in trend|messy|contracting,42,-11.7495,28.57,-4.93,14,-1.6508,50.0,-0.23,-2.95,FAIL,,1.3313
volume,VWAP fade band,15m,long,downtrend|pulling back in trend|messy|expanding,82,-17.6428,31.71,-14.47,33,-4.5478,36.36,-1.5,-5.54,FAIL,,2.2124
volume,VWAP fade band,15m,short,downtrend|pulling back in trend|messy|expanding,113,-7.8846,38.05,-8.91,37,-0.5331,48.65,-0.2,-6.9,FAIL,,1.0835
volume,VWAP fade band,15m,long,uptrend|pulling back in trend|messy|expanding,109,-12.6979,33.94,-13.84,38,-5.6359,42.11,-2.14,-5.61,FAIL,,2.9573
volume,VWAP fade band,15m,short,uptrend|pulling back in trend|messy|expanding,66,-4.8203,40.91,-3.18,30,-15.1831,30.0,-4.55,-6.5,FAIL,3.0323,
volume,VWAP fade band,15m,long,transition|at range high|messy|contracting,1,-65.1404,0.0,-0.65,1,103.3953,100.0,1.03,-0.12,UNRELIABLE,,0.0467
volume,VWAP fade band,15m,short,transition|at range high|messy|contracting,77,-11.0455,32.47,-8.51,26,-16.2017,34.62,-4.21,-6.64,FAIL,,
volume,VWAP fade band,15m,long,uptrend|at range high|messy|expanding,2,19.2918,50.0,0.39,0,0.0,0.0,0.0,0.0,UNRELIABLE,0.2791,
volume,VWAP fade band,15m,short,uptrend|at range high|messy|expanding,138,-9.7776,34.78,-13.49,48,-7.141,39.58,-3.43,-6.4,FAIL,,11.5635
volume,VWAP fade band,15m,long,transition|mid range|clean|contracting,53,-3.5971,37.74,-1.91,18,-11.1392,33.33,-2.01,-4.77,FAIL,1.6599,
volume,VWAP fade band,15m,short,transition|mid range|clean|contracting,46,-15.1329,30.43,-6.96,16,-20.0897,25.0,-3.21,-5.05,FAIL,,
volume,VWAP fade band,15m,long,downtrend|at range low|messy|contracting,44,-26.0893,25.0,-11.48,16,-16.8418,31.25,-2.69,-4.81,FAIL,,
volume,VWAP fade band,15m,short,downtrend|at range low|messy|contracting,0,,,,0,,,,,NO-TRADES,,
volume,VWAP fade band,15m,long,transition|at range high|messy|expanding,2,19.0273,50.0,0.38,0,0.0,0.0,0.0,0.0,UNRELIABLE,0.289,
volume,VWAP fade band,15m,short,transition|at range high|messy|expanding,228,-9.9712,33.77,-22.73,82,-2.274,37.8,-1.86,-11.21,FAIL,,1.4098
volume,VWAP fade band,15m,long,transition|at range low|messy|contracting,76,-11.8959,34.21,-9.04,26,1.2448,38.46,0.32,-2.75,FAIL,,0.8717
volume,VWAP fade band,15m,short,transition|at range low|messy|contracting,0,,,,0,,,,,NO-TRADES,,
volume,VWAP fade band,15m,long,transition|mid range|clean|expanding,135,-9.3767,34.81,-12.66,39,-1.0275,35.9,-0.4,-6.2,FAIL,,1.1377
volume,VWAP fade band,15m,short,transition|mid range|clean|expanding,94,4.4754,41.49,4.21,43,8.5273,44.19,3.67,-3.32,SURVIVOR,0.6179,0.4695
volume,VWAP fade band,15m,long,downtrend|at range low|messy|expanding,137,-4.2225,39.42,-5.78,51,-9.0509,33.33,-4.62,-6.91,FAIL,1.9395,
volume,VWAP fade band,15m,short,downtrend|at range low|messy|expanding,1,-64.077,0.0,-0.64,1,-64.8757,0.0,-0.65,-0.85,UNRELIABLE,,
volume,VWAP fade band,15m,long,transition|at range low|messy|expanding,230,-8.9916,37.83,-20.68,76,-11.9302,34.21,-9.07,-10.35,FAIL,,
volume,VWAP fade band,15m,short,transition|at range low|messy|expanding,0,,,,0,,,,,NO-TRADES,,
volume,VWAP fade band,15m,long,downtrend|pulling back in trend|clean|contracting,19,-33.2831,21.05,-6.32,6,-44.5905,16.67,-2.68,-3.48,UNRELIABLE,,
volume,VWAP fade band,15m,short,downtrend|pulling back in trend|clean|contracting,42,-14.4456,30.95,-6.07,7,-14.081,42.86,-0.99,-1.89,UNRELIABLE,,
volume,VWAP fade band,15m,long,uptrend|pulling back in trend|clean|contracting,41,-31.9332,19.51,-13.09,15,16.2492,46.67,2.44,-2.46,FAIL,,0.3235
volume,VWAP fade band,15m,short,uptrend|pulling back in trend|clean|contracting,35,-0.0899,37.14,-0.03,10,13.7246,50.0,1.37,-1.5,FAIL,1.0128,0.3478
volume,VWAP fade band,15m,long,uptrend|at range high|clean|contracting,1,-65.2747,0.0,-0.65,0,0.0,0.0,0.0,0.0,UNRELIABLE,,
volume,VWAP fade band,15m,short,uptrend|at range high|clean|contracting,31,1.8626,38.71,0.58,14,-47.0337,7.14,-6.58,-6.77,FAIL,0.7992,
volume,VWAP fade band,15m,long,downtrend|pulling back in trend|clean|expanding,50,-1.508,40.0,-0.75,19,-25.5954,21.05,-4.86,-5.64,FAIL,1.2234,
volume,VWAP fade band,15m,short,downtrend|pulling back in trend|clean|expanding,85,-19.9634,28.24,-16.97,27,-23.2326,33.33,-6.27,-7.88,FAIL,,
volume,VWAP fade band,15m,long,uptrend|pulling back in trend|clean|expanding,93,-16.3023,29.03,-15.16,31,-25.9265,29.03,-8.04,-9.28,FAIL,,
volume,VWAP fade band,15m,short,uptrend|pulling back in trend|clean|expanding,50,-2.4176,40.0,-1.21,16,-8.5574,31.25,-1.37,-3.66,FAIL,1.505,
volume,VWAP fade band,15m,long,transition|at range high|clean|contracting,1,-65.4276,0.0,-0.65,0,0.0,0.0,0.0,0.0,UNRELIABLE,,
volume,VWAP fade band,15m,short,transition|at range high|clean|contracting,56,-2.5265,41.07,-1.41,23,-23.478,21.74,-5.4,-5.4,FAIL,1.6159,
volume,VWAP fade band,15m,long,transition|mid range|messy|stalling,35,12.0892,45.71,4.23,19,12.3857,47.37,2.35,-2.73,SURVIVOR,0.4096,0.3912
volume,VWAP fade band,15m,short,transition|mid range|messy|stalling,38,-22.3866,26.32,-8.51,9,7.5355,55.56,0.68,-2.29,FAIL,,0.4616
volume,VWAP fade band,15m,long,transition|at range high|clean|expanding,0,0.0,0.0,0.0,0,0.0,0.0,0.0,0.0,UNRELIABLE,,
volume,VWAP fade band,15m,short,transition|at range high|clean|expanding,156,-19.0856,26.92,-29.77,56,-24.8742,25.0,-13.93,-16.09,FAIL,,
volume,VWAP fade band,15m,long,uptrend|at range high|clean|expanding,1,78.9299,100.0,0.79,0,0.0,0.0,0.0,0.0,UNRELIABLE,0.2723,
volume,VWAP fade band,15m,short,uptrend|at range high|clean|expanding,111,-10.2986,33.33,-11.43,31,-12.8341,35.48,-3.98,-5.54,FAIL,,
volume,VWAP fade band,15m,long,downtrend|at range low|clean|contracting,28,-7.7066,35.71,-2.16,8,49.09,75.0,3.93,-1.21,FAIL,7.4816,0.1245
volume,VWAP fade band,15m,short,downtrend|at range low|clean|contracting,0,,,,0,,,,,NO-TRADES,,
volume,VWAP fade band,15m,long,transition|at range low|clean|contracting,46,-2.779,41.3,-1.28,23,-3.8139,39.13,-0.88,-5.33,FAIL,1.4714,1.8605
volume,VWAP fade band,15m,short,transition|at range low|clean|contracting,2,-64.9746,0.0,-1.3,0,0.0,0.0,0.0,0.0,UNRELIABLE,,
volume,VWAP fade band,15m,long,transition|at range low|clean|expanding,169,-15.3688,30.18,-25.97,68,-12.0819,32.35,-8.22,-8.67,FAIL,,
volume,VWAP fade band,15m,short,transition|at range low|clean|expanding,0,,,,0,,,,,NO-TRADES,,
volume,VWAP fade band,15m,long,downtrend|at range low|clean|expanding,101,-11.3723,33.66,-11.49,39,7.0855,46.15,2.76,-3.12,FAIL,,0.5271
volume,VWAP fade band,15m,short,downtrend|at range low|clean|expanding,0,0.0,0.0,0.0,1,26.1026,100.0,0.26,-0.48,UNRELIABLE,,0.0952
volume,VWAP fade band,15m,long,downtrend|pulling back in trend|messy|stalling,17,-3.7129,35.29,-0.63,5,2.0479,40.0,0.1,-1.56,UNRELIABLE,1.64,0.8054
volume,VWAP fade band,15m,short,downtrend|pulling back in trend|messy|stalling,22,-17.523,31.82,-3.86,14,-21.735,28.57,-3.04,-3.75,FAIL,,
volume,VWAP fade band,15m,long,downtrend|at range high|messy|contracting,0,,,,0,,,,,NO-TRADES,,
volume,VWAP fade band,15m,short,downtrend|at range high|messy|contracting,35,-18.6857,28.57,-6.54,21,-14.9305,28.57,-3.14,-6.19,FAIL,,
volume,VWAP fade band,15m,long,uptrend|pulling back in trend|messy|stalling,38,-8.7741,34.21,-3.33,11,65.0791,72.73,7.16,-1.93,FAIL,,0.0824
volume,VWAP fade band,15m,short,uptrend|pulling back in trend|messy|stalling,21,15.6276,47.62,3.28,12,20.4614,58.33,2.46,-2.99,SURVIVOR,0.3285,0.2333
volume,VWAP fade band,15m,long,downtrend|at range high|messy|expanding,1,-65.6217,0.0,-0.66,0,0.0,0.0,0.0,0.0,UNRELIABLE,,
volume,VWAP fade band,15m,short,downtrend|at range high|messy|expanding,138,-15.5778,27.54,-21.5,44,-3.5431,36.36,-1.56,-6.43,FAIL,,1.8903
volume,VWAP fade band,15m,long,uptrend|at range high|messy|stalling,0,,,,0,,,,,NO-TRADES,,
volume,VWAP fade band,15m,short,uptrend|at range high|messy|stalling,23,4.6751,43.48,1.08,8,45.5658,75.0,3.65,-0.88,SURVIVOR,0.6149,0.0981
volume,Volume oscillator confirm,1h,long,transition|mid range|messy|contracting,180,-21.8461,33.89,-39.32,59,-11.3599,38.98,-6.7,-10.95,FAIL,,
volume,Volume oscillator confirm,1h,short,transition|mid range|messy|contracting,198,5.4111,40.91,10.71,55,-22.4411,32.73,-12.34,-20.47,FAIL,,
volume,Volume oscillator confirm,1h,long,transition|mid range|messy|expanding,220,7.0026,42.27,15.41,51,-21.2632,31.37,-10.84,-15.94,FAIL,,
volume,Volume oscillator confirm,1h,short,transition|mid range|messy|expanding,199,-2.706,42.71,-5.38,59,-15.0872,35.59,-8.9,-17.27,FAIL,,
volume,Volume oscillator confirm,1h,long,uptrend|at range high|messy|contracting,148,-22.2936,29.73,-32.99,49,-14.3057,32.65,-7.01,-11.5,FAIL,,
volume,Volume oscillator confirm,1h,short,uptrend|at range high|messy|contracting,150,-14.5853,34.0,-21.88,39,-52.2495,28.21,-20.38,-21.63,FAIL,,
volume,Volume oscillator confirm,1h,long,downtrend|pulling back in trend|messy|contracting,136,1.237,38.97,1.68,40,7.9023,42.5,3.16,-7.75,SURVIVOR,,
volume,Volume oscillator confirm,1h,short,downtrend|pulling back in trend|messy|contracting,131,3.2694,38.17,4.28,41,-21.076,34.15,-8.64,-11.52,FAIL,,
volume,Volume oscillator confirm,1h,long,uptrend|pulling back in trend|messy|contracting,154,-16.406,34.42,-25.27,41,-27.3486,31.71,-11.21,-11.64,FAIL,,
volume,Volume oscillator confirm,1h,short,uptrend|pulling back in trend|messy|contracting,155,-19.5772,32.26,-30.34,51,17.3586,47.06,8.85,-9.69,FAIL,,
volume,Volume oscillator confirm,1h,long,uptrend|at range high|messy|expanding,126,-3.2613,38.89,-4.11,44,-8.7663,40.91,-3.86,-9.51,FAIL,,
volume,Volume oscillator confirm,1h,short,uptrend|at range high|messy|expanding,128,17.2747,45.31,22.11,49,-9.2752,42.86,-4.54,-10.06,FAIL,,
volume,Volume oscillator confirm,1h,long,downtrend|pulling back in trend|messy|expanding,140,14.2661,45.71,19.97,50,61.1121,52.0,30.56,-7.63,SURVIVOR,,
volume,Volume oscillator confirm,1h,short,downtrend|pulling back in trend|messy|expanding,96,8.1617,41.67,7.84,36,15.8894,50.0,5.72,-9.2,SURVIVOR,,
volume,Volume oscillator confirm,1h,long,transition|at range high|messy|contracting,178,-2.7809,35.96,-4.95,48,-40.5148,29.17,-19.45,-24.23,FAIL,,
volume,Volume oscillator confirm,1h,short,transition|at range high|messy|contracting,131,-13.504,35.88,-17.69,41,35.542,41.46,14.57,-8.87,FAIL,,
volume,Volume oscillator confirm,1h,long,uptrend|pulling back in trend|messy|expanding,137,7.9946,41.61,10.95,49,7.4103,42.86,3.63,-12.14,SURVIVOR,,
volume,Volume oscillator confirm,1h,short,uptrend|pulling back in trend|messy|expanding,134,-16.7509,34.33,-22.45,49,12.6142,42.86,6.18,-11.39,FAIL,,
volume,Volume oscillator confirm,1h,long,transition|at range high|messy|expanding,111,-0.1968,38.74,-0.22,35,-18.9567,37.14,-6.63,-13.21,FAIL,,
volume,Volume oscillator confirm,1h,short,transition|at range high|messy|expanding,131,-9.7443,38.93,-12.77,42,-31.3956,33.33,-13.19,-15.34,FAIL,,
volume,Volume oscillator confirm,1h,long,downtrend|at range low|messy|contracting,106,-15.9059,35.85,-16.86,39,19.4046,48.72,7.57,-6.3,FAIL,,
volume,Volume oscillator confirm,1h,short,downtrend|at range low|messy|contracting,144,-10.0546,33.33,-14.48,39,-7.922,33.33,-3.09,-10.29,FAIL,,
volume,Volume oscillator confirm,1h,long,transition|at range low|messy|contracting,116,-8.3606,39.66,-9.7,30,56.9213,53.33,17.08,-5.77,FAIL,,
volume,Volume oscillator confirm,1h,short,transition|at range low|messy|contracting,155,-5.6283,37.42,-8.72,46,-31.129,26.09,-14.32,-15.39,FAIL,,
volume,Volume oscillator confirm,1h,long,downtrend|at range low|messy|expanding,107,-14.6347,35.51,-15.66,35,-3.9709,40.0,-1.39,-10.42,FAIL,,
volume,Volume oscillator confirm,1h,short,downtrend|at range low|messy|expanding,94,-8.9097,35.11,-8.38,37,22.7443,43.24,8.42,-10.98,FAIL,,
volume,Volume oscillator confirm,1h,long,transition|at range low|messy|expanding,126,-24.3255,33.33,-30.65,45,45.6216,53.33,20.53,-7.18,FAIL,,
volume,Volume oscillator confirm,1h,short,transition|at range low|messy|expanding,123,-3.8042,38.21,-4.68,44,-44.5535,22.73,-19.6,-27.18,FAIL,,
volume,Volume oscillator confirm,1h,long,transition|mid range|clean|contracting,54,-31.9322,24.07,-17.24,17,-7.5298,29.41,-1.28,-5.87,FAIL,,
volume,Volume oscillator confirm,1h,short,transition|mid range|clean|contracting,49,32.9176,53.06,16.13,14,-51.6768,21.43,-7.23,-12.25,FAIL,,
volume,Volume oscillator confirm,1h,long,transition|mid range|clean|expanding,68,-6.0884,38.24,-4.14,28,38.4873,57.14,10.78,-3.83,FAIL,,
volume,Volume oscillator confirm,1h,short,transition|mid range|clean|expanding,66,0.7894,42.42,0.52,19,-3.3249,31.58,-0.63,-7.14,FAIL,,
volume,Volume oscillator confirm,1h,long,transition|mid range|messy|stalling,59,35.09,49.15,20.7,19,-62.8772,26.32,-11.95,-12.31,FAIL,,
volume,Volume oscillator confirm,1h,short,transition|mid range|messy|stalling,53,3.8514,43.4,2.04,21,6.6639,38.1,1.4,-7.27,SURVIVOR,,
volume,Volume oscillator confirm,1h,long,transition|at range high|clean|contracting,48,-11.3783,37.5,-5.46,9,-7.2162,44.44,-0.65,-6.97,FAIL,,
volume,Volume oscillator confirm,1h,short,transition|at range high|clean|contracting,81,-24.0143,30.86,-19.45,28,-20.0564,28.57,-5.62,-10.3,FAIL,,
volume,Volume oscillator confirm,1h,long,downtrend|pulling back in trend|clean|contracting,35,-20.1199,37.14,-7.04,18,-43.7185,22.22,-7.87,-9.32,FAIL,,
volume,Volume oscillator confirm,1h,short,downtrend|pulling back in trend|clean|contracting,37,-15.1299,29.73,-5.6,15,-37.6016,33.33,-5.64,-8.93,FAIL,,
volume,Volume oscillator confirm,1h,long,uptrend|pulling back in trend|clean|contracting,30,-22.5814,33.33,-6.77,14,-3.5305,35.71,-0.49,-6.92,FAIL,,
volume,Volume oscillator confirm,1h,short,uptrend|pulling back in trend|clean|contracting,39,-28.558,33.33,-11.14,13,27.2551,46.15,3.54,-4.74,FAIL,,
volume,Volume oscillator confirm,1h,long,uptrend|at range high|clean|contracting,50,-1.198,38.0,-0.6,17,18.2237,41.18,3.1,-7.25,FAIL,,
volume,Volume oscillator confirm,1h,short,uptrend|at range high|clean|contracting,47,-66.483,17.02,-31.25,14,-35.6733,28.57,-4.99,-6.6,FAIL,,
volume,Volume oscillator confirm,1h,long,uptrend|pulling back in trend|clean|expanding,39,-0.9325,43.59,-0.36,14,-94.8771,7.14,-13.28,-14.3,FAIL,,
volume,Volume oscillator confirm,1h,short,uptrend|pulling back in trend|clean|expanding,61,-11.7977,37.7,-7.2,16,-7.3198,37.5,-1.17,-6.37,FAIL,,
volume,Volume oscillator confirm,1h,long,downtrend|pulling back in trend|clean|expanding,38,10.1767,47.37,3.87,17,-4.4866,41.18,-0.76,-8.04,FAIL,,
volume,Volume oscillator confirm,1h,short,downtrend|pulling back in trend|clean|expanding,31,-6.7634,32.26,-2.1,10,-21.7004,30.0,-2.17,-7.8,FAIL,,
volume,Volume oscillator confirm,1h,long,transition|at range high|clean|expanding,42,-19.2188,35.71,-8.07,12,92.2687,66.67,11.07,-4.41,FAIL,,
volume,Volume oscillator confirm,1h,short,transition|at range high|clean|expanding,55,-25.5241,30.91,-14.04,13,-10.3165,30.77,-1.34,-6.51,FAIL,,
volume,Volume oscillator confirm,1h,long,transition|at range low|clean|contracting,54,-8.9922,40.74,-4.86,30,-59.2221,23.33,-17.77,-18.61,FAIL,,
volume,Volume oscillator confirm,1h,short,transition|at range low|clean|contracting,56,-22.7326,32.14,-12.73,10,-7.5859,30.0,-0.76,-4.99,FAIL,,
volume,Volume oscillator confirm,1h,long,downtrend|at range high|messy|contracting,66,4.4535,37.88,2.94,25,-87.8888,16.0,-21.97,-22.79,FAIL,,
volume,Volume oscillator confirm,1h,short,downtrend|at range high|messy|contracting,59,-17.6092,37.29,-10.39,21,22.3009,42.86,4.68,-4.53,FAIL,,
volume,Volume oscillator confirm,1h,long,uptrend|at range high|clean|expanding,41,-6.1578,39.02,-2.52,12,-69.9662,16.67,-8.4,-9.4,FAIL,,
volume,Volume oscillator confirm,1h,short,uptrend|at range high|clean|expanding,52,-37.5146,26.92,-19.51,19,-40.4027,31.58,-7.68,-9.61,FAIL,,
volume,Volume oscillator confirm,1h,long,downtrend|at range low|clean|contracting,42,-21.4798,35.71,-9.02,18,-19.8388,33.33,-3.57,-7.03,FAIL,,
volume,Volume oscillator confirm,1h,short,downtrend|at range low|clean|contracting,38,46.1376,50.0,17.53,18,-9.7027,33.33,-1.75,-9.22,FAIL,,
volume,Volume oscillator confirm,1h,long,downtrend|pulling back in trend|messy|stalling,53,22.5267,47.17,11.94,14,-33.0042,28.57,-4.62,-7.48,FAIL,,
volume,Volume oscillator confirm,1h,short,downtrend|pulling back in trend|messy|stalling,41,-19.643,36.59,-8.05,17,-12.5232,29.41,-2.13,-5.76,FAIL,,
volume,Volume oscillator confirm,1h,long,uptrend|at range high|messy|stalling,41,-44.8592,26.83,-18.39,14,80.9287,64.29,11.33,-3.0,FAIL,,
volume,Volume oscillator confirm,1h,short,uptrend|at range high|messy|stalling,44,6.338,43.18,2.79,15,-39.2258,26.67,-5.88,-9.22,FAIL,,
volume,Volume oscillator confirm,1h,long,transition|at range low|clean|expanding,51,-32.4035,31.37,-16.53,13,12.9554,46.15,1.68,-5.47,FAIL,,
volume,Volume oscillator confirm,1h,short,transition|at range low|clean|expanding,43,-37.1985,32.56,-16.0,18,-66.4988,16.67,-11.97,-12.99,FAIL,,
volume,Volume oscillator confirm,1h,long,uptrend|pulling back in trend|messy|stalling,43,-4.6799,32.56,-2.01,13,23.1381,46.15,3.01,-7.1,FAIL,,
volume,Volume oscillator confirm,1h,short,uptrend|pulling back in trend|messy|stalling,32,29.8073,53.12,9.54,16,-17.4712,43.75,-2.8,-4.73,FAIL,,
volume,Volume oscillator confirm,1h,long,uptrend|at range low|messy|contracting,71,-20.6746,33.8,-14.68,20,-35.2454,25.0,-7.05,-11.51,FAIL,,
volume,Volume oscillator confirm,1h,short,uptrend|at range low|messy|contracting,78,-4.3104,35.9,-3.36,30,35.2869,50.0,10.59,-5.38,FAIL,,
volume,Volume oscillator confirm,1h,long,downtrend|at range high|messy|expanding,55,11.7014,41.82,6.44,16,63.7225,56.25,10.2,-5.2,SURVIVOR,,
volume,Volume oscillator confirm,1h,short,downtrend|at range high|messy|expanding,52,-3.625,42.31,-1.89,20,11.9559,40.0,2.39,-8.01,FAIL,,
volume,Volume oscillator confirm,1h,long,uptrend|at range low|messy|expanding,75,-2.8366,45.33,-2.13,23,-63.9233,26.09,-14.7,-15.81,FAIL,,
volume,Volume oscillator confirm,1h,short,uptrend|at range low|messy|expanding,54,30.8638,48.15,16.67,21,38.9575,47.62,8.18,-5.95,SURVIVOR,,
volume,Volume oscillator confirm,1h,long,downtrend|at range low|clean|expanding,41,-29.473,34.15,-12.08,21,-24.1733,33.33,-5.08,-11.12,FAIL,,
volume,Volume oscillator confirm,1h,short,downtrend|at range low|clean|expanding,37,14.8218,43.24,5.48,15,-33.0927,33.33,-4.96,-6.13,FAIL,,
volume,Volume oscillator confirm,15m,long,transition|mid range|messy|contracting,580,-7.0604,35.0,-40.95,171,-6.1473,35.67,-10.51,-15.49,FAIL,421.732,4.1988
volume,Volume oscillator confirm,15m,short,transition|mid range|messy|contracting,544,-6.8925,34.38,-37.5,172,-12.8272,30.81,-22.06,-27.98,FAIL,,
volume,Volume oscillator confirm,15m,long,transition|mid range|messy|expanding,559,-0.6957,40.25,-3.89,169,-10.3693,33.73,-17.52,-18.24,FAIL,1.0881,
volume,Volume oscillator confirm,15m,short,transition|mid range|messy|expanding,539,-5.2369,36.36,-28.23,163,-12.3833,33.13,-20.18,-25.47,FAIL,5.3338,
volume,Volume oscillator confirm,15m,long,downtrend|pulling back in trend|messy|contracting,467,-4.0231,38.76,-18.79,147,-4.939,38.78,-7.26,-12.66,FAIL,2.0078,2.3973
volume,Volume oscillator confirm,15m,short,downtrend|pulling back in trend|messy|contracting,442,-10.7385,30.77,-47.46,144,-2.3023,36.81,-3.32,-14.68,FAIL,,1.4593
volume,Volume oscillator confirm,15m,long,uptrend|at range high|messy|contracting,534,-9.2779,31.84,-49.54,169,-8.3339,35.5,-14.08,-15.9,FAIL,,
volume,Volume oscillator confirm,15m,short,uptrend|at range high|messy|contracting,401,-5.2484,37.91,-21.05,157,-18.7413,26.75,-29.42,-31.28,FAIL,4.0169,
volume,Volume oscillator confirm,15m,long,uptrend|pulling back in trend|messy|contracting,461,-9.4877,31.89,-43.74,155,-3.5633,38.71,-5.52,-11.75,FAIL,,1.7572
volume,Volume oscillator confirm,15m,short,uptrend|pulling back in trend|messy|contracting,461,-10.2797,31.24,-47.39,146,-4.2492,38.36,-6.2,-13.31,FAIL,,2.2044
volume,Volume oscillator confirm,15m,long,downtrend|pulling back in trend|messy|expanding,455,-4.7617,37.36,-21.67,145,-4.1135,37.24,-5.96,-9.39,FAIL,2.6632,2.0445
volume,Volume oscillator confirm,15m,short,downtrend|pulling back in trend|messy|expanding,380,-8.5683,32.63,-32.56,135,-6.962,34.81,-9.4,-14.43,FAIL,,11.6918
volume,Volume oscillator confirm,15m,long,uptrend|pulling back in trend|messy|expanding,421,-6.408,36.34,-26.98,148,-12.8585,31.76,-19.03,-19.14,FAIL,8.3501,
volume,Volume oscillator confirm,15m,short,uptrend|pulling back in trend|messy|expanding,443,-9.0876,33.41,-40.26,143,-1.909,37.76,-2.73,-12.85,FAIL,,1.3563
volume,Volume oscillator confirm,15m,long,transition|at range high|messy|contracting,509,-9.4421,31.24,-48.06,156,-3.4521,37.18,-5.39,-13.97,FAIL,,1.6749
volume,Volume oscillator confirm,15m,short,transition|at range high|messy|contracting,380,-5.4999,36.84,-20.9,127,-15.6249,29.92,-19.84,-22.72,FAIL,5.6982,
volume,Volume oscillator confirm,15m,long,uptrend|at range high|messy|expanding,366,-2.7668,37.98,-10.13,122,-8.0206,34.43,-9.79,-12.76,FAIL,1.4571,161.7923
volume,Volume oscillator confirm,15m,short,uptrend|at range high|messy|expanding,443,-2.707,39.28,-11.99,143,-2.7943,39.86,-4.0,-14.4,FAIL,1.5472,1.5542
volume,Volume oscillator confirm,15m,long,transition|mid range|clean|contracting,228,-12.7685,31.14,-29.11,79,12.6462,46.84,9.99,-3.56,FAIL,,0.3922
volume,Volume oscillator confirm,15m,short,transition|mid range|clean|contracting,256,-3.2133,38.67,-8.23,72,-7.7119,34.72,-5.55,-12.31,FAIL,1.7371,
volume,Volume oscillator confirm,15m,long,downtrend|at range low|messy|contracting,397,-4.629,37.53,-18.38,122,-13.5365,31.97,-16.51,-19.44,FAIL,2.5191,
volume,Volume oscillator confirm,15m,short,downtrend|at range low|messy|contracting,451,-10.1831,30.82,-45.93,151,-9.8717,33.11,-14.91,-24.18,FAIL,,
volume,Volume oscillator confirm,15m,long,transition|at range high|messy|expanding,331,-6.6168,34.74,-21.9,95,-14.7456,30.53,-14.01,-15.19,FAIL,5.8155,
volume,Volume oscillator confirm,15m,short,transition|at range high|messy|expanding,393,-4.4226,37.15,-17.38,134,-5.1203,37.31,-6.86,-12.86,FAIL,2.9916,2.7909
volume,Volume oscillator confirm,15m,long,transition|at range low|messy|contracting,366,-10.4277,33.61,-38.17,115,-11.0627,34.78,-12.72,-15.36,FAIL,,
volume,Volume oscillator confirm,15m,short,transition|at range low|messy|contracting,471,-6.9789,35.03,-32.87,160,-5.1999,36.88,-8.32,-13.63,FAIL,50.2533,3.1624
volume,Volume oscillator confirm,15m,long,transition|mid range|clean|expanding,315,-8.6568,34.29,-27.27,91,-15.0869,31.87,-13.73,-15.95,FAIL,,
volume,Volume oscillator confirm,15m,short,transition|mid range|clean|expanding,283,-7.1689,34.63,-20.29,83,-16.7012,31.33,-13.86,-17.04,FAIL,,
volume,Volume oscillator confirm,15m,long,downtrend|at range low|messy|expanding,399,-4.1055,38.1,-16.38,120,-6.7517,38.33,-8.1,-12.59,FAIL,2.1804,6.776
volume,Volume oscillator confirm,15m,short,downtrend|at range low|messy|expanding,345,-4.6086,35.94,-15.9,111,-11.9627,32.43,-13.28,-17.4,FAIL,2.5318,
volume,Volume oscillator confirm,15m,long,transition|at range low|messy|expanding,380,-12.1872,30.26,-46.31,150,-8.9041,35.33,-13.36,-16.61,FAIL,,
volume,Volume oscillator confirm,15m,short,transition|at range low|messy|expanding,374,-4.3821,36.63,-16.39,116,-1.2209,39.66,-1.42,-11.74,FAIL,2.5133,1.194
volume,Volume oscillator confirm,15m,long,downtrend|pulling back in trend|clean|contracting,180,-10.7258,33.89,-19.31,54,-24.8322,22.22,-13.41,-13.73,FAIL,,
volume,Volume oscillator confirm,15m,short,downtrend|pulling back in trend|clean|contracting,188,-9.6399,33.51,-18.12,76,13.9213,48.68,10.58,-5.72,FAIL,,0.3434
volume,Volume oscillator confirm,15m,long,uptrend|pulling back in trend|clean|contracting,223,-13.122,30.04,-29.26,62,-10.4255,35.48,-6.46,-7.53,FAIL,,
volume,Volume oscillator confirm,15m,short,uptrend|pulling back in trend|clean|contracting,174,0.5566,40.23,0.97,64,-2.8246,35.94,-1.81,-6.51,FAIL,0.9307,1.5547
volume,Volume oscillator confirm,15m,long,uptrend|at range high|clean|contracting,214,-10.4095,31.78,-22.28,70,-13.8314,30.0,-9.68,-12.77,FAIL,,
volume,Volume oscillator confirm,15m,short,uptrend|at range high|clean|contracting,285,-11.7705,31.23,-33.55,84,-7.8665,34.52,-6.61,-11.96,FAIL,,60.9549
volume,Volume oscillator confirm,15m,long,downtrend|pulling back in trend|clean|expanding,244,-8.7194,33.2,-21.28,70,-6.2286,37.14,-4.36,-6.03,FAIL,,3.8939
volume,Volume oscillator confirm,15m,short,downtrend|pulling back in trend|clean|expanding,186,-0.0897,38.71,-0.17,51,-11.9247,35.29,-6.08,-8.95,FAIL,1.0119,
volume,Volume oscillator confirm,15m,long,uptrend|pulling back in trend|clean|expanding,198,-9.0214,33.84,-17.86,70,-10.0719,32.86,-7.05,-13.05,FAIL,,
volume,Volume oscillator confirm,15m,short,uptrend|pulling back in trend|clean|expanding,206,-0.2028,40.78,-0.42,77,5.1879,42.86,3.99,-5.5,FAIL,1.0273,0.5984
volume,Volume oscillator confirm,15m,long,transition|at range high|clean|contracting,205,-6.6737,36.1,-13.68,60,4.2827,43.33,2.57,-4.87,FAIL,4.3059,0.6629
volume,Volume oscillator confirm,15m,short,transition|at range high|clean|contracting,284,-10.607,33.1,-30.12,101,-12.9377,31.68,-13.07,-19.31,FAIL,,
volume,Volume oscillator confirm,15m,long,transition|mid range|messy|stalling,229,0.2223,39.3,0.51,53,-31.9003,18.87,-16.91,-17.84,FAIL,0.9744,
volume,Volume oscillator confirm,15m,short,transition|mid range|messy|stalling,190,-5.4417,35.26,-10.34,63,-9.1702,38.1,-5.78,-7.8,FAIL,3.6453,
volume,Volume oscillator confirm,15m,long,transition|at range high|clean|expanding,191,15.8344,47.12,30.24,54,-7.6029,38.89,-4.11,-5.23,FAIL,0.3753,10.0713
volume,Volume oscillator confirm,15m,short,transition|at range high|clean|expanding,240,-4.5051,37.92,-10.81,83,-12.103,32.53,-10.05,-14.56,FAIL,2.5797,
volume,Volume oscillator confirm,15m,long,uptrend|at range high|clean|expanding,191,-1.9683,38.22,-3.76,58,-17.9089,27.59,-10.39,-12.82,FAIL,1.3038,
volume,Volume oscillator confirm,15m,short,uptrend|at range high|clean|expanding,242,-12.1116,32.64,-29.31,93,-9.2302,35.48,-8.58,-10.24,FAIL,,
volume,Volume oscillator confirm,15m,long,downtrend|at range low|clean|contracting,219,-13.7362,30.14,-30.08,75,-17.9134,29.33,-13.44,-14.3,FAIL,,
volume,Volume oscillator confirm,15m,short,downtrend|at range low|clean|contracting,189,-8.0694,33.86,-15.25,47,1.5538,42.55,0.73,-4.64,FAIL,,0.8259
volume,Volume oscillator confirm,15m,long,transition|at range low|clean|contracting,236,-8.3168,35.59,-19.63,78,-4.6936,37.18,-3.66,-7.51,FAIL,309.4832,2.3262
volume,Volume oscillator confirm,15m,short,transition|at range low|clean|contracting,182,4.8803,41.21,8.88,61,-12.5051,32.79,-7.63,-10.83,FAIL,0.6003,
volume,Volume oscillator confirm,15m,long,transition|at range low|clean|expanding,236,-8.6477,34.75,-20.41,94,-23.3263,23.4,-21.93,-22.86,FAIL,,
volume,Volume oscillator confirm,15m,short,transition|at range low|clean|expanding,192,1.0347,40.62,1.99,72,-1.9469,38.89,-1.4,-7.55,FAIL,0.888,1.3251
volume,Volume oscillator confirm,15m,long,downtrend|at range low|clean|expanding,204,-3.517,38.73,-7.17,71,-12.3832,33.8,-8.79,-13.11,FAIL,1.7695,
volume,Volume oscillator confirm,15m,short,downtrend|at range low|clean|expanding,183,-13.6308,30.05,-24.94,54,-11.307,31.48,-6.11,-11.67,FAIL,,
volume,Volume oscillator confirm,15m,long,downtrend|pulling back in trend|messy|stalling,162,-3.4152,39.51,-5.53,53,-15.7728,30.19,-8.36,-10.24,FAIL,1.7382,
volume,Volume oscillator confirm,15m,short,downtrend|pulling back in trend|messy|stalling,151,-11.0129,31.79,-16.63,50,-4.1148,36.0,-2.06,-7.04,FAIL,,2.165
volume,Volume oscillator confirm,15m,long,downtrend|at range high|messy|contracting,228,-9.6599,32.89,-22.02,79,-16.9249,27.85,-13.37,-14.65,FAIL,,
volume,Volume oscillator confirm,15m,short,downtrend|at range high|messy|contracting,175,-11.6405,29.71,-20.37,72,-7.0368,36.11,-5.07,-10.74,FAIL,,12.0429
volume,Volume oscillator confirm,15m,long,uptrend|pulling back in trend|messy|stalling,132,-17.3112,29.55,-22.85,48,-17.8493,31.25,-8.57,-12.49,FAIL,,
volume,Volume oscillator confirm,15m,short,uptrend|pulling back in trend|messy|stalling,155,-9.8487,33.55,-15.27,51,-7.1876,37.25,-3.67,-6.08,FAIL,,13.9355
volume,Volume oscillator confirm,15m,long,downtrend|at range high|messy|expanding,156,3.2065,40.38,5.0,50,-28.3983,22.0,-14.2,-16.11,FAIL,0.7155,
volume,Volume oscillator confirm,15m,short,downtrend|at range high|messy|expanding,192,-4.2054,36.46,-8.07,65,-10.9368,35.38,-7.11,-12.48,FAIL,2.4432,
volume,Volume oscillator confirm,15m,long,uptrend|at range high|messy|stalling,143,-6.9847,36.36,-9.99,46,-4.9712,36.96,-2.29,-6.11,FAIL,7.0817,2.4434
volume,Volume oscillator confirm,15m,short,uptrend|at range high|messy|stalling,161,-16.2296,29.19,-26.13,50,7.0733,44.0,3.54,-6.8,FAIL,,0.5184
volume,A/D line trend (vs own MA),1h,long,transition|mid range|messy|contracting,112,-1.8956,40.18,-2.12,41,-2.0131,41.46,-0.83,-10.36,FAIL,,
volume,A/D line trend (vs own MA),1h,short,transition|mid range|messy|contracting,115,-19.5618,31.3,-22.5,30,-33.4349,30.0,-10.03,-12.75,FAIL,,
volume,A/D line trend (vs own MA),1h,long,transition|mid range|messy|expanding,167,15.6244,42.51,26.09,45,36.7611,46.67,16.54,-7.8,SURVIVOR,,
volume,A/D line trend (vs own MA),1h,short,transition|mid range|messy|expanding,157,18.5587,46.5,29.14,52,-3.2927,38.46,-1.71,-11.86,FAIL,,
volume,A/D line trend (vs own MA),1h,long,uptrend|at range high|messy|contracting,47,-32.9083,27.66,-15.47,16,-12.4932,37.5,-2.0,-5.77,FAIL,,
volume,A/D line trend (vs own MA),1h,short,uptrend|at range high|messy|contracting,58,-12.6593,34.48,-7.34,24,-16.4776,37.5,-3.95,-8.37,FAIL,,
volume,A/D line trend (vs own MA),1h,long,downtrend|pulling back in trend|messy|contracting,74,3.807,41.89,2.82,24,-42.1981,25.0,-10.13,-14.37,FAIL,,
volume,A/D line trend (vs own MA),1h,short,downtrend|pulling back in trend|messy|contracting,74,-8.8801,36.49,-6.57,15,67.2622,53.33,10.09,-5.73,FAIL,,
volume,A/D line trend (vs own MA),1h,long,uptrend|pulling back in trend|messy|contracting,69,-17.2921,36.23,-11.93,25,40.235,52.0,10.06,-3.25,FAIL,,
volume,A/D line trend (vs own MA),1h,short,uptrend|pulling back in trend|messy|contracting,81,-21.6864,33.33,-17.57,18,-40.3897,22.22,-7.27,-11.99,FAIL,,
volume,A/D line trend (vs own MA),1h,long,uptrend|at range high|messy|expanding,75,-14.9624,36.0,-11.22,26,-22.9343,38.46,-5.96,-9.4,FAIL,,
volume,A/D line trend (vs own MA),1h,short,uptrend|at range high|messy|expanding,47,-22.7617,29.79,-10.7,34,-36.362,35.29,-12.36,-19.83,FAIL,,
volume,A/D line trend (vs own MA),1h,long,downtrend|pulling back in trend|messy|expanding,128,29.3801,46.09,37.61,39,34.535,48.72,13.47,-6.02,SURVIVOR,,
volume,A/D line trend (vs own MA),1h,short,downtrend|pulling back in trend|messy|expanding,75,-13.8819,37.33,-10.41,22,-28.6304,36.36,-6.3,-8.37,FAIL,,
volume,A/D line trend (vs own MA),1h,long,transition|at range high|messy|contracting,45,-7.4612,33.33,-3.36,19,48.2297,52.63,9.16,-5.6,FAIL,,
volume,A/D line trend (vs own MA),1h,short,transition|at range high|messy|contracting,50,-15.5744,36.0,-7.79,17,16.0789,47.06,2.73,-4.09,FAIL,,
volume,A/D line trend (vs own MA),1h,long,uptrend|pulling back in trend|messy|expanding,85,20.5875,45.88,17.5,22,-29.287,31.82,-6.44,-11.13,FAIL,,
volume,A/D line trend (vs own MA),1h,short,uptrend|pulling back in trend|messy|expanding,133,10.4827,42.86,13.94,34,-0.1185,41.18,-0.04,-7.12,FAIL,,
volume,A/D line trend (vs own MA),1h,long,transition|at range high|messy|expanding,87,11.4302,41.38,9.94,28,-1.9329,35.71,-0.54,-8.91,FAIL,,
volume,A/D line trend (vs own MA),1h,short,transition|at range high|messy|expanding,46,-30.5659,32.61,-14.06,24,5.1512,41.67,1.24,-6.47,FAIL,,
volume,A/D line trend (vs own MA),1h,long,downtrend|at range low|messy|contracting,55,-39.7182,29.09,-21.85,18,84.497,61.11,15.21,-4.26,FAIL,,
volume,A/D line trend (vs own MA),1h,short,downtrend|at range low|messy|contracting,35,-43.2649,25.71,-15.14,10,-23.835,30.0,-2.38,-5.07,FAIL,,
volume,A/D line trend (vs own MA),1h,long,transition|at range low|messy|contracting,56,-11.2906,35.71,-6.32,9,-9.9255,44.44,-0.89,-4.83,FAIL,,
volume,A/D line trend (vs own MA),1h,short,transition|at range low|messy|contracting,33,4.6907,42.42,1.55,9,-115.7077,0.0,-10.41,-10.63,FAIL,,
volume,A/D line trend (vs own MA),1h,long,downtrend|at range low|messy|expanding,65,-14.4707,36.92,-9.41,17,15.0139,52.94,2.55,-4.46,FAIL,,
volume,A/D line trend (vs own MA),1h,short,downtrend|at range low|messy|expanding,81,-7.0284,33.33,-5.69,24,-38.2007,29.17,-9.17,-15.97,FAIL,,
volume,A/D line trend (vs own MA),1h,long,transition|at range low|messy|expanding,62,-28.5228,32.26,-17.68,13,53.5909,53.85,6.97,-3.82,FAIL,,
volume,A/D line trend (vs own MA),1h,short,transition|at range low|messy|expanding,98,-19.4559,30.61,-19.07,37,-47.0211,21.62,-17.4,-21.22,FAIL,,
volume,A/D line trend (vs own MA),1h,long,transition|mid range|clean|contracting,52,-47.2674,23.08,-24.58,17,-12.7195,35.29,-2.16,-7.05,FAIL,,
volume,A/D line trend (vs own MA),1h,short,transition|mid range|clean|contracting,52,2.4394,44.23,1.27,16,-32.1949,25.0,-5.15,-8.25,FAIL,,
volume,A/D line trend (vs own MA),1h,long,transition|mid range|clean|expanding,62,1.6663,38.71,1.03,23,9.9606,47.83,2.29,-4.94,SURVIVOR,,
volume,A/D line trend (vs own MA),1h,short,transition|mid range|clean|expanding,83,2.9276,42.17,2.43,15,-63.3176,13.33,-9.5,-11.62,FAIL,,
volume,A/D line trend (vs own MA),1h,long,transition|mid range|messy|stalling,53,-20.85,33.96,-11.05,18,-22.093,33.33,-3.98,-8.54,FAIL,,
volume,A/D line trend (vs own MA),1h,short,transition|mid range|messy|stalling,47,7.7597,42.55,3.65,11,-17.4318,27.27,-1.92,-3.78,FAIL,,
volume,A/D line trend (vs own MA),1h,long,transition|at range high|clean|contracting,13,-50.369,30.77,-6.55,7,-8.7981,42.86,-0.62,-5.06,UNRELIABLE,,
volume,A/D line trend (vs own MA),1h,short,transition|at range high|clean|contracting,22,55.6727,50.0,12.25,4,-129.4749,0.0,-5.18,-5.18,UNRELIABLE,,
volume,A/D line trend (vs own MA),1h,long,downtrend|pulling back in trend|clean|contracting,37,13.3076,43.24,4.92,9,-22.7696,33.33,-2.05,-7.27,FAIL,,
volume,A/D line trend (vs own MA),1h,short,downtrend|pulling back in trend|clean|contracting,20,-0.3225,40.0,-0.06,14,22.0991,42.86,3.09,-5.78,FAIL,,
volume,A/D line trend (vs own MA),1h,long,uptrend|pulling back in trend|clean|contracting,17,6.3316,35.29,1.08,10,18.8244,50.0,1.88,-5.8,UNRELIABLE,,
volume,A/D line trend (vs own MA),1h,short,uptrend|pulling back in trend|clean|contracting,27,14.9999,51.85,4.05,8,50.5052,62.5,4.04,-2.81,SURVIVOR,,
volume,A/D line trend (vs own MA),1h,long,uptrend|at range high|clean|contracting,8,-126.2596,0.0,-10.1,3,35.192,66.67,1.06,-1.32,UNRELIABLE,,
volume,A/D line trend (vs own MA),1h,short,uptrend|at range high|clean|contracting,15,8.1344,40.0,1.22,4,-129.6371,0.0,-5.19,-6.04,UNRELIABLE,,
volume,A/D line trend (vs own MA),1h,long,uptrend|pulling back in trend|clean|expanding,29,-51.7563,24.14,-15.01,7,-28.2675,28.57,-1.98,-4.2,UNRELIABLE,,
volume,A/D line trend (vs own MA),1h,short,uptrend|pulling back in trend|clean|expanding,50,9.4016,42.0,4.7,18,-27.0136,33.33,-4.86,-9.02,FAIL,,
volume,A/D line trend (vs own MA),1h,long,downtrend|pulling back in trend|clean|expanding,46,-19.2368,34.78,-8.85,20,-40.0103,25.0,-8.0,-14.36,FAIL,,
volume,A/D line trend (vs own MA),1h,short,downtrend|pulling back in trend|clean|expanding,36,-48.3138,22.22,-17.39,12,-76.995,16.67,-9.24,-9.79,FAIL,,
volume,A/D line trend (vs own MA),1h,long,transition|at range high|clean|expanding,39,-30.2284,28.21,-11.79,15,91.1557,60.0,13.67,-4.24,FAIL,,
volume,A/D line trend (vs own MA),1h,short,transition|at range high|clean|expanding,21,-30.3085,28.57,-6.36,7,-88.3377,0.0,-6.18,-6.18,UNRELIABLE,,
volume,A/D line trend (vs own MA),1h,long,transition|at range low|clean|contracting,18,-10.2358,44.44,-1.84,9,35.1683,44.44,3.17,-3.45,UNRELIABLE,,
volume,A/D line trend (vs own MA),1h,short,transition|at range low|clean|contracting,22,-9.1381,31.82,-2.01,6,1.5201,33.33,0.09,-5.5,UNRELIABLE,,
volume,A/D line trend (vs own MA),1h,long,downtrend|at range high|messy|contracting,22,-39.5347,22.73,-8.7,3,-13.3055,33.33,-0.4,-3.66,UNRELIABLE,,
volume,A/D line trend (vs own MA),1h,short,downtrend|at range high|messy|contracting,11,-54.7448,36.36,-6.02,6,10.4389,50.0,0.63,-2.57,UNRELIABLE,,
volume,A/D line trend (vs own MA),1h,long,uptrend|at range high|clean|expanding,24,-71.671,20.83,-17.2,10,3.8453,40.0,0.38,-3.92,FAIL,,
volume,A/D line trend (vs own MA),1h,short,uptrend|at range high|clean|expanding,19,-17.2174,36.84,-3.27,3,-6.3734,33.33,-0.19,-3.06,UNRELIABLE,,
volume,A/D line trend (vs own MA),1h,long,downtrend|at range low|clean|contracting,17,-57.6489,29.41,-9.8,6,-19.7977,33.33,-1.19,-3.24,UNRELIABLE,,
volume,A/D line trend (vs own MA),1h,short,downtrend|at range low|clean|contracting,13,-39.4443,30.77,-5.13,6,-42.9969,33.33,-2.58,-5.84,UNRELIABLE,,
volume,A/D line trend (vs own MA),1h,long,downtrend|pulling back in trend|messy|stalling,41,-17.4476,39.02,-7.15,15,-20.7708,33.33,-3.12,-8.08,FAIL,,
volume,A/D line trend (vs own MA),1h,short,downtrend|pulling back in trend|messy|stalling,28,-7.836,35.71,-2.19,5,-101.1433,20.0,-5.06,-5.68,UNRELIABLE,,
volume,A/D line trend (vs own MA),1h,long,uptrend|at range high|messy|stalling,21,43.1762,47.62,9.07,6,-86.3411,16.67,-5.18,-5.44,UNRELIABLE,,
volume,A/D line trend (vs own MA),1h,short,uptrend|at range high|messy|stalling,24,-17.7599,37.5,-4.26,7,96.1531,71.43,6.73,-1.64,UNRELIABLE,,
volume,A/D line trend (vs own MA),1h,long,transition|at range low|clean|expanding,16,-70.0198,25.0,-11.2,6,-51.2572,16.67,-3.08,-5.57,UNRELIABLE,,
volume,A/D line trend (vs own MA),1h,short,transition|at range low|clean|expanding,41,-58.595,19.51,-24.02,15,8.5307,40.0,1.28,-6.21,FAIL,,
volume,A/D line trend (vs own MA),1h,long,uptrend|pulling back in trend|messy|stalling,25,-15.9976,28.0,-4.0,4,-16.6966,25.0,-0.67,-2.57,UNRELIABLE,,
volume,A/D line trend (vs own MA),1h,short,uptrend|pulling back in trend|messy|stalling,37,-10.7851,40.54,-3.99,14,59.0508,57.14,8.27,-6.25,FAIL,,
volume,A/D line trend (vs own MA),1h,long,uptrend|at range low|messy|contracting,10,-119.1671,0.0,-11.92,4,8.3482,50.0,0.33,-2.65,UNRELIABLE,,
volume,A/D line trend (vs own MA),1h,short,uptrend|at range low|messy|contracting,16,-6.5196,37.5,-1.04,7,-10.0517,28.57,-0.7,-3.64,UNRELIABLE,,
volume,A/D line trend (vs own MA),1h,long,downtrend|at range high|messy|expanding,37,40.5348,48.65,15.0,18,10.3498,44.44,1.86,-7.69,SURVIVOR,,
volume,A/D line trend (vs own MA),1h,short,downtrend|at range high|messy|expanding,9,12.2245,55.56,1.1,3,-44.5329,33.33,-1.34,-3.27,UNRELIABLE,,
volume,A/D line trend (vs own MA),1h,long,uptrend|at range low|messy|expanding,19,8.6176,42.11,1.64,8,-109.3063,12.5,-8.74,-8.74,UNRELIABLE,,
volume,A/D line trend (vs own MA),1h,short,uptrend|at range low|messy|expanding,42,-28.6484,28.57,-12.03,16,83.4005,62.5,13.34,-4.65,FAIL,,
volume,A/D line trend (vs own MA),1h,long,downtrend|at range low|clean|expanding,22,26.0364,54.55,5.73,10,26.1331,40.0,2.61,-5.37,SURVIVOR,,
volume,A/D line trend (vs own MA),1h,short,downtrend|at range low|clean|expanding,25,63.8265,56.0,15.96,13,21.08,53.85,2.74,-6.71,SURVIVOR,,
volume,A/D line trend (vs own MA),15m,long,transition|mid range|messy|contracting,381,-9.2857,32.81,-35.38,128,-18.3425,28.12,-23.48,-25.35,FAIL,,
volume,A/D line trend (vs own MA),15m,short,transition|mid range|messy|contracting,370,-4.9138,37.57,-18.18,91,-12.1844,32.97,-11.09,-15.6,FAIL,3.9119,
volume,A/D line trend (vs own MA),15m,long,transition|mid range|messy|expanding,518,-4.4016,37.07,-22.8,139,0.8741,40.29,1.21,-8.2,FAIL,2.2867,0.9056
volume,A/D line trend (vs own MA),15m,short,transition|mid range|messy|expanding,477,-7.0601,34.59,-33.68,163,-11.0746,33.74,-18.05,-19.94,FAIL,,
volume,A/D line trend (vs own MA),15m,long,downtrend|pulling back in trend|messy|contracting,303,-8.0345,35.64,-24.34,94,-25.0705,23.4,-23.57,-24.09,FAIL,,
volume,A/D line trend (vs own MA),15m,short,downtrend|pulling back in trend|messy|contracting,241,-4.3206,37.34,-10.41,60,1.1728,41.67,0.7,-7.54,FAIL,2.4184,0.8639
volume,A/D line trend (vs own MA),15m,long,uptrend|at range high|messy|contracting,179,-5.3899,35.75,-9.65,60,3.6778,41.67,2.21,-4.44,FAIL,2.9334,0.692
volume,A/D line trend (vs own MA),15m,short,uptrend|at range high|messy|contracting,226,-10.4071,31.86,-23.52,71,-22.1068,25.35,-15.7,-15.7,FAIL,,
volume,A/D line trend (vs own MA),15m,long,uptrend|pulling back in trend|messy|contracting,219,-14.6722,28.77,-32.13,77,-14.4365,32.47,-11.12,-11.58,FAIL,,
volume,A/D line trend (vs own MA),15m,short,uptrend|pulling back in trend|messy|contracting,284,-5.6682,37.68,-16.1,110,-16.0896,29.09,-17.7,-19.34,FAIL,4.4064,
volume,A/D line trend (vs own MA),15m,long,downtrend|pulling back in trend|messy|expanding,437,-6.071,36.61,-26.53,145,-1.7199,40.69,-2.49,-8.36,FAIL,4.917,1.2536
volume,A/D line trend (vs own MA),15m,short,downtrend|pulling back in trend|messy|expanding,259,-12.8965,31.66,-33.4,79,-11.8538,32.91,-9.36,-14.09,FAIL,,
volume,A/D line trend (vs own MA),15m,long,uptrend|pulling back in trend|messy|expanding,299,-11.1468,32.11,-33.33,91,2.4304,41.76,2.21,-10.96,FAIL,,0.781
volume,A/D line trend (vs own MA),15m,short,uptrend|pulling back in trend|messy|expanding,423,-9.2655,33.81,-39.19,158,-13.2704,33.54,-20.97,-24.38,FAIL,,
volume,A/D line trend (vs own MA),15m,long,transition|at range high|messy|contracting,136,-6.3241,33.82,-8.6,54,-8.0387,33.33,-4.34,-7.11,FAIL,4.7264,28.0408
volume,A/D line trend (vs own MA),15m,short,transition|at range high|messy|contracting,172,-8.9177,35.47,-15.34,43,-26.2478,25.58,-11.29,-13.04,FAIL,,
volume,A/D line trend (vs own MA),15m,long,uptrend|at range high|messy|expanding,251,-7.7822,34.26,-19.53,90,12.9593,45.56,11.66,-7.96,FAIL,16.1438,0.3798
volume,A/D line trend (vs own MA),15m,short,uptrend|at range high|messy|expanding,235,-5.3474,37.45,-12.57,73,-12.8206,31.51,-9.36,-10.3,FAIL,3.3743,
volume,A/D line trend (vs own MA),15m,long,transition|mid range|clean|contracting,223,-4.0606,38.12,-9.06,78,-13.8959,33.33,-10.84,-13.11,FAIL,1.9283,
volume,A/D line trend (vs own MA),15m,short,transition|mid range|clean|contracting,219,-5.2768,37.9,-11.56,67,-12.6804,31.34,-8.5,-13.18,FAIL,3.7416,
volume,A/D line trend (vs own MA),15m,long,downtrend|at range low|messy|contracting,199,-6.8327,37.19,-13.6,73,-11.1315,35.62,-8.13,-12.37,FAIL,7.4993,
volume,A/D line trend (vs own MA),15m,short,downtrend|at range low|messy|contracting,145,-15.5935,28.28,-22.61,56,-4.3033,35.71,-2.41,-7.74,FAIL,,2.299
volume,A/D line trend (vs own MA),15m,long,transition|at range high|messy|expanding,282,-0.9198,39.36,-2.59,112,-3.4992,38.39,-3.92,-7.58,FAIL,1.1208,1.7577
volume,A/D line trend (vs own MA),15m,short,transition|at range high|messy|expanding,187,-7.1389,33.69,-13.35,54,-11.2688,35.19,-6.09,-9.33,FAIL,28.8328,
volume,A/D line trend (vs own MA),15m,long,transition|at range low|messy|contracting,165,-10.9525,34.55,-18.07,47,-35.7179,17.02,-16.79,-17.39,FAIL,,
volume,A/D line trend (vs own MA),15m,short,transition|at range low|messy|contracting,151,-8.9651,33.77,-13.54,48,-32.1195,16.67,-15.42,-15.61,FAIL,,
volume,A/D line trend (vs own MA),15m,long,transition|mid range|clean|expanding,286,-9.1755,32.52,-26.24,100,-1.1864,41.0,-1.19,-9.11,FAIL,,1.1695
volume,A/D line trend (vs own MA),15m,short,transition|mid range|clean|expanding,272,-4.7755,36.03,-12.99,89,0.0431,40.45,0.04,-11.56,FAIL,2.7799,0.994
volume,A/D line trend (vs own MA),15m,long,downtrend|at range low|messy|expanding,231,-10.5518,32.47,-24.37,60,-4.7199,40.0,-2.83,-8.19,FAIL,,2.3283
volume,A/D line trend (vs own MA),15m,short,downtrend|at range low|messy|expanding,243,-9.5136,33.33,-23.12,84,-13.1408,32.14,-11.04,-11.37,FAIL,,
volume,A/D line trend (vs own MA),15m,long,transition|at range low|messy|expanding,175,-17.2095,28.57,-30.12,66,-5.5418,34.85,-3.66,-11.3,FAIL,,2.6547
volume,A/D line trend (vs own MA),15m,short,transition|at range low|messy|expanding,273,-9.5935,33.7,-26.19,100,-3.45,38.0,-3.45,-9.43,FAIL,,1.7804
volume,A/D line trend (vs own MA),15m,long,downtrend|pulling back in trend|clean|contracting,186,-17.23,28.49,-32.05,57,-13.7024,29.82,-7.81,-9.64,FAIL,,
volume,A/D line trend (vs own MA),15m,short,downtrend|pulling back in trend|clean|contracting,127,-18.3822,27.56,-23.35,33,-0.4588,39.39,-0.15,-6.5,FAIL,,1.0629
volume,A/D line trend (vs own MA),15m,long,uptrend|pulling back in trend|clean|contracting,120,-17.8195,27.5,-21.38,41,-7.0266,36.59,-2.88,-8.12,FAIL,,5.218
volume,A/D line trend (vs own MA),15m,short,uptrend|pulling back in trend|clean|contracting,157,0.4113,40.13,0.65,61,-0.9043,39.34,-0.55,-6.91,FAIL,0.9459,1.1316
volume,A/D line trend (vs own MA),15m,long,uptrend|at range high|clean|contracting,63,-15.0903,30.16,-9.51,22,-13.6855,27.27,-3.01,-5.45,FAIL,,
volume,A/D line trend (vs own MA),15m,short,uptrend|at range high|clean|contracting,111,-16.0639,29.73,-17.83,39,-24.231,25.64,-9.45,-9.99,FAIL,,
volume,A/D line trend (vs own MA),15m,long,downtrend|pulling back in trend|clean|expanding,254,-7.7134,34.65,-19.59,93,-3.5021,39.78,-3.26,-7.01,FAIL,28.6045,1.7215
volume,A/D line trend (vs own MA),15m,short,downtrend|pulling back in trend|clean|expanding,138,-15.4378,27.54,-21.3,33,-27.5781,24.24,-9.1,-9.58,FAIL,,
volume,A/D line trend (vs own MA),15m,long,uptrend|pulling back in trend|clean|expanding,141,-5.5634,36.17,-7.84,56,-13.5043,30.36,-7.56,-12.89,FAIL,3.2266,
volume,A/D line trend (vs own MA),15m,short,uptrend|pulling back in trend|clean|expanding,238,-3.2204,37.82,-7.66,96,-6.7296,37.5,-6.46,-8.17,FAIL,1.748,8.8757
volume,A/D line trend (vs own MA),15m,long,transition|at range high|clean|contracting,78,-6.2897,35.9,-4.91,25,18.4744,56.0,4.62,-2.41,FAIL,3.3647,0.2897
volume,A/D line trend (vs own MA),15m,short,transition|at range high|clean|contracting,104,-5.1954,39.42,-5.4,18,34.9559,61.11,6.29,-1.81,FAIL,3.8601,0.1599
volume,A/D line trend (vs own MA),15m,long,transition|mid range|messy|stalling,172,-12.2227,31.98,-21.02,57,1.4743,42.11,0.84,-5.92,FAIL,,0.8512
volume,A/D line trend (vs own MA),15m,short,transition|mid range|messy|stalling,169,-8.7809,35.5,-14.84,60,-22.3923,26.67,-13.44,-14.57,FAIL,,
volume,A/D line trend (vs own MA),15m,long,transition|at range high|clean|expanding,158,9.3284,45.57,14.74,52,5.6008,46.15,2.91,-3.22,SURVIVOR,0.4827,0.5972
volume,A/D line trend (vs own MA),15m,short,transition|at range high|clean|expanding,97,-15.2119,30.93,-14.76,24,-25.236,29.17,-6.06,-7.91,FAIL,,
volume,A/D line trend (vs own MA),15m,long,uptrend|at range high|clean|expanding,145,-9.1697,33.79,-13.3,49,-9.8828,34.69,-4.84,-10.41,FAIL,,
volume,A/D line trend (vs own MA),15m,short,uptrend|at range high|clean|expanding,120,-8.5123,35.83,-10.21,32,-6.1167,43.75,-1.96,-4.8,FAIL,,7.9648
volume,A/D line trend (vs own MA),15m,long,downtrend|at range low|clean|contracting,99,-10.0532,34.34,-9.95,38,-16.6186,28.95,-6.32,-6.35,FAIL,,
volume,A/D line trend (vs own MA),15m,short,downtrend|at range low|clean|contracting,61,0.0287,39.34,0.02,25,2.211,44.0,0.55,-3.97,SURVIVOR,0.9962,0.7738
volume,A/D line trend (vs own MA),15m,long,transition|at range low|clean|contracting,74,-17.1026,28.38,-12.66,21,-1.9688,42.86,-0.41,-3.19,FAIL,,1.3224
volume,A/D line trend (vs own MA),15m,short,transition|at range low|clean|contracting,63,9.3379,44.44,5.88,30,-8.7109,36.67,-2.61,-3.7,FAIL,0.4235,
volume,A/D line trend (vs own MA),15m,long,transition|at range low|clean|expanding,99,-21.4473,29.29,-21.23,27,-0.7258,44.44,-0.2,-2.77,FAIL,,1.0971
volume,A/D line trend (vs own MA),15m,short,transition|at range low|clean|expanding,153,-4.2754,36.6,-6.54,64,-0.9467,39.06,-0.61,-8.06,FAIL,2.3846,1.1426
volume,A/D line trend (vs own MA),15m,long,downtrend|at range low|clean|expanding,104,-12.2296,32.69,-12.72,28,-21.8357,28.57,-6.11,-7.87,FAIL,,
volume,A/D line trend (vs own MA),15m,short,downtrend|at range low|clean|expanding,149,-12.0885,32.89,-18.01,45,-24.7303,22.22,-11.13,-12.72,FAIL,,
volume,A/D line trend (vs own MA),15m,long,downtrend|pulling back in trend|messy|stalling,131,-1.6552,38.17,-2.17,39,-15.4079,30.77,-6.01,-7.35,FAIL,1.2481,
volume,A/D line trend (vs own MA),15m,short,downtrend|pulling back in trend|messy|stalling,82,3.5435,41.46,2.91,23,-4.2428,34.78,-0.98,-7.01,FAIL,0.6776,2.2449
volume,A/D line trend (vs own MA),15m,long,downtrend|at range high|messy|contracting,68,-6.6417,35.29,-4.52,22,-23.1209,27.27,-5.09,-6.49,FAIL,4.4506,
volume,A/D line trend (vs own MA),15m,short,downtrend|at range high|messy|contracting,58,-18.5159,25.86,-10.74,22,-28.9584,22.73,-6.37,-7.96,FAIL,,
volume,A/D line trend (vs own MA),15m,long,uptrend|pulling back in trend|messy|stalling,76,-2.0081,36.84,-1.53,29,-34.979,20.69,-10.14,-13.12,FAIL,1.3085,
volume,A/D line trend (vs own MA),15m,short,uptrend|pulling back in trend|messy|stalling,129,-1.8656,41.09,-2.41,43,-10.4866,34.88,-4.51,-5.03,FAIL,1.3537,
volume,A/D line trend (vs own MA),15m,long,downtrend|at range high|messy|expanding,150,-9.2896,32.67,-13.93,39,-8.4917,35.9,-3.31,-5.37,FAIL,,
volume,A/D line trend (vs own MA),15m,short,downtrend|at range high|messy|expanding,60,-21.5823,25.0,-12.95,25,-1.0757,40.0,-0.27,-4.94,FAIL,,1.1725
volume,A/D line trend (vs own MA),15m,long,uptrend|at range high|messy|stalling,76,-15.6083,30.26,-11.86,30,7.0048,43.33,2.1,-3.79,FAIL,,0.5464
volume,A/D line trend (vs own MA),15m,short,uptrend|at range high|messy|stalling,72,7.774,44.44,5.6,24,2.8674,41.67,0.69,-4.19,SURVIVOR,0.4716,0.7253
volume,Force Index 0-cross,1h,long,transition|mid range|messy|contracting,70,-6.6537,37.14,-4.66,26,-31.3726,30.77,-8.16,-11.06,FAIL,,
volume,Force Index 0-cross,1h,short,transition|mid range|messy|contracting,80,0.0369,40.0,0.03,19,-25.6612,31.58,-4.88,-10.62,FAIL,,
volume,Force Index 0-cross,1h,long,transition|mid range|messy|expanding,165,-4.7539,38.18,-7.84,45,12.7556,42.22,5.74,-11.11,FAIL,,
volume,Force Index 0-cross,1h,short,transition|mid range|messy|expanding,164,-9.7792,39.63,-16.04,63,-4.933,38.1,-3.11,-9.8,FAIL,,
volume,Force Index 0-cross,1h,long,uptrend|at range high|messy|contracting,24,-55.9891,20.83,-13.44,4,-43.6668,25.0,-1.75,-4.03,UNRELIABLE,,
volume,Force Index 0-cross,1h,short,uptrend|at range high|messy|contracting,11,-63.1465,18.18,-6.95,3,-10.0735,33.33,-0.3,-2.63,UNRELIABLE,,
volume,Force Index 0-cross,1h,long,downtrend|pulling back in trend|messy|contracting,52,-18.4091,36.54,-9.57,16,4.7071,37.5,0.75,-7.51,FAIL,,
volume,Force Index 0-cross,1h,short,downtrend|pulling back in trend|messy|contracting,48,-40.913,22.92,-19.64,18,25.1946,50.0,4.54,-4.46,FAIL,,
volume,Force Index 0-cross,1h,long,uptrend|pulling back in trend|messy|contracting,44,9.086,47.73,4.0,11,27.2979,54.55,3.0,-3.37,SURVIVOR,,
volume,Force Index 0-cross,1h,short,uptrend|pulling back in trend|messy|contracting,44,20.4201,45.45,8.98,12,-9.3983,41.67,-1.13,-6.96,FAIL,,
volume,Force Index 0-cross,1h,long,uptrend|at range high|messy|expanding,66,-21.6448,33.33,-14.29,26,-3.7763,42.31,-0.98,-7.83,FAIL,,
volume,Force Index 0-cross,1h,short,uptrend|at range high|messy|expanding,20,6.719,45.0,1.34,10,5.5116,50.0,0.55,-4.76,SURVIVOR,,
volume,Force Index 0-cross,1h,long,downtrend|pulling back in trend|messy|expanding,160,22.1299,44.38,35.41,42,-3.7769,40.48,-1.59,-11.05,FAIL,,
volume,Force Index 0-cross,1h,short,downtrend|pulling back in trend|messy|expanding,64,-22.0556,31.25,-14.12,23,75.372,69.57,17.34,-3.52,FAIL,,
volume,Force Index 0-cross,1h,long,transition|at range high|messy|contracting,25,29.2284,44.0,7.31,9,-11.2343,33.33,-1.01,-4.86,FAIL,,
volume,Force Index 0-cross,1h,short,transition|at range high|messy|contracting,7,-61.9375,14.29,-4.34,4,38.2538,50.0,1.53,-3.05,UNRELIABLE,,
volume,Force Index 0-cross,1h,long,uptrend|pulling back in trend|messy|expanding,81,13.2796,43.21,10.76,27,44.5955,51.85,12.04,-5.55,SURVIVOR,,
volume,Force Index 0-cross,1h,short,uptrend|pulling back in trend|messy|expanding,182,7.3742,40.66,13.42,54,10.5042,40.74,5.67,-6.31,SURVIVOR,,
volume,Force Index 0-cross,1h,long,transition|at range high|messy|expanding,98,-14.7531,33.67,-14.46,29,27.2448,48.28,7.9,-8.9,FAIL,,
volume,Force Index 0-cross,1h,short,transition|at range high|messy|expanding,18,114.5097,72.22,20.61,14,113.9226,64.29,15.95,-4.43,UNRELIABLE,,
volume,Force Index 0-cross,1h,long,downtrend|at range low|messy|contracting,7,-60.7021,14.29,-4.25,1,-133.0962,0.0,-1.33,-1.55,UNRELIABLE,,
volume,Force Index 0-cross,1h,short,downtrend|at range low|messy|contracting,9,63.3725,44.44,5.7,3,-98.9642,0.0,-2.97,-4.14,UNRELIABLE,,
volume,Force Index 0-cross,1h,long,transition|at range low|messy|contracting,4,-41.8581,25.0,-1.67,2,50.3557,50.0,1.01,-1.42,UNRELIABLE,,
volume,Force Index 0-cross,1h,short,transition|at range low|messy|contracting,15,41.7494,53.33,6.26,6,-55.4185,16.67,-3.33,-4.51,UNRELIABLE,,
volume,Force Index 0-cross,1h,long,downtrend|at range low|messy|expanding,8,7.1491,37.5,0.57,3,-13.7431,66.67,-0.41,-2.15,UNRELIABLE,,
volume,Force Index 0-cross,1h,short,downtrend|at range low|messy|expanding,49,25.567,44.9,12.53,17,-50.6402,23.53,-8.61,-11.3,FAIL,,
volume,Force Index 0-cross,1h,long,transition|at range low|messy|expanding,17,-11.8054,41.18,-2.01,8,50.1955,62.5,4.02,-3.02,UNRELIABLE,,
volume,Force Index 0-cross,1h,short,transition|at range low|messy|expanding,88,8.473,39.77,7.46,42,-21.7636,33.33,-9.14,-15.87,FAIL,,
volume,Force Index 0-cross,1h,long,transition|mid range|clean|contracting,28,16.6525,46.43,4.66,8,-85.8971,0.0,-6.87,-7.39,FAIL,,
volume,Force Index 0-cross,1h,short,transition|mid range|clean|contracting,29,-36.1936,31.03,-10.5,5,-57.6501,20.0,-2.88,-5.57,UNRELIABLE,,
volume,Force Index 0-cross,1h,long,transition|mid range|clean|expanding,69,1.5881,44.93,1.1,27,13.5654,48.15,3.66,-5.12,SURVIVOR,,
volume,Force Index 0-cross,1h,short,transition|mid range|clean|expanding,88,-10.7812,35.23,-9.49,25,-28.594,28.0,-7.15,-11.67,FAIL,,
volume,Force Index 0-cross,1h,long,transition|mid range|messy|stalling,42,-20.4527,26.19,-8.59,16,-35.0423,25.0,-5.61,-13.57,FAIL,,
volume,Force Index 0-cross,1h,short,transition|mid range|messy|stalling,44,-31.2215,27.27,-13.74,13,18.6401,38.46,2.42,-4.91,FAIL,,
volume,Force Index 0-cross,1h,long,transition|at range high|clean|contracting,10,80.5644,60.0,8.06,2,-133.078,0.0,-2.66,-3.51,UNRELIABLE,,
volume,Force Index 0-cross,1h,short,transition|at range high|clean|contracting,4,-39.7963,25.0,-1.59,1,238.9347,100.0,2.39,-0.59,UNRELIABLE,,
volume,Force Index 0-cross,1h,long,downtrend|pulling back in trend|clean|contracting,25,-8.2655,36.0,-2.07,9,-30.4055,33.33,-2.74,-5.39,FAIL,,
volume,Force Index 0-cross,1h,short,downtrend|pulling back in trend|clean|contracting,22,-69.4625,18.18,-15.28,7,-68.6498,14.29,-4.81,-4.86,UNRELIABLE,,
volume,Force Index 0-cross,1h,long,uptrend|pulling back in trend|clean|contracting,10,-91.9462,10.0,-9.19,4,-71.6739,25.0,-2.87,-3.36,UNRELIABLE,,
volume,Force Index 0-cross,1h,short,uptrend|pulling back in trend|clean|contracting,27,57.7825,51.85,15.6,7,-26.7696,28.57,-1.87,-6.43,UNRELIABLE,,
volume,Force Index 0-cross,1h,long,uptrend|at range high|clean|contracting,7,53.144,57.14,3.72,3,-86.7412,33.33,-2.6,-2.6,UNRELIABLE,,
volume,Force Index 0-cross,1h,short,uptrend|at range high|clean|contracting,1,-129.6884,0.0,-1.3,1,240.4522,100.0,2.4,-0.65,UNRELIABLE,,
volume,Force Index 0-cross,1h,long,uptrend|pulling back in trend|clean|expanding,35,16.0842,42.86,5.63,12,-1.5374,41.67,-0.18,-4.98,FAIL,,
volume,Force Index 0-cross,1h,short,uptrend|pulling back in trend|clean|expanding,76,-2.7884,38.16,-2.12,32,-11.7828,40.62,-3.77,-11.23,FAIL,,
volume,Force Index 0-cross,1h,long,downtrend|pulling back in trend|clean|expanding,60,-7.8073,40.0,-4.68,17,91.5458,64.71,15.56,-2.64,FAIL,,
volume,Force Index 0-cross,1h,short,downtrend|pulling back in trend|clean|expanding,38,-25.607,28.95,-9.73,7,81.4375,57.14,5.7,-3.45,UNRELIABLE,,
volume,Force Index 0-cross,1h,long,transition|at range high|clean|expanding,45,-53.7517,22.22,-24.19,13,-79.0899,15.38,-10.28,-10.62,FAIL,,
volume,Force Index 0-cross,1h,short,transition|at range high|clean|expanding,10,-23.4221,40.0,-2.34,4,17.7707,25.0,0.71,-1.78,UNRELIABLE,,
volume,Force Index 0-cross,1h,long,transition|at range low|clean|contracting,0,0.0,0.0,0.0,2,-18.3222,0.0,-0.37,-1.09,UNRELIABLE,,
volume,Force Index 0-cross,1h,short,transition|at range low|clean|contracting,4,18.905,50.0,0.76,0,0.0,0.0,0.0,0.0,UNRELIABLE,,
volume,Force Index 0-cross,1h,long,downtrend|at range high|messy|contracting,13,29.8526,53.85,3.88,4,80.6292,50.0,3.23,-2.65,UNRELIABLE,,
volume,Force Index 0-cross,1h,short,downtrend|at range high|messy|contracting,6,-80.2082,33.33,-4.81,0,0.0,0.0,0.0,0.0,UNRELIABLE,,
volume,Force Index 0-cross,1h,long,uptrend|at range high|clean|expanding,27,-35.7981,29.63,-9.67,8,-29.874,25.0,-2.39,-3.55,FAIL,,
volume,Force Index 0-cross,1h,short,uptrend|at range high|clean|expanding,10,19.3686,50.0,1.94,1,-59.7043,0.0,-0.6,-1.39,UNRELIABLE,,
volume,Force Index 0-cross,1h,long,downtrend|at range low|clean|contracting,3,-70.4469,33.33,-2.11,0,0.0,0.0,0.0,0.0,UNRELIABLE,,
volume,Force Index 0-cross,1h,short,downtrend|at range low|clean|contracting,4,52.2399,50.0,2.09,4,10.1357,50.0,0.41,-2.43,UNRELIABLE,,
volume,Force Index 0-cross,1h,long,downtrend|pulling back in trend|messy|stalling,35,24.7525,45.71,8.66,10,-46.7105,40.0,-4.67,-6.19,FAIL,,
volume,Force Index 0-cross,1h,short,downtrend|pulling back in trend|messy|stalling,29,-20.8317,37.93,-6.04,5,-126.6557,0.0,-6.33,-6.37,UNRELIABLE,,
volume,Force Index 0-cross,1h,long,uptrend|at range high|messy|stalling,14,-11.6039,42.86,-1.62,5,-19.2952,40.0,-0.96,-2.98,UNRELIABLE,,
volume,Force Index 0-cross,1h,short,uptrend|at range high|messy|stalling,4,-96.6753,25.0,-3.87,3,-6.4384,33.33,-0.19,-3.67,UNRELIABLE,,
volume,Force Index 0-cross,1h,long,transition|at range low|clean|expanding,0,0.0,0.0,0.0,1,-133.2911,0.0,-1.33,-1.33,UNRELIABLE,,
volume,Force Index 0-cross,1h,short,transition|at range low|clean|expanding,30,-51.7259,26.67,-15.52,15,-18.6373,26.67,-2.8,-6.3,FAIL,,
volume,Force Index 0-cross,1h,long,uptrend|pulling back in trend|messy|stalling,17,-58.3498,17.65,-9.92,8,-43.7984,37.5,-3.5,-6.89,UNRELIABLE,,
volume,Force Index 0-cross,1h,short,uptrend|pulling back in trend|messy|stalling,31,-49.6374,32.26,-15.39,10,-59.4784,20.0,-5.95,-8.15,FAIL,,
volume,Force Index 0-cross,1h,long,uptrend|at range low|messy|contracting,2,-71.8491,0.0,-1.44,0,0.0,0.0,0.0,0.0,UNRELIABLE,,
volume,Force Index 0-cross,1h,short,uptrend|at range low|messy|contracting,13,18.0357,53.85,2.34,3,-97.9478,0.0,-2.94,-2.94,UNRELIABLE,,
volume,Force Index 0-cross,1h,long,downtrend|at range high|messy|expanding,63,22.431,49.21,14.13,23,2.83,34.78,0.65,-8.71,SURVIVOR,,
volume,Force Index 0-cross,1h,short,downtrend|at range high|messy|expanding,4,-124.0906,0.0,-4.96,3,-84.4813,33.33,-2.53,-3.51,UNRELIABLE,,
volume,Force Index 0-cross,1h,long,uptrend|at range low|messy|expanding,5,-38.0332,20.0,-1.9,2,51.2297,50.0,1.02,-2.82,UNRELIABLE,,
volume,Force Index 0-cross,1h,short,uptrend|at range low|messy|expanding,56,-8.6666,35.71,-4.85,18,104.6909,66.67,18.84,-4.34,FAIL,,
volume,Force Index 0-cross,1h,long,downtrend|at range low|clean|expanding,3,-13.1167,33.33,-0.39,0,0.0,0.0,0.0,0.0,UNRELIABLE,,
volume,Force Index 0-cross,1h,short,downtrend|at range low|clean|expanding,20,62.761,50.0,12.55,3,93.7253,66.67,2.81,-1.59,UNRELIABLE,,
volume,Force Index 0-cross,15m,long,transition|mid range|messy|contracting,253,-7.6964,33.2,-19.47,86,-1.4788,38.37,-1.27,-7.21,FAIL,26.2452,1.2146
volume,Force Index 0-cross,15m,short,transition|mid range|messy|contracting,253,-6.9794,36.76,-17.66,79,-10.102,32.91,-7.98,-12.81,FAIL,102.4297,
volume,Force Index 0-cross,15m,long,transition|mid range|messy|expanding,508,-7.7024,34.25,-39.13,174,-10.3674,33.91,-18.04,-18.5,FAIL,,
volume,Force Index 0-cross,15m,short,transition|mid range|messy|expanding,529,-7.3149,34.59,-38.7,193,-14.8197,31.09,-28.6,-31.41,FAIL,,
volume,Force Index 0-cross,15m,long,downtrend|pulling back in trend|messy|contracting,198,-13.5912,30.81,-26.91,74,-3.5745,37.84,-2.65,-8.61,FAIL,,1.7171
volume,Force Index 0-cross,15m,short,downtrend|pulling back in trend|messy|contracting,144,-10.0885,34.72,-14.53,57,-7.4363,35.09,-4.24,-8.15,FAIL,,81.3322
volume,Force Index 0-cross,15m,long,uptrend|at range high|messy|contracting,95,-6.3531,36.84,-6.04,26,4.1163,42.31,1.07,-3.1,FAIL,4.4254,0.6622
volume,Force Index 0-cross,15m,short,uptrend|at range high|messy|contracting,49,-17.8613,28.57,-8.75,9,-6.5142,33.33,-0.59,-4.05,FAIL,,6.1032
volume,Force Index 0-cross,15m,long,uptrend|pulling back in trend|messy|contracting,122,-9.0802,32.79,-11.08,55,-16.7253,27.27,-9.2,-12.1,FAIL,,
volume,Force Index 0-cross,15m,short,uptrend|pulling back in trend|messy|contracting,214,-9.3487,33.18,-20.01,84,-2.6799,36.9,-2.25,-7.3,FAIL,,1.5854
volume,Force Index 0-cross,15m,long,downtrend|pulling back in trend|messy|expanding,478,-11.6878,30.96,-55.87,176,-13.5142,31.82,-23.78,-25.37,FAIL,,
volume,Force Index 0-cross,15m,short,downtrend|pulling back in trend|messy|expanding,266,-5.8571,36.09,-15.58,104,-10.7893,32.69,-11.22,-14.47,FAIL,5.2262,
volume,Force Index 0-cross,15m,long,uptrend|pulling back in trend|messy|expanding,270,-14.1382,30.0,-38.17,109,-3.8547,39.45,-4.2,-11.38,FAIL,,1.8158
volume,Force Index 0-cross,15m,short,uptrend|pulling back in trend|messy|expanding,510,-9.2878,32.75,-47.37,178,-12.788,31.46,-22.76,-24.29,FAIL,,
volume,Force Index 0-cross,15m,long,transition|at range high|messy|contracting,120,-11.8793,30.83,-14.26,45,-26.2121,22.22,-11.8,-14.99,FAIL,,
volume,Force Index 0-cross,15m,short,transition|at range high|messy|contracting,47,-21.0452,25.53,-9.89,13,6.9119,46.15,0.9,-2.07,FAIL,,0.5234
volume,Force Index 0-cross,15m,long,uptrend|at range high|messy|expanding,230,-1.4996,38.7,-3.45,88,-6.0813,35.23,-5.35,-8.29,FAIL,1.2132,3.9701
volume,Force Index 0-cross,15m,short,uptrend|at range high|messy|expanding,80,-7.6275,37.5,-6.1,27,-4.3823,37.04,-1.18,-3.33,FAIL,,2.5101
volume,Force Index 0-cross,15m,long,transition|mid range|clean|contracting,133,-3.2867,37.59,-4.37,41,22.5716,53.66,9.25,-2.37,FAIL,1.6231,0.2648
volume,Force Index 0-cross,15m,short,transition|mid range|clean|contracting,156,0.8938,40.38,1.39,48,-16.8074,29.17,-8.07,-9.09,FAIL,0.8941,
volume,Force Index 0-cross,15m,long,downtrend|at range low|messy|contracting,24,-7.7904,33.33,-1.87,11,19.5641,54.55,2.15,-2.14,FAIL,8.5559,0.2799
volume,Force Index 0-cross,15m,short,downtrend|at range low|messy|contracting,73,-14.7646,30.14,-10.78,24,4.7135,41.67,1.13,-3.26,FAIL,,0.6116
volume,Force Index 0-cross,15m,long,transition|at range high|messy|expanding,334,-9.6667,32.93,-32.29,128,-11.1746,32.03,-14.3,-15.35,FAIL,,
volume,Force Index 0-cross,15m,short,transition|at range high|messy|expanding,79,-9.9485,31.65,-7.86,31,-15.7445,32.26,-4.88,-8.15,FAIL,,
volume,Force Index 0-cross,15m,long,transition|at range low|messy|contracting,35,-15.7338,31.43,-5.51,12,-7.4317,41.67,-0.89,-2.45,FAIL,,7.5351
volume,Force Index 0-cross,15m,short,transition|at range low|messy|contracting,87,-9.2282,34.48,-8.03,33,-21.9081,24.24,-7.23,-10.37,FAIL,,
volume,Force Index 0-cross,15m,long,transition|mid range|clean|expanding,283,-14.0354,30.04,-39.72,109,-16.7667,30.28,-18.28,-23.89,FAIL,,
volume,Force Index 0-cross,15m,short,transition|mid range|clean|expanding,346,-6.8408,34.68,-23.67,123,-14.6526,31.71,-18.02,-21.09,FAIL,126.7452,
volume,Force Index 0-cross,15m,long,downtrend|at range low|messy|expanding,63,-16.0504,28.57,-10.11,10,-31.2026,20.0,-3.12,-3.49,FAIL,,
volume,Force Index 0-cross,15m,short,downtrend|at range low|messy|expanding,221,-4.6244,35.29,-10.22,69,-10.9166,33.33,-7.53,-11.54,FAIL,2.504,
volume,Force Index 0-cross,15m,long,transition|at range low|messy|expanding,47,-27.7359,21.28,-13.04,18,-16.2272,33.33,-2.92,-4.26,FAIL,,
volume,Force Index 0-cross,15m,short,transition|at range low|messy|expanding,296,-6.4766,35.47,-19.17,103,-13.7715,31.07,-14.18,-16.28,FAIL,11.8005,
volume,Force Index 0-cross,15m,long,downtrend|pulling back in trend|clean|contracting,118,1.0113,39.83,1.19,42,9.512,45.24,4.0,-5.45,SURVIVOR,0.8952,0.4572
volume,Force Index 0-cross,15m,short,downtrend|pulling back in trend|clean|contracting,79,-6.4758,34.18,-5.12,39,-11.5359,35.9,-4.5,-7.73,FAIL,7.3069,
volume,Force Index 0-cross,15m,long,uptrend|pulling back in trend|clean|contracting,86,-19.6492,26.74,-16.9,23,-1.6404,39.13,-0.38,-3.32,FAIL,,1.2351
volume,Force Index 0-cross,15m,short,uptrend|pulling back in trend|clean|contracting,121,-9.9726,31.4,-12.07,43,8.5315,46.51,3.67,-5.61,FAIL,,0.4535
volume,Force Index 0-cross,15m,long,uptrend|at range high|clean|contracting,41,-0.2065,39.02,-0.08,13,-34.1716,15.38,-4.44,-4.45,FAIL,1.025,
volume,Force Index 0-cross,15m,short,uptrend|at range high|clean|contracting,20,20.8178,55.0,4.16,7,24.516,57.14,1.72,-1.25,UNRELIABLE,0.2448,0.1891
volume,Force Index 0-cross,15m,long,downtrend|pulling back in trend|clean|expanding,288,-12.5028,28.82,-36.01,106,6.1179,43.4,6.49,-5.77,FAIL,,0.5806
volume,Force Index 0-cross,15m,short,downtrend|pulling back in trend|clean|expanding,155,-8.5864,34.19,-13.31,52,-27.7594,25.0,-14.43,-16.36,FAIL,,
volume,Force Index 0-cross,15m,long,uptrend|pulling back in trend|clean|expanding,142,-9.26,32.39,-13.15,52,-5.6468,36.54,-2.94,-5.65,FAIL,,2.8954
volume,Force Index 0-cross,15m,short,uptrend|pulling back in trend|clean|expanding,311,-2.0479,38.26,-6.37,126,-7.1631,36.51,-9.03,-9.03,FAIL,1.3977,15.6005
volume,Force Index 0-cross,15m,long,transition|at range high|clean|contracting,48,-20.7172,29.17,-9.94,19,-9.4131,36.84,-1.79,-5.41,FAIL,,
volume,Force Index 0-cross,15m,short,transition|at range high|clean|contracting,18,-0.9701,38.89,-0.17,5,-30.8484,20.0,-1.54,-2.61,UNRELIABLE,1.1549,
volume,Force Index 0-cross,15m,long,transition|mid range|messy|stalling,148,-10.747,32.43,-15.91,55,2.7075,43.64,1.49,-5.57,FAIL,,0.7433
volume,Force Index 0-cross,15m,short,transition|mid range|messy|stalling,183,-12.6649,30.6,-23.18,63,-4.2797,41.27,-2.7,-10.05,FAIL,,2.2341
volume,Force Index 0-cross,15m,long,transition|at range high|clean|expanding,193,-0.8804,40.41,-1.7,72,-6.7322,37.5,-4.85,-9.98,FAIL,1.1143,5.3197
volume,Force Index 0-cross,15m,short,transition|at range high|clean|expanding,44,-5.551,36.36,-2.44,12,0.1879,41.67,0.02,-3.14,FAIL,3.3469,0.9762
volume,Force Index 0-cross,15m,long,uptrend|at range high|clean|expanding,118,-14.1888,30.51,-16.74,38,-10.0325,36.84,-3.81,-7.91,FAIL,,
volume,Force Index 0-cross,15m,short,uptrend|at range high|clean|expanding,39,0.4552,41.03,0.18,11,6.4021,45.45,0.7,-2.24,SURVIVOR,0.9415,0.4702
volume,Force Index 0-cross,15m,long,downtrend|at range low|clean|contracting,8,-43.8699,12.5,-3.51,3,-9.2728,33.33,-0.28,-1.32,UNRELIABLE,,
volume,Force Index 0-cross,15m,short,downtrend|at range low|clean|contracting,27,16.7965,48.15,4.54,6,19.8159,50.0,1.19,-1.61,UNRELIABLE,0.307,0.2618
volume,Force Index 0-cross,15m,long,transition|at range low|clean|contracting,21,-20.2282,28.57,-4.25,7,15.6036,42.86,1.09,-2.39,UNRELIABLE,,0.3227
volume,Force Index 0-cross,15m,short,transition|at range low|clean|contracting,57,9.5042,45.61,5.42,19,9.1673,47.37,1.74,-3.51,SURVIVOR,0.4253,0.4087
volume,Force Index 0-cross,15m,long,transition|at range low|clean|expanding,28,-16.95,28.57,-4.75,11,-11.1186,45.45,-1.22,-2.61,FAIL,,
volume,Force Index 0-cross,15m,short,transition|at range low|clean|expanding,162,-6.8833,35.19,-11.15,55,1.5804,41.82,0.87,-9.35,FAIL,8.7978,0.8333
volume,Force Index 0-cross,15m,long,downtrend|at range low|clean|expanding,21,-13.7659,33.33,-2.89,14,3.3653,42.86,0.47,-2.97,FAIL,,0.7175
volume,Force Index 0-cross,15m,short,downtrend|at range low|clean|expanding,103,-2.5845,36.89,-2.66,30,-19.2088,30.0,-5.76,-7.58,FAIL,1.4889,
volume,Force Index 0-cross,15m,long,downtrend|pulling back in trend|messy|stalling,128,-6.7641,35.16,-8.66,48,8.6326,45.83,4.14,-6.19,FAIL,5.1767,0.4986
volume,Force Index 0-cross,15m,short,downtrend|pulling back in trend|messy|stalling,82,-12.989,30.49,-10.65,22,-35.0801,18.18,-7.72,-8.23,FAIL,,
volume,Force Index 0-cross,15m,long,downtrend|at range high|messy|contracting,57,-8.5307,33.33,-4.86,31,-7.8105,35.48,-2.42,-6.43,FAIL,147.1307,8.3818
volume,Force Index 0-cross,15m,short,downtrend|at range high|messy|contracting,19,-13.9134,36.84,-2.64,14,-14.1455,28.57,-1.98,-4.26,UNRELIABLE,,
volume,Force Index 0-cross,15m,long,uptrend|pulling back in trend|messy|stalling,65,-13.7269,30.77,-8.92,32,-21.8953,31.25,-7.01,-9.69,FAIL,,
volume,Force Index 0-cross,15m,short,uptrend|pulling back in trend|messy|stalling,139,-4.9303,35.25,-6.85,45,2.2016,42.22,0.99,-5.0,FAIL,2.8342,0.7764
volume,Force Index 0-cross,15m,long,downtrend|at range high|messy|expanding,239,-11.3262,30.96,-27.07,69,-14.6639,31.88,-10.12,-11.75,FAIL,,
volume,Force Index 0-cross,15m,short,downtrend|at range high|messy|expanding,28,-2.8604,39.29,-0.8,12,-2.4626,41.67,-0.3,-1.71,FAIL,1.734,1.4535
volume,Force Index 0-cross,15m,long,uptrend|at range high|messy|stalling,61,0.9288,37.7,0.57,19,-22.8894,21.05,-4.35,-5.46,FAIL,0.8977,
volume,Force Index 0-cross,15m,short,uptrend|at range high|messy|stalling,17,-24.8318,23.53,-4.22,5,2.4933,40.0,0.12,-1.3,UNRELIABLE,,0.7624
volume,Ease of Movement 0-cross,1h,long,transition|mid range|messy|contracting,407,-8.3612,38.33,-34.03,124,4.3206,41.13,5.36,-13.26,FAIL,,
volume,Ease of Movement 0-cross,1h,short,transition|mid range|messy|contracting,417,-15.1072,33.57,-63.0,115,-6.7545,38.26,-7.77,-20.27,FAIL,,
volume,Ease of Movement 0-cross,1h,long,transition|mid range|messy|expanding,305,-6.3086,40.0,-19.24,93,-3.8696,37.63,-3.6,-17.62,FAIL,,
volume,Ease of Movement 0-cross,1h,short,transition|mid range|messy|expanding,293,-4.4072,39.25,-12.91,86,8.9585,43.02,7.7,-8.72,FAIL,,
volume,Ease of Movement 0-cross,1h,long,uptrend|at range high|messy|contracting,237,-1.7173,38.4,-4.07,87,27.5988,48.28,24.01,-8.76,FAIL,,
volume,Ease of Movement 0-cross,1h,short,uptrend|at range high|messy|contracting,267,-0.3143,40.07,-0.84,98,-2.4331,38.78,-2.38,-14.53,FAIL,,
volume,Ease of Movement 0-cross,1h,long,downtrend|pulling back in trend|messy|contracting,292,-5.5956,39.73,-16.34,80,10.929,45.0,8.74,-11.03,FAIL,,
volume,Ease of Movement 0-cross,1h,short,downtrend|pulling back in trend|messy|contracting,292,-11.5806,34.25,-33.82,91,-13.2844,32.97,-12.09,-22.39,FAIL,,
volume,Ease of Movement 0-cross,1h,long,uptrend|pulling back in trend|messy|contracting,306,-1.3421,41.18,-4.11,101,-20.9772,35.64,-21.19,-24.69,FAIL,,
volume,Ease of Movement 0-cross,1h,short,uptrend|pulling back in trend|messy|contracting,265,-5.3152,37.74,-14.09,92,2.5345,40.22,2.33,-21.87,FAIL,,
volume,Ease of Movement 0-cross,1h,long,uptrend|at range high|messy|expanding,212,-0.0465,38.21,-0.1,72,-14.6289,37.5,-10.53,-16.93,FAIL,,
volume,Ease of Movement 0-cross,1h,short,uptrend|at range high|messy|expanding,175,1.9754,41.71,3.46,66,-20.3701,36.36,-13.44,-17.12,FAIL,,
volume,Ease of Movement 0-cross,1h,long,downtrend|pulling back in trend|messy|expanding,257,18.2028,45.53,46.78,77,1.5214,38.96,1.17,-12.87,SURVIVOR,,
volume,Ease of Movement 0-cross,1h,short,downtrend|pulling back in trend|messy|expanding,164,-14.1909,34.15,-23.27,45,35.5183,53.33,15.98,-6.79,FAIL,,
volume,Ease of Movement 0-cross,1h,long,transition|at range high|messy|contracting,245,-4.7399,37.55,-11.61,83,-13.7433,37.35,-11.41,-23.06,FAIL,,
volume,Ease of Movement 0-cross,1h,short,transition|at range high|messy|contracting,267,-6.4339,39.7,-17.18,99,1.3557,38.38,1.34,-10.91,FAIL,,
volume,Ease of Movement 0-cross,1h,long,uptrend|pulling back in trend|messy|expanding,153,-8.3946,41.18,-12.84,50,-9.2511,38.0,-4.63,-21.36,FAIL,,
volume,Ease of Movement 0-cross,1h,short,uptrend|pulling back in trend|messy|expanding,225,-9.9872,36.44,-22.47,78,8.7841,42.31,6.85,-9.14,FAIL,,
volume,Ease of Movement 0-cross,1h,long,transition|at range high|messy|expanding,202,0.0221,37.13,0.04,64,14.4657,42.19,9.26,-9.01,SURVIVOR,,
volume,Ease of Movement 0-cross,1h,short,transition|at range high|messy|expanding,139,-3.9123,38.85,-5.44,41,3.0374,36.59,1.25,-11.86,FAIL,,
volume,Ease of Movement 0-cross,1h,long,downtrend|at range low|messy|contracting,214,-20.0152,33.64,-42.83,67,18.9609,49.25,12.7,-9.45,FAIL,,
volume,Ease of Movement 0-cross,1h,short,downtrend|at range low|messy|contracting,198,-20.4678,32.83,-40.53,50,-7.4158,32.0,-3.71,-12.35,FAIL,,
volume,Ease of Movement 0-cross,1h,long,transition|at range low|messy|contracting,211,-7.3112,37.91,-15.43,67,41.3047,49.25,27.67,-8.54,FAIL,,
volume,Ease of Movement 0-cross,1h,short,transition|at range low|messy|contracting,188,4.3108,40.96,8.1,60,-36.0488,26.67,-21.63,-24.22,FAIL,,
volume,Ease of Movement 0-cross,1h,long,downtrend|at range low|messy|expanding,118,-9.3139,40.68,-10.99,32,-15.6875,37.5,-5.02,-9.27,FAIL,,
volume,Ease of Movement 0-cross,1h,short,downtrend|at range low|messy|expanding,169,13.1792,42.6,22.27,51,13.7728,41.18,7.02,-8.62,SURVIVOR,,
volume,Ease of Movement 0-cross,1h,long,transition|at range low|messy|expanding,106,-27.6476,33.02,-29.31,36,-30.9332,36.11,-11.14,-14.6,FAIL,,
volume,Ease of Movement 0-cross,1h,short,transition|at range low|messy|expanding,175,-1.8079,37.14,-3.16,67,-35.2782,23.88,-23.64,-24.98,FAIL,,
volume,Ease of Movement 0-cross,1h,long,transition|mid range|clean|contracting,151,-13.4275,33.77,-20.28,46,-2.079,36.96,-0.96,-11.28,FAIL,,
volume,Ease of Movement 0-cross,1h,short,transition|mid range|clean|contracting,177,1.703,40.68,3.01,52,17.8285,44.23,9.27,-13.85,SURVIVOR,,
volume,Ease of Movement 0-cross,1h,long,transition|mid range|clean|expanding,112,-15.9683,35.71,-17.88,36,8.2484,38.89,2.97,-8.53,FAIL,,
volume,Ease of Movement 0-cross,1h,short,transition|mid range|clean|expanding,115,-7.6455,37.39,-8.79,27,-25.817,29.63,-6.97,-10.54,FAIL,,
volume,Ease of Movement 0-cross,1h,long,transition|mid range|messy|stalling,134,-17.9403,32.84,-24.04,40,-29.8703,37.5,-11.95,-14.63,FAIL,,
volume,Ease of Movement 0-cross,1h,short,transition|mid range|messy|stalling,135,8.7499,42.96,11.81,39,2.9369,41.03,1.15,-10.85,SURVIVOR,,
volume,Ease of Movement 0-cross,1h,long,transition|at range high|clean|contracting,78,-17.9465,35.9,-14.0,26,-6.9162,42.31,-1.8,-5.81,FAIL,,
volume,Ease of Movement 0-cross,1h,short,transition|at range high|clean|contracting,138,-21.6571,32.61,-29.89,39,-29.8034,28.21,-11.62,-13.69,FAIL,,
volume,Ease of Movement 0-cross,1h,long,downtrend|pulling back in trend|clean|contracting,106,21.6558,47.17,22.96,34,0.8323,41.18,0.28,-8.26,SURVIVOR,,
volume,Ease of Movement 0-cross,1h,short,downtrend|pulling back in trend|clean|contracting,122,-8.7332,36.89,-10.65,43,12.9058,39.53,5.55,-8.91,FAIL,,
volume,Ease of Movement 0-cross,1h,long,uptrend|pulling back in trend|clean|contracting,103,-27.367,31.07,-28.19,41,24.2233,48.78,9.93,-9.25,FAIL,,
volume,Ease of Movement 0-cross,1h,short,uptrend|pulling back in trend|clean|contracting,103,6.7061,46.6,6.91,30,-41.1597,30.0,-12.35,-13.74,FAIL,,
volume,Ease of Movement 0-cross,1h,long,uptrend|at range high|clean|contracting,95,-26.5361,30.53,-25.21,31,-15.3584,35.48,-4.76,-11.72,FAIL,,
volume,Ease of Movement 0-cross,1h,short,uptrend|at range high|clean|contracting,120,-30.6694,27.5,-36.8,46,-24.5264,30.43,-11.28,-15.14,FAIL,,
volume,Ease of Movement 0-cross,1h,long,uptrend|pulling back in trend|clean|expanding,65,8.9392,41.54,5.81,24,-45.7008,20.83,-10.97,-13.5,FAIL,,
volume,Ease of Movement 0-cross,1h,short,uptrend|pulling back in trend|clean|expanding,78,-12.7094,35.9,-9.91,27,-27.9933,33.33,-7.56,-10.71,FAIL,,
volume,Ease of Movement 0-cross,1h,long,downtrend|pulling back in trend|clean|expanding,93,-2.3025,40.86,-2.14,36,-10.9751,36.11,-3.95,-13.56,FAIL,,
volume,Ease of Movement 0-cross,1h,short,downtrend|pulling back in trend|clean|expanding,63,-4.6778,39.68,-2.95,18,-33.7352,27.78,-6.07,-11.44,FAIL,,
volume,Ease of Movement 0-cross,1h,long,transition|at range high|clean|expanding,77,2.2832,38.96,1.76,26,3.8497,42.31,1.0,-6.52,SURVIVOR,,
volume,Ease of Movement 0-cross,1h,short,transition|at range high|clean|expanding,41,-10.8352,39.02,-4.44,17,-33.6356,29.41,-5.72,-7.51,FAIL,,
volume,Ease of Movement 0-cross,1h,long,transition|at range low|clean|contracting,106,-15.179,36.79,-16.09,44,-4.6538,40.91,-2.05,-10.28,FAIL,,
volume,Ease of Movement 0-cross,1h,short,transition|at range low|clean|contracting,72,-8.5941,38.89,-6.19,28,12.7619,42.86,3.57,-8.42,FAIL,,
volume,Ease of Movement 0-cross,1h,long,downtrend|at range high|messy|contracting,78,-7.5992,35.9,-5.93,31,-24.2596,35.48,-7.52,-11.58,FAIL,,
volume,Ease of Movement 0-cross,1h,short,downtrend|at range high|messy|contracting,111,-16.1359,36.94,-17.91,41,-21.0402,34.15,-8.63,-18.59,FAIL,,
volume,Ease of Movement 0-cross,1h,long,uptrend|at range high|clean|expanding,74,-14.6097,36.49,-10.81,31,-3.9473,35.48,-1.22,-7.69,FAIL,,
volume,Ease of Movement 0-cross,1h,short,uptrend|at range high|clean|expanding,51,-28.7028,31.37,-14.64,19,-13.4568,42.11,-2.56,-7.5,FAIL,,
volume,Ease of Movement 0-cross,1h,long,downtrend|at range low|clean|contracting,86,-14.9874,37.21,-12.89,34,-53.059,20.59,-18.04,-19.27,FAIL,,
volume,Ease of Movement 0-cross,1h,short,downtrend|at range low|clean|contracting,68,-7.5563,35.29,-5.14,24,36.904,45.83,8.86,-6.49,FAIL,,
volume,Ease of Movement 0-cross,1h,long,downtrend|pulling back in trend|messy|stalling,102,-9.4609,37.25,-9.65,30,4.8,46.67,1.44,-7.52,FAIL,,
volume,Ease of Movement 0-cross,1h,short,downtrend|pulling back in trend|messy|stalling,81,-23.6146,33.33,-19.13,22,-27.8906,31.82,-6.14,-9.82,FAIL,,
volume,Ease of Movement 0-cross,1h,long,uptrend|at range high|messy|stalling,93,-18.1415,35.48,-16.87,33,-12.0033,42.42,-3.96,-6.18,FAIL,,
volume,Ease of Movement 0-cross,1h,short,uptrend|at range high|messy|stalling,71,-31.1976,29.58,-22.15,23,-13.5672,34.78,-3.12,-10.9,FAIL,,
volume,Ease of Movement 0-cross,1h,long,transition|at range low|clean|expanding,31,23.0004,45.16,7.13,6,36.0348,50.0,2.16,-4.9,UNRELIABLE,,
volume,Ease of Movement 0-cross,1h,short,transition|at range low|clean|expanding,52,-9.8704,38.46,-5.13,23,-9.9408,34.78,-2.29,-7.16,FAIL,,
volume,Ease of Movement 0-cross,1h,long,uptrend|pulling back in trend|messy|stalling,65,-32.8119,26.15,-21.33,27,1.5685,44.44,0.42,-9.8,FAIL,,
volume,Ease of Movement 0-cross,1h,short,uptrend|pulling back in trend|messy|stalling,98,8.2421,44.9,8.08,34,-10.9973,38.24,-3.74,-9.84,FAIL,,
volume,Ease of Movement 0-cross,1h,long,uptrend|at range low|messy|contracting,109,-19.3408,35.78,-21.08,27,-1.8843,37.04,-0.51,-7.56,FAIL,,
volume,Ease of Movement 0-cross,1h,short,uptrend|at range low|messy|contracting,72,0.4519,38.89,0.33,25,33.8819,48.0,8.47,-5.58,SURVIVOR,,
volume,Ease of Movement 0-cross,1h,long,downtrend|at range high|messy|expanding,68,-22.6362,32.35,-15.39,30,38.4254,46.67,11.53,-7.12,FAIL,,
volume,Ease of Movement 0-cross,1h,short,downtrend|at range high|messy|expanding,33,-27.8992,36.36,-9.21,12,119.3849,83.33,14.33,-2.26,FAIL,,
volume,Ease of Movement 0-cross,1h,long,uptrend|at range low|messy|expanding,29,-25.1875,34.48,-7.3,16,35.1139,50.0,5.62,-4.16,FAIL,,
volume,Ease of Movement 0-cross,1h,short,uptrend|at range low|messy|expanding,72,2.6104,37.5,1.88,32,13.8479,43.75,4.43,-14.3,SURVIVOR,,
volume,Ease of Movement 0-cross,1h,long,downtrend|at range low|clean|expanding,27,-18.5527,37.04,-5.01,11,32.5922,54.55,3.59,-5.03,FAIL,,
volume,Ease of Movement 0-cross,1h,short,downtrend|at range low|clean|expanding,54,-3.7133,38.89,-2.01,21,-7.5324,38.1,-1.58,-11.4,FAIL,,
volume,Ease of Movement 0-cross,15m,long,transition|mid range|messy|contracting,1164,-5.273,35.82,-61.38,363,-3.8103,38.57,-13.83,-24.87,FAIL,15.2604,1.8402
volume,Ease of Movement 0-cross,15m,short,transition|mid range|messy|contracting,1154,-3.8569,37.44,-44.51,352,-10.1394,32.39,-35.69,-39.23,FAIL,3.355,
volume,Ease of Movement 0-cross,15m,long,transition|mid range|messy|expanding,896,-6.6268,34.49,-59.38,268,-7.9224,35.82,-21.23,-22.6,FAIL,,58.6866
volume,Ease of Movement 0-cross,15m,short,transition|mid range|messy|expanding,895,-6.4715,33.97,-57.92,280,-13.7494,30.0,-38.5,-40.17,FAIL,,
volume,Ease of Movement 0-cross,15m,long,downtrend|pulling back in trend|messy|contracting,888,-5.5551,36.6,-49.33,261,-3.2284,38.31,-8.43,-15.88,FAIL,12.9249,1.6078
volume,Ease of Movement 0-cross,15m,short,downtrend|pulling back in trend|messy|contracting,1009,-6.8866,33.4,-69.49,291,-6.6029,35.4,-19.21,-26.39,FAIL,,12.8982
volume,Ease of Movement 0-cross,15m,long,uptrend|at range high|messy|contracting,798,-5.6124,34.96,-44.79,250,-2.0323,38.0,-5.08,-13.29,FAIL,7.244,1.3435
volume,Ease of Movement 0-cross,15m,short,uptrend|at range high|messy|contracting,856,-6.2514,35.51,-53.51,303,-12.2013,31.68,-36.97,-39.29,FAIL,,
volume,Ease of Movement 0-cross,15m,long,uptrend|pulling back in trend|messy|contracting,942,-7.3526,32.7,-69.26,291,-5.8297,36.43,-16.96,-28.13,FAIL,,3.226
volume,Ease of Movement 0-cross,15m,short,uptrend|pulling back in trend|messy|contracting,839,-5.4713,36.0,-45.9,282,-5.3046,37.23,-14.96,-20.3,FAIL,32.353,3.9318
volume,Ease of Movement 0-cross,15m,long,downtrend|pulling back in trend|messy|expanding,808,-6.1864,36.14,-49.99,264,-1.1112,40.91,-2.93,-10.51,FAIL,,1.155
volume,Ease of Movement 0-cross,15m,short,downtrend|pulling back in trend|messy|expanding,599,-9.3236,31.72,-55.85,192,-11.6322,31.25,-22.33,-25.24,FAIL,,
volume,Ease of Movement 0-cross,15m,long,uptrend|pulling back in trend|messy|expanding,584,-10.9803,30.48,-64.12,173,-3.2518,38.15,-5.63,-11.71,FAIL,,1.6125
volume,Ease of Movement 0-cross,15m,short,uptrend|pulling back in trend|messy|expanding,811,-6.1212,35.02,-49.64,253,-5.7448,36.76,-14.53,-17.6,FAIL,,5.2008
volume,Ease of Movement 0-cross,15m,long,transition|at range high|messy|contracting,725,-8.0545,32.14,-58.4,255,2.8668,41.57,7.31,-11.86,FAIL,,0.7434
volume,Ease of Movement 0-cross,15m,short,transition|at range high|messy|contracting,851,-3.6858,37.6,-31.37,278,-10.641,32.37,-29.58,-33.16,FAIL,2.6509,
volume,Ease of Movement 0-cross,15m,long,uptrend|at range high|messy|expanding,663,-0.9655,39.82,-6.4,229,-3.2919,37.12,-7.54,-14.2,FAIL,1.1251,1.6863
volume,Ease of Movement 0-cross,15m,short,uptrend|at range high|messy|expanding,470,-9.1506,32.55,-43.01,153,-13.5062,31.37,-20.66,-22.39,FAIL,,
volume,Ease of Movement 0-cross,15m,long,transition|mid range|clean|contracting,691,-5.7969,35.89,-40.06,215,-3.1802,38.6,-6.84,-13.27,FAIL,5.7003,1.5845
volume,Ease of Movement 0-cross,15m,short,transition|mid range|clean|contracting,689,-7.4379,34.4,-51.25,223,-7.5474,34.53,-16.83,-20.54,FAIL,,
volume,Ease of Movement 0-cross,15m,long,downtrend|at range low|messy|contracting,720,-7.7695,33.47,-55.94,221,-10.0988,32.58,-22.32,-27.28,FAIL,,
volume,Ease of Movement 0-cross,15m,short,downtrend|at range low|messy|contracting,651,-7.5755,32.57,-49.32,207,-5.7118,37.68,-11.82,-22.42,FAIL,,5.2602
volume,Ease of Movement 0-cross,15m,long,transition|at range high|messy|expanding,623,-5.6762,35.96,-35.36,204,-9.3586,33.33,-19.09,-20.2,FAIL,6.1124,
volume,Ease of Movement 0-cross,15m,short,transition|at range high|messy|expanding,384,-10.6825,31.51,-41.02,133,-11.4785,32.33,-15.27,-18.07,FAIL,,
volume,Ease of Movement 0-cross,15m,long,transition|at range low|messy|contracting,719,-8.9124,32.96,-64.08,231,-12.3574,32.03,-28.55,-30.77,FAIL,,
volume,Ease of Movement 0-cross,15m,short,transition|at range low|messy|contracting,626,-6.1687,34.66,-38.62,192,-7.5956,34.9,-14.58,-14.59,FAIL,15.5963,
volume,Ease of Movement 0-cross,15m,long,transition|mid range|clean|expanding,490,-9.115,32.65,-44.66,150,-11.2585,32.67,-16.89,-18.61,FAIL,,
volume,Ease of Movement 0-cross,15m,short,transition|mid range|clean|expanding,477,-6.4485,36.06,-30.76,141,-16.1274,29.08,-22.74,-24.12,FAIL,140.5497,
volume,Ease of Movement 0-cross,15m,long,downtrend|at range low|messy|expanding,351,-10.4662,32.48,-36.74,140,-14.0337,32.86,-19.65,-21.56,FAIL,,
volume,Ease of Movement 0-cross,15m,short,downtrend|at range low|messy|expanding,587,-5.8602,35.43,-34.4,186,-11.3362,32.8,-21.09,-25.55,FAIL,10.1454,
volume,Ease of Movement 0-cross,15m,long,transition|at range low|messy|expanding,323,-10.3249,32.82,-33.35,114,-15.2802,32.46,-17.42,-22.2,FAIL,,
volume,Ease of Movement 0-cross,15m,short,transition|at range low|messy|expanding,546,-6.4323,34.62,-35.12,194,-5.2716,37.11,-10.23,-16.58,FAIL,14.7366,3.827
volume,Ease of Movement 0-cross,15m,long,downtrend|pulling back in trend|clean|contracting,492,-5.7015,36.18,-28.05,141,-11.3782,31.21,-16.04,-19.04,FAIL,4.8985,
volume,Ease of Movement 0-cross,15m,short,downtrend|pulling back in trend|clean|contracting,557,-8.0172,33.75,-44.66,171,-5.2365,39.18,-8.95,-14.54,FAIL,,3.7464
volume,Ease of Movement 0-cross,15m,long,uptrend|pulling back in trend|clean|contracting,560,-9.2803,31.61,-51.97,196,-5.2577,38.27,-10.31,-17.84,FAIL,,2.9083
volume,Ease of Movement 0-cross,15m,short,uptrend|pulling back in trend|clean|contracting,486,-0.6727,39.92,-3.27,157,-6.9499,35.03,-10.91,-12.78,FAIL,1.0935,9.7979
volume,Ease of Movement 0-cross,15m,long,uptrend|at range high|clean|contracting,396,-7.0157,35.61,-27.78,122,-12.6305,31.97,-15.41,-15.42,FAIL,18.9368,
volume,Ease of Movement 0-cross,15m,short,uptrend|at range high|clean|contracting,531,-7.0052,35.59,-37.2,171,-6.1257,36.84,-10.47,-12.34,FAIL,,6.5778
volume,Ease of Movement 0-cross,15m,long,downtrend|pulling back in trend|clean|expanding,429,-8.0398,34.5,-34.49,128,-15.9053,30.47,-20.36,-23.41,FAIL,,
volume,Ease of Movement 0-cross,15m,short,downtrend|pulling back in trend|clean|expanding,283,-9.2099,32.51,-26.06,88,-11.5344,37.5,-10.15,-14.08,FAIL,,
volume,Ease of Movement 0-cross,15m,long,uptrend|pulling back in trend|clean|expanding,284,-10.1173,32.04,-28.73,90,-2.8597,37.78,-2.57,-7.46,FAIL,,1.5561
volume,Ease of Movement 0-cross,15m,short,uptrend|pulling back in trend|clean|expanding,403,-4.7078,38.71,-18.97,146,-4.8641,37.67,-7.1,-12.5,FAIL,2.9886,3.0547
volume,Ease of Movement 0-cross,15m,long,transition|at range high|clean|contracting,352,-2.957,38.07,-10.41,118,-0.0902,39.83,-0.11,-6.91,FAIL,1.535,1.0106
volume,Ease of Movement 0-cross,15m,short,transition|at range high|clean|contracting,561,-6.1144,35.65,-34.3,185,-14.5703,30.27,-26.96,-29.68,FAIL,,
volume,Ease of Movement 0-cross,15m,long,transition|mid range|messy|stalling,470,-5.6321,35.96,-26.47,142,-2.2986,39.44,-3.26,-7.84,FAIL,4.2913,1.3922
volume,Ease of Movement 0-cross,15m,short,transition|mid range|messy|stalling,456,-3.382,37.72,-15.42,134,-9.6418,35.07,-12.92,-18.88,FAIL,1.8916,
volume,Ease of Movement 0-cross,15m,long,transition|at range high|clean|expanding,303,-8.226,35.64,-24.92,100,-13.454,33.0,-13.45,-15.01,FAIL,,
volume,Ease of Movement 0-cross,15m,short,transition|at range high|clean|expanding,191,-6.0644,36.13,-11.58,78,-14.0626,33.33,-10.97,-14.86,FAIL,6.0002,
volume,Ease of Movement 0-cross,15m,long,uptrend|at range high|clean|expanding,322,-6.552,35.09,-21.1,101,3.2403,42.57,3.27,-6.85,FAIL,5.5785,0.7211
volume,Ease of Movement 0-cross,15m,short,uptrend|at range high|clean|expanding,216,-12.6208,31.94,-27.26,88,-4.7348,38.64,-4.17,-9.66,FAIL,,2.63
volume,Ease of Movement 0-cross,15m,long,downtrend|at range low|clean|contracting,393,-5.7867,36.9,-22.74,134,-10.0463,33.58,-13.46,-15.82,FAIL,4.2547,
volume,Ease of Movement 0-cross,15m,short,downtrend|at range low|clean|contracting,319,-5.2624,36.05,-16.79,98,-4.5709,38.78,-4.48,-6.84,FAIL,3.382,2.4862
volume,Ease of Movement 0-cross,15m,long,transition|at range low|clean|contracting,399,-6.6489,36.84,-26.53,139,-12.4123,33.09,-17.25,-21.19,FAIL,4.8245,
volume,Ease of Movement 0-cross,15m,short,transition|at range low|clean|contracting,294,0.2859,40.48,0.84,102,-11.1914,34.31,-11.42,-14.94,FAIL,0.9646,
volume,Ease of Movement 0-cross,15m,long,transition|at range low|clean|expanding,163,-18.4142,28.83,-30.02,52,-11.3527,32.69,-5.9,-7.31,FAIL,,
volume,Ease of Movement 0-cross,15m,short,transition|at range low|clean|expanding,241,-1.8961,38.17,-4.57,85,3.1195,42.35,2.65,-7.38,FAIL,1.339,0.716
volume,Ease of Movement 0-cross,15m,long,downtrend|at range low|clean|expanding,162,-6.4606,39.51,-10.47,64,0.7456,40.62,0.48,-7.43,FAIL,4.881,0.9199
volume,Ease of Movement 0-cross,15m,short,downtrend|at range low|clean|expanding,280,-15.0922,26.79,-42.26,82,-0.7478,37.8,-0.61,-8.51,FAIL,,1.1023
volume,Ease of Movement 0-cross,15m,long,downtrend|pulling back in trend|messy|stalling,382,-7.3619,36.13,-28.12,115,0.7801,42.61,0.9,-7.51,FAIL,,0.9172
volume,Ease of Movement 0-cross,15m,short,downtrend|pulling back in trend|messy|stalling,254,-6.0173,35.83,-15.28,84,-18.4185,25.0,-15.47,-20.77,FAIL,5.9644,
volume,Ease of Movement 0-cross,15m,long,downtrend|at range high|messy|contracting,283,-7.0471,35.69,-19.94,88,-8.7049,35.23,-7.66,-7.72,FAIL,10.5464,
volume,Ease of Movement 0-cross,15m,short,downtrend|at range high|messy|contracting,371,-8.3353,34.23,-30.92,133,-16.668,27.82,-22.17,-23.25,FAIL,,
volume,Ease of Movement 0-cross,15m,long,uptrend|pulling back in trend|messy|stalling,267,-14.2674,29.96,-38.09,94,-15.6313,31.91,-14.69,-19.78,FAIL,,
volume,Ease of Movement 0-cross,15m,short,uptrend|pulling back in trend|messy|stalling,360,-8.2076,34.72,-29.55,103,1.3631,43.69,1.4,-5.5,FAIL,,0.8456
volume,Ease of Movement 0-cross,15m,long,downtrend|at range high|messy|expanding,315,-9.3673,33.02,-29.51,89,-0.6596,39.33,-0.59,-7.62,FAIL,,1.0852
volume,Ease of Movement 0-cross,15m,short,downtrend|at range high|messy|expanding,115,-14.2337,30.43,-16.37,44,-4.0432,38.64,-1.78,-7.37,FAIL,,2.0007
volume,Ease of Movement 0-cross,15m,long,uptrend|at range high|messy|stalling,306,-8.166,33.01,-24.99,129,-7.1116,34.88,-9.17,-11.38,FAIL,,7.0027
volume,Ease of Movement 0-cross,15m,short,uptrend|at range high|messy|stalling,232,-8.0591,34.48,-18.7,76,-12.1901,32.89,-9.26,-10.13,FAIL,,
levels,Classic pivots (reversion),1h,long,transition|mid range|messy|contracting,1,69.9608,100.0,0.7,0,0.0,0.0,0.0,0.0,UNRELIABLE,,
levels,Classic pivots (reversion),1h,short,transition|mid range|messy|contracting,0,,,,0,,,,,NO-TRADES,,
levels,Classic pivots (reversion),1h,long,transition|mid range|messy|expanding,2,50.3985,50.0,1.01,0,0.0,0.0,0.0,0.0,UNRELIABLE,,
levels,Classic pivots (reversion),1h,short,transition|mid range|messy|expanding,0,,,,0,,,,,NO-TRADES,,
levels,Classic pivots (reversion),1h,long,uptrend|at range high|messy|contracting,0,,,,0,,,,,NO-TRADES,,
levels,Classic pivots (reversion),1h,short,uptrend|at range high|messy|contracting,6,-37.5258,33.33,-2.25,1,239.0632,100.0,2.39,-0.46,UNRELIABLE,,
levels,Classic pivots (reversion),1h,long,downtrend|pulling back in trend|messy|contracting,1,238.7833,100.0,2.39,0,0.0,0.0,0.0,0.0,UNRELIABLE,,
levels,Classic pivots (reversion),1h,short,downtrend|pulling back in trend|messy|contracting,0,,,,0,,,,,NO-TRADES,,
levels,Classic pivots (reversion),1h,long,uptrend|pulling back in trend|messy|contracting,0,,,,0,,,,,NO-TRADES,,
levels,Classic pivots (reversion),1h,short,uptrend|pulling back in trend|messy|contracting,0,,,,0,,,,,NO-TRADES,,
levels,Classic pivots (reversion),1h,long,uptrend|at range high|messy|expanding,0,,,,0,,,,,NO-TRADES,,
levels,Classic pivots (reversion),1h,short,uptrend|at range high|messy|expanding,6,-0.2913,50.0,-0.02,2,53.7321,50.0,1.07,-2.72,UNRELIABLE,,
levels,Classic pivots (reversion),1h,long,downtrend|pulling back in trend|messy|expanding,1,-133.5932,0.0,-1.34,0,0.0,0.0,0.0,0.0,UNRELIABLE,,
levels,Classic pivots (reversion),1h,short,downtrend|pulling back in trend|messy|expanding,0,,,,0,,,,,NO-TRADES,,
levels,Classic pivots (reversion),1h,long,transition|at range high|messy|contracting,0,,,,0,,,,,NO-TRADES,,
levels,Classic pivots (reversion),1h,short,transition|at range high|messy|contracting,8,28.7633,50.0,2.3,4,149.4667,75.0,5.98,-2.94,UNRELIABLE,,
levels,Classic pivots (reversion),1h,long,uptrend|pulling back in trend|messy|expanding,0,,,,0,,,,,NO-TRADES,,
levels,Classic pivots (reversion),1h,short,uptrend|pulling back in trend|messy|expanding,1,-131.9408,0.0,-1.32,0,0.0,0.0,0.0,0.0,UNRELIABLE,,
levels,Classic pivots (reversion),1h,long,transition|at range high|messy|expanding,0,,,,0,,,,,NO-TRADES,,
levels,Classic pivots (reversion),1h,short,transition|at range high|messy|expanding,13,-67.8833,23.08,-8.82,6,-9.4271,33.33,-0.57,-4.03,UNRELIABLE,,
levels,Classic pivots (reversion),1h,long,downtrend|at range low|messy|contracting,4,95.4551,75.0,3.82,2,183.5965,100.0,3.67,-1.46,UNRELIABLE,,
levels,Classic pivots (reversion),1h,short,downtrend|at range low|messy|contracting,0,,,,0,,,,,NO-TRADES,,
levels,Classic pivots (reversion),1h,long,transition|at range low|messy|contracting,8,-40.8512,25.0,-3.27,3,-10.1816,33.33,-0.31,-3.12,UNRELIABLE,,
levels,Classic pivots (reversion),1h,short,transition|at range low|messy|contracting,0,,,,0,,,,,NO-TRADES,,
levels,Classic pivots (reversion),1h,long,downtrend|at range low|messy|expanding,19,-3.4926,42.11,-0.66,3,86.0699,66.67,2.58,-1.34,UNRELIABLE,,
levels,Classic pivots (reversion),1h,short,downtrend|at range low|messy|expanding,0,,,,0,,,,,NO-TRADES,,
levels,Classic pivots (reversion),1h,long,transition|at range low|messy|expanding,19,-21.5647,42.11,-4.1,4,-42.5647,25.0,-1.7,-3.92,UNRELIABLE,,
levels,Classic pivots (reversion),1h,short,transition|at range low|messy|expanding,0,,,,0,,,,,NO-TRADES,,
levels,Classic pivots (reversion),1h,long,transition|mid range|clean|contracting,0,,,,0,,,,,NO-TRADES,,
levels,Classic pivots (reversion),1h,short,transition|mid range|clean|contracting,1,85.0854,100.0,0.85,0,0.0,0.0,0.0,0.0,UNRELIABLE,,
levels,Classic pivots (reversion),1h,long,transition|mid range|clean|expanding,1,3.9798,100.0,0.04,0,0.0,0.0,0.0,0.0,UNRELIABLE,,
levels,Classic pivots (reversion),1h,short,transition|mid range|clean|expanding,0,,,,0,,,,,NO-TRADES,,
levels,Classic pivots (reversion),1h,long,transition|mid range|messy|stalling,0,,,,0,,,,,NO-TRADES,,
levels,Classic pivots (reversion),1h,short,transition|mid range|messy|stalling,0,,,,0,,,,,NO-TRADES,,
levels,Classic pivots (reversion),1h,long,transition|at range high|clean|contracting,0,,,,0,,,,,NO-TRADES,,
levels,Classic pivots (reversion),1h,short,transition|at range high|clean|contracting,3,-79.7875,33.33,-2.39,0,0.0,0.0,0.0,0.0,UNRELIABLE,,
levels,Classic pivots (reversion),1h,long,downtrend|pulling back in trend|clean|contracting,1,-132.3391,0.0,-1.32,0,0.0,0.0,0.0,0.0,UNRELIABLE,,
levels,Classic pivots (reversion),1h,short,downtrend|pulling back in trend|clean|contracting,0,,,,0,,,,,NO-TRADES,,
levels,Classic pivots (reversion),1h,long,uptrend|pulling back in trend|clean|contracting,0,,,,0,,,,,NO-TRADES,,
levels,Classic pivots (reversion),1h,short,uptrend|pulling back in trend|clean|contracting,1,240.8206,100.0,2.41,0,0.0,0.0,0.0,0.0,UNRELIABLE,,
levels,Classic pivots (reversion),1h,long,uptrend|at range high|clean|contracting,0,,,,0,,,,,NO-TRADES,,
levels,Classic pivots (reversion),1h,short,uptrend|at range high|clean|contracting,2,53.557,50.0,1.07,2,-130.5142,0.0,-2.61,-2.83,UNRELIABLE,,
levels,Classic pivots (reversion),1h,long,uptrend|pulling back in trend|clean|expanding,0,,,,0,,,,,NO-TRADES,,
levels,Classic pivots (reversion),1h,short,uptrend|pulling back in trend|clean|expanding,0,0.0,0.0,0.0,0,0.0,0.0,0.0,0.0,UNRELIABLE,,
levels,Classic pivots (reversion),1h,long,downtrend|pulling back in trend|clean|expanding,0,0.0,0.0,0.0,1,-132.8494,0.0,-1.33,-2.8,UNRELIABLE,,
levels,Classic pivots (reversion),1h,short,downtrend|pulling back in trend|clean|expanding,0,,,,0,,,,,NO-TRADES,,
levels,Classic pivots (reversion),1h,long,transition|at range high|clean|expanding,0,,,,0,,,,,NO-TRADES,,
levels,Classic pivots (reversion),1h,short,transition|at range high|clean|expanding,6,-6.2221,50.0,-0.37,4,-39.9637,25.0,-1.6,-4.64,UNRELIABLE,,
levels,Classic pivots (reversion),1h,long,transition|at range low|clean|contracting,3,-130.6877,0.0,-3.92,0,0.0,0.0,0.0,0.0,UNRELIABLE,,
levels,Classic pivots (reversion),1h,short,transition|at range low|clean|contracting,0,,,,0,,,,,NO-TRADES,,
levels,Classic pivots (reversion),1h,long,downtrend|at range high|messy|contracting,0,,,,0,,,,,NO-TRADES,,
levels,Classic pivots (reversion),1h,short,downtrend|at range high|messy|contracting,3,-6.0575,33.33,-0.18,2,160.3641,100.0,3.21,-1.58,UNRELIABLE,,
levels,Classic pivots (reversion),1h,long,uptrend|at range high|clean|expanding,0,,,,0,,,,,NO-TRADES,,
levels,Classic pivots (reversion),1h,short,uptrend|at range high|clean|expanding,6,-69.6449,16.67,-4.18,2,52.9979,50.0,1.06,-1.83,UNRELIABLE,,
levels,Classic pivots (reversion),1h,long,downtrend|at range low|clean|contracting,4,-130.2253,0.0,-5.21,0,0.0,0.0,0.0,0.0,UNRELIABLE,,
levels,Classic pivots (reversion),1h,short,downtrend|at range low|clean|contracting,0,,,,0,,,,,NO-TRADES,,
levels,Classic pivots (reversion),1h,long,downtrend|pulling back in trend|messy|stalling,0,,,,0,,,,,NO-TRADES,,
levels,Classic pivots (reversion),1h,short,downtrend|pulling back in trend|messy|stalling,0,,,,0,,,,,NO-TRADES,,
levels,Classic pivots (reversion),1h,long,uptrend|at range high|messy|stalling,0,,,,0,,,,,NO-TRADES,,
levels,Classic pivots (reversion),1h,short,uptrend|at range high|messy|stalling,2,55.6417,50.0,1.11,1,-131.9825,0.0,-1.32,-1.66,UNRELIABLE,,
levels,Classic pivots (reversion),1h,long,transition|at range low|clean|expanding,12,-10.3506,41.67,-1.24,1,-133.1164,0.0,-1.33,-2.22,UNRELIABLE,,
levels,Classic pivots (reversion),1h,short,transition|at range low|clean|expanding,0,,,,0,,,,,NO-TRADES,,
levels,Classic pivots (reversion),1h,long,uptrend|pulling back in trend|messy|stalling,0,,,,0,,,,,NO-TRADES,,
levels,Classic pivots (reversion),1h,short,uptrend|pulling back in trend|messy|stalling,0,,,,0,,,,,NO-TRADES,,
levels,Classic pivots (reversion),1h,long,uptrend|at range low|messy|contracting,4,42.3231,50.0,1.69,5,-59.1311,20.0,-2.96,-4.52,UNRELIABLE,,
levels,Classic pivots (reversion),1h,short,uptrend|at range low|messy|contracting,0,,,,0,,,,,NO-TRADES,,
levels,Classic pivots (reversion),1h,long,downtrend|at range high|messy|expanding,0,,,,0,,,,,NO-TRADES,,
levels,Classic pivots (reversion),1h,short,downtrend|at range high|messy|expanding,2,53.5122,50.0,1.07,2,-128.1762,0.0,-2.56,-2.56,UNRELIABLE,,
levels,Classic pivots (reversion),1h,long,uptrend|at range low|messy|expanding,6,-70.5274,16.67,-4.23,4,-41.195,25.0,-1.65,-3.93,UNRELIABLE,,
levels,Classic pivots (reversion),1h,short,uptrend|at range low|messy|expanding,0,,,,0,,,,,NO-TRADES,,
levels,Classic pivots (reversion),1h,long,downtrend|at range low|clean|expanding,5,55.1651,80.0,2.76,1,-132.3464,0.0,-1.32,-1.32,UNRELIABLE,,
levels,Classic pivots (reversion),1h,short,downtrend|at range low|clean|expanding,0,,,,0,,,,,NO-TRADES,,
levels,Classic pivots (reversion),15m,long,transition|mid range|messy|contracting,1,63.5624,100.0,0.64,0,0.0,0.0,0.0,0.0,UNRELIABLE,0.0749,
levels,Classic pivots (reversion),15m,short,transition|mid range|messy|contracting,0,,,,0,,,,,NO-TRADES,,
levels,Classic pivots (reversion),15m,long,transition|mid range|messy|expanding,4,48.8255,75.0,1.95,0,0.0,0.0,0.0,0.0,UNRELIABLE,0.1137,
levels,Classic pivots (reversion),15m,short,transition|mid range|messy|expanding,1,-65.2512,0.0,-0.65,0,0.0,0.0,0.0,0.0,UNRELIABLE,,
levels,Classic pivots (reversion),15m,long,downtrend|pulling back in trend|messy|contracting,1,104.1904,100.0,1.04,0,0.0,0.0,0.0,0.0,UNRELIABLE,0.0394,
levels,Classic pivots (reversion),15m,short,downtrend|pulling back in trend|messy|contracting,2,19.446,50.0,0.39,1,-2.7711,0.0,-0.03,-0.4,UNRELIABLE,0.2753,
levels,Classic pivots (reversion),15m,long,uptrend|at range high|messy|contracting,0,,,,0,,,,,NO-TRADES,,
levels,Classic pivots (reversion),15m,short,uptrend|at range high|messy|contracting,9,21.4456,55.56,1.93,3,-8.9596,33.33,-0.27,-2.18,UNRELIABLE,0.2331,
levels,Classic pivots (reversion),15m,long,uptrend|pulling back in trend|messy|contracting,0,,,,0,,,,,NO-TRADES,,
levels,Classic pivots (reversion),15m,short,uptrend|pulling back in trend|messy|contracting,0,,,,0,,,,,NO-TRADES,,
levels,Classic pivots (reversion),15m,long,downtrend|pulling back in trend|messy|expanding,2,19.0171,50.0,0.38,0,0.0,0.0,0.0,0.0,UNRELIABLE,0.2894,
levels,Classic pivots (reversion),15m,short,downtrend|pulling back in trend|messy|expanding,0,,,,0,,,,,NO-TRADES,,
levels,Classic pivots (reversion),15m,long,uptrend|pulling back in trend|messy|expanding,0,,,,0,,,,,NO-TRADES,,
levels,Classic pivots (reversion),15m,short,uptrend|pulling back in trend|messy|expanding,1,-65.1338,0.0,-0.65,0,0.0,0.0,0.0,0.0,UNRELIABLE,,
levels,Classic pivots (reversion),15m,long,transition|at range high|messy|contracting,0,,,,0,,,,,NO-TRADES,,
levels,Classic pivots (reversion),15m,short,transition|at range high|messy|contracting,5,65.2885,100.0,3.26,3,38.8238,66.67,1.16,-0.78,UNRELIABLE,0.0533,0.1304
levels,Classic pivots (reversion),15m,long,uptrend|at range high|messy|expanding,0,,,,0,,,,,NO-TRADES,,
levels,Classic pivots (reversion),15m,short,uptrend|at range high|messy|expanding,10,-63.3982,0.0,-6.34,9,-8.7727,33.33,-0.79,-2.04,UNRELIABLE,,
levels,Classic pivots (reversion),15m,long,transition|mid range|clean|contracting,1,-66.956,0.0,-0.67,0,0.0,0.0,0.0,0.0,UNRELIABLE,,
levels,Classic pivots (reversion),15m,short,transition|mid range|clean|contracting,1,-65.2199,0.0,-0.65,1,-65.0564,0.0,-0.65,-0.65,UNRELIABLE,,
levels,Classic pivots (reversion),15m,long,downtrend|at range low|messy|contracting,7,5.9397,42.86,0.42,0,0.0,0.0,0.0,0.0,UNRELIABLE,0.609,
levels,Classic pivots (reversion),15m,short,downtrend|at range low|messy|contracting,0,,,,0,,,,,NO-TRADES,,
levels,Classic pivots (reversion),15m,long,transition|at range high|messy|expanding,0,,,,0,,,,,NO-TRADES,,
levels,Classic pivots (reversion),15m,short,transition|at range high|messy|expanding,8,25.4969,50.0,2.04,1,-65.2825,0.0,-0.65,-0.65,UNRELIABLE,0.2003,
levels,Classic pivots (reversion),15m,long,transition|at range low|messy|contracting,12,5.3802,41.67,0.65,3,-64.79,0.0,-1.94,-2.31,UNRELIABLE,0.5935,
levels,Classic pivots (reversion),15m,short,transition|at range low|messy|contracting,0,,,,0,,,,,NO-TRADES,,
levels,Classic pivots (reversion),15m,long,transition|mid range|clean|expanding,0,,,,0,,,,,NO-TRADES,,
levels,Classic pivots (reversion),15m,short,transition|mid range|clean|expanding,1,15.5303,100.0,0.16,1,105.5164,100.0,1.06,-0.61,UNRELIABLE,0.1386,0.0272
levels,Classic pivots (reversion),15m,long,downtrend|at range low|messy|expanding,17,-25.2001,23.53,-4.28,8,-27.7348,25.0,-2.22,-3.06,UNRELIABLE,,
levels,Classic pivots (reversion),15m,short,downtrend|at range low|messy|expanding,0,,,,0,,,,,NO-TRADES,,
levels,Classic pivots (reversion),15m,long,transition|at range low|messy|expanding,17,-30.3507,23.53,-5.16,5,-31.7919,20.0,-1.59,-1.59,UNRELIABLE,,
levels,Classic pivots (reversion),15m,short,transition|at range low|messy|expanding,0,,,,0,,,,,NO-TRADES,,
levels,Classic pivots (reversion),15m,long,downtrend|pulling back in trend|clean|contracting,0,0.0,0.0,0.0,1,-65.1813,0.0,-0.65,-0.65,UNRELIABLE,,
levels,Classic pivots (reversion),15m,short,downtrend|pulling back in trend|clean|contracting,0,,,,0,,,,,NO-TRADES,,
levels,Classic pivots (reversion),15m,long,uptrend|pulling back in trend|clean|contracting,0,0.0,0.0,0.0,1,-65.0174,0.0,-0.65,-1.08,UNRELIABLE,,
levels,Classic pivots (reversion),15m,short,uptrend|pulling back in trend|clean|contracting,0,,,,0,,,,,NO-TRADES,,
levels,Classic pivots (reversion),15m,long,uptrend|at range high|clean|contracting,0,,,,0,,,,,NO-TRADES,,
levels,Classic pivots (reversion),15m,short,uptrend|at range high|clean|contracting,5,36.6657,60.0,1.83,3,-8.4671,33.33,-0.25,-1.72,UNRELIABLE,0.1556,
levels,Classic pivots (reversion),15m,long,downtrend|pulling back in trend|clean|expanding,1,104.4076,100.0,1.04,0,0.0,0.0,0.0,0.0,UNRELIABLE,0.0374,
levels,Classic pivots (reversion),15m,short,downtrend|pulling back in trend|clean|expanding,0,,,,0,,,,,NO-TRADES,,
levels,Classic pivots (reversion),15m,long,uptrend|pulling back in trend|clean|expanding,1,21.3113,100.0,0.21,0,0.0,0.0,0.0,0.0,UNRELIABLE,0.1584,
levels,Classic pivots (reversion),15m,short,uptrend|pulling back in trend|clean|expanding,0,0.0,0.0,0.0,0,0.0,0.0,0.0,0.0,UNRELIABLE,,
levels,Classic pivots (reversion),15m,long,transition|at range high|clean|contracting,0,,,,0,,,,,NO-TRADES,,
levels,Classic pivots (reversion),15m,short,transition|at range high|clean|contracting,6,-63.9528,0.0,-3.84,1,104.5124,100.0,1.05,-0.31,UNRELIABLE,,0.0364
levels,Classic pivots (reversion),15m,long,transition|mid range|messy|stalling,0,,,,0,,,,,NO-TRADES,,
levels,Classic pivots (reversion),15m,short,transition|mid range|messy|stalling,0,,,,0,,,,,NO-TRADES,,
levels,Classic pivots (reversion),15m,long,transition|at range high|clean|expanding,0,,,,0,,,,,NO-TRADES,,
levels,Classic pivots (reversion),15m,short,transition|at range high|clean|expanding,8,-22.9226,25.0,-1.83,4,19.4342,50.0,0.78,-1.99,UNRELIABLE,,0.2743
levels,Classic pivots (reversion),15m,long,uptrend|at range high|clean|expanding,0,,,,0,,,,,NO-TRADES,,
levels,Classic pivots (reversion),15m,short,uptrend|at range high|clean|expanding,11,-48.2466,9.09,-5.31,3,-8.9733,33.33,-0.27,-1.57,UNRELIABLE,,
levels,Classic pivots (reversion),15m,long,downtrend|at range low|clean|contracting,7,-40.8942,14.29,-2.86,4,-23.5468,25.0,-0.94,-1.55,UNRELIABLE,,
levels,Classic pivots (reversion),15m,short,downtrend|at range low|clean|contracting,0,,,,0,,,,,NO-TRADES,,
levels,Classic pivots (reversion),15m,long,transition|at range low|clean|contracting,5,-31.5097,20.0,-1.58,2,-65.0309,0.0,-1.3,-1.3,UNRELIABLE,,
levels,Classic pivots (reversion),15m,short,transition|at range low|clean|contracting,0,,,,0,,,,,NO-TRADES,,
levels,Classic pivots (reversion),15m,long,transition|at range low|clean|expanding,14,-4.1324,42.86,-0.58,2,-65.0154,0.0,-1.3,-1.38,UNRELIABLE,1.9977,
levels,Classic pivots (reversion),15m,short,transition|at range low|clean|expanding,0,,,,0,,,,,NO-TRADES,,
levels,Classic pivots (reversion),15m,long,downtrend|at range low|clean|expanding,11,-26.1198,27.27,-2.87,3,105.1853,100.0,3.16,-0.5,UNRELIABLE,,0.0402
levels,Classic pivots (reversion),15m,short,downtrend|at range low|clean|expanding,0,,,,0,,,,,NO-TRADES,,
levels,Classic pivots (reversion),15m,long,downtrend|pulling back in trend|messy|stalling,0,,,,0,,,,,NO-TRADES,,
levels,Classic pivots (reversion),15m,short,downtrend|pulling back in trend|messy|stalling,1,104.5203,100.0,1.05,0,0.0,0.0,0.0,0.0,UNRELIABLE,0.0364,
levels,Classic pivots (reversion),15m,long,downtrend|at range high|messy|contracting,0,,,,0,,,,,NO-TRADES,,
levels,Classic pivots (reversion),15m,short,downtrend|at range high|messy|contracting,1,-65.2532,0.0,-0.65,0,0.0,0.0,0.0,0.0,UNRELIABLE,,
levels,Classic pivots (reversion),15m,long,uptrend|pulling back in trend|messy|stalling,0,,,,0,,,,,NO-TRADES,,
levels,Classic pivots (reversion),15m,short,uptrend|pulling back in trend|messy|stalling,1,104.734,100.0,1.05,0,0.0,0.0,0.0,0.0,UNRELIABLE,0.0344,
levels,Classic pivots (reversion),15m,long,downtrend|at range high|messy|expanding,0,,,,0,,,,,NO-TRADES,,
levels,Classic pivots (reversion),15m,short,downtrend|at range high|messy|expanding,5,2.3578,40.0,0.12,1,104.4731,100.0,1.04,-0.11,UNRELIABLE,0.7753,0.0368
levels,Classic pivots (reversion),15m,long,uptrend|at range high|messy|stalling,0,,,,0,,,,,NO-TRADES,,
levels,Classic pivots (reversion),15m,short,uptrend|at range high|messy|stalling,3,-8.9344,33.33,-0.27,2,19.7896,50.0,0.4,-0.9,UNRELIABLE,,0.2606
levels,Camarilla pivots (reversion),1h,long,transition|mid range|messy|contracting,6,83.7303,50.0,5.02,2,-132.7671,0.0,-2.66,-3.51,UNRELIABLE,,
levels,Camarilla pivots (reversion),1h,short,transition|mid range|messy|contracting,11,25.0391,45.45,2.75,6,2.0277,33.33,0.12,-4.18,UNRELIABLE,,
levels,Camarilla pivots (reversion),1h,long,transition|mid range|messy|expanding,23,16.1931,52.17,3.72,6,-39.8605,33.33,-2.39,-4.75,UNRELIABLE,,
levels,Camarilla pivots (reversion),1h,short,transition|mid range|messy|expanding,15,-29.5715,33.33,-4.44,5,-57.4062,20.0,-2.87,-3.01,UNRELIABLE,,
levels,Camarilla pivots (reversion),1h,long,uptrend|at range high|messy|contracting,0,,,,0,,,,,NO-TRADES,,
levels,Camarilla pivots (reversion),1h,short,uptrend|at range high|messy|contracting,5,92.5949,60.0,4.63,3,115.2731,66.67,3.46,-1.32,UNRELIABLE,,
levels,Camarilla pivots (reversion),1h,long,downtrend|pulling back in trend|messy|contracting,2,-131.5811,0.0,-2.63,1,-132.3093,0.0,-1.32,-1.72,UNRELIABLE,,
levels,Camarilla pivots (reversion),1h,short,downtrend|pulling back in trend|messy|contracting,5,-55.911,20.0,-2.8,2,-131.4436,0.0,-2.63,-3.46,UNRELIABLE,,
levels,Camarilla pivots (reversion),1h,long,uptrend|pulling back in trend|messy|contracting,4,-90.3693,25.0,-3.61,6,-128.6946,0.0,-7.72,-7.72,UNRELIABLE,,
levels,Camarilla pivots (reversion),1h,short,uptrend|pulling back in trend|messy|contracting,7,-3.2445,42.86,-0.23,0,0.0,0.0,0.0,0.0,UNRELIABLE,,
levels,Camarilla pivots (reversion),1h,long,uptrend|at range high|messy|expanding,0,,,,0,,,,,NO-TRADES,,
levels,Camarilla pivots (reversion),1h,short,uptrend|at range high|messy|expanding,32,60.4412,56.25,19.34,7,2.3081,42.86,0.16,-5.96,UNRELIABLE,,
levels,Camarilla pivots (reversion),1h,long,downtrend|pulling back in trend|messy|expanding,4,21.6091,50.0,0.86,0,0.0,0.0,0.0,0.0,UNRELIABLE,,
levels,Camarilla pivots (reversion),1h,short,downtrend|pulling back in trend|messy|expanding,20,-71.8941,15.0,-14.38,9,26.1554,44.44,2.35,-3.92,FAIL,,
levels,Camarilla pivots (reversion),1h,long,transition|at range high|messy|contracting,0,,,,0,,,,,NO-TRADES,,
levels,Camarilla pivots (reversion),1h,short,transition|at range high|messy|contracting,9,-13.6829,44.44,-1.23,5,-65.7834,20.0,-3.29,-5.29,UNRELIABLE,,
levels,Camarilla pivots (reversion),1h,long,uptrend|pulling back in trend|messy|expanding,16,107.187,68.75,17.15,5,-60.3448,20.0,-3.02,-5.59,UNRELIABLE,,
levels,Camarilla pivots (reversion),1h,short,uptrend|pulling back in trend|messy|expanding,3,-84.2003,33.33,-2.53,6,-68.9414,16.67,-4.14,-6.84,UNRELIABLE,,
levels,Camarilla pivots (reversion),1h,long,transition|at range high|messy|expanding,0,,,,0,,,,,NO-TRADES,,
levels,Camarilla pivots (reversion),1h,short,transition|at range high|messy|expanding,38,-29.4882,28.95,-11.21,20,47.1555,50.0,9.43,-4.95,FAIL,,
levels,Camarilla pivots (reversion),1h,long,downtrend|at range low|messy|contracting,9,-6.7648,44.44,-0.61,1,224.8612,100.0,2.25,-0.74,UNRELIABLE,,
levels,Camarilla pivots (reversion),1h,short,downtrend|at range low|messy|contracting,0,,,,0,,,,,NO-TRADES,,
levels,Camarilla pivots (reversion),1h,long,transition|at range low|messy|contracting,16,-40.7548,31.25,-6.52,8,19.1602,50.0,1.53,-4.16,UNRELIABLE,,
levels,Camarilla pivots (reversion),1h,short,transition|at range low|messy|contracting,0,,,,0,,,,,NO-TRADES,,
levels,Camarilla pivots (reversion),1h,long,downtrend|at range low|messy|expanding,26,-37.4715,34.62,-9.74,8,29.4231,50.0,2.35,-3.32,FAIL,,
levels,Camarilla pivots (reversion),1h,short,downtrend|at range low|messy|expanding,0,,,,0,,,,,NO-TRADES,,
levels,Camarilla pivots (reversion),1h,long,transition|at range low|messy|expanding,42,14.3382,47.62,6.02,12,48.6393,50.0,5.84,-2.72,SURVIVOR,,
levels,Camarilla pivots (reversion),1h,short,transition|at range low|messy|expanding,0,,,,0,,,,,NO-TRADES,,
levels,Camarilla pivots (reversion),1h,long,transition|mid range|clean|contracting,7,113.8437,71.43,7.97,2,-132.1513,0.0,-2.64,-3.88,UNRELIABLE,,
levels,Camarilla pivots (reversion),1h,short,transition|mid range|clean|contracting,4,50.6182,50.0,2.02,4,-39.496,25.0,-1.58,-4.02,UNRELIABLE,,
levels,Camarilla pivots (reversion),1h,long,transition|mid range|clean|expanding,18,46.9222,55.56,8.45,2,-29.6311,50.0,-0.59,-2.5,UNRELIABLE,,
levels,Camarilla pivots (reversion),1h,short,transition|mid range|clean|expanding,13,1.6441,38.46,0.21,4,-100.9588,0.0,-4.04,-4.8,UNRELIABLE,,
levels,Camarilla pivots (reversion),1h,long,transition|mid range|messy|stalling,9,-39.7972,22.22,-3.58,3,-10.598,33.33,-0.32,-2.66,UNRELIABLE,,
levels,Camarilla pivots (reversion),1h,short,transition|mid range|messy|stalling,3,-130.2453,0.0,-3.91,4,52.4376,50.0,2.1,-3.94,UNRELIABLE,,
levels,Camarilla pivots (reversion),1h,long,transition|at range high|clean|contracting,0,,,,0,,,,,NO-TRADES,,
levels,Camarilla pivots (reversion),1h,short,transition|at range high|clean|contracting,10,93.0221,70.0,9.3,6,-108.0892,0.0,-6.49,-6.49,UNRELIABLE,,
levels,Camarilla pivots (reversion),1h,long,downtrend|pulling back in trend|clean|contracting,3,-10.6728,33.33,-0.32,0,0.0,0.0,0.0,0.0,UNRELIABLE,,
levels,Camarilla pivots (reversion),1h,short,downtrend|pulling back in trend|clean|contracting,7,-13.6546,28.57,-0.96,3,-10.1951,33.33,-0.31,-2.81,UNRELIABLE,,
levels,Camarilla pivots (reversion),1h,long,uptrend|pulling back in trend|clean|contracting,7,-28.5733,28.57,-2.0,1,81.1344,100.0,0.81,-0.91,UNRELIABLE,,
levels,Camarilla pivots (reversion),1h,short,uptrend|pulling back in trend|clean|contracting,1,-130.817,0.0,-1.31,0,0.0,0.0,0.0,0.0,UNRELIABLE,,
levels,Camarilla pivots (reversion),1h,long,uptrend|at range high|clean|contracting,0,,,,0,,,,,NO-TRADES,,
levels,Camarilla pivots (reversion),1h,short,uptrend|at range high|clean|contracting,2,182.6384,100.0,3.65,1,-127.0645,0.0,-1.27,-3.21,UNRELIABLE,,
levels,Camarilla pivots (reversion),1h,long,uptrend|pulling back in trend|clean|expanding,10,-10.2923,40.0,-1.03,4,49.4414,50.0,1.98,-2.11,UNRELIABLE,,
levels,Camarilla pivots (reversion),1h,short,uptrend|pulling back in trend|clean|expanding,6,-88.1041,16.67,-5.29,1,240.7063,100.0,2.41,-0.52,UNRELIABLE,,
levels,Camarilla pivots (reversion),1h,long,downtrend|pulling back in trend|clean|expanding,13,-2.5291,46.15,-0.33,3,-38.6737,33.33,-1.16,-1.53,UNRELIABLE,,
levels,Camarilla pivots (reversion),1h,short,downtrend|pulling back in trend|clean|expanding,7,26.3225,42.86,1.84,2,244.9753,100.0,4.9,-0.32,UNRELIABLE,,
levels,Camarilla pivots (reversion),1h,long,transition|at range high|clean|expanding,0,,,,0,,,,,NO-TRADES,,
levels,Camarilla pivots (reversion),1h,short,transition|at range high|clean|expanding,23,-28.243,30.43,-6.5,10,58.7711,50.0,5.88,-2.29,FAIL,,
levels,Camarilla pivots (reversion),1h,long,transition|at range low|clean|contracting,6,-10.5284,33.33,-0.63,0,0.0,0.0,0.0,0.0,UNRELIABLE,,
levels,Camarilla pivots (reversion),1h,short,transition|at range low|clean|contracting,0,,,,0,,,,,NO-TRADES,,
levels,Camarilla pivots (reversion),1h,long,downtrend|at range high|messy|contracting,0,,,,0,,,,,NO-TRADES,,
levels,Camarilla pivots (reversion),1h,short,downtrend|at range high|messy|contracting,9,13.1736,44.44,1.19,2,242.588,100.0,4.85,-0.51,UNRELIABLE,,
levels,Camarilla pivots (reversion),1h,long,uptrend|at range high|clean|expanding,0,,,,0,,,,,NO-TRADES,,
levels,Camarilla pivots (reversion),1h,short,uptrend|at range high|clean|expanding,10,-16.3578,30.0,-1.64,4,220.2903,100.0,8.81,-1.82,UNRELIABLE,,
levels,Camarilla pivots (reversion),1h,long,downtrend|at range low|clean|contracting,3,114.2163,66.67,3.43,3,13.0649,33.33,0.39,-1.6,UNRELIABLE,,
levels,Camarilla pivots (reversion),1h,short,downtrend|at range low|clean|contracting,0,,,,0,,,,,NO-TRADES,,
levels,Camarilla pivots (reversion),1h,long,downtrend|pulling back in trend|messy|stalling,2,-130.9496,0.0,-2.62,1,238.6979,100.0,2.39,0.0,UNRELIABLE,,
levels,Camarilla pivots (reversion),1h,short,downtrend|pulling back in trend|messy|stalling,2,-130.748,0.0,-2.61,1,125.7772,100.0,1.26,-1.1,UNRELIABLE,,
levels,Camarilla pivots (reversion),1h,long,uptrend|at range high|messy|stalling,0,,,,0,,,,,NO-TRADES,,
levels,Camarilla pivots (reversion),1h,short,uptrend|at range high|messy|stalling,5,55.4737,60.0,2.77,2,-131.4089,0.0,-2.63,-2.63,UNRELIABLE,,
levels,Camarilla pivots (reversion),1h,long,transition|at range low|clean|expanding,26,-46.3238,30.77,-12.04,14,-32.0364,35.71,-4.49,-7.74,FAIL,,
levels,Camarilla pivots (reversion),1h,short,transition|at range low|clean|expanding,0,,,,0,,,,,NO-TRADES,,
levels,Camarilla pivots (reversion),1h,long,uptrend|pulling back in trend|messy|stalling,6,-98.4103,16.67,-5.9,2,-131.7799,0.0,-2.64,-3.28,UNRELIABLE,,
levels,Camarilla pivots (reversion),1h,short,uptrend|pulling back in trend|messy|stalling,0,,,,0,,,,,NO-TRADES,,
levels,Camarilla pivots (reversion),1h,long,uptrend|at range low|messy|contracting,12,54.237,58.33,6.51,4,-92.4841,25.0,-3.7,-4.05,UNRELIABLE,,
levels,Camarilla pivots (reversion),1h,short,uptrend|at range low|messy|contracting,0,,,,0,,,,,NO-TRADES,,
levels,Camarilla pivots (reversion),1h,long,downtrend|at range high|messy|expanding,1,-133.3683,0.0,-1.33,0,0.0,0.0,0.0,0.0,UNRELIABLE,,
levels,Camarilla pivots (reversion),1h,short,downtrend|at range high|messy|expanding,22,-59.5222,22.73,-13.09,5,-57.622,20.0,-2.88,-4.34,UNRELIABLE,,
levels,Camarilla pivots (reversion),1h,long,uptrend|at range low|messy|expanding,33,-27.5677,36.36,-9.1,16,-56.5703,18.75,-9.05,-12.47,FAIL,,
levels,Camarilla pivots (reversion),1h,short,uptrend|at range low|messy|expanding,0,,,,0,,,,,NO-TRADES,,
levels,Camarilla pivots (reversion),1h,long,downtrend|at range low|clean|expanding,12,-14.4107,41.67,-1.73,5,88.2986,60.0,4.41,-2.63,UNRELIABLE,,
levels,Camarilla pivots (reversion),1h,short,downtrend|at range low|clean|expanding,0,,,,0,,,,,NO-TRADES,,
levels,Camarilla pivots (reversion),15m,long,transition|mid range|messy|contracting,2,55.8703,100.0,1.12,1,103.9378,100.0,1.04,-0.01,UNRELIABLE,0.0851,0.0417
levels,Camarilla pivots (reversion),15m,short,transition|mid range|messy|contracting,5,36.7508,60.0,1.84,0,0.0,0.0,0.0,0.0,UNRELIABLE,0.1531,
levels,Camarilla pivots (reversion),15m,long,transition|mid range|messy|expanding,7,-40.741,14.29,-2.85,1,-65.137,0.0,-0.65,-1.29,UNRELIABLE,,
levels,Camarilla pivots (reversion),15m,short,transition|mid range|messy|expanding,4,-22.93,25.0,-0.92,2,19.5747,50.0,0.39,-0.69,UNRELIABLE,,0.2686
levels,Camarilla pivots (reversion),15m,long,downtrend|pulling back in trend|messy|contracting,1,39.4459,100.0,0.39,0,0.0,0.0,0.0,0.0,UNRELIABLE,0.1226,
levels,Camarilla pivots (reversion),15m,short,downtrend|pulling back in trend|messy|contracting,2,-26.1319,50.0,-0.52,0,0.0,0.0,0.0,0.0,UNRELIABLE,,
levels,Camarilla pivots (reversion),15m,long,uptrend|at range high|messy|contracting,0,,,,0,,,,,NO-TRADES,,
levels,Camarilla pivots (reversion),15m,short,uptrend|at range high|messy|contracting,18,-8.4362,33.33,-1.52,6,19.5181,50.0,1.17,-1.47,UNRELIABLE,,0.276
levels,Camarilla pivots (reversion),15m,long,uptrend|pulling back in trend|messy|contracting,0,0.0,0.0,0.0,0,0.0,0.0,0.0,0.0,UNRELIABLE,,
levels,Camarilla pivots (reversion),15m,short,uptrend|pulling back in trend|messy|contracting,1,-13.7212,0.0,-0.14,1,-64.9488,0.0,-0.65,-1.04,UNRELIABLE,,
levels,Camarilla pivots (reversion),15m,long,downtrend|pulling back in trend|messy|expanding,4,18.8209,50.0,0.75,3,-64.8366,0.0,-1.95,-2.05,UNRELIABLE,0.3,
levels,Camarilla pivots (reversion),15m,short,downtrend|pulling back in trend|messy|expanding,3,49.111,66.67,1.47,2,-64.9857,0.0,-1.3,-1.3,UNRELIABLE,0.093,
levels,Camarilla pivots (reversion),15m,long,uptrend|pulling back in trend|messy|expanding,5,-31.3816,20.0,-1.57,2,103.9329,100.0,2.08,-0.4,UNRELIABLE,,0.0467
levels,Camarilla pivots (reversion),15m,short,uptrend|pulling back in trend|messy|expanding,6,-51.0791,16.67,-3.06,0,0.0,0.0,0.0,0.0,UNRELIABLE,,
levels,Camarilla pivots (reversion),15m,long,transition|at range high|messy|contracting,0,,,,0,,,,,NO-TRADES,,
levels,Camarilla pivots (reversion),15m,short,transition|at range high|messy|contracting,12,-42.6004,16.67,-5.11,5,-64.1478,0.0,-3.21,-4.13,UNRELIABLE,,
levels,Camarilla pivots (reversion),15m,long,uptrend|at range high|messy|expanding,0,,,,0,,,,,NO-TRADES,,
levels,Camarilla pivots (reversion),15m,short,uptrend|at range high|messy|expanding,34,-6.4334,35.29,-2.19,13,-50.65,7.69,-6.58,-6.63,FAIL,4.681,
levels,Camarilla pivots (reversion),15m,long,transition|mid range|clean|contracting,2,-52.2046,0.0,-1.04,0,0.0,0.0,0.0,0.0,UNRELIABLE,,
levels,Camarilla pivots (reversion),15m,short,transition|mid range|clean|contracting,1,-65.1887,0.0,-0.65,3,-64.9151,0.0,-1.95,-1.95,UNRELIABLE,,
levels,Camarilla pivots (reversion),15m,long,downtrend|at range low|messy|contracting,12,-49.8679,8.33,-5.98,1,-65.7897,0.0,-0.66,-1.25,UNRELIABLE,,
levels,Camarilla pivots (reversion),15m,short,downtrend|at range low|messy|contracting,0,,,,0,,,,,NO-TRADES,,
levels,Camarilla pivots (reversion),15m,long,transition|at range high|messy|expanding,0,,,,0,,,,,NO-TRADES,,
levels,Camarilla pivots (reversion),15m,short,transition|at range high|messy|expanding,21,3.3752,47.62,0.71,6,-8.7125,33.33,-0.52,-2.24,UNRELIABLE,0.6712,
levels,Camarilla pivots (reversion),15m,long,transition|at range low|messy|contracting,16,-15.7792,31.25,-2.52,3,-65.2645,0.0,-1.96,-2.7,UNRELIABLE,,
levels,Camarilla pivots (reversion),15m,short,transition|at range low|messy|contracting,0,,,,0,,,,,NO-TRADES,,
levels,Camarilla pivots (reversion),15m,long,transition|mid range|clean|expanding,6,-9.4335,33.33,-0.57,4,-23.0778,25.0,-0.92,-1.53,UNRELIABLE,,
levels,Camarilla pivots (reversion),15m,short,transition|mid range|clean|expanding,4,-64.7027,0.0,-2.59,1,105.5164,100.0,1.06,-0.61,UNRELIABLE,,0.0272
levels,Camarilla pivots (reversion),15m,long,downtrend|at range low|messy|expanding,36,-4.5962,36.11,-1.65,10,-14.724,30.0,-1.47,-3.22,FAIL,2.062,
levels,Camarilla pivots (reversion),15m,short,downtrend|at range low|messy|expanding,0,,,,0,,,,,NO-TRADES,,
levels,Camarilla pivots (reversion),15m,long,transition|at range low|messy|expanding,36,-9.6309,36.11,-3.47,8,16.0171,50.0,1.28,-1.74,FAIL,,0.3288
levels,Camarilla pivots (reversion),15m,short,transition|at range low|messy|expanding,0,,,,0,,,,,NO-TRADES,,
levels,Camarilla pivots (reversion),15m,long,downtrend|pulling back in trend|clean|contracting,1,39.1371,100.0,0.39,0,0.0,0.0,0.0,0.0,UNRELIABLE,0.1085,
levels,Camarilla pivots (reversion),15m,short,downtrend|pulling back in trend|clean|contracting,2,58.0472,100.0,1.16,0,0.0,0.0,0.0,0.0,UNRELIABLE,0.0516,
levels,Camarilla pivots (reversion),15m,long,uptrend|pulling back in trend|clean|contracting,1,104.2535,100.0,1.04,1,-65.0174,0.0,-0.65,-1.08,UNRELIABLE,0.0388,
levels,Camarilla pivots (reversion),15m,short,uptrend|pulling back in trend|clean|contracting,1,-62.24,0.0,-0.62,0,0.0,0.0,0.0,0.0,UNRELIABLE,,
levels,Camarilla pivots (reversion),15m,long,uptrend|at range high|clean|contracting,0,,,,0,,,,,NO-TRADES,,
levels,Camarilla pivots (reversion),15m,short,uptrend|at range high|clean|contracting,6,19.598,50.0,1.18,3,-8.8246,33.33,-0.26,-1.3,UNRELIABLE,0.2712,
levels,Camarilla pivots (reversion),15m,long,downtrend|pulling back in trend|clean|expanding,0,0.0,0.0,0.0,1,103.8484,100.0,1.04,-0.46,UNRELIABLE,,0.0426
levels,Camarilla pivots (reversion),15m,short,downtrend|pulling back in trend|clean|expanding,3,-8.8055,33.33,-0.26,1,-65.1572,0.0,-0.65,-0.65,UNRELIABLE,,
levels,Camarilla pivots (reversion),15m,long,uptrend|pulling back in trend|clean|expanding,4,19.1868,50.0,0.77,0,0.0,0.0,0.0,0.0,UNRELIABLE,0.2834,
levels,Camarilla pivots (reversion),15m,short,uptrend|pulling back in trend|clean|expanding,0,0.0,0.0,0.0,0,0.0,0.0,0.0,0.0,UNRELIABLE,,
levels,Camarilla pivots (reversion),15m,long,transition|at range high|clean|contracting,0,,,,0,,,,,NO-TRADES,,
levels,Camarilla pivots (reversion),15m,short,transition|at range high|clean|contracting,7,-3.6141,42.86,-0.25,3,-8.3977,33.33,-0.25,-1.3,UNRELIABLE,2.1632,
levels,Camarilla pivots (reversion),15m,long,transition|mid range|messy|stalling,1,56.1657,100.0,0.56,0,0.0,0.0,0.0,0.0,UNRELIABLE,0.0817,
levels,Camarilla pivots (reversion),15m,short,transition|mid range|messy|stalling,0,0.0,0.0,0.0,0,0.0,0.0,0.0,0.0,UNRELIABLE,,
levels,Camarilla pivots (reversion),15m,long,transition|at range high|clean|expanding,1,-65.3422,0.0,-0.65,0,0.0,0.0,0.0,0.0,UNRELIABLE,,
levels,Camarilla pivots (reversion),15m,short,transition|at range high|clean|expanding,16,-0.7125,43.75,-0.11,13,-7.3811,38.46,-0.96,-3.53,UNRELIABLE,1.104,14.3688
levels,Camarilla pivots (reversion),15m,long,uptrend|at range high|clean|expanding,0,,,,0,,,,,NO-TRADES,,
levels,Camarilla pivots (reversion),15m,short,uptrend|at range high|clean|expanding,20,-10.5234,35.0,-2.1,5,2.3223,40.0,0.12,-1.46,UNRELIABLE,,0.7793
levels,Camarilla pivots (reversion),15m,long,downtrend|at range low|clean|contracting,7,-17.2934,28.57,-1.21,3,-64.8487,0.0,-1.95,-1.95,UNRELIABLE,,
levels,Camarilla pivots (reversion),15m,short,downtrend|at range low|clean|contracting,0,,,,0,,,,,NO-TRADES,,
levels,Camarilla pivots (reversion),15m,long,transition|at range low|clean|contracting,9,-54.1907,11.11,-4.88,7,-17.2992,28.57,-1.21,-2.83,UNRELIABLE,,
levels,Camarilla pivots (reversion),15m,short,transition|at range low|clean|contracting,0,,,,0,,,,,NO-TRADES,,
levels,Camarilla pivots (reversion),15m,long,transition|at range low|clean|expanding,21,-13.2411,33.33,-2.78,8,-22.9571,25.0,-1.84,-2.85,FAIL,,
levels,Camarilla pivots (reversion),15m,short,transition|at range low|clean|expanding,0,,,,0,,,,,NO-TRADES,,
levels,Camarilla pivots (reversion),15m,long,downtrend|at range low|clean|expanding,31,-2.2009,41.94,-0.68,11,-34.1442,18.18,-3.76,-4.75,FAIL,1.3635,
levels,Camarilla pivots (reversion),15m,short,downtrend|at range low|clean|expanding,0,,,,0,,,,,NO-TRADES,,
levels,Camarilla pivots (reversion),15m,long,downtrend|pulling back in trend|messy|stalling,0,,,,0,,,,,NO-TRADES,,
levels,Camarilla pivots (reversion),15m,short,downtrend|pulling back in trend|messy|stalling,1,104.5203,100.0,1.05,1,104.6413,100.0,1.05,-0.22,UNRELIABLE,0.0364,0.0352
levels,Camarilla pivots (reversion),15m,long,downtrend|at range high|messy|contracting,0,,,,0,,,,,NO-TRADES,,
levels,Camarilla pivots (reversion),15m,short,downtrend|at range high|messy|contracting,6,-9.0429,33.33,-0.54,2,19.2628,50.0,0.39,-0.69,UNRELIABLE,,0.2802
levels,Camarilla pivots (reversion),15m,long,uptrend|pulling back in trend|messy|stalling,1,-65.2748,0.0,-0.65,0,0.0,0.0,0.0,0.0,UNRELIABLE,,
levels,Camarilla pivots (reversion),15m,short,uptrend|pulling back in trend|messy|stalling,1,104.6585,100.0,1.05,0,0.0,0.0,0.0,0.0,UNRELIABLE,0.0351,
levels,Camarilla pivots (reversion),15m,long,downtrend|at range high|messy|expanding,0,,,,0,,,,,NO-TRADES,,
levels,Camarilla pivots (reversion),15m,short,downtrend|at range high|messy|expanding,10,-37.9848,20.0,-3.8,4,-22.0251,25.0,-0.88,-1.93,UNRELIABLE,,
levels,Camarilla pivots (reversion),15m,long,uptrend|at range high|messy|stalling,0,,,,0,,,,,NO-TRADES,,
levels,Camarilla pivots (reversion),15m,short,uptrend|at range high|messy|stalling,6,19.3086,50.0,1.16,2,74.8668,100.0,1.5,-0.51,UNRELIABLE,0.2825,0.041
levels,Williams fractals,1h,long,transition|mid range|messy|contracting,260,-2.6354,40.0,-6.85,80,-7.9042,38.75,-6.32,-16.44,FAIL,,
levels,Williams fractals,1h,short,transition|mid range|messy|contracting,257,-3.051,39.3,-7.84,68,-7.6841,35.29,-5.23,-15.03,FAIL,,
levels,Williams fractals,1h,long,transition|mid range|messy|expanding,157,-1.964,42.04,-3.08,45,-11.4021,40.0,-5.13,-14.78,FAIL,,
levels,Williams fractals,1h,short,transition|mid range|messy|expanding,167,0.3082,40.12,0.51,51,-10.4089,35.29,-5.31,-12.68,FAIL,,
levels,Williams fractals,1h,long,uptrend|at range high|messy|contracting,119,-3.3332,39.5,-3.97,38,-9.1504,36.84,-3.48,-9.98,FAIL,,
levels,Williams fractals,1h,short,uptrend|at range high|messy|contracting,181,-7.7547,39.23,-14.04,68,-21.8236,33.82,-14.84,-19.23,FAIL,,
levels,Williams fractals,1h,long,downtrend|pulling back in trend|messy|contracting,168,-10.4783,36.9,-17.6,45,11.4125,46.67,5.14,-9.78,FAIL,,
levels,Williams fractals,1h,short,downtrend|pulling back in trend|messy|contracting,180,-5.5306,37.78,-9.96,50,3.3164,40.0,1.66,-11.19,FAIL,,
levels,Williams fractals,1h,long,uptrend|pulling back in trend|messy|contracting,195,-0.2951,41.03,-0.58,67,-15.1628,38.81,-10.16,-13.06,FAIL,,
levels,Williams fractals,1h,short,uptrend|pulling back in trend|messy|contracting,160,-2.8313,37.5,-4.53,53,25.3752,45.28,13.45,-9.3,FAIL,,
levels,Williams fractals,1h,long,uptrend|at range high|messy|expanding,110,-18.7003,30.91,-20.57,50,-18.173,38.0,-9.09,-15.55,FAIL,,
levels,Williams fractals,1h,short,uptrend|at range high|messy|expanding,71,-7.7871,38.03,-5.53,29,75.8326,58.62,21.99,-5.44,FAIL,,
levels,Williams fractals,1h,long,downtrend|pulling back in trend|messy|expanding,132,-9.9612,37.88,-13.15,37,-11.0671,35.14,-4.09,-10.11,FAIL,,
levels,Williams fractals,1h,short,downtrend|pulling back in trend|messy|expanding,89,-24.517,30.34,-21.82,30,5.4895,43.33,1.65,-8.92,FAIL,,
levels,Williams fractals,1h,long,transition|at range high|messy|contracting,102,14.6515,46.08,14.94,31,7.4474,45.16,2.31,-7.22,SURVIVOR,,
levels,Williams fractals,1h,short,transition|at range high|messy|contracting,166,-21.1405,34.34,-35.09,52,-12.1769,32.69,-6.33,-16.2,FAIL,,
levels,Williams fractals,1h,long,uptrend|pulling back in trend|messy|expanding,84,-0.4472,39.29,-0.38,24,-7.5776,37.5,-1.82,-9.38,FAIL,,
levels,Williams fractals,1h,short,uptrend|pulling back in trend|messy|expanding,143,-7.9479,37.06,-11.37,38,-30.8739,31.58,-11.73,-16.74,FAIL,,
levels,Williams fractals,1h,long,transition|at range high|messy|expanding,131,7.513,41.98,9.84,45,-2.3721,40.0,-1.07,-7.95,FAIL,,
levels,Williams fractals,1h,short,transition|at range high|messy|expanding,61,17.594,47.54,10.73,15,37.72,53.33,5.66,-2.72,SURVIVOR,,
levels,Williams fractals,1h,long,downtrend|at range low|messy|contracting,138,-8.0953,39.13,-11.17,45,6.2372,42.22,2.81,-8.86,FAIL,,
levels,Williams fractals,1h,short,downtrend|at range low|messy|contracting,82,-25.0233,30.49,-20.52,21,22.5187,42.86,4.73,-5.2,FAIL,,
levels,Williams fractals,1h,long,transition|at range low|messy|contracting,137,2.7528,40.88,3.77,41,45.4423,53.66,18.63,-4.92,SURVIVOR,,
levels,Williams fractals,1h,short,transition|at range low|messy|contracting,80,26.925,42.5,21.54,23,-12.1607,34.78,-2.8,-6.86,FAIL,,
levels,Williams fractals,1h,long,downtrend|at range low|messy|expanding,53,-37.6359,26.42,-19.95,17,86.4667,70.59,14.7,-4.44,FAIL,,
levels,Williams fractals,1h,short,downtrend|at range low|messy|expanding,100,0.9434,35.0,0.94,30,4.9709,36.67,1.49,-14.44,SURVIVOR,,
levels,Williams fractals,1h,long,transition|at range low|messy|expanding,28,-55.635,21.43,-15.58,20,-6.2333,35.0,-1.25,-8.19,FAIL,,
levels,Williams fractals,1h,short,transition|at range low|messy|expanding,114,-17.8497,33.33,-20.35,44,11.2534,40.91,4.95,-8.9,FAIL,,
levels,Williams fractals,1h,long,transition|mid range|clean|contracting,100,-9.7701,37.0,-9.77,29,-36.6066,24.14,-10.62,-12.84,FAIL,,
levels,Williams fractals,1h,short,transition|mid range|clean|contracting,102,-10.0166,40.2,-10.22,27,-20.2854,29.63,-5.48,-12.26,FAIL,,
levels,Williams fractals,1h,long,transition|mid range|clean|expanding,62,-8.6571,38.71,-5.37,21,67.3261,61.9,14.14,-3.73,FAIL,,
levels,Williams fractals,1h,short,transition|mid range|clean|expanding,57,-29.0029,31.58,-16.53,20,-70.9424,25.0,-14.19,-16.19,FAIL,,
levels,Williams fractals,1h,long,transition|mid range|messy|stalling,79,-17.7853,34.18,-14.05,23,13.6139,43.48,3.13,-8.96,FAIL,,
levels,Williams fractals,1h,short,transition|mid range|messy|stalling,66,-14.6409,34.85,-9.66,22,45.2809,54.55,9.96,-5.17,FAIL,,
levels,Williams fractals,1h,long,transition|at range high|clean|contracting,29,-5.9583,41.38,-1.73,13,5.8955,46.15,0.77,-5.59,FAIL,,
levels,Williams fractals,1h,short,transition|at range high|clean|contracting,81,2.6545,37.04,2.15,28,-41.3047,25.0,-11.57,-16.66,FAIL,,
levels,Williams fractals,1h,long,downtrend|pulling back in trend|clean|contracting,70,-8.4043,40.0,-5.88,24,-34.132,29.17,-8.19,-10.63,FAIL,,
levels,Williams fractals,1h,short,downtrend|pulling back in trend|clean|contracting,69,-14.3299,37.68,-9.89,26,-4.1333,34.62,-1.07,-6.29,FAIL,,
levels,Williams fractals,1h,long,uptrend|pulling back in trend|clean|contracting,77,-7.014,37.66,-5.4,25,-30.7566,36.0,-7.69,-12.8,FAIL,,
levels,Williams fractals,1h,short,uptrend|pulling back in trend|clean|contracting,77,21.0451,42.86,16.2,16,-60.2492,25.0,-9.64,-11.5,FAIL,,
levels,Williams fractals,1h,long,uptrend|at range high|clean|contracting,47,14.6691,40.43,6.89,15,-50.3194,20.0,-7.55,-8.79,FAIL,,
levels,Williams fractals,1h,short,uptrend|at range high|clean|contracting,62,-27.911,30.65,-17.3,31,-40.3995,25.81,-12.52,-13.18,FAIL,,
levels,Williams fractals,1h,long,uptrend|pulling back in trend|clean|expanding,33,2.8021,39.39,0.92,9,1.1372,33.33,0.1,-5.44,SURVIVOR,,
levels,Williams fractals,1h,short,uptrend|pulling back in trend|clean|expanding,44,-44.7292,22.73,-19.68,18,-42.1956,33.33,-7.6,-10.7,FAIL,,
levels,Williams fractals,1h,long,downtrend|pulling back in trend|clean|expanding,43,3.3374,41.86,1.44,15,-32.4444,33.33,-4.87,-7.37,FAIL,,
levels,Williams fractals,1h,short,downtrend|pulling back in trend|clean|expanding,49,-17.3657,36.73,-8.51,12,-59.6163,16.67,-7.15,-9.95,FAIL,,
levels,Williams fractals,1h,long,transition|at range high|clean|expanding,41,-4.4232,39.02,-1.81,13,-10.2283,38.46,-1.33,-5.7,FAIL,,
levels,Williams fractals,1h,short,transition|at range high|clean|expanding,19,15.3367,36.84,2.91,12,39.0263,33.33,4.68,-3.0,UNRELIABLE,,
levels,Williams fractals,1h,long,transition|at range low|clean|contracting,68,-25.418,32.35,-17.28,21,-39.0327,28.57,-8.2,-9.36,FAIL,,
levels,Williams fractals,1h,short,transition|at range low|clean|contracting,22,10.0342,45.45,2.21,16,4.8903,43.75,0.78,-4.87,SURVIVOR,,
levels,Williams fractals,1h,long,downtrend|at range high|messy|contracting,33,-19.0634,36.36,-6.29,13,-19.8314,30.77,-2.58,-6.12,FAIL,,
levels,Williams fractals,1h,short,downtrend|at range high|messy|contracting,78,-26.0466,33.33,-20.32,22,28.8631,50.0,6.35,-3.44,FAIL,,
levels,Williams fractals,1h,long,uptrend|at range high|clean|expanding,42,-56.1204,23.81,-23.57,20,3.978,40.0,0.8,-7.95,FAIL,,
levels,Williams fractals,1h,short,uptrend|at range high|clean|expanding,20,-37.515,25.0,-7.5,9,-41.2219,33.33,-3.71,-6.66,FAIL,,
levels,Williams fractals,1h,long,downtrend|at range low|clean|contracting,59,-17.3073,37.29,-10.21,22,-13.5885,36.36,-2.99,-7.86,FAIL,,
levels,Williams fractals,1h,short,downtrend|at range low|clean|contracting,24,-9.5605,41.67,-2.29,11,140.4367,81.82,15.45,-1.75,FAIL,,
levels,Williams fractals,1h,long,downtrend|pulling back in trend|messy|stalling,53,6.7419,41.51,3.57,7,-9.0141,42.86,-0.63,-4.9,UNRELIABLE,,
levels,Williams fractals,1h,short,downtrend|pulling back in trend|messy|stalling,38,5.2479,42.11,1.99,12,-87.7597,8.33,-10.53,-10.57,FAIL,,
levels,Williams fractals,1h,long,uptrend|at range high|messy|stalling,45,1.9744,44.44,0.89,16,-37.1757,50.0,-5.95,-8.49,FAIL,,
levels,Williams fractals,1h,short,uptrend|at range high|messy|stalling,29,-74.8607,10.34,-21.71,14,-34.5309,35.71,-4.83,-6.65,FAIL,,
levels,Williams fractals,1h,long,transition|at range low|clean|expanding,7,25.0627,42.86,1.75,6,6.5804,33.33,0.39,-5.82,UNRELIABLE,,
levels,Williams fractals,1h,short,transition|at range low|clean|expanding,38,-33.369,28.95,-12.68,15,0.5468,40.0,0.08,-7.63,FAIL,,
levels,Williams fractals,1h,long,uptrend|pulling back in trend|messy|stalling,44,-28.0507,31.82,-12.34,12,0.3074,50.0,0.04,-3.67,FAIL,,
levels,Williams fractals,1h,short,uptrend|pulling back in trend|messy|stalling,53,-29.433,43.4,-15.6,20,-49.4637,30.0,-9.89,-9.89,FAIL,,
levels,Williams fractals,1h,long,uptrend|at range low|messy|contracting,86,0.2116,43.02,0.18,25,-48.1475,28.0,-12.04,-17.47,FAIL,,
levels,Williams fractals,1h,short,uptrend|at range low|messy|contracting,30,17.072,43.33,5.12,10,-4.0406,40.0,-0.4,-6.79,FAIL,,
levels,Williams fractals,1h,long,downtrend|at range high|messy|expanding,44,26.1879,47.73,11.52,17,7.8118,41.18,1.33,-8.71,SURVIVOR,,
levels,Williams fractals,1h,short,downtrend|at range high|messy|expanding,18,44.8962,55.56,8.08,7,-25.5421,42.86,-1.79,-4.08,UNRELIABLE,,
levels,Williams fractals,1h,long,uptrend|at range low|messy|expanding,17,-29.9946,29.41,-5.1,6,-70.9094,16.67,-4.25,-4.25,UNRELIABLE,,
levels,Williams fractals,1h,short,uptrend|at range low|messy|expanding,33,-52.949,24.24,-17.47,8,52.0746,62.5,4.17,-3.35,FAIL,,
levels,Williams fractals,1h,long,downtrend|at range low|clean|expanding,12,-10.4351,41.67,-1.25,6,58.0473,50.0,3.48,-3.4,UNRELIABLE,,
levels,Williams fractals,1h,short,downtrend|at range low|clean|expanding,37,0.549,35.14,0.2,19,-0.383,36.84,-0.07,-7.03,FAIL,,
levels,Williams fractals,15m,long,transition|mid range|messy|contracting,750,-3.3712,38.0,-25.28,249,2.6572,41.37,6.62,-12.11,FAIL,1.7141,0.7756
levels,Williams fractals,15m,short,transition|mid range|messy|contracting,712,-5.2107,36.1,-37.1,236,-4.3969,36.86,-10.38,-19.16,FAIL,5.0687,2.3994
levels,Williams fractals,15m,long,transition|mid range|messy|expanding,467,-8.4706,34.26,-39.56,157,-2.1746,42.04,-3.41,-9.23,FAIL,,1.3571
levels,Williams fractals,15m,short,transition|mid range|messy|expanding,485,-8.936,32.37,-43.34,150,-6.1635,35.33,-9.25,-11.3,FAIL,,5.5596
levels,Williams fractals,15m,long,downtrend|pulling back in trend|messy|contracting,538,-4.1151,39.03,-22.14,178,-9.0718,36.52,-16.15,-25.62,FAIL,2.3539,
levels,Williams fractals,15m,short,downtrend|pulling back in trend|messy|contracting,590,-7.372,33.22,-43.49,171,-6.3697,35.67,-10.89,-14.29,FAIL,,8.7498
levels,Williams fractals,15m,long,uptrend|at range high|messy|contracting,340,-8.88,33.24,-30.19,129,6.6858,41.09,8.62,-10.57,FAIL,,0.5573
levels,Williams fractals,15m,short,uptrend|at range high|messy|contracting,523,-8.7306,33.27,-45.66,191,-11.985,31.94,-22.89,-26.03,FAIL,,
levels,Williams fractals,15m,long,uptrend|pulling back in trend|messy|contracting,595,-3.9857,37.82,-23.72,182,-12.0226,32.97,-21.88,-24.45,FAIL,2.1177,
levels,Williams fractals,15m,short,uptrend|pulling back in trend|messy|contracting,512,-8.7813,33.2,-44.96,180,-10.5937,35.0,-19.07,-21.5,FAIL,,
levels,Williams fractals,15m,long,downtrend|pulling back in trend|messy|expanding,397,-8.0222,34.01,-31.85,128,-1.3056,39.84,-1.67,-12.87,FAIL,,1.188
levels,Williams fractals,15m,short,downtrend|pulling back in trend|messy|expanding,311,-10.0757,33.44,-31.34,107,-12.9126,32.71,-13.82,-18.49,FAIL,,
levels,Williams fractals,15m,long,uptrend|pulling back in trend|messy|expanding,278,-12.3867,32.01,-34.44,118,-18.9187,27.97,-22.32,-22.82,FAIL,,
levels,Williams fractals,15m,short,uptrend|pulling back in trend|messy|expanding,417,-4.8517,37.65,-20.23,144,-15.3044,30.56,-22.04,-26.17,FAIL,2.9387,
levels,Williams fractals,15m,long,transition|at range high|messy|contracting,314,-6.5912,36.31,-20.7,119,-6.5194,36.13,-7.76,-13.17,FAIL,4.4386,4.5857
levels,Williams fractals,15m,short,transition|at range high|messy|contracting,561,-3.7844,37.43,-21.23,185,-14.492,30.27,-26.81,-30.53,FAIL,2.0968,
levels,Williams fractals,15m,long,uptrend|at range high|messy|expanding,387,-8.2163,34.11,-31.8,147,-4.106,35.37,-6.04,-13.7,FAIL,,1.9174
levels,Williams fractals,15m,short,uptrend|at range high|messy|expanding,206,-7.7897,35.92,-16.05,90,-15.4162,28.89,-13.87,-17.27,FAIL,,
levels,Williams fractals,15m,long,transition|mid range|clean|contracting,441,-4.1918,36.96,-18.49,140,1.8595,40.71,2.6,-8.91,FAIL,2.0864,0.8113
levels,Williams fractals,15m,short,transition|mid range|clean|contracting,437,-4.2986,36.84,-18.78,161,-10.6741,34.16,-17.19,-19.99,FAIL,2.7475,
levels,Williams fractals,15m,long,downtrend|at range low|messy|contracting,430,-6.2298,36.28,-26.79,138,-11.1914,32.61,-15.44,-22.27,FAIL,6.0549,
levels,Williams fractals,15m,short,downtrend|at range low|messy|contracting,264,-6.3814,36.74,-16.85,87,-14.1567,31.03,-12.32,-15.83,FAIL,10.6076,
levels,Williams fractals,15m,long,transition|at range high|messy|expanding,363,-7.9215,34.44,-28.75,122,-1.4361,40.16,-1.75,-7.65,FAIL,,1.2033
levels,Williams fractals,15m,short,transition|at range high|messy|expanding,179,-5.8641,37.99,-10.5,69,-14.1654,27.54,-9.77,-13.79,FAIL,5.0856,
levels,Williams fractals,15m,long,transition|at range low|messy|contracting,443,-8.4349,33.86,-37.37,133,-19.883,26.32,-26.44,-29.1,FAIL,,
levels,Williams fractals,15m,short,transition|at range low|messy|contracting,244,-3.5158,38.11,-8.58,96,-21.862,25.0,-20.99,-21.61,FAIL,1.8943,
levels,Williams fractals,15m,long,transition|mid range|clean|expanding,296,-13.7378,29.39,-40.66,100,-16.8061,30.0,-16.81,-20.22,FAIL,,
levels,Williams fractals,15m,short,transition|mid range|clean|expanding,296,-1.6914,38.51,-5.01,102,8.3082,44.12,8.47,-4.95,FAIL,1.3033,0.4723
levels,Williams fractals,15m,long,downtrend|at range low|messy|expanding,186,-8.8942,34.41,-16.54,76,-13.3002,34.21,-10.11,-10.31,FAIL,,
levels,Williams fractals,15m,short,downtrend|at range low|messy|expanding,295,-12.4376,30.85,-36.69,100,-8.3623,35.0,-8.36,-9.93,FAIL,,
levels,Williams fractals,15m,long,transition|at range low|messy|expanding,150,-8.32,36.0,-12.48,54,-19.8267,27.78,-10.71,-11.43,FAIL,,
levels,Williams fractals,15m,short,transition|at range low|messy|expanding,335,-5.1936,35.82,-17.4,106,1.5978,41.51,1.69,-4.59,FAIL,3.3735,0.8222
levels,Williams fractals,15m,long,downtrend|pulling back in trend|clean|contracting,296,-3.1088,39.86,-9.2,111,-4.9418,36.94,-5.49,-10.89,FAIL,1.5589,2.3346
levels,Williams fractals,15m,short,downtrend|pulling back in trend|clean|contracting,328,-11.8801,31.1,-38.97,124,-15.2174,32.26,-18.87,-23.58,FAIL,,
levels,Williams fractals,15m,long,uptrend|pulling back in trend|clean|contracting,356,-11.1283,30.34,-39.62,126,-12.685,30.95,-15.98,-17.5,FAIL,,
levels,Williams fractals,15m,short,uptrend|pulling back in trend|clean|contracting,298,-11.2336,33.89,-33.48,107,-4.3635,38.32,-4.67,-11.69,FAIL,,2.2457
levels,Williams fractals,15m,long,uptrend|at range high|clean|contracting,186,-3.3995,37.63,-6.32,68,-13.192,30.88,-8.97,-12.04,FAIL,1.6742,
levels,Williams fractals,15m,short,uptrend|at range high|clean|contracting,302,-6.7777,35.1,-20.47,106,-6.8506,35.85,-7.26,-12.2,FAIL,26.7962,14.4066
levels,Williams fractals,15m,long,downtrend|pulling back in trend|clean|expanding,239,-11.5599,32.22,-27.63,91,-0.3503,39.56,-0.32,-7.07,FAIL,,1.0446
levels,Williams fractals,15m,short,downtrend|pulling back in trend|clean|expanding,172,-13.0158,31.98,-22.39,65,-16.0341,29.23,-10.42,-12.45,FAIL,,
levels,Williams fractals,15m,long,uptrend|pulling back in trend|clean|expanding,185,-13.6955,30.27,-25.34,60,-20.5478,30.0,-12.33,-13.63,FAIL,,
levels,Williams fractals,15m,short,uptrend|pulling back in trend|clean|expanding,262,-5.2063,36.26,-13.64,85,0.1591,41.18,0.14,-5.37,FAIL,3.5055,0.9794
levels,Williams fractals,15m,long,transition|at range high|clean|contracting,142,-9.4456,33.1,-13.41,57,-31.3716,19.3,-17.88,-18.5,FAIL,,
levels,Williams fractals,15m,short,transition|at range high|clean|contracting,317,-3.7542,38.49,-11.9,98,-8.1346,35.71,-7.97,-12.09,FAIL,2.189,
levels,Williams fractals,15m,long,transition|mid range|messy|stalling,266,-7.9421,34.59,-21.13,85,-18.3846,28.24,-15.63,-17.4,FAIL,25.1197,
levels,Williams fractals,15m,short,transition|mid range|messy|stalling,227,-6.4994,36.12,-14.75,75,-9.2645,34.67,-6.95,-9.67,FAIL,11.889,
levels,Williams fractals,15m,long,transition|at range high|clean|expanding,231,1.559,41.56,3.6,85,5.5682,45.88,4.73,-4.21,SURVIVOR,0.8532,0.5968
levels,Williams fractals,15m,short,transition|at range high|clean|expanding,88,-3.8407,38.64,-3.38,30,-39.8374,13.33,-11.95,-13.82,FAIL,2.1226,
levels,Williams fractals,15m,long,uptrend|at range high|clean|expanding,255,-7.7773,34.51,-19.83,69,0.9535,40.58,0.66,-9.26,FAIL,14.4482,0.8951
levels,Williams fractals,15m,short,uptrend|at range high|clean|expanding,101,-15.2985,27.72,-15.45,41,-16.4843,29.27,-6.76,-10.93,FAIL,,
levels,Williams fractals,15m,long,downtrend|at range low|clean|contracting,209,-9.7255,34.93,-20.33,70,-12.6453,32.86,-8.85,-12.29,FAIL,,
levels,Williams fractals,15m,short,downtrend|at range low|clean|contracting,138,-11.9355,31.88,-16.47,58,-5.6229,36.21,-3.26,-8.31,FAIL,,3.1982
levels,Williams fractals,15m,long,transition|at range low|clean|contracting,251,-1.9161,40.64,-4.81,74,-12.9234,36.49,-9.56,-10.88,FAIL,1.2795,
levels,Williams fractals,15m,short,transition|at range low|clean|contracting,118,-4.423,36.44,-5.22,40,-0.597,37.5,-0.24,-4.09,FAIL,2.5159,1.082
levels,Williams fractals,15m,long,transition|at range low|clean|expanding,53,-13.3023,32.08,-7.05,30,-10.2154,33.33,-3.06,-4.14,FAIL,,
levels,Williams fractals,15m,short,transition|at range low|clean|expanding,182,-7.8288,33.52,-14.25,76,-10.2917,34.21,-7.82,-12.31,FAIL,,
levels,Williams fractals,15m,long,downtrend|at range low|clean|expanding,64,-17.5009,32.81,-11.2,24,-12.6224,37.5,-3.03,-4.26,FAIL,,
levels,Williams fractals,15m,short,downtrend|at range low|clean|expanding,188,-13.0747,30.32,-24.58,77,-12.9931,31.17,-10.0,-10.1,FAIL,,
levels,Williams fractals,15m,long,downtrend|pulling back in trend|messy|stalling,181,-2.8937,39.78,-5.24,66,7.9965,45.45,5.28,-5.66,FAIL,1.5406,0.5133
levels,Williams fractals,15m,short,downtrend|pulling back in trend|messy|stalling,146,-5.2747,37.67,-7.7,55,-6.1687,34.55,-3.39,-7.09,FAIL,3.5809,7.7965
levels,Williams fractals,15m,long,downtrend|at range high|messy|contracting,109,-1.9635,39.45,-2.14,31,-4.8001,35.48,-1.49,-4.48,FAIL,1.304,2.2115
levels,Williams fractals,15m,short,downtrend|at range high|messy|contracting,239,-9.0761,33.89,-21.69,88,-13.4632,30.68,-11.85,-16.62,FAIL,,
levels,Williams fractals,15m,long,uptrend|pulling back in trend|messy|stalling,147,-12.8088,32.65,-18.83,48,-23.0873,25.0,-11.08,-13.32,FAIL,,
levels,Williams fractals,15m,short,uptrend|pulling back in trend|messy|stalling,180,-7.2599,35.56,-13.07,60,-14.5714,28.33,-8.74,-9.24,FAIL,27.2425,
levels,Williams fractals,15m,long,downtrend|at range high|messy|expanding,173,-8.1593,35.84,-14.12,61,0.0987,39.34,0.06,-6.01,FAIL,,0.9885
levels,Williams fractals,15m,short,downtrend|at range high|messy|expanding,68,-9.5994,36.76,-6.53,27,-15.6123,29.63,-4.22,-5.65,FAIL,,
levels,Williams fractals,15m,long,uptrend|at range high|messy|stalling,155,-10.4254,31.61,-16.16,59,-18.7872,27.12,-11.08,-13.2,FAIL,,
levels,Williams fractals,15m,short,uptrend|at range high|messy|stalling,124,0.5582,39.52,0.69,48,7.2094,45.83,3.46,-5.38,SURVIVOR,0.9297,0.4963
