dataset,config,stop%,target%,tr_n,tr_exp,tr_win%,tr_ret%,tr_dd%,va_n,va_exp,va_win%,va_ret%,va_dd%,pooled_win%,pooled_RR,tr/yr,verdict
GBPUSD,main mode=reversal k=2 w=5 buf=0.1 R=2.0,2.323606908699542,4.6472,1,-233.21296474470728,0.0,-2.3321296474470676,-3.658824212276314,0,0.0,0.0,0.0,0.0,0.0,,0.05520707376058041,INSUFFICIENT-SAMPLE
GBPUSD,main mode=reversal k=2 w=5 buf=0.1 R=3.0,2.323606908699542,6.9708,1,-233.21296474470728,0.0,-2.3321296474470676,-3.658824212276314,0,0.0,0.0,0.0,0.0,0.0,,0.05520707376058041,INSUFFICIENT-SAMPLE
GBPUSD,main mode=reversal k=2 w=5 buf=0.1 R=4.0,2.323606908699542,9.2944,1,-233.21296474470728,0.0,-2.3321296474470676,-3.658824212276314,0,0.0,0.0,0.0,0.0,0.0,,0.05520707376058041,INSUFFICIENT-SAMPLE
GBPUSD,main mode=reversal k=2 w=5 buf=0.2 R=2.0,2.423606908699542,4.8472,1,-243.2130647024569,0.0,-2.4321306470245663,-3.7574668246775764,0,0.0,0.0,0.0,0.0,0.0,,0.05520707376058041,INSUFFICIENT-SAMPLE
GBPUSD,main mode=reversal k=2 w=5 buf=0.2 R=3.0,2.423606908699542,7.2708,1,-243.2130647024569,0.0,-2.4321306470245663,-3.7574668246775764,0,0.0,0.0,0.0,0.0,0.0,,0.05520707376058041,INSUFFICIENT-SAMPLE
GBPUSD,main mode=reversal k=2 w=5 buf=0.2 R=4.0,2.423606908699542,9.6944,1,-243.2130647024569,0.0,-2.4321306470245663,-3.7574668246775764,0,0.0,0.0,0.0,0.0,0.0,,0.05520707376058041,INSUFFICIENT-SAMPLE
GBPUSD,main mode=reversal k=2 w=10 buf=0.1 R=2.0,1.5394045430407266,3.0788,4,-40.89912572569392,25.0,-1.6359650290277528,-4.388524354027681,0,0.0,0.0,0.0,0.0,25.0,1.9480012884870888,0.22082829504232163,INSUFFICIENT-SAMPLE
GBPUSD,main mode=reversal k=2 w=10 buf=0.1 R=3.0,1.5394045430407266,4.6182,4,-151.23409662345466,0.0,-6.049363864938185,-8.207831761122202,0,0.0,0.0,0.0,0.0,0.0,,0.22082829504232163,INSUFFICIENT-SAMPLE
GBPUSD,main mode=reversal k=2 w=10 buf=0.1 R=4.0,1.5394045430407266,6.1576,4,-151.23409662345466,0.0,-6.049363864938185,-8.207831761122202,0,0.0,0.0,0.0,0.0,0.0,,0.22082829504232163,INSUFFICIENT-SAMPLE
GBPUSD,main mode=reversal k=2 w=10 buf=0.2 R=2.0,1.6394045430407265,3.2788,4,-3.222324344417757,25.0,-0.1288929737767064,-4.234119240144781,0,0.0,0.0,0.0,0.0,25.0,2.884637892048498,0.22082829504232163,INSUFFICIENT-SAMPLE
GBPUSD,main mode=reversal k=2 w=10 buf=0.2 R=3.0,1.6394045430407265,4.9182,4,-122.28373115375916,0.0,-4.891349246150368,-8.246271538404775,0,0.0,0.0,0.0,0.0,0.0,,0.22082829504232163,INSUFFICIENT-SAMPLE
GBPUSD,main mode=reversal k=2 w=10 buf=0.2 R=4.0,1.6394045430407265,6.5576,4,-122.28373115375916,0.0,-4.891349246150368,-8.246271538404775,0,0.0,0.0,0.0,0.0,0.0,,0.22082829504232163,INSUFFICIENT-SAMPLE
GBPUSD,main mode=reversal k=3 w=5 buf=0.1 R=2.0,2.967732733680058,5.9355,3,-9.908032494084788,66.66666666666666,-0.2972409748225435,-5.1609712972664665,0,0.0,0.0,0.0,0.0,66.66666666666666,0.45006471478072446,0.16562122128174123,INSUFFICIENT-SAMPLE
GBPUSD,main mode=reversal k=3 w=5 buf=0.1 R=3.0,2.967732733680058,8.9032,3,-9.908032494084788,66.66666666666666,-0.2972409748225435,-5.1609712972664665,0,0.0,0.0,0.0,0.0,66.66666666666666,0.45006471478072446,0.16562122128174123,INSUFFICIENT-SAMPLE
GBPUSD,main mode=reversal k=3 w=5 buf=0.1 R=4.0,2.967732733680058,11.8709,3,-9.908032494084788,66.66666666666666,-0.2972409748225435,-5.1609712972664665,0,0.0,0.0,0.0,0.0,66.66666666666666,0.45006471478072446,0.16562122128174123,INSUFFICIENT-SAMPLE
GBPUSD,main mode=reversal k=3 w=5 buf=0.2 R=2.0,3.067732733680058,6.1355,3,15.309001854765787,66.66666666666666,0.4592700556429685,-4.441364618035686,0,0.0,0.0,0.0,0.0,66.66666666666666,0.6025120499067839,0.16562122128174123,INSUFFICIENT-SAMPLE
GBPUSD,main mode=reversal k=3 w=5 buf=0.2 R=3.0,3.067732733680058,9.2032,3,15.309001854765787,66.66666666666666,0.4592700556429685,-4.441364618035686,0,0.0,0.0,0.0,0.0,66.66666666666666,0.6025120499067839,0.16562122128174123,INSUFFICIENT-SAMPLE
GBPUSD,main mode=reversal k=3 w=5 buf=0.2 R=4.0,3.067732733680058,12.2709,3,15.309001854765787,66.66666666666666,0.4592700556429685,-4.441364618035686,0,0.0,0.0,0.0,0.0,66.66666666666666,0.6025120499067839,0.16562122128174123,INSUFFICIENT-SAMPLE
GBPUSD,main mode=reversal k=3 w=10 buf=0.1 R=2.0,3.2709048468698128,6.5418,7,18.11089218293299,42.857142857142854,1.26776245280531,-11.37880030141018,0,0.0,0.0,0.0,0.0,42.857142857142854,1.558629924367513,0.3864495163240629,INSUFFICIENT-SAMPLE
GBPUSD,main mode=reversal k=3 w=10 buf=0.1 R=3.0,3.2709048468698128,9.8127,7,62.52807226034981,42.857142857142854,4.376965058224491,-11.37880030141018,0,0.0,0.0,0.0,0.0,42.857142857142854,2.111172513308744,0.3864495163240629,INSUFFICIENT-SAMPLE
GBPUSD,main mode=reversal k=3 w=10 buf=0.1 R=4.0,3.2709048468698128,13.0836,7,59.3400328055086,42.857142857142854,4.1538022963856,-11.37880030141018,0,0.0,0.0,0.0,0.0,42.857142857142854,2.071513814333381,0.3864495163240629,INSUFFICIENT-SAMPLE
GBPUSD,main mode=reversal k=3 w=10 buf=0.2 R=2.0,3.370904846869813,6.7418,7,19.3282658166593,42.857142857142854,1.3529786071661443,-11.470425340975135,0,0.0,0.0,0.0,0.0,42.857142857142854,1.5707477082725032,0.3864495163240629,INSUFFICIENT-SAMPLE
GBPUSD,main mode=reversal k=3 w=10 buf=0.2 R=3.0,3.370904846869813,10.1127,7,65.05606900573237,42.857142857142854,4.553924830401268,-11.470425340975135,0,0.0,0.0,0.0,0.0,42.857142857142854,2.132434820528474,0.3864495163240629,INSUFFICIENT-SAMPLE
GBPUSD,main mode=reversal k=3 w=10 buf=0.2 R=4.0,3.370904846869813,13.4836,7,57.801688177118194,42.857142857142854,4.046118172398283,-11.470425340975135,0,0.0,0.0,0.0,0.0,42.857142857142854,2.043327276875403,0.3864495163240629,INSUFFICIENT-SAMPLE
GBPUSD,main mode=continuation k=2 w=5 buf=0.1 R=2.0,1.243735589388522,2.4875,5,22.724890406946724,40.0,1.1362445203473293,-2.488766628245009,0,0.0,0.0,0.0,0.0,40.0,1.944596820203049,0.276035368802902,INSUFFICIENT-SAMPLE
GBPUSD,main mode=continuation k=2 w=5 buf=0.1 R=3.0,1.243735589388522,3.7312,5,72.11582280778748,40.0,3.6057911403893694,-2.488766628244987,0,0.0,0.0,0.0,0.0,40.0,2.8880739058877465,0.276035368802902,INSUFFICIENT-SAMPLE
GBPUSD,main mode=continuation k=2 w=5 buf=0.1 R=4.0,1.243735589388522,4.9749,5,122.10251780370854,40.0,6.105125890185437,-2.488766628244969,0,0.0,0.0,0.0,0.0,40.0,3.8123543632373633,0.276035368802902,INSUFFICIENT-SAMPLE
GBPUSD,main mode=continuation k=2 w=5 buf=0.2 R=2.0,1.343735589388522,2.6875,5,24.464444662657115,40.0,1.223222233132848,-2.686160207187336,0,0.0,0.0,0.0,0.0,40.0,1.9425237207801325,0.276035368802902,INSUFFICIENT-SAMPLE
GBPUSD,main mode=continuation k=2 w=5 buf=0.2 R=3.0,1.343735589388522,4.0312,5,77.79370839286712,40.0,3.889685419643363,-2.6861602071873465,0,0.0,0.0,0.0,0.0,40.0,2.88262356925733,0.276035368802902,INSUFFICIENT-SAMPLE
GBPUSD,main mode=continuation k=2 w=5 buf=0.2 R=4.0,1.343735589388522,5.3749,5,-40.93934374736673,40.0,-2.0469671873683315,-5.662446575730786,0,0.0,0.0,0.0,0.0,40.0,0.7429904586632774,0.276035368802902,INSUFFICIENT-SAMPLE
GBPUSD,main mode=continuation k=2 w=10 buf=0.1 R=2.0,0.9784881263109735,1.957,9,-1.5833782702003292,33.33333333333333,-0.14250404431802588,-2.514469396036407,0,0.0,0.0,0.0,0.0,33.33333333333333,1.9522315838466036,0.49686366384522374,INSUFFICIENT-SAMPLE
GBPUSD,main mode=continuation k=2 w=10 buf=0.1 R=3.0,0.9784881263109735,2.9355,9,30.671602520445756,33.33333333333333,2.7604442268401197,-2.5144693960364415,0,0.0,0.0,0.0,0.0,33.33333333333333,2.9106084064553346,0.49686366384522374,INSUFFICIENT-SAMPLE
GBPUSD,main mode=continuation k=2 w=10 buf=0.1 R=4.0,0.9784881263109735,3.914,9,63.545723938475525,33.33333333333333,5.719115154462795,-2.5144693960364215,0,0.0,0.0,0.0,0.0,33.33333333333333,3.8566870640126765,0.49686366384522374,INSUFFICIENT-SAMPLE
GBPUSD,main mode=continuation k=2 w=10 buf=0.2 R=2.0,1.0784881263109736,2.157,9,34.57138374765095,44.44444444444444,3.1114245372885874,-2.162140440831129,0,0.0,0.0,0.0,0.0,44.44444444444444,1.9418698996981538,0.49686366384522374,INSUFFICIENT-SAMPLE
GBPUSD,main mode=continuation k=2 w=10 buf=0.2 R=3.0,1.0784881263109736,3.2355,9,83.72643332749209,44.44444444444444,7.535378999474296,-2.1621404408311364,0,0.0,0.0,0.0,0.0,44.44444444444444,2.879827761768726,0.49686366384522374,INSUFFICIENT-SAMPLE
GBPUSD,main mode=continuation k=2 w=10 buf=0.2 R=4.0,1.0784881263109736,4.314,9,134.44650379870757,44.44444444444444,12.100185341883684,-2.1621404408311227,0,0.0,0.0,0.0,0.0,44.44444444444444,3.795788628908622,0.49686366384522374,INSUFFICIENT-SAMPLE
GBPUSD,main mode=continuation k=3 w=5 buf=0.1 R=2.0,1.910208594077916,3.8204,3,-4.236168099996576,33.33333333333333,-0.1270850429998971,-1.918689971417225,0,0.0,0.0,0.0,0.0,33.33333333333333,1.9343641501668878,0.16562122128174123,INSUFFICIENT-SAMPLE
GBPUSD,main mode=continuation k=3 w=5 buf=0.1 R=3.0,1.910208594077916,5.7306,3,-106.3041545237508,33.33333333333333,-3.189124635712526,-5.821045075539274,0,0.0,0.0,0.0,0.0,33.33333333333333,0.3270286066958332,0.16562122128174123,INSUFFICIENT-SAMPLE
GBPUSD,main mode=continuation k=3 w=5 buf=0.1 R=4.0,1.910208594077916,7.6408,3,-106.3041545237508,33.33333333333333,-3.189124635712526,-5.821045075539274,0,0.0,0.0,0.0,0.0,33.33333333333333,0.3270286066958332,0.16562122128174123,INSUFFICIENT-SAMPLE
GBPUSD,main mode=continuation k=3 w=5 buf=0.2 R=2.0,2.010208594077916,4.0204,3,-4.620506269016914,33.33333333333333,-0.1386151880705122,-2.018688970994699,0,0.0,0.0,0.0,0.0,33.33333333333333,1.931986577587712,0.16562122128174123,INSUFFICIENT-SAMPLE
GBPUSD,main mode=continuation k=3 w=5 buf=0.2 R=3.0,2.010208594077916,6.0306,3,-112.8810484259878,33.33333333333333,-3.386431452779637,-5.917065421015438,0,0.0,0.0,0.0,0.0,33.33333333333333,0.31066915281409385,0.16562122128174123,INSUFFICIENT-SAMPLE
GBPUSD,main mode=continuation k=3 w=5 buf=0.2 R=4.0,2.010208594077916,8.0408,3,-112.8810484259878,33.33333333333333,-3.386431452779637,-5.917065421015438,0,0.0,0.0,0.0,0.0,33.33333333333333,0.31066915281409385,0.16562122128174123,INSUFFICIENT-SAMPLE
GBPUSD,main mode=continuation k=3 w=10 buf=0.1 R=2.0,1.6870890540442811,3.3742,7,200.98441633876322,71.42857142857143,14.068909143713437,-2.378199613058982,0,0.0,0.0,0.0,0.0,71.42857142857143,1.9637040247452127,0.3864495163240629,INSUFFICIENT-SAMPLE
GBPUSD,main mode=continuation k=3 w=10 buf=0.1 R=3.0,1.6870890540442811,5.0613,7,296.74918236396246,71.42857142857143,20.77244276547736,-4.00083946238043,0,0.0,0.0,0.0,0.0,71.42857142857143,2.658882600363742,0.3864495163240629,INSUFFICIENT-SAMPLE
GBPUSD,main mode=continuation k=3 w=10 buf=0.1 R=4.0,1.6870890540442811,6.7484,7,138.32194984960526,57.14285714285714,9.682536489472371,-5.5754048923389155,0,0.0,0.0,0.0,0.0,57.14285714285714,2.7723221034517542,0.3864495163240629,INSUFFICIENT-SAMPLE
GBPUSD,main mode=continuation k=3 w=10 buf=0.2 R=2.0,1.787089054044281,3.5742,7,213.46421999485315,71.42857142857143,14.942495399639721,-2.477504218559972,0,0.0,0.0,0.0,0.0,71.42857142857143,1.9627388488182986,0.3864495163240629,INSUFFICIENT-SAMPLE
GBPUSD,main mode=continuation k=3 w=10 buf=0.2 R=3.0,1.787089054044281,5.3613,7,114.81535996973409,57.14285714285714,8.037075197881393,-5.575404892338893,0,0.0,0.0,0.0,0.0,57.14285714285714,2.3390417383443154,0.3864495163240629,INSUFFICIENT-SAMPLE
GBPUSD,main mode=continuation k=3 w=10 buf=0.2 R=4.0,1.787089054044281,7.1484,7,140.99558812196872,57.14285714285714,9.86969116853782,-5.575404892338893,0,0.0,0.0,0.0,0.0,57.14285714285714,2.701375447564441,0.3864495163240629,INSUFFICIENT-SAMPLE
GBPUSD,main mode=both k=2 w=5 buf=0.1 R=2.0,1.3060268466827956,2.6121,6,-2.326889085885341,33.33333333333333,-0.1396133451531223,-5.197462297765979,0,0.0,0.0,0.0,0.0,33.33333333333333,1.9478901440291947,0.33124244256348245,INSUFFICIENT-SAMPLE
GBPUSD,main mode=both k=2 w=5 buf=0.1 R=3.0,1.3060268466827956,3.9181,6,40.30946910413877,33.33333333333333,2.4185681462483233,-5.197462297765985,0,0.0,0.0,0.0,0.0,33.33333333333333,2.885594932834242,0.33124244256348245,INSUFFICIENT-SAMPLE
GBPUSD,main mode=both k=2 w=5 buf=0.1 R=4.0,1.3060268466827956,5.2241,6,19.78641660955994,33.33333333333333,1.187184996573598,-6.831363817967319,0,0.0,0.0,0.0,0.0,33.33333333333333,2.438710779803429,0.33124244256348245,INSUFFICIENT-SAMPLE
GBPUSD,main mode=both k=2 w=5 buf=0.2 R=2.0,1.4060268466827954,2.8121,6,-2.5945905355838477,33.33333333333333,-0.15567543213502733,-5.485365416606691,0,0.0,0.0,0.0,0.0,33.33333333333333,1.9460792090610233,0.33124244256348245,INSUFFICIENT-SAMPLE
GBPUSD,main mode=both k=2 w=5 buf=0.2 R=3.0,1.4060268466827954,4.2181,6,43.23133033673639,33.33333333333333,2.5938798202041813,-5.485365416606658,0,0.0,0.0,0.0,0.0,33.33333333333333,2.880133650721755,0.33124244256348245,INSUFFICIENT-SAMPLE
GBPUSD,main mode=both k=2 w=5 buf=0.2 R=4.0,1.4060268466827954,5.6241,6,-60.25613329585516,33.33333333333333,-3.6153679977513065,-7.114304987951433,0,0.0,0.0,0.0,0.0,33.33333333333333,0.7141149048026839,0.33124244256348245,INSUFFICIENT-SAMPLE
GBPUSD,main mode=both k=2 w=10 buf=0.1 R=2.0,1.1863095832503192,2.3726,11,8.750996447334812,36.36363636363637,0.9626096092068215,-2.955778410551392,0,0.0,0.0,0.0,0.0,36.36363636363637,1.9485655897686762,0.6072778113663845,INSUFFICIENT-SAMPLE
GBPUSD,main mode=both k=2 w=10 buf=0.1 R=3.0,1.1863095832503192,3.5589,11,52.04230809451656,36.36363636363637,5.724653890396825,-2.9557784105513956,0,0.0,0.0,0.0,0.0,36.36363636363637,2.901622100220613,0.6072778113663845,INSUFFICIENT-SAMPLE
GBPUSD,main mode=both k=2 w=10 buf=0.1 R=4.0,1.1863095832503192,4.7452,11,76.11216918061969,36.36363636363637,8.37233860986817,-3.9980086749460764,0,0.0,0.0,0.0,0.0,36.36363636363637,3.4027751666851884,0.6072778113663845,INSUFFICIENT-SAMPLE
GBPUSD,main mode=both k=2 w=10 buf=0.2 R=2.0,1.286309583250319,2.5726,11,9.411276423695115,36.36363636363637,1.0352404066064524,-3.053997140134659,0,0.0,0.0,0.0,0.0,36.36363636363637,1.9468262096330797,0.6072778113663845,INSUFFICIENT-SAMPLE
GBPUSD,main mode=both k=2 w=10 buf=0.2 R=3.0,1.286309583250319,3.8589,11,56.36091652166363,36.36363636363637,6.1997008173829915,-3.0539971401346584,0,0.0,0.0,0.0,0.0,36.36363636363637,2.8971356681936418,0.6072778113663845,INSUFFICIENT-SAMPLE
GBPUSD,main mode=both k=2 w=10 buf=0.2 R=4.0,1.286309583250319,5.1452,11,26.74470489063143,36.36363636363637,2.941917537969463,-5.552605614207942,0,0.0,0.0,0.0,0.0,36.36363636363637,2.302712417325537,0.6072778113663845,INSUFFICIENT-SAMPLE
GBPUSD,main mode=both k=3 w=5 buf=0.1 R=2.0,2.7599631700898217,5.5199,6,-82.316673445944,50.0,-4.939000406756644,-9.731464182002082,0,0.0,0.0,0.0,0.0,50.0,0.3924285700418423,0.33124244256348245,INSUFFICIENT-SAMPLE
GBPUSD,main mode=both k=3 w=5 buf=0.1 R=3.0,2.7599631700898217,8.2799,6,-82.316673445944,50.0,-4.939000406756644,-9.731464182002082,0,0.0,0.0,0.0,0.0,50.0,0.3924285700418423,0.33124244256348245,INSUFFICIENT-SAMPLE
GBPUSD,main mode=both k=3 w=5 buf=0.1 R=4.0,2.7599631700898217,11.0399,6,-82.316673445944,50.0,-4.939000406756644,-9.731464182002082,0,0.0,0.0,0.0,0.0,50.0,0.3924285700418423,0.33124244256348245,INSUFFICIENT-SAMPLE
GBPUSD,main mode=both k=3 w=5 buf=0.2 R=2.0,2.859963170089822,5.7199,6,-87.20001392873928,50.0,-5.23200083572436,-9.917046183473879,0,0.0,0.0,0.0,0.0,50.0,0.37819261303368246,0.33124244256348245,INSUFFICIENT-SAMPLE
GBPUSD,main mode=both k=3 w=5 buf=0.2 R=3.0,2.859963170089822,8.5799,6,-87.20001392873928,50.0,-5.23200083572436,-9.917046183473879,0,0.0,0.0,0.0,0.0,50.0,0.37819261303368246,0.33124244256348245,INSUFFICIENT-SAMPLE
GBPUSD,main mode=both k=3 w=5 buf=0.2 R=4.0,2.859963170089822,11.4399,6,-87.20001392873928,50.0,-5.23200083572436,-9.917046183473879,0,0.0,0.0,0.0,0.0,50.0,0.37819261303368246,0.33124244256348245,INSUFFICIENT-SAMPLE
GBPUSD,main mode=both k=3 w=10 buf=0.1 R=2.0,2.7599631700898217,5.5199,10,-74.40609193163945,40.0,-7.440609193163949,-10.433458951827633,0,0.0,0.0,0.0,0.0,40.0,0.6699816350702296,0.552070737605804,INSUFFICIENT-SAMPLE
GBPUSD,main mode=both k=3 w=10 buf=0.1 R=3.0,2.7599631700898217,8.2799,10,-74.40609193163945,40.0,-7.440609193163949,-10.433458951827633,0,0.0,0.0,0.0,0.0,40.0,0.6699816350702296,0.552070737605804,INSUFFICIENT-SAMPLE
GBPUSD,main mode=both k=3 w=10 buf=0.1 R=4.0,2.7599631700898217,11.0399,10,-74.40609193163945,40.0,-7.440609193163949,-10.433458951827633,0,0.0,0.0,0.0,0.0,40.0,0.6699816350702296,0.552070737605804,INSUFFICIENT-SAMPLE
GBPUSD,main mode=both k=3 w=10 buf=0.2 R=2.0,2.859963170089822,5.7199,10,-79.1560234344175,40.0,-7.915602343441752,-10.893093496967868,0,0.0,0.0,0.0,0.0,40.0,0.6457881028486865,0.552070737605804,INSUFFICIENT-SAMPLE
GBPUSD,main mode=both k=3 w=10 buf=0.2 R=3.0,2.859963170089822,8.5799,10,-79.1560234344175,40.0,-7.915602343441752,-10.893093496967868,0,0.0,0.0,0.0,0.0,40.0,0.6457881028486865,0.552070737605804,INSUFFICIENT-SAMPLE
GBPUSD,main mode=both k=3 w=10 buf=0.2 R=4.0,2.859963170089822,11.4399,10,-79.1560234344175,40.0,-7.915602343441752,-10.893093496967868,0,0.0,0.0,0.0,0.0,40.0,0.6457881028486865,0.552070737605804,INSUFFICIENT-SAMPLE
GBPUSD,ablation(a)-no_engulf mode=both k=3 w=10 buf=0.1 R=2.0,1.6935213014517707,3.387,46,27.733036447850203,43.47826086956522,12.757196766011102,-12.260519526409647,17,73.62275546031924,41.17647058823529,12.515868428254272,-7.792669903661562,42.857142857142854,1.9282020232621895,3.4780456469165664,SURVIVOR
GBPUSD,ablation(a)-no_engulf mode=both k=3 w=10 buf=0.1 R=3.0,1.6935213014517707,5.0806,46,-14.956873311664822,34.78260869565217,-6.880161723365818,-24.585385457065463,17,114.01945141926048,41.17647058823529,19.383306741274286,-7.792669903661584,36.507936507936506,2.112332922385646,3.4780456469165664,FAIL
GBPUSD,ablation(a)-no_engulf mode=both k=3 w=10 buf=0.1 R=4.0,1.6935213014517707,6.7741,46,-12.61627436451102,34.78260869565217,-5.803486207675068,-27.36311778793341,17,148.52512152617152,41.17647058823529,25.249270659449152,-7.792669903661557,36.507936507936506,2.330073368793306,3.4780456469165664,FAIL
GBPUSD,ablation(b)-breakout(no_retest) mode=both k=3 buf=0.1 R=2.0,1.9743459284430327,3.9487,52,-14.077752422744966,36.53846153846153,-7.320431259827387,-22.790526263263157,18,194.39095139056997,61.111111111111114,34.9903712503026,-6.429773643887911,42.857142857142854,1.8213278836597488,3.8644951632406284,FAIL
GBPUSD,ablation(b)-breakout(no_retest) mode=both k=3 buf=0.1 R=3.0,1.9743459284430327,5.923,52,2.0242649256829632,34.61538461538461,1.0526177613551457,-21.013510263438366,18,197.72625254770173,61.111111111111114,35.590725458586306,-6.429773643887891,41.42857142857143,2.0606922704665034,3.8644951632406284,SURVIVOR
GBPUSD,ablation(b)-breakout(no_retest) mode=both k=3 buf=0.1 R=4.0,1.9743459284430327,7.8974,52,-4.15258602889802,34.61538461538461,-2.159344735026969,-25.546262355557747,18,170.21489671165375,61.111111111111114,30.638681408097668,-6.429773643887884,41.42857142857143,1.9314296345519764,3.8644951632406284,FAIL
GBPUSD,ablation(c)-trend_filter_on mode=both k=3 w=10 buf=0.1 R=2.0,1.576972091733219,3.1539,7,76.07726686722292,57.14285714285714,5.325408680705612,-4.3673671381673085,0,0.0,0.0,0.0,0.0,57.14285714285714,1.5319332458021984,0.3864495163240629,INSUFFICIENT-SAMPLE
GBPUSD,ablation(c)-trend_filter_on mode=both k=3 w=10 buf=0.1 R=3.0,1.576972091733219,4.7309,7,146.14874837805422,57.14285714285714,10.230412386463804,-4.367367138167302,0,0.0,0.0,0.0,0.0,57.14285714285714,2.1924705111079295,0.3864495163240629,INSUFFICIENT-SAMPLE
GBPUSD,ablation(c)-trend_filter_on mode=both k=3 w=10 buf=0.1 R=4.0,1.576972091733219,6.3079,7,-28.476327619613066,42.857142857142854,-1.9933429333729102,-7.424904338636412,0,0.0,0.0,0.0,0.0,42.857142857142854,0.9147203008685233,0.3864495163240629,INSUFFICIENT-SAMPLE
USDJPY,main mode=reversal k=2 w=5 buf=0.1 R=2.0,2.106177454527987,4.2124,8,-13.500106539519493,37.5,-1.0800085231615575,-7.3812585660802785,0,0.0,0.0,0.0,0.0,37.5,1.498510579861175,0.3361341315528373,INSUFFICIENT-SAMPLE
USDJPY,main mode=reversal k=2 w=5 buf=0.1 R=3.0,2.106177454527987,6.3185,8,-45.20042211764826,25.0,-3.616033769411864,-9.457628253449348,0,0.0,0.0,0.0,0.0,25.0,2.0392077175950503,0.3361341315528373,INSUFFICIENT-SAMPLE
USDJPY,main mode=reversal k=2 w=5 buf=0.1 R=4.0,2.106177454527987,8.4247,8,-21.331312969565488,25.0,-1.7065050375652424,-9.457628253449405,0,0.0,0.0,0.0,0.0,25.0,2.5553844789753675,0.3361341315528373,INSUFFICIENT-SAMPLE
USDJPY,main mode=reversal k=2 w=5 buf=0.2 R=2.0,2.206177454527987,4.4124,8,68.59354379836509,50.0,5.487483503869206,-4.179425873500596,0,0.0,0.0,0.0,0.0,50.0,1.5836209519164093,0.3361341315528373,INSUFFICIENT-SAMPLE
USDJPY,main mode=reversal k=2 w=5 buf=0.2 R=3.0,2.206177454527987,6.6185,8,48.93114781814961,37.5,3.91449182545196,-7.4376140025994975,0,0.0,0.0,0.0,0.0,37.5,2.3140390964443998,0.3361341315528373,INSUFFICIENT-SAMPLE
USDJPY,main mode=reversal k=2 w=5 buf=0.2 R=4.0,2.206177454527987,8.8247,8,75.81113101853475,37.5,6.064890481482776,-7.437614002599513,0,0.0,0.0,0.0,0.0,37.5,2.6493333739744167,0.3361341315528373,INSUFFICIENT-SAMPLE
USDJPY,main mode=reversal k=2 w=10 buf=0.1 R=2.0,2.154159959672552,4.3083,15,112.24471604886276,53.333333333333336,16.83670740732941,-6.966423052612815,0,0.0,0.0,0.0,0.0,53.333333333333336,1.6933929391508686,0.6302514966615699,INSUFFICIENT-SAMPLE
USDJPY,main mode=reversal k=2 w=10 buf=0.1 R=3.0,2.154159959672552,6.4625,15,137.77042152974317,46.666666666666664,20.66556322946147,-9.117691967070432,0,0.0,0.0,0.0,0.0,46.666666666666664,2.362622657620354,0.6302514966615699,INSUFFICIENT-SAMPLE
USDJPY,main mode=reversal k=2 w=10 buf=0.1 R=4.0,2.154159959672552,8.6166,15,145.78477007792839,46.666666666666664,21.86771551168927,-10.136860342319858,0,0.0,0.0,0.0,0.0,46.666666666666664,2.393234247984119,0.6302514966615699,INSUFFICIENT-SAMPLE
USDJPY,main mode=reversal k=2 w=10 buf=0.2 R=2.0,2.254159959672552,4.5083,15,117.12865310779112,53.333333333333336,17.569297966168662,-7.156505962639288,0,0.0,0.0,0.0,0.0,53.333333333333336,1.6852815529852743,0.6302514966615699,INSUFFICIENT-SAMPLE
USDJPY,main mode=reversal k=2 w=10 buf=0.2 R=3.0,2.254159959672552,6.7625,15,138.80348502386587,46.666666666666664,20.820522753579883,-9.396081864579994,0,0.0,0.0,0.0,0.0,46.666666666666664,2.3151105399154246,0.6302514966615699,INSUFFICIENT-SAMPLE
USDJPY,main mode=reversal k=2 w=10 buf=0.2 R=4.0,2.254159959672552,9.0166,15,145.94202721597722,46.666666666666664,21.89130408239659,-10.59517109911883,0,0.0,0.0,0.0,0.0,46.666666666666664,2.3357384812446624,0.6302514966615699,INSUFFICIENT-SAMPLE
USDJPY,main mode=reversal k=3 w=5 buf=0.1 R=2.0,3.156446016207275,6.3129,5,84.23290529318874,40.0,4.211645264659447,-6.9005261397347954,0,0.0,0.0,0.0,0.0,40.0,2.904711568704723,0.21008383222052332,INSUFFICIENT-SAMPLE
USDJPY,main mode=reversal k=3 w=5 buf=0.1 R=3.0,3.156446016207275,9.4693,5,84.23290529318874,40.0,4.211645264659447,-6.9005261397347954,0,0.0,0.0,0.0,0.0,40.0,2.904711568704723,0.21008383222052332,INSUFFICIENT-SAMPLE
USDJPY,main mode=reversal k=3 w=5 buf=0.1 R=4.0,3.156446016207275,12.6258,5,84.23290529318874,40.0,4.211645264659447,-6.9005261397347954,0,0.0,0.0,0.0,0.0,40.0,2.904711568704723,0.21008383222052332,INSUFFICIENT-SAMPLE
USDJPY,main mode=reversal k=3 w=5 buf=0.2 R=2.0,3.256446016207275,6.5129,5,82.0805737776387,40.0,4.104028688881933,-6.996667473633546,0,0.0,0.0,0.0,0.0,40.0,2.8368292786237586,0.21008383222052332,INSUFFICIENT-SAMPLE
USDJPY,main mode=reversal k=3 w=5 buf=0.2 R=3.0,3.256446016207275,9.7693,5,82.0805737776387,40.0,4.104028688881933,-6.996667473633546,0,0.0,0.0,0.0,0.0,40.0,2.8368292786237586,0.21008383222052332,INSUFFICIENT-SAMPLE
USDJPY,main mode=reversal k=3 w=5 buf=0.2 R=4.0,3.256446016207275,13.0258,5,82.0805737776387,40.0,4.104028688881933,-6.996667473633546,0,0.0,0.0,0.0,0.0,40.0,2.8368292786237586,0.21008383222052332,INSUFFICIENT-SAMPLE
USDJPY,main mode=reversal k=3 w=10 buf=0.1 R=2.0,3.1228893169212255,6.2458,10,121.0162721296767,40.0,12.101627212967658,-9.480337928064868,0,0.0,0.0,0.0,0.0,40.0,3.3454835191282797,0.42016766444104664,INSUFFICIENT-SAMPLE
USDJPY,main mode=reversal k=3 w=10 buf=0.1 R=3.0,3.1228893169212255,9.3687,10,90.30477429139009,40.0,9.030477429139005,-9.480337928064868,0,0.0,0.0,0.0,0.0,40.0,2.8926344075632815,0.42016766444104664,INSUFFICIENT-SAMPLE
USDJPY,main mode=reversal k=3 w=10 buf=0.1 R=4.0,3.1228893169212255,12.4916,10,90.30477429139009,40.0,9.030477429139005,-9.480337928064868,0,0.0,0.0,0.0,0.0,40.0,2.8926344075632815,0.42016766444104664,INSUFFICIENT-SAMPLE
USDJPY,main mode=reversal k=3 w=10 buf=0.2 R=2.0,3.2228893169212256,6.4458,10,120.29238037876712,40.0,12.029238037876722,-9.57378470608953,0,0.0,0.0,0.0,0.0,40.0,3.295227670283785,0.42016766444104664,INSUFFICIENT-SAMPLE
USDJPY,main mode=reversal k=3 w=10 buf=0.2 R=3.0,3.2228893169212256,9.6687,10,88.05481277291747,40.0,8.805481277291749,-9.57378470608953,0,0.0,0.0,0.0,0.0,40.0,2.8294625465359733,0.42016766444104664,INSUFFICIENT-SAMPLE
USDJPY,main mode=reversal k=3 w=10 buf=0.2 R=4.0,3.2228893169212256,12.8916,10,88.05481277291747,40.0,8.805481277291749,-9.57378470608953,0,0.0,0.0,0.0,0.0,40.0,2.8294625465359733,0.42016766444104664,INSUFFICIENT-SAMPLE
USDJPY,main mode=continuation k=2 w=5 buf=0.1 R=2.0,1.8903600409938968,3.7807,6,92.06038482996519,50.0,5.523623089797902,-5.004977186046893,0,0.0,0.0,0.0,0.0,50.0,1.9064323438970185,0.252100598664628,INSUFFICIENT-SAMPLE
USDJPY,main mode=continuation k=2 w=5 buf=0.1 R=3.0,1.8903600409938968,5.6711,6,56.96264770028423,33.33333333333333,3.4177588620170507,-7.9916205276629775,0,0.0,0.0,0.0,0.0,33.33333333333333,2.829302822298867,0.252100598664628,INSUFFICIENT-SAMPLE
USDJPY,main mode=continuation k=2 w=5 buf=0.1 R=4.0,1.8903600409938968,7.5614,6,119.18503146543874,33.33333333333333,7.151101887926314,-7.991620527662959,0,0.0,0.0,0.0,0.0,33.33333333333333,3.674723720979027,0.252100598664628,INSUFFICIENT-SAMPLE
USDJPY,main mode=continuation k=2 w=5 buf=0.2 R=2.0,1.9903600409938966,3.9807,6,96.84477617903758,50.0,5.810686570742263,-5.198544026897527,0,0.0,0.0,0.0,0.0,50.0,1.9026915885676665,0.252100598664628,INSUFFICIENT-SAMPLE
USDJPY,main mode=continuation k=2 w=5 buf=0.2 R=3.0,1.9903600409938966,5.9711,6,59.70693437817621,33.33333333333333,3.5824160626905632,-8.366200705805435,0,0.0,0.0,0.0,0.0,33.33333333333333,2.8223358232242686,0.252100598664628,INSUFFICIENT-SAMPLE
USDJPY,main mode=continuation k=2 w=5 buf=0.2 R=4.0,1.9903600409938966,7.9614,6,125.16847667752063,33.33333333333333,7.510108600651244,-8.366200705805454,0,0.0,0.0,0.0,0.0,33.33333333333333,3.6609483961552853,0.252100598664628,INSUFFICIENT-SAMPLE
USDJPY,main mode=continuation k=2 w=10 buf=0.1 R=2.0,1.494391159381217,2.9888,13,93.88552117924505,53.84615384615385,12.205117753301863,-5.506650332631442,0,0.0,0.0,0.0,0.0,53.84615384615385,1.9440246122546123,0.5462179637733605,INSUFFICIENT-SAMPLE
USDJPY,main mode=continuation k=2 w=10 buf=0.1 R=3.0,1.494391159381217,4.4832,13,30.645320589191286,30.76923076923077,3.983891676594875,-11.377531485782015,0,0.0,0.0,0.0,0.0,30.76923076923077,2.9011867272658276,0.5462179637733605,INSUFFICIENT-SAMPLE
USDJPY,main mode=continuation k=2 w=10 buf=0.1 R=4.0,1.494391159381217,5.9776,13,-37.877983682659064,15.384615384615385,-4.924137878745682,-18.52556940791958,0,0.0,0.0,0.0,0.0,15.384615384615385,3.834474578056043,0.5462179637733605,INSUFFICIENT-SAMPLE
USDJPY,main mode=continuation k=2 w=10 buf=0.2 R=2.0,1.5943911593812168,3.1888,13,100.37129214471861,53.84615384615385,13.04826797881342,-5.698423233986677,0,0.0,0.0,0.0,0.0,53.84615384615385,1.941981489089681,0.5462179637733605,INSUFFICIENT-SAMPLE
USDJPY,main mode=continuation k=2 w=10 buf=0.2 R=3.0,1.5943911593812168,4.7832,13,-16.341066768443852,23.076923076923077,-2.124338679897697,-14.203256576132947,0,0.0,0.0,0.0,0.0,23.076923076923077,2.890565996542062,0.5462179637733605,INSUFFICIENT-SAMPLE
USDJPY,main mode=continuation k=2 w=10 buf=0.2 R=4.0,1.5943911593812168,6.3776,13,-43.07303073808278,15.384615384615385,-5.599493995950766,-19.43085551174055,0,0.0,0.0,0.0,0.0,15.384615384615385,3.722155261906772,0.5462179637733605,INSUFFICIENT-SAMPLE
USDJPY,main mode=continuation k=3 w=5 buf=0.1 R=2.0,3.0328441359754676,6.0657,5,50.81475353599635,40.0,2.540737676799809,-9.449469462055097,0,0.0,0.0,0.0,0.0,40.0,1.882831313552541,0.21008383222052332,INSUFFICIENT-SAMPLE
USDJPY,main mode=continuation k=3 w=5 buf=0.1 R=3.0,3.0328441359754676,9.0985,5,126.8753139494369,40.0,6.343765697471837,-9.449469462055102,0,0.0,0.0,0.0,0.0,40.0,2.421677875359009,0.21008383222052332,INSUFFICIENT-SAMPLE
USDJPY,main mode=continuation k=3 w=5 buf=0.1 R=4.0,3.0328441359754676,12.1314,5,126.98580425012514,40.0,6.349290212506253,-9.449469462055111,0,0.0,0.0,0.0,0.0,40.0,2.4224326053226606,0.21008383222052332,INSUFFICIENT-SAMPLE
USDJPY,main mode=continuation k=3 w=5 buf=0.2 R=2.0,3.1328441359754677,6.2657,5,52.19397056911403,40.0,2.609698528455695,-9.729350321975982,0,0.0,0.0,0.0,0.0,40.0,1.8796560943399938,0.21008383222052332,INSUFFICIENT-SAMPLE
USDJPY,main mode=continuation k=3 w=5 buf=0.2 R=3.0,3.1328441359754677,9.3985,5,120.41154551970831,40.0,6.020577275985417,-9.729350321975959,0,0.0,0.0,0.0,0.0,40.0,2.3476887453122455,0.21008383222052332,INSUFFICIENT-SAMPLE
USDJPY,main mode=continuation k=3 w=5 buf=0.2 R=4.0,3.1328441359754677,12.5314,5,120.41154551970831,40.0,6.020577275985417,-9.729350321975959,0,0.0,0.0,0.0,0.0,40.0,2.3476887453122455,0.21008383222052332,INSUFFICIENT-SAMPLE
USDJPY,main mode=continuation k=3 w=10 buf=0.1 R=2.0,2.1397943017169854,4.2796,9,8.425790535910387,33.33333333333333,0.758321148231933,-10.22711839117833,0,0.0,0.0,0.0,0.0,33.33333333333333,2.127180099303388,0.3781508979969419,INSUFFICIENT-SAMPLE
USDJPY,main mode=continuation k=3 w=10 buf=0.1 R=3.0,2.1397943017169854,6.4194,9,61.401695867446605,33.33333333333333,5.526152628070191,-11.183905893678968,0,0.0,0.0,0.0,0.0,33.33333333333333,2.8963374165196196,0.3781508979969419,INSUFFICIENT-SAMPLE
USDJPY,main mode=continuation k=3 w=10 buf=0.1 R=4.0,2.1397943017169854,8.5592,9,109.02863150040523,33.33333333333333,9.812576835036468,-11.183905893678984,0,0.0,0.0,0.0,0.0,33.33333333333333,3.539938303871087,0.3781508979969419,INSUFFICIENT-SAMPLE
USDJPY,main mode=continuation k=3 w=10 buf=0.2 R=2.0,2.2397943017169855,4.4796,9,9.137937439581947,33.33333333333333,0.8224143695623853,-11.546411931248766,0,0.0,0.0,0.0,0.0,33.33333333333333,2.1321343719007535,0.3781508979969419,INSUFFICIENT-SAMPLE
USDJPY,main mode=continuation k=3 w=10 buf=0.2 R=3.0,2.2397943017169855,6.7194,9,62.00908462357519,33.33333333333333,5.580817616121769,-11.546411931248757,0,0.0,0.0,0.0,0.0,33.33333333333333,2.865902767686506,0.3781508979969419,INSUFFICIENT-SAMPLE
USDJPY,main mode=continuation k=3 w=10 buf=0.2 R=4.0,2.2397943017169855,8.9592,9,111.7690742330837,33.33333333333333,10.059216680977535,-11.546411931248771,0,0.0,0.0,0.0,0.0,33.33333333333333,3.5079513344700173,0.3781508979969419,INSUFFICIENT-SAMPLE
USDJPY,main mode=both k=2 w=5 buf=0.1 R=2.0,2.0010562459120127,4.0021,12,23.93368089986446,41.66666666666667,2.8720417079837413,-10.779439672088143,0,0.0,0.0,0.0,0.0,41.66666666666667,1.6734863404027767,0.504201197329256,INSUFFICIENT-SAMPLE
USDJPY,main mode=both k=2 w=5 buf=0.1 R=3.0,2.0010562459120127,6.0032,12,21.923902166935477,33.33333333333333,2.6308682600322486,-11.541962272124252,0,0.0,0.0,0.0,0.0,33.33333333333333,2.3065263957810336,0.504201197329256,INSUFFICIENT-SAMPLE
USDJPY,main mode=both k=2 w=5 buf=0.1 R=4.0,2.0010562459120127,8.0042,12,54.47074403067245,33.33333333333333,6.536489283680691,-11.54196227212434,0,0.0,0.0,0.0,0.0,33.33333333333333,2.7336261862897917,0.504201197329256,INSUFFICIENT-SAMPLE
USDJPY,main mode=both k=2 w=5 buf=0.2 R=2.0,2.101056245912013,4.2021,12,24.394950781736952,41.66666666666667,2.927394093808444,-11.233761851304184,0,0.0,0.0,0.0,0.0,41.66666666666667,1.6650364016795618,0.504201197329256,INSUFFICIENT-SAMPLE
USDJPY,main mode=both k=2 w=5 buf=0.2 R=3.0,2.101056245912013,6.3032,12,23.38734983866819,33.33333333333333,2.806481980640174,-11.705053079425213,0,0.0,0.0,0.0,0.0,33.33333333333333,2.3181068117612273,0.504201197329256,INSUFFICIENT-SAMPLE
USDJPY,main mode=both k=2 w=5 buf=0.2 R=4.0,2.101056245912013,8.4042,12,57.58927727112556,33.33333333333333,6.910713272535074,-11.705053079425255,0,0.0,0.0,0.0,0.0,33.33333333333333,2.7532391004809216,0.504201197329256,INSUFFICIENT-SAMPLE
USDJPY,main mode=both k=2 w=10 buf=0.1 R=2.0,2.0010562459120127,4.0021,24,37.851851407905166,41.66666666666667,9.084444337897235,-12.698467524424748,0,0.0,0.0,0.0,0.0,41.66666666666667,1.8095450483924806,1.008402394658512,INSUFFICIENT-SAMPLE
USDJPY,main mode=both k=2 w=10 buf=0.1 R=3.0,2.0010562459120127,6.0032,24,38.96524058545052,33.33333333333333,9.351657740508124,-22.34161131696851,0,0.0,0.0,0.0,0.0,33.33333333333333,2.5354945924258026,1.008402394658512,INSUFFICIENT-SAMPLE
USDJPY,main mode=both k=2 w=10 buf=0.1 R=4.0,2.0010562459120127,8.0042,24,60.15390170208328,33.33333333333333,14.436936408499989,-22.341611316968496,0,0.0,0.0,0.0,0.0,33.33333333333333,2.7893990411437026,1.008402394658512,INSUFFICIENT-SAMPLE
USDJPY,main mode=both k=2 w=10 buf=0.2 R=2.0,2.101056245912013,4.2021,24,39.21589152705898,41.66666666666667,9.411813966494154,-13.252619038869284,0,0.0,0.0,0.0,0.0,41.66666666666667,1.8024776077153337,1.008402394658512,INSUFFICIENT-SAMPLE
USDJPY,main mode=both k=2 w=10 buf=0.2 R=3.0,2.101056245912013,6.3032,24,31.067182339117533,33.33333333333333,7.4561237613882,-23.208933509464654,0,0.0,0.0,0.0,0.0,33.33333333333333,2.410429624877842,1.008402394658512,INSUFFICIENT-SAMPLE
USDJPY,main mode=both k=2 w=10 buf=0.2 R=4.0,2.101056245912013,8.4042,24,58.14365492852736,33.33333333333333,13.95447718284657,-23.208933509464632,0,0.0,0.0,0.0,0.0,33.33333333333333,2.7243341142986166,1.008402394658512,INSUFFICIENT-SAMPLE
USDJPY,main mode=both k=3 w=5 buf=0.1 R=2.0,2.596100286098043,5.1922,10,-24.059594770804324,30.0,-2.4059594770804327,-10.331843355323523,0,0.0,0.0,0.0,0.0,30.0,1.956701373289608,0.42016766444104664,INSUFFICIENT-SAMPLE
USDJPY,main mode=both k=3 w=5 buf=0.1 R=3.0,2.596100286098043,7.7883,10,7.68166984877862,30.0,0.7681669848778716,-10.331843355323556,0,0.0,0.0,0.0,0.0,30.0,2.451009140315962,0.42016766444104664,INSUFFICIENT-SAMPLE
USDJPY,main mode=both k=3 w=5 buf=0.1 R=4.0,2.596100286098043,10.3844,10,19.98418835040684,30.0,1.9984188350406829,-10.331843355323537,0,0.0,0.0,0.0,0.0,30.0,2.6364045097449047,0.42016766444104664,INSUFFICIENT-SAMPLE
USDJPY,main mode=both k=3 w=5 buf=0.2 R=2.0,2.696100286098043,5.3922,10,-25.3638409337138,30.0,-2.53638409337138,-10.607757256298193,0,0.0,0.0,0.0,0.0,30.0,1.949020709375974,0.42016766444104664,INSUFFICIENT-SAMPLE
USDJPY,main mode=both k=3 w=5 buf=0.2 R=3.0,2.696100286098043,8.0883,10,5.309604499163288,30.0,0.5309604499163179,-10.607757256298173,0,0.0,0.0,0.0,0.0,30.0,2.412035462137293,0.42016766444104664,INSUFFICIENT-SAMPLE
USDJPY,main mode=both k=3 w=5 buf=0.2 R=4.0,2.696100286098043,10.7844,10,14.758656344584233,30.0,1.4758656344584287,-10.607757256298154,0,0.0,0.0,0.0,0.0,30.0,2.550405201977448,0.42016766444104664,INSUFFICIENT-SAMPLE
USDJPY,main mode=both k=3 w=10 buf=0.1 R=2.0,2.596100286098043,5.1922,18,-30.97787505865098,27.77777777777778,-5.576017510557174,-18.736652264251155,0,0.0,0.0,0.0,0.0,27.77777777777778,2.075379368075035,0.7563017959938838,INSUFFICIENT-SAMPLE
USDJPY,main mode=both k=3 w=10 buf=0.1 R=3.0,2.596100286098043,7.7883,18,7.078485013571582,27.77777777777778,1.2741273024428956,-18.73665226425107,0,0.0,0.0,0.0,0.0,27.77777777777778,2.7147036573589327,0.7563017959938838,INSUFFICIENT-SAMPLE
USDJPY,main mode=both k=3 w=10 buf=0.1 R=4.0,2.596100286098043,10.3844,18,20.858109456362804,27.77777777777778,3.7544597021452963,-18.736652264251127,0,0.0,0.0,0.0,0.0,27.77777777777778,2.9282342095334837,0.7563017959938838,INSUFFICIENT-SAMPLE
USDJPY,main mode=both k=3 w=10 buf=0.2 R=2.0,2.696100286098043,5.3922,18,-22.77897706904817,27.77777777777778,-4.10021587242867,-17.838428366462466,0,0.0,0.0,0.0,0.0,27.77777777777778,2.2056743677412602,0.7563017959938838,INSUFFICIENT-SAMPLE
USDJPY,main mode=both k=3 w=10 buf=0.2 R=3.0,2.696100286098043,8.0883,18,16.295349224914087,27.77777777777778,2.9331628604845283,-17.838428366462466,0,0.0,0.0,0.0,0.0,27.77777777777778,2.869605441456305,0.7563017959938838,INSUFFICIENT-SAMPLE
USDJPY,main mode=both k=3 w=10 buf=0.2 R=4.0,2.696100286098043,10.7844,18,27.541351459640182,27.77777777777778,4.957443262735239,-17.83842836646244,0,0.0,0.0,0.0,0.0,27.77777777777778,3.043648194694369,0.7563017959938838,INSUFFICIENT-SAMPLE
USDJPY,ablation(a)-no_engulf mode=both k=3 w=10 buf=0.1 R=2.0,1.9332713383201767,3.8665,64,43.45533221820361,42.1875,27.811412619650298,-13.950246839453284,21,-104.02916916538379,23.809523809523807,-21.846125524730596,-23.311640977773116,37.64705882352941,1.753069959371475,3.5714251477488963,FAIL
USDJPY,ablation(a)-no_engulf mode=both k=3 w=10 buf=0.1 R=3.0,1.9332713383201767,5.7998,64,56.38296545968021,40.625,36.08509789419534,-14.361764074931369,21,-104.02916916538379,23.809523809523807,-21.846125524730596,-23.311640977773116,36.470588235294116,1.969481709156129,3.5714251477488963,FAIL
USDJPY,ablation(a)-no_engulf mode=both k=3 w=10 buf=0.1 R=4.0,1.9332713383201767,7.7331,64,61.79415112903956,39.0625,39.54825672258533,-14.361764074931418,21,-104.02916916538379,23.809523809523807,-21.846125524730596,-23.311640977773116,35.294117647058826,2.1213914289678493,3.5714251477488963,FAIL
USDJPY,ablation(b)-breakout(no_retest) mode=both k=3 buf=0.1 R=2.0,2.400853615827064,4.8017,68,45.216712918104406,45.588235294117645,30.747364784310992,-22.858813514505396,23,-65.79473425104769,34.78260869565217,-15.132788877740966,-20.166482319644448,42.857142857142854,1.508716168342575,3.823525746413524,FAIL
USDJPY,ablation(b)-breakout(no_retest) mode=both k=3 buf=0.1 R=3.0,2.400853615827064,7.2026,68,39.59207539507026,41.17647058823529,26.92261126864779,-23.097960444924954,23,-48.69538780204762,34.78260869565217,-11.199939194470954,-20.166482319644484,39.56043956043956,1.712936877629149,3.823525746413524,FAIL
USDJPY,ablation(b)-breakout(no_retest) mode=both k=3 buf=0.1 R=4.0,2.400853615827064,9.6034,68,34.78622759829742,41.17647058823529,23.654634766842243,-24.853115117744945,23,-53.16561574718482,34.78260869565217,-12.22809162185251,-20.16648231964451,39.56043956043956,1.6676854697537793,3.823525746413524,FAIL
USDJPY,ablation(c)-trend_filter_on mode=both k=3 w=10 buf=0.1 R=2.0,3.2507878110240096,6.5016,13,68.88942734562205,38.46153846153847,8.955625554930858,-13.177984089357563,0,0.0,0.0,0.0,0.0,38.46153846153847,2.3572595164205654,0.5462179637733605,INSUFFICIENT-SAMPLE
USDJPY,ablation(c)-trend_filter_on mode=both k=3 w=10 buf=0.1 R=3.0,3.2507878110240096,9.7524,13,93.15112281713594,38.46153846153847,12.109645966227678,-13.177984089357537,0,0.0,0.0,0.0,0.0,38.46153846153847,2.595363807484685,0.5462179637733605,INSUFFICIENT-SAMPLE
USDJPY,ablation(c)-trend_filter_on mode=both k=3 w=10 buf=0.1 R=4.0,3.2507878110240096,13.0032,13,93.15112281713594,38.46153846153847,12.109645966227678,-13.177984089357537,0,0.0,0.0,0.0,0.0,38.46153846153847,2.595363807484685,0.5462179637733605,INSUFFICIENT-SAMPLE
EURUSD,main mode=reversal k=2 w=5 buf=0.1 R=2.0,1.6513205144480263,3.3026,2,-164.60612465877966,0.0,-3.2921224931755977,-4.9851497521914405,0,0.0,0.0,0.0,0.0,0.0,,0.11038077969174977,INSUFFICIENT-SAMPLE
EURUSD,main mode=reversal k=2 w=5 buf=0.1 R=3.0,1.6513205144480263,4.954,2,-164.60612465877966,0.0,-3.2921224931755977,-4.9851497521914405,0,0.0,0.0,0.0,0.0,0.0,,0.11038077969174977,INSUFFICIENT-SAMPLE
EURUSD,main mode=reversal k=2 w=5 buf=0.1 R=4.0,1.6513205144480263,6.6053,2,-164.60612465877966,0.0,-3.2921224931755977,-4.9851497521914405,0,0.0,0.0,0.0,0.0,0.0,,0.11038077969174977,INSUFFICIENT-SAMPLE
EURUSD,main mode=reversal k=2 w=5 buf=0.2 R=2.0,1.7513205144480262,3.5026,2,-174.43523920411735,0.0,-3.4887047840823415,-5.1782905532658745,0,0.0,0.0,0.0,0.0,0.0,,0.11038077969174977,INSUFFICIENT-SAMPLE
EURUSD,main mode=reversal k=2 w=5 buf=0.2 R=3.0,1.7513205144480262,5.254,2,-174.43523920411735,0.0,-3.4887047840823415,-5.1782905532658745,0,0.0,0.0,0.0,0.0,0.0,,0.11038077969174977,INSUFFICIENT-SAMPLE
EURUSD,main mode=reversal k=2 w=5 buf=0.2 R=4.0,1.7513205144480262,7.0053,2,-174.43523920411735,0.0,-3.4887047840823415,-5.1782905532658745,0,0.0,0.0,0.0,0.0,0.0,,0.11038077969174977,INSUFFICIENT-SAMPLE
EURUSD,main mode=reversal k=2 w=10 buf=0.1 R=2.0,1.5059148297351528,3.0118,5,-61.79407727699472,20.0,-3.0897038638497354,-6.14712490167436,0,0.0,0.0,0.0,0.0,20.0,1.9585994441622834,0.27595194922937444,INSUFFICIENT-SAMPLE
EURUSD,main mode=reversal k=2 w=10 buf=0.1 R=3.0,1.5059148297351528,4.5177,5,-146.92324400921717,0.0,-7.34616220046086,-8.982540211697415,0,0.0,0.0,0.0,0.0,0.0,,0.27595194922937444,INSUFFICIENT-SAMPLE
EURUSD,main mode=reversal k=2 w=10 buf=0.1 R=4.0,1.5059148297351528,6.0237,5,-146.92324400921717,0.0,-7.34616220046086,-8.982540211697415,0,0.0,0.0,0.0,0.0,0.0,,0.27595194922937444,INSUFFICIENT-SAMPLE
EURUSD,main mode=reversal k=2 w=10 buf=0.2 R=2.0,1.6059148297351526,3.2118,5,-15.997466417594842,40.0,-0.7998733208797404,-4.573110297689978,0,0.0,0.0,0.0,0.0,40.0,1.2542153226039685,0.27595194922937444,INSUFFICIENT-SAMPLE
EURUSD,main mode=reversal k=2 w=10 buf=0.2 R=3.0,1.6059148297351526,4.8177,5,-108.73630882508078,20.0,-5.436815441254039,-7.643915225019975,0,0.0,0.0,0.0,0.0,20.0,0.5574350326846853,0.27595194922937444,INSUFFICIENT-SAMPLE
EURUSD,main mode=reversal k=2 w=10 buf=0.2 R=4.0,1.6059148297351526,6.4237,5,-108.73630882508078,20.0,-5.436815441254039,-7.643915225019975,0,0.0,0.0,0.0,0.0,20.0,0.5574350326846853,0.27595194922937444,INSUFFICIENT-SAMPLE
EURUSD,main mode=reversal k=3 w=5 buf=0.1 R=2.0,3.001387451472014,6.0028,3,60.77709277387294,33.33333333333333,1.823312783216191,-6.768887387878257,0,0.0,0.0,0.0,0.0,33.33333333333333,2.9253758151188025,0.16557116953762466,INSUFFICIENT-SAMPLE
EURUSD,main mode=reversal k=3 w=5 buf=0.1 R=3.0,3.001387451472014,9.0042,3,156.8759378017403,33.33333333333333,4.7062781340522,-6.768887387878257,0,0.0,0.0,0.0,0.0,33.33333333333333,4.388551215437831,0.16557116953762466,INSUFFICIENT-SAMPLE
EURUSD,main mode=reversal k=3 w=5 buf=0.1 R=4.0,3.001387451472014,12.0055,3,-63.83718820999153,33.33333333333333,-1.9151156462997476,-7.048434089287535,0,0.0,0.0,0.0,0.0,33.33333333333333,1.0280319874051627,0.16557116953762466,INSUFFICIENT-SAMPLE
EURUSD,main mode=reversal k=3 w=5 buf=0.2 R=2.0,3.101387451472014,6.2028,3,63.67461603868105,33.33333333333333,1.9102384811604312,-6.8650127252448305,0,0.0,0.0,0.0,0.0,33.33333333333333,2.945723903374288,0.16557116953762466,INSUFFICIENT-SAMPLE
EURUSD,main mode=reversal k=3 w=5 buf=0.2 R=3.0,3.101387451472014,9.3042,3,162.87287843686863,33.33333333333333,4.886186353106048,-6.8650127252448305,0,0.0,0.0,0.0,0.0,33.33333333333333,4.419060905770511,0.16557116953762466,INSUFFICIENT-SAMPLE
EURUSD,main mode=reversal k=3 w=5 buf=0.2 R=4.0,3.101387451472014,12.4055,3,-67.20818112387133,33.33333333333333,-2.016245433716135,-7.048434089287527,0,0.0,0.0,0.0,0.0,33.33333333333333,1.0017940060676287,0.16557116953762466,INSUFFICIENT-SAMPLE
EURUSD,main mode=reversal k=3 w=10 buf=0.1 R=2.0,3.797107018296289,7.5942,7,-97.31299767556993,28.57142857142857,-6.811909837289898,-17.325870066689202,0,0.0,0.0,0.0,0.0,28.57142857142857,1.236539652130345,0.3863327289211242,INSUFFICIENT-SAMPLE
EURUSD,main mode=reversal k=3 w=10 buf=0.1 R=3.0,3.797107018296289,11.3913,7,-165.1567409816193,28.57142857142857,-11.560971868713354,-17.325870066689202,0,0.0,0.0,0.0,0.0,28.57142857142857,0.3556924727636787,0.3863327289211242,INSUFFICIENT-SAMPLE
EURUSD,main mode=reversal k=3 w=10 buf=0.1 R=4.0,3.797107018296289,15.1884,7,-165.1567409816193,28.57142857142857,-11.560971868713354,-17.325870066689202,0,0.0,0.0,0.0,0.0,28.57142857142857,0.3556924727636787,0.3863327289211242,INSUFFICIENT-SAMPLE
EURUSD,main mode=reversal k=3 w=10 buf=0.2 R=2.0,3.897107018296289,7.7942,7,-97.61004056177782,28.57142857142857,-6.832702839324445,-17.497670427568817,0,0.0,0.0,0.0,0.0,28.57142857142857,1.2493828651850898,0.3863327289211242,INSUFFICIENT-SAMPLE
EURUSD,main mode=reversal k=3 w=10 buf=0.2 R=3.0,3.897107018296289,11.6913,7,-167.7821704774438,28.57142857142857,-11.744751933421071,-17.497670427568817,0,0.0,0.0,0.0,0.0,28.57142857142857,0.350310725127458,0.3863327289211242,INSUFFICIENT-SAMPLE
EURUSD,main mode=reversal k=3 w=10 buf=0.2 R=4.0,3.897107018296289,15.5884,7,-167.7821704774438,28.57142857142857,-11.744751933421071,-17.497670427568817,0,0.0,0.0,0.0,0.0,28.57142857142857,0.350310725127458,0.3863327289211242,INSUFFICIENT-SAMPLE
EURUSD,main mode=continuation k=2 w=5 buf=0.1 R=2.0,1.808608126500132,3.6172,5,144.7312371014312,60.0,7.236561855071555,-3.734480329461615,0,0.0,0.0,0.0,0.0,60.0,1.9591872811376363,0.27595194922937444,INSUFFICIENT-SAMPLE
EURUSD,main mode=continuation k=2 w=5 buf=0.1 R=3.0,1.808608126500132,5.4258,5,47.2336192957664,40.0,2.3616809647883263,-6.832254402829663,0,0.0,0.0,0.0,0.0,40.0,2.156245293640899,0.27595194922937444,INSUFFICIENT-SAMPLE
EURUSD,main mode=continuation k=2 w=5 buf=0.1 R=4.0,1.808608126500132,7.2344,5,82.3531421442407,40.0,4.117657107212036,-6.832254402829663,0,0.0,0.0,0.0,0.0,40.0,2.644182104917417,0.27595194922937444,INSUFFICIENT-SAMPLE
EURUSD,main mode=continuation k=2 w=5 buf=0.2 R=2.0,1.9086081265001318,3.8172,5,127.3103088107684,60.0,6.365515440538427,-3.8325264732545614,0,0.0,0.0,0.0,0.0,60.0,1.7493183769110727,0.27595194922937444,INSUFFICIENT-SAMPLE
EURUSD,main mode=continuation k=2 w=5 buf=0.2 R=3.0,1.9086081265001318,5.7258,5,46.79228154731936,40.0,2.339614077365959,-6.927145472996371,0,0.0,0.0,0.0,0.0,40.0,2.116828055724649,0.27595194922937444,INSUFFICIENT-SAMPLE
EURUSD,main mode=continuation k=2 w=5 buf=0.2 R=4.0,1.9086081265001318,7.6344,5,83.74048544390135,40.0,4.187024272195061,-6.927145472996371,0,0.0,0.0,0.0,0.0,40.0,2.6038889131654033,0.27595194922937444,INSUFFICIENT-SAMPLE
EURUSD,main mode=continuation k=2 w=10 buf=0.1 R=2.0,2.038300779376782,4.0766,9,72.90169156869767,55.55555555555556,6.561152241182788,-5.2647353519589535,0,0.0,0.0,0.0,0.0,55.55555555555556,1.4140547825878609,0.496713508612874,INSUFFICIENT-SAMPLE
EURUSD,main mode=continuation k=2 w=10 buf=0.1 R=3.0,2.038300779376782,6.1149,9,-2.624440417463524,44.44444444444444,-0.23619963757172124,-9.130880010685893,0,0.0,0.0,0.0,0.0,44.44444444444444,1.2207997772353654,0.496713508612874,INSUFFICIENT-SAMPLE
EURUSD,main mode=continuation k=2 w=10 buf=0.1 R=4.0,2.038300779376782,8.1532,9,18.66713929561067,44.44444444444444,1.6800425366049643,-9.130880010685893,0,0.0,0.0,0.0,0.0,44.44444444444444,1.4568763221447647,0.496713508612874,INSUFFICIENT-SAMPLE
EURUSD,main mode=continuation k=2 w=10 buf=0.2 R=2.0,2.138300779376782,4.2766,9,74.88543339346568,55.55555555555556,6.7396890054119085,-5.361449189178029,0,0.0,0.0,0.0,0.0,55.55555555555556,1.4005522157448456,0.496713508612874,INSUFFICIENT-SAMPLE
EURUSD,main mode=continuation k=2 w=10 buf=0.2 R=3.0,2.138300779376782,6.4149,9,-5.153325256497232,44.44444444444444,-0.4637992730847529,-9.408896835270589,0,0.0,0.0,0.0,0.0,44.44444444444444,1.1952532772643814,0.496713508612874,INSUFFICIENT-SAMPLE
EURUSD,main mode=continuation k=2 w=10 buf=0.2 R=4.0,2.138300779376782,8.5532,9,17.069049115615698,44.44444444444444,1.536214420405413,-9.408896835270589,0,0.0,0.0,0.0,0.0,44.44444444444444,1.4305860235967065,0.496713508612874,INSUFFICIENT-SAMPLE
EURUSD,main mode=continuation k=3 w=5 buf=0.1 R=2.0,2.9907544094820344,5.9815,1,-106.66616127917041,0.0,-1.0666616127917083,-6.3403602257616,0,0.0,0.0,0.0,0.0,0.0,,0.05519038984587488,INSUFFICIENT-SAMPLE
EURUSD,main mode=continuation k=3 w=5 buf=0.1 R=3.0,2.9907544094820344,8.9723,1,-106.66616127917041,0.0,-1.0666616127917083,-6.3403602257616,0,0.0,0.0,0.0,0.0,0.0,,0.05519038984587488,INSUFFICIENT-SAMPLE
EURUSD,main mode=continuation k=3 w=5 buf=0.1 R=4.0,2.9907544094820344,11.963,1,-106.66616127917041,0.0,-1.0666616127917083,-6.3403602257616,0,0.0,0.0,0.0,0.0,0.0,,0.05519038984587488,INSUFFICIENT-SAMPLE
EURUSD,main mode=continuation k=3 w=5 buf=0.2 R=2.0,3.0907544094820345,6.1815,1,-106.66616127917041,0.0,-1.0666616127917083,-6.3403602257616,0,0.0,0.0,0.0,0.0,0.0,,0.05519038984587488,INSUFFICIENT-SAMPLE
EURUSD,main mode=continuation k=3 w=5 buf=0.2 R=3.0,3.0907544094820345,9.2723,1,-106.66616127917041,0.0,-1.0666616127917083,-6.3403602257616,0,0.0,0.0,0.0,0.0,0.0,,0.05519038984587488,INSUFFICIENT-SAMPLE
EURUSD,main mode=continuation k=3 w=5 buf=0.2 R=4.0,3.0907544094820345,12.363,1,-106.66616127917041,0.0,-1.0666616127917083,-6.3403602257616,0,0.0,0.0,0.0,0.0,0.0,,0.05519038984587488,INSUFFICIENT-SAMPLE
EURUSD,main mode=continuation k=3 w=10 buf=0.1 R=2.0,2.6056118807762574,5.2112,5,-104.29389513739261,20.0,-5.214694756869632,-9.007202854859718,0,0.0,0.0,0.0,0.0,20.0,0.8630425213660128,0.27595194922937444,INSUFFICIENT-SAMPLE
EURUSD,main mode=continuation k=3 w=10 buf=0.1 R=3.0,2.6056118807762574,7.8168,5,-104.29389513739261,20.0,-5.214694756869632,-9.007202854859718,0,0.0,0.0,0.0,0.0,20.0,0.8630425213660128,0.27595194922937444,INSUFFICIENT-SAMPLE
EURUSD,main mode=continuation k=3 w=10 buf=0.1 R=4.0,2.6056118807762574,10.4224,5,-104.29389513739261,20.0,-5.214694756869632,-9.007202854859718,0,0.0,0.0,0.0,0.0,20.0,0.8630425213660128,0.27595194922937444,INSUFFICIENT-SAMPLE
EURUSD,main mode=continuation k=3 w=10 buf=0.2 R=2.0,2.7056118807762575,5.4112,5,-108.1850407691516,20.0,-5.409252038457579,-9.193975595752748,0,0.0,0.0,0.0,0.0,20.0,0.8371472519124649,0.27595194922937444,INSUFFICIENT-SAMPLE
EURUSD,main mode=continuation k=3 w=10 buf=0.2 R=3.0,2.7056118807762575,8.1168,5,-108.1850407691516,20.0,-5.409252038457579,-9.193975595752748,0,0.0,0.0,0.0,0.0,20.0,0.8371472519124649,0.27595194922937444,INSUFFICIENT-SAMPLE
EURUSD,main mode=continuation k=3 w=10 buf=0.2 R=4.0,2.7056118807762575,10.8224,5,-108.1850407691516,20.0,-5.409252038457579,-9.193975595752748,0,0.0,0.0,0.0,0.0,20.0,0.8371472519124649,0.27595194922937444,INSUFFICIENT-SAMPLE
EURUSD,main mode=both k=2 w=5 buf=0.1 R=2.0,1.808608126500132,3.6172,6,88.13231185182121,50.0,5.2879387111092635,-4.238801025861362,0,0.0,0.0,0.0,0.0,50.0,1.9534112610725667,0.3311423390752493,INSUFFICIENT-SAMPLE
EURUSD,main mode=both k=2 w=5 buf=0.1 R=3.0,1.808608126500132,5.4258,6,8.360675586294443,33.33333333333333,0.501640535177672,-8.525229468430945,0,0.0,0.0,0.0,0.0,33.33333333333333,2.1409656812837987,0.3311423390752493,INSUFFICIENT-SAMPLE
EURUSD,main mode=both k=2 w=5 buf=0.1 R=4.0,1.808608126500132,7.2344,6,37.09513972542269,33.33333333333333,2.22570838352536,-8.525229468430945,0,0.0,0.0,0.0,0.0,33.33333333333333,2.6254448686280782,0.3311423390752493,INSUFFICIENT-SAMPLE
EURUSD,main mode=both k=2 w=5 buf=0.2 R=2.0,1.9086081265001318,3.8172,6,72.10589543898368,50.0,4.326353726339027,-4.336335506167948,0,0.0,0.0,0.0,0.0,50.0,1.7416481675385074,0.3311423390752493,INSUFFICIENT-SAMPLE
EURUSD,main mode=both k=2 w=5 buf=0.2 R=3.0,1.9086081265001318,5.7258,6,6.2938998966759145,33.33333333333333,0.3776339938005524,-8.711470033420413,0,0.0,0.0,0.0,0.0,33.33333333333333,2.100735753435734,0.3311423390752493,INSUFFICIENT-SAMPLE
EURUSD,main mode=both k=2 w=5 buf=0.2 R=4.0,1.9086081265001318,7.6344,6,36.49378323686263,33.33333333333333,2.1896269942117685,-8.711470033420413,0,0.0,0.0,0.0,0.0,33.33333333333333,2.584093933878308,0.3311423390752493,INSUFFICIENT-SAMPLE
EURUSD,main mode=both k=2 w=10 buf=0.1 R=2.0,2.1127724983035274,4.2255,13,14.990518966821933,46.15384615384615,1.9487674656868403,-8.795669742828547,0,0.0,0.0,0.0,0.0,46.15384615384615,1.3290288802085581,0.7174750679963735,INSUFFICIENT-SAMPLE
EURUSD,main mode=both k=2 w=10 buf=0.1 R=3.0,2.1127724983035274,6.3383,13,-20.062620251375286,38.46153846153847,-2.6081406326787904,-13.975148287594378,0,0.0,0.0,0.0,0.0,38.46153846153847,1.3288066128627856,0.7174750679963735,INSUFFICIENT-SAMPLE
EURUSD,main mode=both k=2 w=10 buf=0.1 R=4.0,2.1127724983035274,8.4511,13,-5.1781396483051,38.46153846153847,-0.6731581542796627,-13.975148287594378,0,0.0,0.0,0.0,0.0,38.46153846153847,1.5301955285783682,0.7174750679963735,INSUFFICIENT-SAMPLE
EURUSD,main mode=both k=2 w=10 buf=0.2 R=2.0,2.2127724983035275,4.4255,13,10.857388791537373,46.15384615384615,1.4114605428998672,-9.074926144643335,0,0.0,0.0,0.0,0.0,46.15384615384615,1.2795673702799355,0.7174750679963735,INSUFFICIENT-SAMPLE
EURUSD,main mode=both k=2 w=10 buf=0.2 R=3.0,2.2127724983035275,6.6383,13,-23.305615043262712,38.46153846153847,-3.0297299556241497,-14.413694689372427,0,0.0,0.0,0.0,0.0,38.46153846153847,1.2973742476816852,0.7174750679963735,INSUFFICIENT-SAMPLE
EURUSD,main mode=both k=2 w=10 buf=0.2 R=4.0,2.2127724983035275,8.8511,13,-7.827789507796367,38.46153846153847,-1.0176126360135318,-14.413694689372427,0,0.0,0.0,0.0,0.0,38.46153846153847,1.498644591633131,0.7174750679963735,INSUFFICIENT-SAMPLE
EURUSD,main mode=both k=3 w=5 buf=0.1 R=2.0,2.9907544094820344,5.9815,4,18.200076278141296,25.0,0.7280030511256586,-10.25154169717924,0,0.0,0.0,0.0,0.0,25.0,3.440777129523119,0.22076155938349953,INSUFFICIENT-SAMPLE
EURUSD,main mode=both k=3 w=5 buf=0.1 R=3.0,2.9907544094820344,8.9723,4,89.26138458209698,25.0,3.570455383283888,-10.25154169717924,0,0.0,0.0,0.0,0.0,25.0,5.161769888877299,0.22076155938349953,INSUFFICIENT-SAMPLE
EURUSD,main mode=both k=3 w=5 buf=0.1 R=4.0,2.9907544094820344,11.963,4,-73.76777457143726,25.0,-2.950710982857485,-10.25154169717924,0,0.0,0.0,0.0,0.0,25.0,1.213460898185462,0.22076155938349953,INSUFFICIENT-SAMPLE
EURUSD,main mode=both k=3 w=5 buf=0.2 R=2.0,3.0907544094820345,6.1815,4,20.351081301363138,25.0,0.8140432520545193,-10.344066122709062,0,0.0,0.0,0.0,0.0,25.0,3.483313395995481,0.22076155938349953,INSUFFICIENT-SAMPLE
EURUSD,main mode=both k=3 w=5 buf=0.2 R=3.0,3.0907544094820345,9.2723,4,93.71267751228606,25.0,3.7485071004914383,-10.344066122709062,0,0.0,0.0,0.0,0.0,25.0,5.225561961332176,0.22076155938349953,INSUFFICIENT-SAMPLE
EURUSD,main mode=both k=3 w=5 buf=0.2 R=4.0,3.0907544094820345,12.363,4,-76.26905144130978,25.0,-3.0507620576523897,-10.344066122709062,0,0.0,0.0,0.0,0.0,25.0,1.1887029138356195,0.22076155938349953,INSUFFICIENT-SAMPLE
EURUSD,main mode=both k=3 w=10 buf=0.1 R=2.0,2.9907544094820344,5.9815,8,-20.568182356609896,37.5,-1.6454545885287941,-13.223485095993409,0,0.0,0.0,0.0,0.0,37.5,1.381773139580069,0.44152311876699907,INSUFFICIENT-SAMPLE
EURUSD,main mode=both k=3 w=10 buf=0.1 R=3.0,2.9907544094820344,8.9723,8,14.125261685125906,37.5,1.130020934810072,-13.223485095993409,0,0.0,0.0,0.0,0.0,37.5,1.8623181614232496,0.44152311876699907,INSUFFICIENT-SAMPLE
EURUSD,main mode=both k=3 w=10 buf=0.1 R=4.0,2.9907544094820344,11.963,8,-65.46858685578923,37.5,-5.237486948463133,-13.223485095993409,0,0.0,0.0,0.0,0.0,37.5,0.759849705432992,0.44152311876699907,INSUFFICIENT-SAMPLE
EURUSD,main mode=both k=3 w=10 buf=0.2 R=2.0,3.0907544094820345,6.1815,8,-20.786537245837735,37.5,-1.6629229796670142,-13.402312143518072,0,0.0,0.0,0.0,0.0,37.5,1.384218810666764,0.44152311876699907,INSUFFICIENT-SAMPLE
EURUSD,main mode=both k=3 w=10 buf=0.2 R=3.0,3.0907544094820345,9.2723,8,14.993026316012902,37.5,1.1994421052810234,-13.402312143518072,0,0.0,0.0,0.0,0.0,37.5,1.8703921880377608,0.44152311876699907,INSUFFICIENT-SAMPLE
EURUSD,main mode=both k=3 w=10 buf=0.2 R=4.0,3.0907544094820345,12.363,8,-67.90964196784466,37.5,-5.432771357427568,-13.402312143518072,0,0.0,0.0,0.0,0.0,37.5,0.7439091843265295,0.44152311876699907,INSUFFICIENT-SAMPLE
EURUSD,ablation(a)-no_engulf mode=both k=3 w=10 buf=0.1 R=2.0,1.798845905831588,3.5977,46,-47.500104881592904,26.08695652173913,-21.85004824553274,-32.232285840935916,18,17.244163338027747,38.88888888888889,3.1039494008449964,-9.03548552004428,29.6875,1.7116324479492802,3.5321849501359925,FAIL
EURUSD,ablation(a)-no_engulf mode=both k=3 w=10 buf=0.1 R=3.0,1.798845905831588,5.3965,46,-55.780373353830825,23.91304347826087,-25.658971742762184,-32.62427524426922,18,39.0785829063528,38.88888888888889,7.034144923143493,-9.03548552004421,28.125,1.8502587728745343,3.5321849501359925,FAIL
EURUSD,ablation(a)-no_engulf mode=both k=3 w=10 buf=0.1 R=4.0,1.798845905831588,7.1954,46,-65.8102191928088,21.73913043478261,-30.272700828692045,-36.43359627232661,18,14.238876544712083,38.88888888888889,2.5629977780481816,-11.183871646386702,26.5625,1.6514604309735257,3.5321849501359925,FAIL
EURUSD,ablation(b)-breakout(no_retest) mode=both k=3 buf=0.1 R=2.0,2.1242867715858336,4.2486,52,-5.4558394554175305,36.53846153846153,-2.837036516817115,-19.690614722848508,19,7.39503296405641,47.368421052631575,1.405056263170712,-10.160433220602776,39.436619718309856,1.508676505096394,3.918517679057117,FAIL
EURUSD,ablation(b)-breakout(no_retest) mode=both k=3 buf=0.1 R=3.0,2.1242867715858336,6.3729,52,2.695241327930664,34.61538461538461,1.4015254905239471,-22.418560943476955,19,30.464802223190034,47.368421052631575,5.788312422406117,-8.968057204547236,38.028169014084504,1.7616209379009888,3.918517679057117,SURVIVOR
EURUSD,ablation(b)-breakout(no_retest) mode=both k=3 buf=0.1 R=4.0,2.1242867715858336,8.4971,52,25.267554360581542,34.61538461538461,13.139128267502409,-22.602700173852455,19,12.315565918716521,47.368421052631575,2.3399575245561355,-9.373849908110826,38.028169014084504,1.8964641751379667,3.918517679057117,SURVIVOR
EURUSD,ablation(c)-trend_filter_on mode=both k=3 w=10 buf=0.1 R=2.0,3.283874118292527,6.5677,6,45.10173252747154,50.0,2.7061039516482976,-11.582786568240113,0,0.0,0.0,0.0,0.0,50.0,1.36207233677239,0.3311423390752493,INSUFFICIENT-SAMPLE
EURUSD,ablation(c)-trend_filter_on mode=both k=3 w=10 buf=0.1 R=3.0,3.283874118292527,9.8516,6,-26.486006038562966,50.0,-1.5891603623137796,-11.582786568240113,0,0.0,0.0,0.0,0.0,50.0,0.7873729109561606,0.3311423390752493,INSUFFICIENT-SAMPLE
EURUSD,ablation(c)-trend_filter_on mode=both k=3 w=10 buf=0.1 R=4.0,3.283874118292527,13.1355,6,-26.486006038562966,50.0,-1.5891603623137796,-11.582786568240113,0,0.0,0.0,0.0,0.0,50.0,0.7873729109561606,0.3311423390752493,INSUFFICIENT-SAMPLE
USDCAD,main mode=reversal k=2 w=5 buf=0.1 R=2.0,2.4448717581127344,4.8897,8,38.90004043424324,50.0,3.1120032347394577,-7.308382436923135,0,0.0,0.0,0.0,0.0,50.0,1.3148359025173832,0.4376845061632079,INSUFFICIENT-SAMPLE
USDCAD,main mode=reversal k=2 w=5 buf=0.1 R=3.0,2.4448717581127344,7.3346,8,3.7487084802583013,50.0,0.2998966784206747,-7.3083824369230905,0,0.0,0.0,0.0,0.0,50.0,1.0303588016380563,0.4376845061632079,INSUFFICIENT-SAMPLE
USDCAD,main mode=reversal k=2 w=5 buf=0.1 R=4.0,2.4448717581127344,9.7795,8,3.7487084802583013,50.0,0.2998966784206747,-7.3083824369230905,0,0.0,0.0,0.0,0.0,50.0,1.0303588016380563,0.4376845061632079,INSUFFICIENT-SAMPLE
USDCAD,main mode=reversal k=2 w=5 buf=0.2 R=2.0,2.5448717581127345,5.0897,8,35.012375116074736,50.0,2.800990009285975,-7.498330787555007,0,0.0,0.0,0.0,0.0,50.0,1.2728610148976023,0.4376845061632079,INSUFFICIENT-SAMPLE
USDCAD,main mode=reversal k=2 w=5 buf=0.2 R=3.0,2.5448717581127345,7.6346,8,-1.3844907609486654,50.0,-0.11075926087589227,-7.498330787555007,0,0.0,0.0,0.0,0.0,50.0,0.9892102848522446,0.4376845061632079,INSUFFICIENT-SAMPLE
USDCAD,main mode=reversal k=2 w=5 buf=0.2 R=4.0,2.5448717581127345,10.1795,8,-1.3844907609486654,50.0,-0.11075926087589227,-7.498330787555007,0,0.0,0.0,0.0,0.0,50.0,0.9892102848522446,0.4376845061632079,INSUFFICIENT-SAMPLE
USDCAD,main mode=reversal k=2 w=10 buf=0.1 R=2.0,2.26740278958252,4.5348,11,-33.834928339192295,36.36363636363637,-3.721842117311158,-12.2598378045859,0,0.0,0.0,0.0,0.0,36.36363636363637,1.3337225594149582,0.6018161959744109,INSUFFICIENT-SAMPLE
USDCAD,main mode=reversal k=2 w=10 buf=0.1 R=3.0,2.26740278958252,6.8022,11,-51.91431096778731,36.36363636363637,-5.710574206456609,-12.259837804585938,0,0.0,0.0,0.0,0.0,36.36363636363637,1.11268777886864,0.6018161959744109,INSUFFICIENT-SAMPLE
USDCAD,main mode=reversal k=2 w=10 buf=0.1 R=4.0,2.26740278958252,9.0696,11,-51.91431096778731,36.36363636363637,-5.710574206456609,-12.259837804585938,0,0.0,0.0,0.0,0.0,36.36363636363637,1.11268777886864,0.6018161959744109,INSUFFICIENT-SAMPLE
USDCAD,main mode=reversal k=2 w=10 buf=0.2 R=2.0,2.36740278958252,4.7348,11,-36.75670957553203,36.36363636363637,-4.043238053308529,-12.797162854141034,0,0.0,0.0,0.0,0.0,36.36363636363637,1.3162065496918187,0.6018161959744109,INSUFFICIENT-SAMPLE
USDCAD,main mode=reversal k=2 w=10 buf=0.2 R=3.0,2.36740278958252,7.1022,11,-58.035461301909066,36.36363636363637,-6.383900743210003,-12.797162854141012,0,0.0,0.0,0.0,0.0,36.36363636363637,1.0654630263317044,0.6018161959744109,INSUFFICIENT-SAMPLE
USDCAD,main mode=reversal k=2 w=10 buf=0.2 R=4.0,2.36740278958252,9.4696,11,-58.035461301909066,36.36363636363637,-6.383900743210003,-12.797162854141012,0,0.0,0.0,0.0,0.0,36.36363636363637,1.0654630263317044,0.6018161959744109,INSUFFICIENT-SAMPLE
USDCAD,main mode=reversal k=3 w=5 buf=0.1 R=2.0,2.5367908691566994,5.0736,7,41.90924585011323,57.14285714285714,2.933647209507928,-7.482988507972192,0,0.0,0.0,0.0,0.0,57.14285714285714,1.0358440227519052,0.382973942892807,INSUFFICIENT-SAMPLE
USDCAD,main mode=reversal k=3 w=5 buf=0.1 R=3.0,2.5367908691566994,7.6104,7,0.4781000737101359,57.14285714285714,0.033467005159715235,-7.482988507972192,0,0.0,0.0,0.0,0.0,57.14285714285714,0.7532609044991183,0.382973942892807,INSUFFICIENT-SAMPLE
USDCAD,main mode=reversal k=3 w=5 buf=0.1 R=4.0,2.5367908691566994,10.1472,7,0.4781000737101359,57.14285714285714,0.033467005159715235,-7.482988507972192,0,0.0,0.0,0.0,0.0,57.14285714285714,0.7532609044991183,0.382973942892807,INSUFFICIENT-SAMPLE
USDCAD,main mode=reversal k=3 w=5 buf=0.2 R=2.0,2.6367908691566995,5.2736,7,40.17779146825732,57.14285714285714,2.8124454027780077,-7.672757776683232,0,0.0,0.0,0.0,0.0,57.14285714285714,1.0139444214472477,0.382973942892807,INSUFFICIENT-SAMPLE
USDCAD,main mode=reversal k=3 w=5 buf=0.2 R=3.0,2.6367908691566995,7.9104,7,-3.916491389374122,57.14285714285714,-0.27415439725618773,-7.672757776683232,0,0.0,0.0,0.0,0.0,57.14285714285714,0.7242709587537138,0.382973942892807,INSUFFICIENT-SAMPLE
USDCAD,main mode=reversal k=3 w=5 buf=0.2 R=4.0,2.6367908691566995,10.5472,7,-3.916491389374122,57.14285714285714,-0.27415439725618773,-7.672757776683232,0,0.0,0.0,0.0,0.0,57.14285714285714,0.7242709587537138,0.382973942892807,INSUFFICIENT-SAMPLE
USDCAD,main mode=reversal k=3 w=10 buf=0.1 R=2.0,2.4926188869987134,4.9852,11,1.8856445350583355,45.45454545454545,0.20742089885641413,-10.814112668405695,0,0.0,0.0,0.0,0.0,45.45454545454545,1.2169408441273355,0.6018161959744109,INSUFFICIENT-SAMPLE
USDCAD,main mode=reversal k=3 w=10 buf=0.1 R=3.0,2.4926188869987134,7.4779,11,-1.9986223227900732,45.45454545454545,-0.21984845550691023,-10.814112668405695,0,0.0,0.0,0.0,0.0,45.45454545454545,1.1821149173356729,0.6018161959744109,INSUFFICIENT-SAMPLE
USDCAD,main mode=reversal k=3 w=10 buf=0.1 R=4.0,2.4926188869987134,9.9705,11,19.03774514028836,45.45454545454545,2.094151965431723,-10.814112668405695,0,0.0,0.0,0.0,0.0,45.45454545454545,1.3696944111135663,0.6018161959744109,INSUFFICIENT-SAMPLE
USDCAD,main mode=reversal k=3 w=10 buf=0.2 R=2.0,2.5926188869987135,5.1852,11,-0.2531322163201615,45.45454545454545,-0.027844543795219057,-11.179443278941436,0,0.0,0.0,0.0,0.0,45.45454545454545,1.1978084116196228,0.6018161959744109,INSUFFICIENT-SAMPLE
USDCAD,main mode=reversal k=3 w=10 buf=0.2 R=3.0,2.5926188869987135,7.7779,11,-5.050162399437547,45.45454545454545,-0.5555178639381264,-11.179443278941436,0,0.0,0.0,0.0,0.0,45.45454545454545,1.1564549862799434,0.6018161959744109,INSUFFICIENT-SAMPLE
USDCAD,main mode=reversal k=3 w=10 buf=0.2 R=4.0,2.5926188869987135,10.3705,11,16.695853438593986,45.45454545454545,1.8365438782453447,-11.179443278941436,0,0.0,0.0,0.0,0.0,45.45454545454545,1.3433740499182674,0.6018161959744109,INSUFFICIENT-SAMPLE
USDCAD,main mode=continuation k=2 w=5 buf=0.1 R=2.0,1.2696918624859552,2.5394,6,-64.17451429064961,16.666666666666664,-3.850470857438981,-6.0771290361198345,0,0.0,0.0,0.0,0.0,16.666666666666664,1.9247764797833835,0.328263379622406,INSUFFICIENT-SAMPLE
USDCAD,main mode=continuation k=2 w=5 buf=0.1 R=3.0,1.2696918624859552,3.8091,6,-44.332240684359626,16.666666666666664,-2.6599344410615733,-6.0771290361198345,0,0.0,0.0,0.0,0.0,16.666666666666664,2.8808301053554106,0.328263379622406,INSUFFICIENT-SAMPLE
USDCAD,main mode=continuation k=2 w=5 buf=0.1 R=4.0,1.2696918624859552,5.0788,6,-24.48996707806873,16.666666666666664,-1.469398024684121,-6.0771290361198345,0,0.0,0.0,0.0,0.0,16.666666666666664,3.8321988178804727,0.328263379622406,INSUFFICIENT-SAMPLE
USDCAD,main mode=continuation k=2 w=5 buf=0.2 R=2.0,1.369691862485955,2.7394,6,-53.890093160444245,16.666666666666664,-3.233405589626659,-5.937947510914684,0,0.0,0.0,0.0,0.0,16.666666666666664,2.2352744107169826,0.328263379622406,INSUFFICIENT-SAMPLE
USDCAD,main mode=continuation k=2 w=5 buf=0.2 R=3.0,1.369691862485955,4.1091,6,-32.389628754635545,16.666666666666664,-1.9433777252781281,-5.937947510914684,0,0.0,0.0,0.0,0.0,16.666666666666664,3.3434206868805156,0.328263379622406,INSUFFICIENT-SAMPLE
USDCAD,main mode=continuation k=2 w=5 buf=0.2 R=4.0,1.369691862485955,5.4788,6,-10.889164348827157,16.666666666666664,-0.6533498609296307,-5.937947510914684,0,0.0,0.0,0.0,0.0,16.666666666666664,4.4447761872109,0.328263379622406,INSUFFICIENT-SAMPLE
USDCAD,main mode=continuation k=2 w=10 buf=0.1 R=2.0,1.3372164225468497,2.6744,8,-23.964865817058353,25.0,-1.9171892653646716,-7.1120419894039415,0,0.0,0.0,0.0,0.0,25.0,2.1813137890688306,0.4376845061632079,INSUFFICIENT-SAMPLE
USDCAD,main mode=continuation k=2 w=10 buf=0.1 R=3.0,1.3372164225468497,4.0116,8,8.178733889087198,25.0,0.654298711126966,-7.1120419894039415,0,0.0,0.0,0.0,0.0,25.0,3.27801327577068,0.4376845061632079,INSUFFICIENT-SAMPLE
USDCAD,main mode=continuation k=2 w=10 buf=0.1 R=4.0,1.3372164225468497,5.3489,8,-12.628417525494115,25.0,-1.0102734020395299,-7.1120419894039415,0,0.0,0.0,0.0,0.0,25.0,2.5693471553750657,0.4376845061632079,INSUFFICIENT-SAMPLE
USDCAD,main mode=continuation k=2 w=10 buf=0.2 R=2.0,1.4372164225468496,2.8744,8,-25.409126824254145,25.0,-2.0327301459403313,-7.488089808676529,0,0.0,0.0,0.0,0.0,25.0,2.18759723655529,0.4376845061632079,INSUFFICIENT-SAMPLE
USDCAD,main mode=continuation k=2 w=10 buf=0.2 R=3.0,1.4372164225468496,4.3116,8,9.046686332720128,25.0,0.7237349066176124,-7.488089808676529,0,0.0,0.0,0.0,0.0,25.0,3.287698755981654,0.4376845061632079,INSUFFICIENT-SAMPLE
USDCAD,main mode=continuation k=2 w=10 buf=0.2 R=4.0,1.4372164225468496,5.7489,8,-14.212713998912022,25.0,-1.1370171199129642,-7.488089808676529,0,0.0,0.0,0.0,0.0,25.0,2.5463727667832017,0.4376845061632079,INSUFFICIENT-SAMPLE
USDCAD,main mode=continuation k=3 w=5 buf=0.1 R=2.0,1.6804600741068296,3.3609,3,182.7935602943926,66.66666666666666,5.4838068088317815,-2.606277930968968,0,0.0,0.0,0.0,0.0,66.66666666666666,6.646439310593196,0.164131689811203,INSUFFICIENT-SAMPLE
USDCAD,main mode=continuation k=3 w=5 buf=0.1 R=3.0,1.6804600741068296,5.0414,3,239.95880502651138,66.66666666666666,7.198764150795345,-2.606277930968968,0,0.0,0.0,0.0,0.0,66.66666666666666,8.568622492841515,0.164131689811203,INSUFFICIENT-SAMPLE
USDCAD,main mode=continuation k=3 w=5 buf=0.1 R=4.0,1.6804600741068296,6.7218,3,297.12064807789466,66.66666666666666,8.91361944233684,-2.606277930968968,0,0.0,0.0,0.0,0.0,66.66666666666666,10.490691293466318,0.164131689811203,INSUFFICIENT-SAMPLE
USDCAD,main mode=continuation k=3 w=5 buf=0.2 R=2.0,1.7804600741068295,3.5609,3,189.5969217620659,66.66666666666666,5.687907652861979,-2.606277930968968,0,0.0,0.0,0.0,0.0,66.66666666666666,6.87520255751358,0.164131689811203,INSUFFICIENT-SAMPLE
USDCAD,main mode=continuation k=3 w=5 buf=0.2 R=3.0,1.7804600741068295,5.3414,3,250.16384722801922,66.66666666666666,7.504915416840574,-2.606277930968968,0,0.0,0.0,0.0,0.0,66.66666666666666,8.911767363222019,0.164131689811203,INSUFFICIENT-SAMPLE
USDCAD,main mode=continuation k=3 w=5 buf=0.2 R=4.0,1.7804600741068295,7.1218,3,310.72737101323946,66.66666666666666,9.32182113039719,-2.606277930968968,0,0.0,0.0,0.0,0.0,66.66666666666666,10.948217787307025,0.164131689811203,INSUFFICIENT-SAMPLE
USDCAD,main mode=continuation k=3 w=10 buf=0.1 R=2.0,1.6804600741068296,3.3609,7,51.3655016752938,42.857142857142854,3.595585117270561,-3.196403007012547,0,0.0,0.0,0.0,0.0,42.857142857142854,2.1980693729839094,0.382973942892807,INSUFFICIENT-SAMPLE
USDCAD,main mode=continuation k=3 w=10 buf=0.1 R=3.0,1.6804600741068296,5.0414,7,40.9727221333256,42.857142857142854,2.8680905493327913,-4.318539307838193,0,0.0,0.0,0.0,0.0,42.857142857142854,2.019641789496578,0.382973942892807,INSUFFICIENT-SAMPLE
USDCAD,main mode=continuation k=3 w=10 buf=0.1 R=4.0,1.6804600741068296,6.7218,7,64.48097414493375,42.857142857142854,4.513668190145359,-4.318539307838205,0,0.0,0.0,0.0,0.0,42.857142857142854,2.4080147021813962,0.382973942892807,INSUFFICIENT-SAMPLE
USDCAD,main mode=continuation k=3 w=10 buf=0.2 R=2.0,1.7804600741068295,3.5609,7,52.56942868018684,42.857142857142854,3.6798600076130894,-3.2948686651393158,0,0.0,0.0,0.0,0.0,42.857142857142854,2.1729312175725464,0.382973942892807,INSUFFICIENT-SAMPLE
USDCAD,main mode=continuation k=3 w=10 buf=0.2 R=3.0,1.7804600741068295,5.3414,7,40.677004000987445,42.857142857142854,2.8473902800691286,-4.318539307838204,0,0.0,0.0,0.0,0.0,42.857142857142854,1.9795277492511223,0.382973942892807,INSUFFICIENT-SAMPLE
USDCAD,main mode=continuation k=3 w=10 buf=0.2 R=4.0,1.7804600741068295,7.1218,7,65.50829530914936,42.857142857142854,4.585580671640455,-4.318539307838208,0,0.0,0.0,0.0,0.0,42.857142857142854,2.3684735997368787,0.382973942892807,INSUFFICIENT-SAMPLE
USDCAD,main mode=both k=2 w=5 buf=0.1 R=2.0,2.1509606265862384,4.3019,10,161.7193135099573,70.0,16.171931350995727,-5.4606010388465185,0,0.0,0.0,0.0,0.0,70.0,1.4039224004475301,0.5471056327040099,INSUFFICIENT-SAMPLE
USDCAD,main mode=both k=2 w=5 buf=0.1 R=3.0,2.1509606265862384,6.4529,10,215.94833030717746,70.0,21.59483303071774,-5.4606010388465265,0,0.0,0.0,0.0,0.0,70.0,1.7155712893113708,0.5471056327040099,INSUFFICIENT-SAMPLE
USDCAD,main mode=both k=2 w=5 buf=0.1 R=4.0,2.1509606265862384,8.6038,10,178.64148260184047,70.0,17.864148260184052,-5.4606010388465265,0,0.0,0.0,0.0,0.0,70.0,1.4893210155591576,0.5471056327040099,INSUFFICIENT-SAMPLE
USDCAD,main mode=both k=2 w=5 buf=0.2 R=2.0,2.2509606265862385,4.5019,10,164.8360367870733,70.0,16.483603678707336,-5.5572280248232975,0,0.0,0.0,0.0,0.0,70.0,1.3772621178273785,0.5471056327040099,INSUFFICIENT-SAMPLE
USDCAD,main mode=both k=2 w=5 buf=0.2 R=3.0,2.2509606265862385,6.7529,10,219.06600259952194,70.0,21.906600259952192,-5.557228024823292,0,0.0,0.0,0.0,0.0,70.0,1.676447253703848,0.5471056327040099,INSUFFICIENT-SAMPLE
USDCAD,main mode=both k=2 w=5 buf=0.2 R=4.0,2.2509606265862385,9.0038,10,175.03122073620926,70.0,17.503122073620926,-5.557228024823292,0,0.0,0.0,0.0,0.0,70.0,1.422931859772491,0.5471056327040099,INSUFFICIENT-SAMPLE
USDCAD,main mode=both k=2 w=10 buf=0.1 R=2.0,2.0126553839551113,4.0253,15,97.69420321896929,60.0,14.654130482845385,-5.326960851444186,0,0.0,0.0,0.0,0.0,60.0,1.3826491652736683,0.8206584490560149,INSUFFICIENT-SAMPLE
USDCAD,main mode=both k=2 w=10 buf=0.1 R=3.0,2.0126553839551113,6.038,15,110.17522988588414,60.0,16.526284482882623,-8.014304439452502,0,0.0,0.0,0.0,0.0,60.0,1.4657020090699793,0.8206584490560149,INSUFFICIENT-SAMPLE
USDCAD,main mode=both k=2 w=10 buf=0.1 R=4.0,2.0126553839551113,8.0506,15,95.61906365063818,60.0,14.342859547595733,-8.014304439452507,0,0.0,0.0,0.0,0.0,60.0,1.351364922983351,0.8206584490560149,INSUFFICIENT-SAMPLE
USDCAD,main mode=both k=2 w=10 buf=0.2 R=2.0,2.1126553839551114,4.2253,15,98.88469049156302,60.0,14.832703573734452,-5.457286250895768,0,0.0,0.0,0.0,0.0,60.0,1.35631770657548,0.8206584490560149,INSUFFICIENT-SAMPLE
USDCAD,main mode=both k=2 w=10 buf=0.2 R=3.0,2.1126553839551114,6.338,15,109.80518957465355,60.0,16.470778436198042,-8.389262794957322,0,0.0,0.0,0.0,0.0,60.0,1.4259738279371386,0.8206584490560149,INSUFFICIENT-SAMPLE
USDCAD,main mode=both k=2 w=10 buf=0.2 R=4.0,2.1126553839551114,8.4506,15,93.76750981982599,60.0,14.065126472973887,-8.389262794957302,0,0.0,0.0,0.0,0.0,60.0,1.3064951546577745,0.8206584490560149,INSUFFICIENT-SAMPLE
USDCAD,main mode=both k=3 w=5 buf=0.1 R=2.0,2.5093143494371155,5.0186,9,120.41731372621547,66.66666666666666,10.83755823535939,-5.806867440372925,0,0.0,0.0,0.0,0.0,66.66666666666666,1.1882965862848986,0.49239506943360895,INSUFFICIENT-SAMPLE
USDCAD,main mode=both k=3 w=5 buf=0.1 R=3.0,2.5093143494371155,7.5279,9,114.95646079246418,66.66666666666666,10.346081471321767,-5.806867440372925,0,0.0,0.0,0.0,0.0,66.66666666666666,1.1516912455939954,0.49239506943360895,INSUFFICIENT-SAMPLE
USDCAD,main mode=both k=3 w=5 buf=0.1 R=4.0,2.5093143494371155,10.0373,9,115.46304457980477,66.66666666666666,10.391674012182438,-5.806867440372925,0,0.0,0.0,0.0,0.0,66.66666666666666,1.1544680007141026,0.49239506943360895,INSUFFICIENT-SAMPLE
USDCAD,main mode=both k=3 w=5 buf=0.2 R=2.0,2.6093143494371156,5.2186,9,121.31202977721902,66.66666666666666,10.918082679949714,-5.903494426349661,0,0.0,0.0,0.0,0.0,66.66666666666666,1.1671808795636711,0.49239506943360895,INSUFFICIENT-SAMPLE
USDCAD,main mode=both k=3 w=5 buf=0.2 R=3.0,2.6093143494371156,7.8279,9,114.59720681335845,66.66666666666666,10.313748613202268,-5.903494426349661,0,0.0,0.0,0.0,0.0,66.66666666666666,1.1248845005476793,0.49239506943360895,INSUFFICIENT-SAMPLE
USDCAD,main mode=both k=3 w=5 buf=0.2 R=4.0,2.6093143494371156,10.4373,9,111.6921643889107,66.66666666666666,10.05229479500196,-5.903494426349661,0,0.0,0.0,0.0,0.0,66.66666666666666,1.109552053761456,0.49239506943360895,INSUFFICIENT-SAMPLE
USDCAD,main mode=both k=3 w=10 buf=0.1 R=2.0,2.3671735773651563,4.7343,16,48.07296085778944,50.0,7.691673737246307,-10.29417516498638,0,0.0,0.0,0.0,0.0,50.0,1.4047865798489345,0.8753690123264158,INSUFFICIENT-SAMPLE
USDCAD,main mode=both k=3 w=10 buf=0.1 R=3.0,2.3671735773651563,7.1015,16,36.71329401141861,50.0,5.874127041826971,-10.29417516498638,0,0.0,0.0,0.0,0.0,50.0,1.3084836648421452,0.8753690123264158,INSUFFICIENT-SAMPLE
USDCAD,main mode=both k=3 w=10 buf=0.1 R=4.0,2.3671735773651563,9.4687,16,54.31142447276466,50.0,8.689827915642345,-10.29417516498638,0,0.0,0.0,0.0,0.0,50.0,1.4542453285105104,0.8753690123264158,INSUFFICIENT-SAMPLE
USDCAD,main mode=both k=3 w=10 buf=0.2 R=2.0,2.4671735773651564,4.9343,16,22.424914013497755,50.0,3.5879862421596354,-10.752677954997042,0,0.0,0.0,0.0,0.0,50.0,1.183377285327263,0.8753690123264158,INSUFFICIENT-SAMPLE
USDCAD,main mode=both k=3 w=10 buf=0.2 R=3.0,2.4671735773651564,7.4015,16,34.991952148164046,50.0,5.598712343706258,-10.752677954997042,0,0.0,0.0,0.0,0.0,50.0,1.2827554752166155,0.8753690123264158,INSUFFICIENT-SAMPLE
USDCAD,main mode=both k=3 w=10 buf=0.2 R=4.0,2.4671735773651564,9.8687,16,51.22646800646771,50.0,8.196234881034826,-10.752677954997042,0,0.0,0.0,0.0,0.0,50.0,1.4124287283671355,0.8753690123264158,INSUFFICIENT-SAMPLE
USDCAD,ablation(a)-no_engulf mode=both k=3 w=10 buf=0.1 R=2.0,1.6667073779426662,3.3334,49,37.643916742569544,42.857142857142854,18.445519203859085,-14.614309138273187,16,9.225220217514902,50.0,1.4760352348023753,-7.5948820125867735,44.61538461538462,1.621528248179051,3.556186612576065,SURVIVOR
USDCAD,ablation(a)-no_engulf mode=both k=3 w=10 buf=0.1 R=3.0,1.6667073779426662,5.0001,49,69.37251805206147,42.857142857142854,33.99253384551011,-13.446796408793077,16,-30.8489155048552,43.75,-4.935826480776829,-7.375391582850622,43.07692307692308,1.8750524163816817,3.556186612576065,FAIL
USDCAD,ablation(a)-no_engulf mode=both k=3 w=10 buf=0.1 R=4.0,1.6667073779426662,6.6668,49,102.9224400078987,42.857142857142854,50.43199560387037,-13.446796408793032,16,-21.41709260256812,43.75,-3.4267348164109035,-7.137894511685644,43.07692307692308,2.167462669180398,3.556186612576065,FAIL
USDCAD,ablation(b)-breakout(no_retest) mode=both k=3 buf=0.1 R=2.0,2.0167860015929127,4.0336,51,11.937708354073823,41.17647058823529,6.088231260577648,-17.501606939501016,18,-13.893786629418072,38.88888888888889,-2.5008815932952566,-11.101772758287936,40.57971014492754,1.5291283521399708,3.7750288656576685,FAIL
USDCAD,ablation(b)-breakout(no_retest) mode=both k=3 buf=0.1 R=3.0,2.0167860015929127,6.0504,51,16.047218216133235,39.21568627450981,8.18408129022794,-18.30739379264486,18,-24.416405494812253,38.88888888888889,-4.394952989066203,-10.062504973393382,39.130434782608695,1.626218794245347,3.7750288656576685,FAIL
USDCAD,ablation(b)-breakout(no_retest) mode=both k=3 buf=0.1 R=4.0,2.0167860015929127,8.0671,51,-3.502226087522193,39.21568627450981,-1.786135304636316,-22.941157635687937,18,-19.92822544775067,38.88888888888889,-3.5870805805951256,-8.982577125801612,39.130434782608695,1.4505946740467468,3.7750288656576685,FAIL
USDCAD,ablation(c)-trend_filter_on mode=both k=3 w=10 buf=0.1 R=2.0,2.157113057406399,4.3142,7,-56.79059899803542,42.857142857142854,-3.975341929862475,-5.466545947312361,0,0.0,0.0,0.0,0.0,42.857142857142854,0.7157434564017553,0.382973942892807,INSUFFICIENT-SAMPLE
USDCAD,ablation(c)-trend_filter_on mode=both k=3 w=10 buf=0.1 R=3.0,2.157113057406399,6.4713,7,-56.79059899803542,42.857142857142854,-3.975341929862475,-5.466545947312361,0,0.0,0.0,0.0,0.0,42.857142857142854,0.7157434564017553,0.382973942892807,INSUFFICIENT-SAMPLE
USDCAD,ablation(c)-trend_filter_on mode=both k=3 w=10 buf=0.1 R=4.0,2.157113057406399,8.6285,7,-56.79059899803542,42.857142857142854,-3.975341929862475,-5.466545947312361,0,0.0,0.0,0.0,0.0,42.857142857142854,0.7157434564017553,0.382973942892807,INSUFFICIENT-SAMPLE
USDCHF,main mode=reversal k=2 w=5 buf=0.1 R=2.0,2.20809670408689,4.4162,8,102.35420393871254,62.5,8.188336315097011,-6.625177984669767,0,0.0,0.0,0.0,0.0,62.5,1.6267177037639422,0.4376845061632079,INSUFFICIENT-SAMPLE
USDCHF,main mode=reversal k=2 w=5 buf=0.1 R=3.0,2.20809670408689,6.6243,8,109.70463722616364,62.5,8.776370978093095,-6.625177984669728,0,0.0,0.0,0.0,0.0,62.5,1.7176483547938013,0.4376845061632079,INSUFFICIENT-SAMPLE
USDCHF,main mode=reversal k=2 w=5 buf=0.1 R=4.0,2.20809670408689,8.8324,8,137.86496280031406,62.5,11.029197024025116,-6.625177984669728,0,0.0,0.0,0.0,0.0,62.5,2.004539978923806,0.4376845061632079,INSUFFICIENT-SAMPLE
USDCHF,main mode=reversal k=2 w=5 buf=0.2 R=2.0,2.30809670408689,4.6162,8,104.76496097334143,62.5,8.381196877867314,-6.816063293884367,0,0.0,0.0,0.0,0.0,62.5,1.6053086959611294,0.4376845061632079,INSUFFICIENT-SAMPLE
USDCHF,main mode=reversal k=2 w=5 buf=0.2 R=3.0,2.30809670408689,6.9243,8,110.74314180359465,62.5,8.859451344287583,-6.816063293884398,0,0.0,0.0,0.0,0.0,62.5,1.681349720942342,0.4376845061632079,INSUFFICIENT-SAMPLE
USDCHF,main mode=reversal k=2 w=5 buf=0.2 R=4.0,2.30809670408689,9.2324,8,140.1186116585618,62.5,11.209488932684941,-6.816063293884398,0,0.0,0.0,0.0,0.0,62.5,1.968186048798699,0.4376845061632079,INSUFFICIENT-SAMPLE
USDCHF,main mode=reversal k=2 w=10 buf=0.1 R=2.0,2.0741794668559854,4.1484,10,162.82190248470906,70.0,16.282190248470908,-3.9151786932189783,0,0.0,0.0,0.0,0.0,70.0,1.4439122561735966,0.5471056327040099,INSUFFICIENT-SAMPLE
USDCHF,main mode=reversal k=2 w=10 buf=0.1 R=3.0,2.0741794668559854,6.2225,10,133.7248134179872,70.0,13.372481341798714,-5.32764646940565,0,0.0,0.0,0.0,0.0,70.0,1.279778688264662,0.5471056327040099,INSUFFICIENT-SAMPLE
USDCHF,main mode=reversal k=2 w=10 buf=0.1 R=4.0,2.0741794668559854,8.2967,10,94.85891672140842,70.0,9.485891672140845,-6.643275005342085,0,0.0,0.0,0.0,0.0,70.0,1.0509448753229929,0.5471056327040099,INSUFFICIENT-SAMPLE
USDCHF,main mode=reversal k=2 w=10 buf=0.2 R=2.0,2.1741794668559855,4.3484,10,107.05029432812243,70.0,10.70502943281224,-5.424333469124833,0,0.0,0.0,0.0,0.0,70.0,1.0848281627315506,0.5471056327040099,INSUFFICIENT-SAMPLE
USDCHF,main mode=reversal k=2 w=10 buf=0.2 R=3.0,2.1741794668559855,6.5225,10,73.62472912055128,70.0,7.362472912055118,-6.738618379692912,0,0.0,0.0,0.0,0.0,70.0,0.8926311849898243,0.5471056327040099,INSUFFICIENT-SAMPLE
USDCHF,main mode=reversal k=2 w=10 buf=0.2 R=4.0,2.1741794668559855,8.6967,10,95.5397164785658,70.0,9.553971647856585,-6.738618379692912,0,0.0,0.0,0.0,0.0,70.0,1.0265504790493067,0.5471056327040099,INSUFFICIENT-SAMPLE
USDCHF,main mode=reversal k=3 w=5 buf=0.1 R=2.0,3.236051207907318,6.4721,3,285.95861921001415,66.66666666666666,8.578758576300416,-3.341235534093389,0,0.0,0.0,0.0,0.0,66.66666666666666,34.92210161443069,0.164131689811203,INSUFFICIENT-SAMPLE
USDCHF,main mode=reversal k=3 w=5 buf=0.1 R=3.0,3.236051207907318,9.7082,3,395.97068565650324,66.66666666666666,11.87912056969509,-5.606711387057128,0,0.0,0.0,0.0,0.0,66.66666666666666,48.16473979927031,0.164131689811203,INSUFFICIENT-SAMPLE
USDCHF,main mode=reversal k=3 w=5 buf=0.1 R=4.0,3.236051207907318,12.9442,3,410.57070408331856,66.66666666666666,12.317121122499564,-5.606711387057128,0,0.0,0.0,0.0,0.0,66.66666666666666,49.92220848214748,0.164131689811203,INSUFFICIENT-SAMPLE
USDCHF,main mode=reversal k=3 w=5 buf=0.2 R=2.0,3.336051207907318,6.6721,3,292.757671553667,66.66666666666666,8.782730146610017,-3.341235534093375,0,0.0,0.0,0.0,0.0,66.66666666666666,35.74053356553467,0.164131689811203,INSUFFICIENT-SAMPLE
USDCHF,main mode=reversal k=3 w=5 buf=0.2 R=3.0,3.336051207907318,10.0082,3,406.16926417198437,66.66666666666666,12.185077925159526,-5.606711387057128,0,0.0,0.0,0.0,0.0,66.66666666666666,49.392387725926504,0.164131689811203,INSUFFICIENT-SAMPLE
USDCHF,main mode=reversal k=3 w=5 buf=0.2 R=4.0,3.336051207907318,13.3442,3,410.57070408331856,66.66666666666666,12.317121122499564,-5.606711387057128,0,0.0,0.0,0.0,0.0,66.66666666666666,49.92220848214748,0.164131689811203,INSUFFICIENT-SAMPLE
USDCHF,main mode=reversal k=3 w=10 buf=0.1 R=2.0,2.330936992301657,4.6619,6,153.30096379662123,66.66666666666666,9.198057827797278,-5.776113272625053,0,0.0,0.0,0.0,0.0,66.66666666666666,2.1557092609052186,0.328263379622406,INSUFFICIENT-SAMPLE
USDCHF,main mode=reversal k=3 w=10 buf=0.1 R=3.0,2.330936992301657,6.9928,6,121.91669708852532,66.66666666666666,7.315001825311529,-5.776113272625053,0,0.0,0.0,0.0,0.0,66.66666666666666,1.8380273802808675,0.328263379622406,INSUFFICIENT-SAMPLE
USDCHF,main mode=reversal k=3 w=10 buf=0.1 R=4.0,2.330936992301657,9.3237,6,160.88475110189515,66.66666666666666,9.653085066113709,-5.776113272625053,0,0.0,0.0,0.0,0.0,66.66666666666666,2.230964740867929,0.328263379622406,INSUFFICIENT-SAMPLE
USDCHF,main mode=reversal k=3 w=10 buf=0.2 R=2.0,2.4309369923016573,4.8619,6,158.39267526122998,66.66666666666666,9.503560515673804,-5.776113272625053,0,0.0,0.0,0.0,0.0,66.66666666666666,2.14001342098336,0.328263379622406,INSUFFICIENT-SAMPLE
USDCHF,main mode=reversal k=3 w=10 buf=0.2 R=3.0,2.4309369923016573,7.2928,6,125.09556058844191,66.66666666666666,7.505733635306511,-5.776113272625053,0,0.0,0.0,0.0,0.0,66.66666666666666,1.817497832287364,0.328263379622406,INSUFFICIENT-SAMPLE
USDCHF,main mode=reversal k=3 w=10 buf=0.2 R=4.0,2.4309369923016573,9.7237,6,165.69380456154522,66.66666666666666,9.941628273692714,-5.776113272625053,0,0.0,0.0,0.0,0.0,66.66666666666666,2.209281552466112,0.328263379622406,INSUFFICIENT-SAMPLE
USDCHF,main mode=continuation k=2 w=5 buf=0.1 R=2.0,2.75774699505815,5.5155,5,-113.72515736265996,20.0,-5.686257868132993,-10.747081760787463,0,0.0,0.0,0.0,0.0,20.0,1.9410567823670397,0.27355281635200496,INSUFFICIENT-SAMPLE
USDCHF,main mode=continuation k=2 w=5 buf=0.1 R=3.0,2.75774699505815,8.2732,5,-206.40222697086355,20.0,-10.320111348543183,-13.164726350412892,0,0.0,0.0,0.0,0.0,20.0,0.12029386489555281,0.27355281635200496,INSUFFICIENT-SAMPLE
USDCHF,main mode=continuation k=2 w=5 buf=0.1 R=4.0,2.75774699505815,11.031,5,-206.40222697086355,20.0,-10.320111348543183,-13.164726350412892,0,0.0,0.0,0.0,0.0,20.0,0.12029386489555281,0.27355281635200496,INSUFFICIENT-SAMPLE
USDCHF,main mode=continuation k=2 w=5 buf=0.2 R=2.0,2.85774699505815,5.7155,5,-117.91240060194832,20.0,-5.895620030097415,-11.02217404905201,0,0.0,0.0,0.0,0.0,20.0,1.939504000341316,0.27355281635200496,INSUFFICIENT-SAMPLE
USDCHF,main mode=continuation k=2 w=5 buf=0.2 R=3.0,2.85774699505815,8.5732,5,-213.7693507095486,20.0,-10.68846753547743,-13.521398406700449,0,0.0,0.0,0.0,0.0,20.0,0.11615258059076101,0.27355281635200496,INSUFFICIENT-SAMPLE
USDCHF,main mode=continuation k=2 w=5 buf=0.2 R=4.0,2.85774699505815,11.431,5,-213.7693507095486,20.0,-10.68846753547743,-13.521398406700449,0,0.0,0.0,0.0,0.0,20.0,0.11615258059076101,0.27355281635200496,INSUFFICIENT-SAMPLE
USDCHF,main mode=continuation k=2 w=10 buf=0.1 R=2.0,2.4535931121842083,4.9072,9,-134.258202776235,11.11111111111111,-12.08323824986115,-14.871927477188688,0,0.0,0.0,0.0,0.0,11.11111111111111,2.18547404149645,0.49239506943360895,INSUFFICIENT-SAMPLE
USDCHF,main mode=continuation k=2 w=10 buf=0.1 R=3.0,2.4535931121842083,7.3608,9,-176.86749425684786,11.11111111111111,-15.918074483116307,-18.585124033556777,0,0.0,0.0,0.0,0.0,11.11111111111111,0.15026519441565409,0.49239506943360895,INSUFFICIENT-SAMPLE
USDCHF,main mode=continuation k=2 w=10 buf=0.1 R=4.0,2.4535931121842083,9.8144,9,-176.86749425684786,11.11111111111111,-15.918074483116307,-18.585124033556777,0,0.0,0.0,0.0,0.0,11.11111111111111,0.15026519441565409,0.49239506943360895,INSUFFICIENT-SAMPLE
USDCHF,main mode=continuation k=2 w=10 buf=0.2 R=2.0,2.5535931121842084,5.1072,9,-139.39829137963432,11.11111111111111,-12.54584622416709,-15.319861686802414,0,0.0,0.0,0.0,0.0,11.11111111111111,2.184387810583101,0.49239506943360895,INSUFFICIENT-SAMPLE
USDCHF,main mode=continuation k=2 w=10 buf=0.2 R=3.0,2.5535931121842084,7.6608,9,-183.55166140855988,11.11111111111111,-16.519649526770387,-19.167617325218732,0,0.0,0.0,0.0,0.0,11.11111111111111,0.14445513264418733,0.49239506943360895,INSUFFICIENT-SAMPLE
USDCHF,main mode=continuation k=2 w=10 buf=0.2 R=4.0,2.5535931121842084,10.2144,9,-183.55166140855988,11.11111111111111,-16.519649526770387,-19.167617325218732,0,0.0,0.0,0.0,0.0,11.11111111111111,0.14445513264418733,0.49239506943360895,INSUFFICIENT-SAMPLE
USDCHF,main mode=continuation k=3 w=5 buf=0.1 R=2.0,4.199818197051754,8.3996,3,49.57598818500325,66.66666666666666,1.487279645550088,-10.184880428713555,0,0.0,0.0,0.0,0.0,66.66666666666666,0.6718828757105699,0.164131689811203,INSUFFICIENT-SAMPLE
USDCHF,main mode=continuation k=3 w=5 buf=0.1 R=3.0,4.199818197051754,12.5995,3,49.57598818500325,66.66666666666666,1.487279645550088,-10.184880428713555,0,0.0,0.0,0.0,0.0,66.66666666666666,0.6718828757105699,0.164131689811203,INSUFFICIENT-SAMPLE
USDCHF,main mode=continuation k=3 w=5 buf=0.1 R=4.0,4.199818197051754,16.7993,3,49.57598818500325,66.66666666666666,1.487279645550088,-10.184880428713555,0,0.0,0.0,0.0,0.0,66.66666666666666,0.6718828757105699,0.164131689811203,INSUFFICIENT-SAMPLE
USDCHF,main mode=continuation k=3 w=5 buf=0.2 R=2.0,4.299818197051755,8.5996,3,46.04449782186506,66.66666666666666,1.3813349346559534,-10.278640325620215,0,0.0,0.0,0.0,0.0,66.66666666666666,0.6559336240205292,0.164131689811203,INSUFFICIENT-SAMPLE
USDCHF,main mode=continuation k=3 w=5 buf=0.2 R=3.0,4.299818197051755,12.8995,3,46.04449782186506,66.66666666666666,1.3813349346559534,-10.278640325620215,0,0.0,0.0,0.0,0.0,66.66666666666666,0.6559336240205292,0.164131689811203,INSUFFICIENT-SAMPLE
USDCHF,main mode=continuation k=3 w=5 buf=0.2 R=4.0,4.299818197051755,17.1993,3,46.04449782186506,66.66666666666666,1.3813349346559534,-10.278640325620215,0,0.0,0.0,0.0,0.0,66.66666666666666,0.6559336240205292,0.164131689811203,INSUFFICIENT-SAMPLE
USDCHF,main mode=continuation k=3 w=10 buf=0.1 R=2.0,3.5603836826591433,7.1208,7,-166.53551110869088,28.57142857142857,-11.657485777608368,-16.834391091126776,0,0.0,0.0,0.0,0.0,28.57142857142857,0.7644127126415914,0.382973942892807,INSUFFICIENT-SAMPLE
USDCHF,main mode=continuation k=3 w=10 buf=0.1 R=3.0,3.5603836826591433,10.6812,7,-166.53551110869088,28.57142857142857,-11.657485777608368,-16.834391091126776,0,0.0,0.0,0.0,0.0,28.57142857142857,0.7644127126415914,0.382973942892807,INSUFFICIENT-SAMPLE
USDCHF,main mode=continuation k=3 w=10 buf=0.1 R=4.0,3.5603836826591433,14.2415,7,-166.53551110869088,28.57142857142857,-11.657485777608368,-16.834391091126776,0,0.0,0.0,0.0,0.0,28.57142857142857,0.7644127126415914,0.382973942892807,INSUFFICIENT-SAMPLE
USDCHF,main mode=continuation k=3 w=10 buf=0.2 R=2.0,3.6603836826591434,7.3208,7,-173.06565708728445,28.57142857142857,-12.114595996109912,-17.264714475001146,0,0.0,0.0,0.0,0.0,28.57142857142857,0.7419777862017473,0.382973942892807,INSUFFICIENT-SAMPLE
USDCHF,main mode=continuation k=3 w=10 buf=0.2 R=3.0,3.6603836826591434,10.9812,7,-173.06565708728445,28.57142857142857,-12.114595996109912,-17.264714475001146,0,0.0,0.0,0.0,0.0,28.57142857142857,0.7419777862017473,0.382973942892807,INSUFFICIENT-SAMPLE
USDCHF,main mode=continuation k=3 w=10 buf=0.2 R=4.0,3.6603836826591434,14.6415,7,-173.06565708728445,28.57142857142857,-12.114595996109912,-17.264714475001146,0,0.0,0.0,0.0,0.0,28.57142857142857,0.7419777862017473,0.382973942892807,INSUFFICIENT-SAMPLE
USDCHF,main mode=both k=2 w=5 buf=0.1 R=2.0,2.565172283050622,5.1303,10,162.30436029846132,60.0,16.23043602984613,-6.3825524776231175,0,0.0,0.0,0.0,0.0,60.0,1.9616560525469646,0.5471056327040099,INSUFFICIENT-SAMPLE
USDCHF,main mode=both k=2 w=5 buf=0.1 R=3.0,2.565172283050622,7.6955,10,138.34518306021383,60.0,13.834518306021382,-7.164959303493756,0,0.0,0.0,0.0,0.0,60.0,1.8137148233159892,0.5471056327040099,INSUFFICIENT-SAMPLE
USDCHF,main mode=both k=2 w=5 buf=0.1 R=4.0,2.565172283050622,10.2607,10,54.34590002106306,50.0,5.43459000210631,-8.851745536882976,0,0.0,0.0,0.0,0.0,50.0,1.4989989188962156,0.5471056327040099,INSUFFICIENT-SAMPLE
USDCHF,main mode=both k=2 w=5 buf=0.2 R=2.0,2.665172283050622,5.3303,10,167.5720584255958,60.0,16.757205842559575,-6.478641993625134,0,0.0,0.0,0.0,0.0,60.0,1.951602263924919,0.5471056327040099,INSUFFICIENT-SAMPLE
USDCHF,main mode=both k=2 w=5 buf=0.2 R=3.0,2.665172283050622,7.9955,10,28.450572227737574,50.0,2.8450572227737503,-8.945300658151332,0,0.0,0.0,0.0,0.0,50.0,1.2546462540863728,0.5471056327040099,INSUFFICIENT-SAMPLE
USDCHF,main mode=both k=2 w=5 buf=0.2 R=4.0,2.665172283050622,10.6607,10,53.83326712236867,50.0,5.383326712236869,-8.945300658151337,0,0.0,0.0,0.0,0.0,50.0,1.4758750128197358,0.5471056327040099,INSUFFICIENT-SAMPLE
USDCHF,main mode=both k=2 w=10 buf=0.1 R=2.0,2.1953371024197392,4.3907,15,164.83128331323036,66.66666666666666,24.724692496984545,-9.916689224634295,0,0.0,0.0,0.0,0.0,66.66666666666666,1.5476456616103798,0.8206584490560149,INSUFFICIENT-SAMPLE
USDCHF,main mode=both k=2 w=10 buf=0.1 R=3.0,2.1953371024197392,6.586,15,23.67122014947539,46.666666666666664,3.550683022421297,-10.123514292815281,0,0.0,0.0,0.0,0.0,46.666666666666664,1.4062616063196471,0.8206584490560149,INSUFFICIENT-SAMPLE
USDCHF,main mode=both k=2 w=10 buf=0.1 R=4.0,2.1953371024197392,8.7813,15,-20.20195037422806,40.0,-3.0302925561342064,-10.25189885795111,0,0.0,0.0,0.0,0.0,40.0,1.2435775637501527,0.8206584490560149,INSUFFICIENT-SAMPLE
USDCHF,main mode=both k=2 w=10 buf=0.2 R=2.0,2.2953371024197393,4.5907,15,80.51831980256902,53.333333333333336,12.077747970385344,-10.398935215833752,0,0.0,0.0,0.0,0.0,53.333333333333336,1.6004814393957678,0.8206584490560149,INSUFFICIENT-SAMPLE
USDCHF,main mode=both k=2 w=10 buf=0.2 R=3.0,2.2953371024197393,6.886,15,22.609158034639524,46.666666666666664,3.3913737051959325,-10.398935215833735,0,0.0,0.0,0.0,0.0,46.666666666666664,1.384115796899996,0.8206584490560149,INSUFFICIENT-SAMPLE
USDCHF,main mode=both k=2 w=10 buf=0.2 R=4.0,2.2953371024197393,9.1813,15,-23.113408336046874,40.0,-3.467011250407026,-10.618414768935526,0,0.0,0.0,0.0,0.0,40.0,1.2187219516552226,0.8206584490560149,INSUFFICIENT-SAMPLE
USDCHF,main mode=both k=3 w=5 buf=0.1 R=2.0,3.5603836826591433,7.1208,6,266.8244283813174,66.66666666666666,16.009465702879044,-7.33884629470402,0,0.0,0.0,0.0,0.0,66.66666666666666,2.474784693444552,0.328263379622406,INSUFFICIENT-SAMPLE
USDCHF,main mode=both k=3 w=5 buf=0.1 R=3.0,3.5603836826591433,10.6812,6,131.76223153007473,50.0,7.9057338918044895,-9.782816768663407,0,0.0,0.0,0.0,0.0,50.0,1.9667709511968678,0.328263379622406,INSUFFICIENT-SAMPLE
USDCHF,main mode=both k=3 w=5 buf=0.1 R=4.0,3.5603836826591433,14.2415,6,122.92999610132877,50.0,7.375799766079716,-9.782816768663418,0,0.0,0.0,0.0,0.0,50.0,1.9063481503414288,0.328263379622406,INSUFFICIENT-SAMPLE
USDCHF,main mode=both k=3 w=5 buf=0.2 R=2.0,3.6603836826591434,7.3208,6,272.03900516481553,66.66666666666666,16.32234030988893,-7.43493581070603,0,0.0,0.0,0.0,0.0,66.66666666666666,2.4566485580176716,0.328263379622406,INSUFFICIENT-SAMPLE
USDCHF,main mode=both k=3 w=5 buf=0.2 R=3.0,3.6603836826591434,10.9812,6,119.22030097324841,50.0,7.153218058394906,-9.876371889931763,0,0.0,0.0,0.0,0.0,50.0,1.8558394615831113,0.328263379622406,INSUFFICIENT-SAMPLE
USDCHF,main mode=both k=3 w=5 buf=0.2 R=4.0,3.6603836826591434,14.6415,6,119.22030097324841,50.0,7.153218058394906,-9.876371889931763,0,0.0,0.0,0.0,0.0,50.0,1.8558394615831113,0.328263379622406,INSUFFICIENT-SAMPLE
USDCHF,main mode=both k=3 w=10 buf=0.1 R=2.0,3.0435882505035408,6.0872,13,30.99796050675006,46.15384615384615,4.029734865877499,-12.441940120911982,0,0.0,0.0,0.0,0.0,46.15384615384615,1.4216111956950506,0.711237322515213,INSUFFICIENT-SAMPLE
USDCHF,main mode=both k=3 w=10 buf=0.1 R=3.0,3.0435882505035408,9.1308,13,-55.743053674709486,38.46153846153847,-7.2465969777122385,-13.325369597907134,0,0.0,0.0,0.0,0.0,38.46153846153847,1.0513463928267839,0.711237322515213,INSUFFICIENT-SAMPLE
USDCHF,main mode=both k=3 w=10 buf=0.1 R=4.0,3.0435882505035408,12.1744,13,-49.15975832079745,38.46153846153847,-6.390768581703665,-13.325369597907116,0,0.0,0.0,0.0,0.0,38.46153846153847,1.118675323557106,0.711237322515213,INSUFFICIENT-SAMPLE
USDCHF,main mode=both k=3 w=10 buf=0.2 R=2.0,3.143588250503541,6.2872,13,30.564786782971797,46.15384615384615,3.973422281786343,-12.712601573024484,0,0.0,0.0,0.0,0.0,46.15384615384615,1.410326656805419,0.711237322515213,INSUFFICIENT-SAMPLE
USDCHF,main mode=both k=3 w=10 buf=0.2 R=3.0,3.143588250503541,9.4308,13,-58.93137394063888,38.46153846153847,-7.661078612283056,-13.682426186139937,0,0.0,0.0,0.0,0.0,38.46153846153847,1.037342988985693,0.711237322515213,INSUFFICIENT-SAMPLE
USDCHF,main mode=both k=3 w=10 buf=0.2 R=4.0,3.143588250503541,12.5744,13,-54.342855178258105,38.46153846153847,-7.064571173173551,-13.682426186139976,0,0.0,0.0,0.0,0.0,38.46153846153847,1.0830568419927522,0.711237322515213,INSUFFICIENT-SAMPLE
USDCHF,ablation(a)-no_engulf mode=both k=3 w=10 buf=0.1 R=2.0,1.9579803564611487,3.916,47,81.908094254853,46.808510638297875,38.496804299780905,-9.258886411833712,17,-78.5944519097151,17.647058823529413,-13.361056824651573,-15.35662400122505,39.0625,2.1176481310289503,3.5014760493056634,FAIL
USDCHF,ablation(a)-no_engulf mode=both k=3 w=10 buf=0.1 R=3.0,1.9579803564611487,5.8739,47,84.07596345611029,40.42553191489361,39.51570282437184,-15.860497691622335,17,-98.37550437665702,11.76470588235294,-16.72383574403169,-17.54310961988946,32.8125,2.683999768440944,3.5014760493056634,FAIL
USDCHF,ablation(a)-no_engulf mode=both k=3 w=10 buf=0.1 R=4.0,1.9579803564611487,7.8319,47,81.77057953987403,38.297872340425535,38.43217238374079,-15.860497691622335,17,-95.90059858882726,11.76470588235294,-16.303101760100635,-17.126514831907205,31.25,2.833406967592493,3.5014760493056634,FAIL
USDCHF,ablation(b)-breakout(no_retest) mode=both k=3 buf=0.1 R=2.0,2.3165330445904524,4.6331,52,1.2225008211520827,38.46153846153847,0.6357004269990751,-13.340180118462,17,-22.64649378526808,41.17647058823529,-3.8499039434955695,-14.41736402438053,39.130434782608695,1.499771667655526,3.7750288656576685,FAIL
USDCHF,ablation(b)-breakout(no_retest) mode=both k=3 buf=0.1 R=3.0,2.3165330445904524,6.9496,52,15.193147365249702,36.53846153846153,7.900436629929852,-17.09606237787183,17,-45.87417690925619,35.294117647058826,-7.798610074573553,-14.47622393418451,36.231884057971016,1.7618196154885999,3.7750288656576685,FAIL
USDCHF,ablation(b)-breakout(no_retest) mode=both k=3 buf=0.1 R=4.0,2.3165330445904524,9.2661,52,8.768500084768046,34.61538461538461,4.559620044079393,-24.28430074043114,17,-45.87417690925619,35.294117647058826,-7.798610074573553,-14.47622393418451,34.78260869565217,1.8158579235651475,3.7750288656576685,FAIL
USDCHF,ablation(c)-trend_filter_on mode=both k=3 w=10 buf=0.1 R=2.0,2.924746756983421,5.8495,7,-7.236046281666339,42.857142857142854,-0.5065232397166386,-12.119555137719065,0,0.0,0.0,0.0,0.0,42.857142857142854,1.2623685415578383,0.382973942892807,INSUFFICIENT-SAMPLE
USDCHF,ablation(c)-trend_filter_on mode=both k=3 w=10 buf=0.1 R=3.0,2.924746756983421,8.7742,7,-77.50892687983313,42.857142857142854,-5.42562488158832,-12.803696734624681,0,0.0,0.0,0.0,0.0,42.857142857142854,0.5346254336492413,0.382973942892807,INSUFFICIENT-SAMPLE
USDCHF,ablation(c)-trend_filter_on mode=both k=3 w=10 buf=0.1 R=4.0,2.924746756983421,11.699,7,-77.50892687983313,42.857142857142854,-5.42562488158832,-12.803696734624681,0,0.0,0.0,0.0,0.0,42.857142857142854,0.5346254336492413,0.382973942892807,INSUFFICIENT-SAMPLE
GBPJPY,main mode=reversal k=2 w=5 buf=0.1 R=2.0,3.169483390161872,6.339,2,-312.74552694768136,0.0,-6.254910538953629,-7.89245648901506,0,0.0,0.0,0.0,0.0,0.0,,0.110480943738657,INSUFFICIENT-SAMPLE
GBPJPY,main mode=reversal k=2 w=5 buf=0.1 R=3.0,3.169483390161872,9.5085,2,-312.74552694768136,0.0,-6.254910538953629,-7.89245648901506,0,0.0,0.0,0.0,0.0,0.0,,0.110480943738657,INSUFFICIENT-SAMPLE
GBPJPY,main mode=reversal k=2 w=5 buf=0.1 R=4.0,3.169483390161872,12.6779,2,-312.74552694768136,0.0,-6.254910538953629,-7.89245648901506,0,0.0,0.0,0.0,0.0,0.0,,0.110480943738657,INSUFFICIENT-SAMPLE
GBPJPY,main mode=reversal k=2 w=5 buf=0.2 R=2.0,3.2694833901618723,6.539,2,-322.4226349678238,0.0,-6.448452699356477,-8.082617841070975,0,0.0,0.0,0.0,0.0,0.0,,0.110480943738657,INSUFFICIENT-SAMPLE
GBPJPY,main mode=reversal k=2 w=5 buf=0.2 R=3.0,3.2694833901618723,9.8085,2,-322.4226349678238,0.0,-6.448452699356477,-8.082617841070975,0,0.0,0.0,0.0,0.0,0.0,,0.110480943738657,INSUFFICIENT-SAMPLE
GBPJPY,main mode=reversal k=2 w=5 buf=0.2 R=4.0,3.2694833901618723,13.0779,2,-322.4226349678238,0.0,-6.448452699356477,-8.082617841070975,0,0.0,0.0,0.0,0.0,0.0,,0.110480943738657,INSUFFICIENT-SAMPLE
GBPJPY,main mode=reversal k=2 w=10 buf=0.1 R=2.0,2.4095893646068354,4.8192,4,-65.10901293344114,25.0,-2.604360517337645,-10.578021956368405,0,0.0,0.0,0.0,0.0,25.0,1.8964955619847605,0.220961887477314,INSUFFICIENT-SAMPLE
GBPJPY,main mode=reversal k=2 w=10 buf=0.1 R=3.0,2.4095893646068354,7.2288,4,-9.13723105084182,25.0,-0.3654892420336675,-10.578021956368405,0,0.0,0.0,0.0,0.0,25.0,2.845137031549194,0.220961887477314,INSUFFICIENT-SAMPLE
GBPJPY,main mode=reversal k=2 w=10 buf=0.1 R=4.0,2.4095893646068354,9.6384,4,46.834550831758406,25.0,1.8733820332703432,-10.578021956368405,0,0.0,0.0,0.0,0.0,25.0,3.793778501113643,0.220961887477314,INSUFFICIENT-SAMPLE
GBPJPY,main mode=reversal k=2 w=10 buf=0.2 R=2.0,2.5095893646068355,5.0192,4,-67.955537969327,25.0,-2.7182215187730785,-10.852652979237218,0,0.0,0.0,0.0,0.0,25.0,1.8928743762824294,0.220961887477314,INSUFFICIENT-SAMPLE
GBPJPY,main mode=reversal k=2 w=10 buf=0.2 R=3.0,2.5095893646068355,7.5288,4,-9.839923350858953,25.0,-0.393596934034357,-10.852652979237218,0,0.0,0.0,0.0,0.0,25.0,2.8396888376916385,0.220961887477314,INSUFFICIENT-SAMPLE
GBPJPY,main mode=reversal k=2 w=10 buf=0.2 R=4.0,2.5095893646068355,10.0384,4,48.275691267609545,25.0,1.9310276507043866,-10.852652979237218,0,0.0,0.0,0.0,0.0,25.0,3.786503299100855,0.220961887477314,INSUFFICIENT-SAMPLE
GBPJPY,main mode=reversal k=3 w=5 buf=0.1 R=2.0,2.659806667930136,5.3196,2,-263.2707354621007,0.0,-5.265414709242011,-7.277097173197087,0,0.0,0.0,0.0,0.0,0.0,,0.110480943738657,INSUFFICIENT-SAMPLE
GBPJPY,main mode=reversal k=3 w=5 buf=0.1 R=3.0,2.659806667930136,7.9794,2,-263.2707354621007,0.0,-5.265414709242011,-7.277097173197087,0,0.0,0.0,0.0,0.0,0.0,,0.110480943738657,INSUFFICIENT-SAMPLE
GBPJPY,main mode=reversal k=3 w=5 buf=0.1 R=4.0,2.659806667930136,10.6392,2,-263.2707354621007,0.0,-5.265414709242011,-7.277097173197087,0,0.0,0.0,0.0,0.0,0.0,,0.110480943738657,INSUFFICIENT-SAMPLE
GBPJPY,main mode=reversal k=3 w=5 buf=0.2 R=2.0,2.7598066679301363,5.5196,2,-60.79134489844455,50.0,-1.2158268979688858,-4.790711820496792,0,0.0,0.0,0.0,0.0,50.0,0.5677028176444727,0.110480943738657,INSUFFICIENT-SAMPLE
GBPJPY,main mode=reversal k=3 w=5 buf=0.2 R=3.0,2.7598066679301363,8.2794,2,-60.79134489844455,50.0,-1.2158268979688858,-4.790711820496792,0,0.0,0.0,0.0,0.0,50.0,0.5677028176444727,0.110480943738657,INSUFFICIENT-SAMPLE
GBPJPY,main mode=reversal k=3 w=5 buf=0.2 R=4.0,2.7598066679301363,11.0392,2,-60.79134489844455,50.0,-1.2158268979688858,-4.790711820496792,0,0.0,0.0,0.0,0.0,50.0,0.5677028176444727,0.110480943738657,INSUFFICIENT-SAMPLE
GBPJPY,main mode=reversal k=3 w=10 buf=0.1 R=2.0,2.507910319467999,5.0158,3,191.31787862217547,66.66666666666666,5.739536358665265,-4.569990138453104,0,0.0,0.0,0.0,0.0,66.66666666666666,1.6041016494835791,0.16572141560798548,INSUFFICIENT-SAMPLE
GBPJPY,main mode=reversal k=3 w=10 buf=0.1 R=3.0,2.507910319467999,7.5237,3,275.48786206184195,66.66666666666666,8.264635861855263,-4.569990138453104,0,0.0,0.0,0.0,0.0,66.66666666666666,2.0898493392552635,0.16572141560798548,INSUFFICIENT-SAMPLE
GBPJPY,main mode=reversal k=3 w=10 buf=0.1 R=4.0,2.507910319467999,10.0316,3,359.65784550150846,66.66666666666666,10.78973536504526,-4.569990138453104,0,0.0,0.0,0.0,0.0,66.66666666666666,2.5755970290269485,0.16572141560798548,INSUFFICIENT-SAMPLE
GBPJPY,main mode=reversal k=3 w=10 buf=0.2 R=2.0,2.607910319467999,5.2158,3,194.407782213361,66.66666666666666,5.832233466400827,-4.667882544126003,0,0.0,0.0,0.0,0.0,66.66666666666666,1.5790529486267286,0.16572141560798548,INSUFFICIENT-SAMPLE
GBPJPY,main mode=reversal k=3 w=10 buf=0.2 R=3.0,2.607910319467999,7.8237,3,281.8441747891581,66.66666666666666,8.45532524367474,-4.667882544126003,0,0.0,0.0,0.0,0.0,66.66666666666666,2.0643652964763186,0.16572141560798548,INSUFFICIENT-SAMPLE
GBPJPY,main mode=reversal k=3 w=10 buf=0.2 R=4.0,2.607910319467999,10.4316,3,369.2805673649552,66.66666666666666,11.078417020948649,-4.667882544126003,0,0.0,0.0,0.0,0.0,66.66666666666666,2.549677644325909,0.16572141560798548,INSUFFICIENT-SAMPLE
GBPJPY,main mode=continuation k=2 w=5 buf=0.1 R=2.0,2.400192303818339,4.8004,3,187.99133700962133,66.66666666666666,5.639740110288649,-4.481581822135632,0,0.0,0.0,0.0,0.0,66.66666666666666,1.581501787513364,0.16572141560798548,INSUFFICIENT-SAMPLE
GBPJPY,main mode=continuation k=2 w=5 buf=0.1 R=3.0,2.400192303818339,7.2006,3,268.64454391325734,66.66666666666666,8.059336317397726,-4.481581822135632,0,0.0,0.0,0.0,0.0,66.66666666666666,2.0108886468345126,0.16572141560798548,INSUFFICIENT-SAMPLE
GBPJPY,main mode=continuation k=2 w=5 buf=0.1 R=4.0,2.400192303818339,9.6008,3,215.65063502010526,66.66666666666666,6.469519050603156,-4.481581822135632,0,0.0,0.0,0.0,0.0,66.66666666666666,1.7309550040144697,0.16572141560798548,INSUFFICIENT-SAMPLE
GBPJPY,main mode=continuation k=2 w=5 buf=0.2 R=2.0,2.500192303818339,5.0004,3,191.09671814769413,66.66666666666666,5.732901544430824,-4.481581822135632,0,0.0,0.0,0.0,0.0,66.66666666666666,1.5535338269307812,0.16572141560798548,INSUFFICIENT-SAMPLE
GBPJPY,main mode=continuation k=2 w=5 buf=0.2 R=3.0,2.500192303818339,7.5006,3,275.0241073859191,66.66666666666666,8.250723221577584,-4.481581822135632,0,0.0,0.0,0.0,0.0,66.66666666666666,1.9809669391517872,0.16572141560798548,INSUFFICIENT-SAMPLE
GBPJPY,main mode=continuation k=2 w=5 buf=0.2 R=4.0,2.500192303818339,10.0008,3,212.01401985248472,66.66666666666666,6.360420595574534,-4.481581822135632,0,0.0,0.0,0.0,0.0,66.66666666666666,1.6619566897784286,0.16572141560798548,INSUFFICIENT-SAMPLE
GBPJPY,main mode=continuation k=2 w=10 buf=0.1 R=2.0,1.9533363009647327,3.9067,5,156.38751056859255,60.0,7.819375528429617,-3.4035746307106707,0,0.0,0.0,0.0,0.0,60.0,1.885887854822509,0.27620235934664245,INSUFFICIENT-SAMPLE
GBPJPY,main mode=continuation k=2 w=10 buf=0.1 R=3.0,1.9533363009647327,5.86,5,224.99093770435064,60.0,11.249546885217532,-4.481581822135632,0,0.0,0.0,0.0,0.0,60.0,2.3823289644729932,0.27620235934664245,INSUFFICIENT-SAMPLE
GBPJPY,main mode=continuation k=2 w=10 buf=0.1 R=4.0,1.9533363009647327,7.8133,5,260.98220167098225,60.0,13.04911008354912,-4.8985405808328135,0,0.0,0.0,0.0,0.0,60.0,2.642667087801134,0.27620235934664245,INSUFFICIENT-SAMPLE
GBPJPY,main mode=continuation k=2 w=10 buf=0.2 R=2.0,2.0533363009647325,4.1067,5,147.509674620023,60.0,7.375483731001142,-4.481581822135632,0,0.0,0.0,0.0,0.0,60.0,1.7647924203252816,0.27620235934664245,INSUFFICIENT-SAMPLE
GBPJPY,main mode=continuation k=2 w=10 buf=0.2 R=3.0,2.0533363009647325,6.16,5,233.05752452685374,60.0,11.652876226342679,-4.481581822135632,0,0.0,0.0,0.0,0.0,60.0,2.351314124444519,0.27620235934664245,INSUFFICIENT-SAMPLE
GBPJPY,main mode=continuation k=2 w=10 buf=0.2 R=4.0,2.0533363009647325,8.2133,5,264.7432344827761,60.0,13.2371617241388,-4.995544121016961,0,0.0,0.0,0.0,0.0,60.0,2.5712963542035356,0.27620235934664245,INSUFFICIENT-SAMPLE
GBPJPY,main mode=continuation k=3 w=5 buf=0.1 R=2.0,1.9533363009647327,3.9067,3,-4.399432593984481,33.33333333333333,-0.1319829778195336,-4.057336999833031,0,0.0,0.0,0.0,0.0,33.33333333333333,1.9346116809603557,0.16572141560798548,INSUFFICIENT-SAMPLE
GBPJPY,main mode=continuation k=3 w=5 buf=0.1 R=3.0,1.9533363009647327,5.86,3,58.18436561204302,33.33333333333333,1.7455309683612974,-4.057336999833085,0,0.0,0.0,0.0,0.0,33.33333333333333,2.848830336576479,0.16572141560798548,INSUFFICIENT-SAMPLE
GBPJPY,main mode=continuation k=3 w=5 buf=0.1 R=4.0,1.9533363009647327,7.8133,3,50.6077685745131,33.33333333333333,1.5182330572353964,-5.542185055037517,0,0.0,0.0,0.0,0.0,33.33333333333333,2.7399511848431986,0.16572141560798548,INSUFFICIENT-SAMPLE
GBPJPY,main mode=continuation k=3 w=5 buf=0.2 R=2.0,2.0533363009647325,4.1067,3,-4.792126123550891,33.33333333333333,-0.14376378370652976,-4.252962310805966,0,0.0,0.0,0.0,0.0,33.33333333333333,1.932325587433281,0.16572141560798548,INSUFFICIENT-SAMPLE
GBPJPY,main mode=continuation k=3 w=5 buf=0.2 R=3.0,2.0533363009647325,6.16,3,60.86153536425142,33.33333333333333,1.8258460609275495,-4.252962310805923,0,0.0,0.0,0.0,0.0,33.33333333333333,2.8428617091193793,0.16572141560798548,INSUFFICIENT-SAMPLE
GBPJPY,main mode=continuation k=3 w=5 buf=0.2 R=4.0,2.0533363009647325,8.2133,3,43.7079754097825,33.33333333333333,1.3112392622934843,-5.734782788356573,0,0.0,0.0,0.0,0.0,33.33333333333333,2.608379413484806,0.16572141560798548,INSUFFICIENT-SAMPLE
GBPJPY,main mode=continuation k=3 w=10 buf=0.1 R=2.0,1.4722612385133143,2.9445,3,146.75700263694185,66.66666666666666,4.402710079108263,-1.4807754674011435,0,0.0,0.0,0.0,0.0,66.66666666666666,1.9028463098025885,0.16572141560798548,INSUFFICIENT-SAMPLE
GBPJPY,main mode=continuation k=3 w=10 buf=0.1 R=3.0,1.4722612385133143,4.4168,3,247.0198661823415,66.66666666666666,7.4105959854702474,-1.4807754674010822,0,0.0,0.0,0.0,0.0,66.66666666666666,2.7951326379362134,0.16572141560798548,INSUFFICIENT-SAMPLE
GBPJPY,main mode=continuation k=3 w=10 buf=0.1 R=4.0,1.4722612385133143,5.889,3,176.96281429981596,66.66666666666666,5.308884428994487,-4.8615231246171495,0,0.0,0.0,0.0,0.0,66.66666666666666,2.177026932824477,0.16572141560798548,INSUFFICIENT-SAMPLE
GBPJPY,main mode=continuation k=3 w=10 buf=0.2 R=2.0,1.5722612385133141,3.1445,3,156.7471528903158,66.66666666666666,4.70241458670948,-1.5807764669786024,0,0.0,0.0,0.0,0.0,66.66666666666666,1.89811757629149,0.16572141560798548,INSUFFICIENT-SAMPLE
GBPJPY,main mode=continuation k=3 w=10 buf=0.2 R=3.0,1.5722612385133141,4.7168,3,263.96921708647943,66.66666666666666,7.919076512594381,-2.285878604283318,0,0.0,0.0,0.0,0.0,66.66666666666666,2.7843139687491907,0.16572141560798548,INSUFFICIENT-SAMPLE
GBPJPY,main mode=continuation k=3 w=10 buf=0.2 R=4.0,1.5722612385133141,6.289,3,186.6474865447884,66.66666666666666,5.599424596343661,-4.958092528517312,0,0.0,0.0,0.0,0.0,66.66666666666666,2.1506740569497995,0.16572141560798548,INSUFFICIENT-SAMPLE
GBPJPY,main mode=both k=2 w=5 buf=0.1 R=2.0,2.727757767982242,5.4555,3,198.1130691165939,66.66666666666666,5.943392073497811,-4.481581822135632,0,0.0,0.0,0.0,0.0,66.66666666666666,1.4970773534562962,0.16572141560798548,INSUFFICIENT-SAMPLE
GBPJPY,main mode=both k=2 w=5 buf=0.1 R=3.0,2.727757767982242,8.1833,3,203.7402881510061,66.66666666666666,6.112208644530193,-4.481581822135632,0,0.0,0.0,0.0,0.0,66.66666666666666,1.5237670841784212,0.16572141560798548,INSUFFICIENT-SAMPLE
GBPJPY,main mode=both k=2 w=5 buf=0.1 R=4.0,2.727757767982242,10.911,3,203.7402881510061,66.66666666666666,6.112208644530193,-4.481581822135632,0,0.0,0.0,0.0,0.0,66.66666666666666,1.5237670841784212,0.16572141560798548,INSUFFICIENT-SAMPLE
GBPJPY,main mode=both k=2 w=5 buf=0.2 R=2.0,2.827757767982242,5.6555,3,201.1734122795048,66.66666666666666,6.035202368385151,-4.481581822135632,0,0.0,0.0,0.0,0.0,66.66666666666666,1.474932814347884,0.16572141560798548,INSUFFICIENT-SAMPLE
GBPJPY,main mode=both k=2 w=5 buf=0.2 R=3.0,2.827757767982242,8.4833,3,200.1037457149608,66.66666666666666,6.0031123714488155,-4.51131422270691,0,0.0,0.0,0.0,0.0,66.66666666666666,1.4700425322781339,0.16572141560798548,INSUFFICIENT-SAMPLE
GBPJPY,main mode=both k=2 w=5 buf=0.2 R=4.0,2.827757767982242,11.311,3,200.1037457149608,66.66666666666666,6.0031123714488155,-4.51131422270691,0,0.0,0.0,0.0,0.0,66.66666666666666,1.4700425322781339,0.16572141560798548,INSUFFICIENT-SAMPLE
GBPJPY,main mode=both k=2 w=10 buf=0.1 R=2.0,2.203550394096012,4.4071,8,8.46395790599172,37.5,0.6771166324793354,-7.28620360167321,0,0.0,0.0,0.0,0.0,37.5,1.7656033028813196,0.441923774954628,INSUFFICIENT-SAMPLE
GBPJPY,main mode=both k=2 w=10 buf=0.1 R=3.0,2.203550394096012,6.6107,8,62.1474769024544,37.5,4.9717981521963495,-7.28620360167321,0,0.0,0.0,0.0,0.0,37.5,2.3778653412698305,0.441923774954628,INSUFFICIENT-SAMPLE
GBPJPY,main mode=both k=2 w=10 buf=0.1 R=4.0,2.203550394096012,8.8142,8,-1.364099312637336,37.5,-0.10912794501098944,-9.30075249311781,0,0.0,0.0,0.0,0.0,37.5,1.6507083346641633,0.441923774954628,INSUFFICIENT-SAMPLE
GBPJPY,main mode=both k=2 w=10 buf=0.2 R=2.0,2.3035503940960123,4.6071,8,95.83637267014774,50.0,7.666909813611822,-7.475726838923897,0,0.0,0.0,0.0,0.0,50.0,1.7942381358488146,0.441923774954628,INSUFFICIENT-SAMPLE
GBPJPY,main mode=both k=2 w=10 buf=0.2 R=3.0,2.3035503940960123,6.9107,8,186.72066409474746,50.0,14.937653127579797,-7.475726838923897,0,0.0,0.0,0.0,0.0,50.0,2.5122530574806974,0.441923774954628,INSUFFICIENT-SAMPLE
GBPJPY,main mode=both k=2 w=10 buf=0.2 R=4.0,2.3035503940960123,9.2142,8,138.80841679083278,50.0,11.104673343266613,-7.475726838923897,0,0.0,0.0,0.0,0.0,50.0,2.138042964418622,0.441923774954628,INSUFFICIENT-SAMPLE
GBPJPY,main mode=both k=3 w=5 buf=0.1 R=2.0,2.507910319467999,5.0158,5,9.706810683862932,40.0,0.48534053419315715,-5.139707714028492,0,0.0,0.0,0.0,0.0,40.0,1.5926937114301598,0.27620235934664245,INSUFFICIENT-SAMPLE
GBPJPY,main mode=both k=3 w=5 buf=0.1 R=3.0,2.507910319467999,7.5237,5,57.70438510260974,40.0,2.885219255130478,-5.139707714028486,0,0.0,0.0,0.0,0.0,40.0,2.0423726398792366,0.27620235934664245,INSUFFICIENT-SAMPLE
GBPJPY,main mode=both k=3 w=5 buf=0.1 R=4.0,2.507910319467999,10.0316,5,21.337828963567155,40.0,1.0668914481783531,-6.607804555542109,0,0.0,0.0,0.0,0.0,40.0,1.7029763999960676,0.27620235934664245,INSUFFICIENT-SAMPLE
GBPJPY,main mode=both k=3 w=5 buf=0.2 R=2.0,2.607910319467999,5.2158,5,7.3443627689906865,40.0,0.3672181384495321,-5.334225863582526,0,0.0,0.0,0.0,0.0,40.0,1.5674366408744456,0.27620235934664245,INSUFFICIENT-SAMPLE
GBPJPY,main mode=both k=3 w=5 buf=0.2 R=3.0,2.607910319467999,7.8237,5,15.123681147734896,40.0,0.7561840573867551,-6.79931226232714,0,0.0,0.0,0.0,0.0,40.0,1.6385079058530676,0.27620235934664245,INSUFFICIENT-SAMPLE
GBPJPY,main mode=both k=3 w=5 buf=0.2 R=4.0,2.607910319467999,10.4316,5,15.123681147734896,40.0,0.7561840573867551,-6.79931226232714,0,0.0,0.0,0.0,0.0,40.0,1.6385079058530676,0.27620235934664245,INSUFFICIENT-SAMPLE
GBPJPY,main mode=both k=3 w=10 buf=0.1 R=2.0,2.301871348957176,4.6037,6,213.61751186186635,66.66666666666666,12.817050711711975,-4.481581822135632,0,0.0,0.0,0.0,0.0,66.66666666666666,1.7678763307345404,0.33144283121597096,INSUFFICIENT-SAMPLE
GBPJPY,main mode=both k=3 w=10 buf=0.1 R=3.0,2.301871348957176,6.9056,6,228.68992039299397,66.66666666666666,13.721395223579647,-5.050438411411317,0,0.0,0.0,0.0,0.0,66.66666666666666,1.8516157451403583,0.33144283121597096,INSUFFICIENT-SAMPLE
GBPJPY,main mode=both k=3 w=10 buf=0.1 R=4.0,2.301871348957176,9.2075,6,246.27831844727766,66.66666666666666,14.776699106836656,-5.050438411411319,0,0.0,0.0,0.0,0.0,66.66666666666666,1.9484456560680699,0.33144283121597096,INSUFFICIENT-SAMPLE
GBPJPY,main mode=both k=3 w=10 buf=0.2 R=2.0,2.401871348957176,4.8037,6,220.55408199422678,66.66666666666666,13.233244919653607,-4.481581822135632,0,0.0,0.0,0.0,0.0,66.66666666666666,1.7516208685022103,0.33144283121597096,INSUFFICIENT-SAMPLE
GBPJPY,main mode=both k=3 w=10 buf=0.2 R=3.0,2.401871348957176,7.2056,6,235.44242228923486,66.66666666666666,14.126545337354091,-5.050438411411272,0,0.0,0.0,0.0,0.0,66.66666666666666,1.8305572966514476,0.33144283121597096,INSUFFICIENT-SAMPLE
GBPJPY,main mode=both k=3 w=10 buf=0.2 R=4.0,2.401871348957176,9.6075,6,249.3560320254519,66.66666666666666,14.961361921527105,-5.05043841141134,0,0.0,0.0,0.0,0.0,66.66666666666666,1.9037349610851448,0.33144283121597096,INSUFFICIENT-SAMPLE
GBPJPY,ablation(a)-no_engulf mode=both k=3 w=10 buf=0.1 R=2.0,1.7937019165816133,3.5874,46,72.56866406170973,47.82608695652174,33.381585468386476,-12.169514707569519,17,73.76057859625978,47.05882352941176,12.53929836136416,-8.503494762248728,47.61904761904761,1.868758062879454,3.480149727767695,SURVIVOR
GBPJPY,ablation(a)-no_engulf mode=both k=3 w=10 buf=0.1 R=3.0,1.7937019165816133,5.3811,46,32.978419156385314,34.78260869565217,15.170072811937253,-19.310284250629547,17,58.570223985173634,41.17647058823529,9.956938077479528,-9.738411351544698,36.507936507936506,2.3262194216276706,3.480149727767695,SURVIVOR
GBPJPY,ablation(a)-no_engulf mode=both k=3 w=10 buf=0.1 R=4.0,1.7937019165816133,7.1748,46,33.93387830899223,32.608695652173914,15.609584022136413,-19.310284250629643,17,46.7111695450171,41.17647058823529,7.940898822652898,-11.122161267740987,34.92063492063492,2.446125449310586,3.480149727767695,SURVIVOR
GBPJPY,ablation(b)-breakout(no_retest) mode=both k=3 buf=0.1 R=2.0,2.4046203314058285,4.8092,49,-40.94807334180962,32.6530612244898,-20.064555937486716,-36.28597248970241,18,-56.25547727594221,27.77777777777778,-10.125985909669598,-13.0007237204362,31.343283582089555,1.5377486867276786,3.7011116152450088,FAIL
GBPJPY,ablation(b)-breakout(no_retest) mode=both k=3 buf=0.1 R=3.0,2.4046203314058285,7.2139,49,-55.232929806186284,28.57142857142857,-27.064135605031282,-43.331447927897706,18,-80.13184839341699,27.77777777777778,-14.423732710815052,-17.161001472764763,28.35820895522388,1.4708262381728663,3.7011116152450088,FAIL
GBPJPY,ablation(b)-breakout(no_retest) mode=both k=3 buf=0.1 R=4.0,2.4046203314058285,9.6185,49,-52.836991604574905,28.57142857142857,-25.890125886241698,-42.06052362064838,18,-80.13184839341699,27.77777777777778,-14.423732710815052,-17.161001472764763,28.35820895522388,1.4983714169360078,3.7011116152450088,FAIL
GBPJPY,ablation(c)-trend_filter_on mode=both k=3 w=10 buf=0.1 R=2.0,2.0784433475303725,4.1569,5,36.63428108175394,40.0,1.8317140540877075,-4.130373099189812,0,0.0,0.0,0.0,0.0,40.0,1.9243902199876866,0.27620235934664245,INSUFFICIENT-SAMPLE
GBPJPY,ablation(c)-trend_filter_on mode=both k=3 w=10 buf=0.1 R=3.0,2.0784433475303725,6.2353,5,13.324882485197667,40.0,0.6662441242598849,-7.420198187448053,0,0.0,0.0,0.0,0.0,40.0,1.6555688014366445,0.27620235934664245,INSUFFICIENT-SAMPLE
GBPJPY,ablation(c)-trend_filter_on mode=both k=3 w=10 buf=0.1 R=4.0,2.0784433475303725,8.3138,5,1.7300134517434345,40.0,0.08650067258717531,-7.42019818744801,0,0.0,0.0,0.0,0.0,40.0,1.520276849952915,0.27620235934664245,INSUFFICIENT-SAMPLE
GOLD,main mode=reversal k=2 w=5 buf=0.1 R=2.0,3.98960961117842,7.9792,5,-235.07495549820777,20.0,-11.753747774910384,-17.49782720764482,1,-400.4410620711842,0.0,-4.00441062071184,-4.004410620711842,16.666666666666664,0.9017068223825327,0.28953626634958385,INSUFFICIENT-SAMPLE
GOLD,main mode=reversal k=2 w=5 buf=0.1 R=3.0,3.98960961117842,11.9688,5,-235.07495549820777,20.0,-11.753747774910384,-17.49782720764482,1,-400.4410620711842,0.0,-4.00441062071184,-4.004410620711842,16.666666666666664,0.9017068223825327,0.28953626634958385,INSUFFICIENT-SAMPLE
GOLD,main mode=reversal k=2 w=5 buf=0.1 R=4.0,3.98960961117842,15.9584,5,-235.07495549820777,20.0,-11.753747774910384,-17.49782720764482,1,-400.4410620711842,0.0,-4.00441062071184,-4.004410620711842,16.666666666666664,0.9017068223825327,0.28953626634958385,INSUFFICIENT-SAMPLE
GOLD,main mode=reversal k=2 w=5 buf=0.2 R=2.0,4.08960961117842,8.1792,5,-242.41787031429303,20.0,-12.120893515714648,-17.755394848958048,1,-410.44056204618573,0.0,-4.1044056204618595,-4.104405620461858,16.666666666666664,0.8780509790729991,0.28953626634958385,INSUFFICIENT-SAMPLE
GOLD,main mode=reversal k=2 w=5 buf=0.2 R=3.0,4.08960961117842,12.2688,5,-242.41787031429303,20.0,-12.120893515714648,-17.755394848958048,1,-410.44056204618573,0.0,-4.1044056204618595,-4.104405620461858,16.666666666666664,0.8780509790729991,0.28953626634958385,INSUFFICIENT-SAMPLE
GOLD,main mode=reversal k=2 w=5 buf=0.2 R=4.0,4.08960961117842,16.3584,5,-242.41787031429303,20.0,-12.120893515714648,-17.755394848958048,1,-410.44056204618573,0.0,-4.1044056204618595,-4.104405620461858,16.666666666666664,0.8780509790729991,0.28953626634958385,INSUFFICIENT-SAMPLE
GOLD,main mode=reversal k=2 w=10 buf=0.1 R=2.0,3.198359444338943,6.3967,11,-4.039869415443305,36.36363636363637,-0.444385635698763,-16.352216610048202,3,-11.354104018078942,33.33333333333333,-0.34062312054237154,-9.508971263919177,35.714285714285715,1.7525032110551864,0.6755846214823623,INSUFFICIENT-SAMPLE
GOLD,main mode=reversal k=2 w=10 buf=0.1 R=3.0,3.198359444338943,9.5951,11,-186.57138979755274,18.181818181818183,-20.522852877730802,-28.49976639828138,3,88.51757535549223,33.33333333333333,2.6555272606647584,-9.508971263919177,21.428571428571427,1.654412499546142,0.6755846214823623,INSUFFICIENT-SAMPLE
GOLD,main mode=reversal k=2 w=10 buf=0.1 R=4.0,3.198359444338943,12.7934,11,-186.57138979755274,18.181818181818183,-20.522852877730802,-28.49976639828138,3,188.38613217780826,33.33333333333333,5.65158396533425,-9.508971263919177,21.428571428571427,1.9918344348771966,0.6755846214823623,INSUFFICIENT-SAMPLE
GOLD,main mode=reversal k=2 w=10 buf=0.2 R=2.0,3.298359444338943,6.5967,11,-5.488317795668991,36.36363636363637,-0.6037149575235934,-16.697389819811498,3,-11.982894313909734,33.33333333333333,-0.35948682941728816,-9.695865406138871,35.714285714285715,1.7435169771002812,0.6755846214823623,INSUFFICIENT-SAMPLE
GOLD,main mode=reversal k=2 w=10 buf=0.2 R=3.0,3.298359444338943,9.8951,11,-193.26221926563085,18.181818181818183,-21.25884411921939,-29.088618668126937,3,90.79861889326942,33.33333333333333,2.7239585667980792,-9.695865406138871,21.428571428571427,1.635622817776895,0.6755846214823623,INSUFFICIENT-SAMPLE
GOLD,main mode=reversal k=2 w=10 buf=0.2 R=4.0,3.298359444338943,13.1934,11,-193.26221926563085,18.181818181818183,-21.25884411921939,-29.088618668126937,3,193.57701599830094,33.33333333333333,5.807310479949024,-9.695865406138871,21.428571428571427,1.9734950382152696,0.6755846214823623,INSUFFICIENT-SAMPLE
GOLD,main mode=reversal k=3 w=5 buf=0.1 R=2.0,3.9559246854269396,7.9118,3,-381.52687518850934,0.0,-11.445806255655278,-11.44580625565528,0,0.0,0.0,0.0,0.0,0.0,,0.14476813317479192,INSUFFICIENT-SAMPLE
GOLD,main mode=reversal k=3 w=5 buf=0.1 R=3.0,3.9559246854269396,11.8678,3,-381.52687518850934,0.0,-11.445806255655278,-11.44580625565528,0,0.0,0.0,0.0,0.0,0.0,,0.14476813317479192,INSUFFICIENT-SAMPLE
GOLD,main mode=reversal k=3 w=5 buf=0.1 R=4.0,3.9559246854269396,15.8237,3,-381.52687518850934,0.0,-11.445806255655278,-11.44580625565528,0,0.0,0.0,0.0,0.0,0.0,,0.14476813317479192,INSUFFICIENT-SAMPLE
GOLD,main mode=reversal k=3 w=5 buf=0.2 R=2.0,4.055924685426939,8.1118,3,-390.7387181506886,0.0,-11.72216154452066,-11.72216154452066,0,0.0,0.0,0.0,0.0,0.0,,0.14476813317479192,INSUFFICIENT-SAMPLE
GOLD,main mode=reversal k=3 w=5 buf=0.2 R=3.0,4.055924685426939,12.1678,3,-390.7387181506886,0.0,-11.72216154452066,-11.72216154452066,0,0.0,0.0,0.0,0.0,0.0,,0.14476813317479192,INSUFFICIENT-SAMPLE
GOLD,main mode=reversal k=3 w=5 buf=0.2 R=4.0,4.055924685426939,16.2237,3,-390.7387181506886,0.0,-11.72216154452066,-11.72216154452066,0,0.0,0.0,0.0,0.0,0.0,,0.14476813317479192,INSUFFICIENT-SAMPLE
GOLD,main mode=reversal k=3 w=10 buf=0.1 R=2.0,3.5209854233808833,7.042,9,-307.49645022097565,0.0,-27.674680519887808,-29.113188421015906,1,703.1999482395004,100.0,7.031999482395013,-0.23679807315389292,10.0,2.2868554994184844,0.482560443915973,INSUFFICIENT-SAMPLE
GOLD,main mode=reversal k=3 w=10 buf=0.1 R=3.0,3.5209854233808833,10.563,9,-307.49645022097565,0.0,-27.674680519887808,-29.113188421015906,1,1055.2999473592517,100.0,10.552999473592518,-2.0904993142376522,10.0,3.4319093654605877,0.482560443915973,INSUFFICIENT-SAMPLE
GOLD,main mode=reversal k=3 w=10 buf=0.1 R=4.0,3.5209854233808833,14.0839,9,-307.49645022097565,0.0,-27.674680519887808,-29.113188421015906,1,1407.3899464790247,100.0,14.073899464790252,-2.0904993142376522,10.0,4.57693071080214,0.482560443915973,INSUFFICIENT-SAMPLE
GOLD,main mode=reversal k=3 w=10 buf=0.2 R=2.0,3.6209854233808834,7.242,9,-314.9629546000894,0.0,-28.34666591400804,-29.77180842241015,1,723.1999481895,100.0,7.231999481894991,-0.23679807315389292,10.0,2.296142888003295,0.482560443915973,INSUFFICIENT-SAMPLE
GOLD,main mode=reversal k=3 w=10 buf=0.2 R=3.0,3.6209854233808834,10.863,9,-314.9629546000894,0.0,-28.34666591400804,-29.77180842241015,1,1085.2999472842512,100.0,10.852999472842505,-2.0904993142376522,10.0,3.445801899662339,0.482560443915973,INSUFFICIENT-SAMPLE
GOLD,main mode=reversal k=3 w=10 buf=0.2 R=4.0,3.6209854233808834,14.4839,9,-314.9629546000894,0.0,-28.34666591400804,-29.77180842241015,1,1447.3899463790276,100.0,14.473899463790275,-6.4762970732217,10.0,4.595429161555804,0.482560443915973,INSUFFICIENT-SAMPLE
GOLD,main mode=continuation k=2 w=5 buf=0.1 R=2.0,2.82047518883747,5.641,6,-264.1875848519133,0.0,-15.851255091114801,-17.524923943068227,1,-97.85453763139594,0.0,-0.9785453763139551,-5.921813612873697,0.0,,0.33779231074118116,INSUFFICIENT-SAMPLE
GOLD,main mode=continuation k=2 w=5 buf=0.1 R=3.0,2.82047518883747,8.4614,6,-264.1875848519133,0.0,-15.851255091114801,-17.524923943068227,1,-97.85453763139594,0.0,-0.9785453763139551,-5.921813612873697,0.0,,0.33779231074118116,INSUFFICIENT-SAMPLE
GOLD,main mode=continuation k=2 w=5 buf=0.1 R=4.0,2.82047518883747,11.2819,6,-264.1875848519133,0.0,-15.851255091114801,-17.524923943068227,1,-97.85453763139594,0.0,-0.9785453763139551,-5.921813612873697,0.0,,0.33779231074118116,INSUFFICIENT-SAMPLE
GOLD,main mode=continuation k=2 w=5 buf=0.2 R=2.0,2.9204751888374703,5.841,6,-272.8256237994462,0.0,-16.369537427966772,-18.03289795025175,1,-97.85453763139594,0.0,-0.9785453763139551,-5.921813612873697,0.0,,0.33779231074118116,INSUFFICIENT-SAMPLE
GOLD,main mode=continuation k=2 w=5 buf=0.2 R=3.0,2.9204751888374703,8.7614,6,-272.8256237994462,0.0,-16.369537427966772,-18.03289795025175,1,-97.85453763139594,0.0,-0.9785453763139551,-5.921813612873697,0.0,,0.33779231074118116,INSUFFICIENT-SAMPLE
GOLD,main mode=continuation k=2 w=5 buf=0.2 R=4.0,2.9204751888374703,11.6819,6,-272.8256237994462,0.0,-16.369537427966772,-18.03289795025175,1,-97.85453763139594,0.0,-0.9785453763139551,-5.921813612873697,0.0,,0.33779231074118116,INSUFFICIENT-SAMPLE
GOLD,main mode=continuation k=2 w=10 buf=0.1 R=2.0,2.364155971942768,4.7283,14,-127.56561284985193,14.285714285714285,-17.859185798979272,-19.49291809470393,3,-6.833620794436986,33.33333333333333,-0.2050086238331139,-2.816450759367954,17.647058823529413,1.9410430500793894,0.8203527546571542,INSUFFICIENT-SAMPLE
GOLD,main mode=continuation k=2 w=10 buf=0.1 R=3.0,2.364155971942768,7.0925,14,-100.7740769538168,14.285714285714285,-14.10837077353435,-15.816704565506207,3,-232.28888590651877,0.0,-6.96866657719556,-8.409743437746698,11.76470588235294,2.7969047745537936,0.8203527546571542,INSUFFICIENT-SAMPLE
GOLD,main mode=continuation k=2 w=10 buf=0.1 R=4.0,2.364155971942768,9.4566,14,-73.38559786946605,14.285714285714285,-10.273983701725243,-13.115177766818418,3,-232.28888590651877,0.0,-6.96866657719556,-8.409743437746698,11.76470588235294,3.7126439122660746,0.8203527546571542,INSUFFICIENT-SAMPLE
GOLD,main mode=continuation k=2 w=10 buf=0.2 R=2.0,2.464155971942768,4.9283,14,-132.52130895617483,14.285714285714285,-18.552983253864475,-20.172916327853116,3,-241.80850377436946,0.0,-7.254255113231078,-8.597282607030913,11.76470588235294,1.8679644197673622,0.8203527546571542,INSUFFICIENT-SAMPLE
GOLD,main mode=continuation k=2 w=10 buf=0.2 R=3.0,2.464155971942768,7.3925,14,-104.87276655799049,14.285714285714285,-14.682187318118666,-16.37910823781957,3,-241.80850377436946,0.0,-7.254255113231078,-8.597282607030913,11.76470588235294,2.7903441186382323,0.8203527546571542,INSUFFICIENT-SAMPLE
GOLD,main mode=continuation k=2 w=10 buf=0.2 R=4.0,2.464155971942768,9.8566,14,-76.58354556205151,14.285714285714285,-10.721696378687206,-13.559283155567334,3,-241.80850377436946,0.0,-7.254255113231078,-8.597282607030913,11.76470588235294,3.703246375736912,0.8203527546571542,INSUFFICIENT-SAMPLE
GOLD,main mode=continuation k=3 w=5 buf=0.1 R=2.0,4.220292053392153,8.4406,5,-176.088301655541,20.0,-8.804415082777052,-15.292973050294187,1,-97.85453763139594,0.0,-0.9785453763139551,-5.921813612873697,16.666666666666664,2.1539852531293935,0.28953626634958385,INSUFFICIENT-SAMPLE
GOLD,main mode=continuation k=3 w=5 buf=0.1 R=3.0,4.220292053392153,12.6609,5,-105.09861278291427,20.0,-5.254930639145716,-15.292973050294187,1,-97.85453763139594,0.0,-0.9785453763139551,-5.921813612873697,16.666666666666664,3.2029991270986566,0.28953626634958385,INSUFFICIENT-SAMPLE
GOLD,main mode=continuation k=3 w=5 buf=0.1 R=4.0,4.220292053392153,16.8812,5,-34.10892391028683,20.0,-1.7054461955143374,-15.292973050294187,1,-97.85453763139594,0.0,-0.9785453763139551,-5.921813612873697,16.666666666666664,4.233193346854845,0.28953626634958385,INSUFFICIENT-SAMPLE
GOLD,main mode=continuation k=3 w=5 buf=0.2 R=2.0,4.320292053392153,8.6406,5,-180.34451020177548,20.0,-9.017225510088778,-15.55805128824899,1,-97.85453763139594,0.0,-0.9785453763139551,-5.921813612873697,16.666666666666664,2.1525041513875105,0.28953626634958385,INSUFFICIENT-SAMPLE
GOLD,main mode=continuation k=3 w=5 buf=0.2 R=3.0,4.320292053392153,12.9609,5,-107.97578876721272,20.0,-5.398789438360641,-15.55805128824899,1,-97.85453763139594,0.0,-0.9785453763139551,-5.921813612873697,16.666666666666664,3.2001046934681288,0.28953626634958385,INSUFFICIENT-SAMPLE
GOLD,main mode=continuation k=3 w=5 buf=0.2 R=4.0,4.320292053392153,17.2812,5,-35.60706733265215,20.0,-1.7803533666326032,-15.55805128824899,1,-97.85453763139594,0.0,-0.9785453763139551,-5.921813612873697,16.666666666666664,4.228488826044608,0.28953626634958385,INSUFFICIENT-SAMPLE
GOLD,main mode=continuation k=3 w=10 buf=0.1 R=2.0,4.220292053392153,8.4406,7,-233.79471276585016,14.285714285714285,-16.365629893609512,-22.316208082286813,2,-258.6092355031569,0.0,-5.172184710063144,-8.862133688515762,11.11111111111111,1.9176073087178467,0.4343043995243757,INSUFFICIENT-SAMPLE
GOLD,main mode=continuation k=3 w=10 buf=0.1 R=3.0,4.220292053392153,12.6609,7,-187.29200794505985,14.285714285714285,-13.11044055615419,-22.316208082286813,2,-258.6092355031569,0.0,-5.172184710063144,-8.862133688515762,11.11111111111111,2.8629977232254005,0.4343043995243757,INSUFFICIENT-SAMPLE
GOLD,main mode=continuation k=3 w=10 buf=0.1 R=4.0,4.220292053392153,16.8812,7,-140.7893031242711,14.285714285714285,-9.85525121869898,-22.316208082286813,2,-258.6092355031569,0.0,-5.172184710063144,-8.862133688515762,11.11111111111111,3.798875333568839,0.4343043995243757,INSUFFICIENT-SAMPLE
GOLD,main mode=continuation k=3 w=10 buf=0.2 R=2.0,4.320292053392153,8.6406,7,-239.07090801481405,14.285714285714285,-16.734963561036984,-22.720954863377518,2,-263.56006066832833,0.0,-5.271201213366572,-8.957297252213891,11.11111111111111,1.9128145406414587,0.4343043995243757,INSUFFICIENT-SAMPLE
GOLD,main mode=continuation k=3 w=10 buf=0.2 R=3.0,4.320292053392153,12.9609,7,-191.76380383985062,14.285714285714285,-13.423466268789541,-22.720954863377518,2,-263.56006066832833,0.0,-5.271201213366572,-8.957297252213891,11.11111111111111,2.8555123586160978,0.4343043995243757,INSUFFICIENT-SAMPLE
GOLD,main mode=continuation k=3 w=10 buf=0.2 R=4.0,4.320292053392153,17.2812,7,-144.45669966488848,14.285714285714285,-10.111968976542196,-22.720954863377518,2,-263.56006066832833,0.0,-5.271201213366572,-8.957297252213891,11.11111111111111,3.788527080127045,0.4343043995243757,INSUFFICIENT-SAMPLE
GOLD,main mode=both k=2 w=5 buf=0.1 R=2.0,3.5771420648829415,7.1543,10,-252.33119826020993,10.0,-25.23311982602099,-28.984741590480716,2,-226.76800402225126,0.0,-4.535360080445027,-8.250089239526382,8.333333333333332,0.9841262477298324,0.5790725326991677,INSUFFICIENT-SAMPLE
GOLD,main mode=both k=2 w=5 buf=0.1 R=3.0,3.5771420648829415,10.7314,10,-252.33119826020993,10.0,-25.23311982602099,-28.984741590480716,2,-226.76800402225126,0.0,-4.535360080445027,-8.250089239526382,8.333333333333332,0.9841262477298324,0.5790725326991677,INSUFFICIENT-SAMPLE
GOLD,main mode=both k=2 w=5 buf=0.1 R=4.0,3.5771420648829415,14.3086,10,-252.33119826020993,10.0,-25.23311982602099,-28.984741590480716,2,-226.76800402225126,0.0,-4.535360080445027,-8.250089239526382,8.333333333333332,0.9841262477298324,0.5790725326991677,INSUFFICIENT-SAMPLE
GOLD,main mode=both k=2 w=5 buf=0.2 R=2.0,3.6771420648829416,7.3543,10,-259.2820105665129,10.0,-25.92820105665129,-29.57188928203469,2,-231.71882918742085,0.0,-4.634376583748412,-8.345252803224476,8.333333333333332,0.9535343093528537,0.5790725326991677,INSUFFICIENT-SAMPLE
GOLD,main mode=both k=2 w=5 buf=0.2 R=3.0,3.6771420648829416,11.0314,10,-259.2820105665129,10.0,-25.92820105665129,-29.57188928203469,2,-231.71882918742085,0.0,-4.634376583748412,-8.345252803224476,8.333333333333332,0.9535343093528537,0.5790725326991677,INSUFFICIENT-SAMPLE
GOLD,main mode=both k=2 w=5 buf=0.2 R=4.0,3.6771420648829416,14.7086,10,-259.2820105665129,10.0,-25.92820105665129,-29.57188928203469,2,-231.71882918742085,0.0,-4.634376583748412,-8.345252803224476,8.333333333333332,0.9535343093528537,0.5790725326991677,INSUFFICIENT-SAMPLE
GOLD,main mode=both k=2 w=10 buf=0.1 R=2.0,2.7708000031512214,5.5416,22,-115.51233900085622,18.181818181818183,-25.412714580188368,-26.896211648315376,5,-114.90788840313908,20.0,-5.745394420156957,-11.250803412548656,18.51851851851852,1.894624949152493,1.3029131985731273,INSUFFICIENT-SAMPLE
GOLD,main mode=both k=2 w=10 buf=0.1 R=3.0,2.7708000031512214,8.3124,22,-151.5411192198029,9.090909090909092,-33.33904622835664,-34.66489323997768,5,-65.41358304638015,20.0,-3.2706791523190115,-11.250803412548656,11.11111111111111,2.8367075468993828,1.3029131985731273,INSUFFICIENT-SAMPLE
GOLD,main mode=both k=2 w=10 buf=0.1 R=4.0,2.7708000031512214,11.0832,22,-160.62337787668642,9.090909090909092,-35.33714313287102,-36.623249176805714,5,-15.919277689620504,20.0,-0.7959638844810213,-11.250803412548656,11.11111111111111,2.9179742850932437,1.3029131985731273,INSUFFICIENT-SAMPLE
GOLD,main mode=both k=2 w=10 buf=0.2 R=2.0,2.8708000031512215,5.7416,22,-119.20512041563626,18.181818181818183,-26.225126491439976,-27.692465166327846,5,-119.09428972369315,20.0,-5.9547144861846535,-14.605881083535225,18.51851851851852,1.8917985220567826,1.3029131985731273,INSUFFICIENT-SAMPLE
GOLD,main mode=both k=2 w=10 buf=0.2 R=3.0,2.8708000031512215,8.6124,22,-156.06755575827938,9.090909090909092,-34.33486226682147,-35.640903085401135,5,-68.02437187671057,20.0,-3.401218593835531,-14.605881083535225,11.11111111111111,2.832194410628482,1.3029131985731273,INSUFFICIENT-SAMPLE
GOLD,main mode=both k=2 w=10 buf=0.2 R=4.0,2.8708000031512215,11.4832,22,-165.57459878399865,9.090909090909092,-36.4264117324797,-37.690852867109456,5,-16.954454029728367,20.0,-0.8477227014864197,-14.605881083535225,11.11111111111111,2.9092813120893855,1.3029131985731273,INSUFFICIENT-SAMPLE
GOLD,main mode=both k=3 w=5 buf=0.1 R=2.0,4.088108369409546,8.1762,7,-226.79810442417406,14.285714285714285,-15.875867309692183,-18.431591823668295,1,-97.85453763139594,0.0,-0.9785453763139551,-5.921813612873697,12.5,2.034605080991248,0.38604835513277846,INSUFFICIENT-SAMPLE
GOLD,main mode=both k=3 w=5 buf=0.1 R=3.0,4.088108369409546,12.2643,7,-181.3775429382149,14.285714285714285,-12.696428005675042,-18.431591823668295,1,-97.85453763139594,0.0,-0.9785453763139551,-5.921813612873697,12.5,3.017857642922657,0.38604835513277846,INSUFFICIENT-SAMPLE
GOLD,main mode=both k=3 w=5 buf=0.1 R=4.0,4.088108369409546,16.3524,7,-135.95698145225364,14.285714285714285,-9.516988701657759,-18.431591823668295,1,-97.85453763139594,0.0,-0.9785453763139551,-5.921813612873697,12.5,3.9786363532956983,0.38604835513277846,INSUFFICIENT-SAMPLE
GOLD,main mode=both k=3 w=5 buf=0.2 R=2.0,4.188108369409546,8.3762,7,-232.08933859024597,14.285714285714285,-16.246253701317215,-18.77128495993052,1,-97.85453763139594,0.0,-0.9785453763139551,-5.921813612873697,12.5,2.0321311641286264,0.38604835513277846,INSUFFICIENT-SAMPLE
GOLD,main mode=both k=3 w=5 buf=0.2 R=3.0,4.188108369409546,12.5643,7,-185.8481060600695,14.285714285714285,-13.009367424204864,-18.77128495993052,1,-97.85453763139594,0.0,-0.9785453763139551,-5.921813612873697,12.5,3.0133723809272928,0.38604835513277846,INSUFFICIENT-SAMPLE
GOLD,main mode=both k=3 w=5 buf=0.2 R=4.0,4.188108369409546,16.7524,7,-139.60687352989277,14.285714285714285,-9.772481147092494,-18.77128495993052,1,-97.85453763139594,0.0,-0.9785453763139551,-5.921813612873697,12.5,3.971691258218112,0.38604835513277846,INSUFFICIENT-SAMPLE
GOLD,main mode=both k=3 w=10 buf=0.1 R=2.0,3.7846810773921904,7.5694,15,-249.7668694801345,6.666666666666667,-37.46503042202017,-38.708814044150806,3,82.00537119698977,33.33333333333333,2.4601611359096998,-8.531294738958678,11.11111111111111,2.135415580974079,0.8686087990487514,INSUFFICIENT-SAMPLE
GOLD,main mode=both k=3 w=10 buf=0.1 R=3.0,3.7846810773921904,11.354,15,-235.09777522988978,6.666666666666667,-35.26466628448346,-36.55221385013979,3,202.17795389279914,33.33333333333333,6.065338616783977,-8.531294738958678,11.11111111111111,3.1663321861187943,0.8686087990487514,INSUFFICIENT-SAMPLE
GOLD,main mode=both k=3 w=10 buf=0.1 R=4.0,3.7846810773921904,15.1387,15,-220.42829338005032,6.666666666666667,-33.064244007007545,-34.395556672558634,3,322.3537118933352,33.33333333333333,9.670611356800052,-8.531294738958678,11.11111111111111,4.17300154394426,0.8686087990487514,INSUFFICIENT-SAMPLE
GOLD,main mode=both k=3 w=10 buf=0.2 R=2.0,3.8846810773921905,7.7694,15,-244.46491659583614,6.666666666666667,-36.66973748937542,-37.92933901836833,3,84.79932767265807,33.33333333333333,2.5439798301797323,-8.626371297093433,11.11111111111111,2.2103465689648436,0.8686087990487514,INSUFFICIENT-SAMPLE
GOLD,main mode=both k=3 w=10 buf=0.2 R=3.0,3.8846810773921905,11.654,15,-229.24503858862275,6.666666666666667,-34.386755788293414,-35.69176447537071,3,208.01900192615236,33.33333333333333,6.240570057784578,-8.626371297093433,11.11111111111111,3.2791657865508923,0.8686087990487514,INSUFFICIENT-SAMPLE
GOLD,main mode=both k=3 w=10 buf=0.2 R=4.0,3.8846810773921905,15.5387,15,-214.0247687810182,6.666666666666667,-32.10371531715273,-33.45413233121618,3,55.608351034596126,33.33333333333333,1.6682505310378737,-8.626371297093433,11.11111111111111,2.9526409002507124,0.8686087990487514,INSUFFICIENT-SAMPLE
GOLD,ablation(a)-no_engulf mode=both k=3 w=10 buf=0.1 R=2.0,2.9715595264732433,5.9431,44,-17.36541915766367,34.090909090909086,-7.640784429372016,-19.47631086826574,16,-151.9924071179069,12.5,-24.318785138865106,-29.389466878014574,28.333333333333332,1.8675758206321627,2.895362663495838,FAIL
GOLD,ablation(a)-no_engulf mode=both k=3 w=10 buf=0.1 R=3.0,2.9715595264732433,8.9147,44,22.914512037648283,31.818181818181817,10.082385296565244,-18.430025513952195,16,-131.4311978389615,12.5,-21.02899165423384,-27.408723741822698,26.666666666666668,2.5228033086019583,2.895362663495838,FAIL
GOLD,ablation(a)-no_engulf mode=both k=3 w=10 buf=0.1 R=4.0,2.9715595264732433,11.8862,44,22.076375313547363,31.818181818181817,9.713605137960846,-23.658173765434086,16,-117.96401323638088,12.5,-18.874242117820938,-27.368406277711504,26.666666666666668,2.5601853369464016,2.895362663495838,FAIL
GOLD,ablation(b)-breakout(no_retest) mode=both k=3 buf=0.1 R=2.0,3.9282046861148987,7.8564,55,-64.93265328771999,29.09090909090909,-35.71295930824599,-49.681254551688724,19,92.93379412398176,52.63157894736842,17.65742088355653,-16.24384468719104,35.13513513513514,1.604664002128492,3.5709472849782005,FAIL
GOLD,ablation(b)-breakout(no_retest) mode=both k=3 buf=0.1 R=3.0,3.9282046861148987,11.7846,55,-61.32634354877793,25.454545454545453,-33.72948895182786,-57.20678220270121,19,52.9631687000922,52.63157894736842,10.063002053017511,-16.243844687191004,32.432432432432435,1.7145217699502113,3.5709472849782005,FAIL
GOLD,ablation(b)-breakout(no_retest) mode=both k=3 buf=0.1 R=4.0,3.9282046861148987,15.7128,55,-61.387264145927325,23.636363636363637,-33.762995280260036,-63.22446278255695,19,52.9631687000922,52.63157894736842,10.063002053017511,-16.243844687191004,31.08108108108108,1.8190282567200382,3.5709472849782005,FAIL
GOLD,ablation(c)-trend_filter_on mode=both k=3 w=10 buf=0.1 R=2.0,4.28660294722786,8.5732,9,-237.12123432137662,11.11111111111111,-21.340911088923896,-22.82238535366859,3,95.89430193697142,33.33333333333333,2.8768290581091316,-9.008504777323997,16.666666666666664,2.240213106395633,0.5790725326991677,INSUFFICIENT-SAMPLE
GOLD,ablation(c)-trend_filter_on mode=both k=3 w=10 buf=0.1 R=3.0,4.28660294722786,12.8598,9,-202.61188847973688,11.11111111111111,-18.235069963176322,-22.82238535366859,3,231.29678837071393,33.33333333333333,6.93890365112142,-9.008504777323997,16.666666666666664,3.3283169000152046,0.5790725326991677,INSUFFICIENT-SAMPLE
GOLD,ablation(c)-trend_filter_on mode=both k=3 w=10 buf=0.1 R=4.0,4.28660294722786,17.1464,9,-168.10254263809736,11.11111111111111,-15.129228837428766,-22.82238535366859,3,41.435464409323686,33.33333333333333,1.2430639322797088,-9.008504777323997,16.666666666666664,2.9651945799076205,0.5790725326991677,INSUFFICIENT-SAMPLE
SPY,main mode=reversal k=2 w=5 buf=0.1 R=2.0,2.972482402212668,5.945,8,-147.71683976872941,12.5,-11.81734718149835,-17.599925973390498,3,-109.49366857282621,33.33333333333333,-3.284810057184784,-5.4183305035347304,18.181818181818183,1.5125912803967625,0.41098097381342064,INSUFFICIENT-SAMPLE
SPY,main mode=reversal k=2 w=5 buf=0.1 R=3.0,2.972482402212668,8.9174,8,-116.78527146395868,12.5,-9.342821717116689,-17.599925973390498,3,-109.49366857282621,33.33333333333333,-3.284810057184784,-5.4183305035347304,18.181818181818183,2.0021942428758903,0.41098097381342064,INSUFFICIENT-SAMPLE
SPY,main mode=reversal k=2 w=5 buf=0.1 R=4.0,2.972482402212668,11.8899,8,-85.8526625331508,12.5,-6.868213002652068,-17.599925973390498,3,-109.49366857282621,33.33333333333333,-3.284810057184784,-5.4183305035347304,18.181818181818183,2.4917710556669674,0.41098097381342064,INSUFFICIENT-SAMPLE
SPY,main mode=reversal k=2 w=5 buf=0.2 R=2.0,3.072482402212668,6.145,8,-152.44976670015944,12.5,-12.195981336012752,-18.108353126707723,3,-116.13818845593111,33.33333333333333,-3.484145653677928,-5.515849921511009,18.181818181818183,1.4921721841592108,0.41098097381342064,INSUFFICIENT-SAMPLE
SPY,main mode=reversal k=2 w=5 buf=0.2 R=3.0,3.072482402212668,9.2174,8,-120.6748480526021,12.5,-9.653987844208167,-18.108353126707723,3,-116.13818845593111,33.33333333333333,-3.484145653677928,-5.515849921511009,18.181818181818183,1.979897326267662,0.41098097381342064,INSUFFICIENT-SAMPLE
SPY,main mode=reversal k=2 w=5 buf=0.2 R=4.0,3.072482402212668,12.2899,8,-88.89889519990697,12.5,-7.111911615992561,-18.108353126707723,3,-116.13818845593111,33.33333333333333,-3.484145653677928,-5.515849921511009,18.181818181818183,2.4675960479041104,0.41098097381342064,INSUFFICIENT-SAMPLE
SPY,main mode=reversal k=2 w=10 buf=0.1 R=2.0,2.2117994416730142,4.4236,13,-112.90689901982631,23.076923076923077,-14.677896872577422,-20.745108794297895,3,-219.19881452914402,0.0,-6.575964435874315,-6.735364575691373,18.75,0.6666774070228293,0.5977905073649755,INSUFFICIENT-SAMPLE
SPY,main mode=reversal k=2 w=10 buf=0.1 R=3.0,2.2117994416730142,6.6354,13,-99.00261703699708,23.076923076923077,-12.870340214809616,-20.745108794297895,3,-219.19881452914402,0.0,-6.575964435874315,-6.735364575691373,18.75,0.9786085630665012,0.5977905073649755,INSUFFICIENT-SAMPLE
SPY,main mode=reversal k=2 w=10 buf=0.1 R=4.0,2.2117994416730142,8.8472,13,-85.09833505416813,23.076923076923077,-11.062783557041856,-20.745108794297895,3,-219.19881452914402,0.0,-6.575964435874315,-6.735364575691373,18.75,1.2905217552518768,0.5977905073649755,INSUFFICIENT-SAMPLE
SPY,main mode=reversal k=2 w=10 buf=0.2 R=2.0,2.3117994416730143,4.6236,13,-117.67919365700058,23.076923076923077,-15.29829517541007,-21.471822814670187,3,-228.74601135625258,0.0,-6.862380340687579,-7.0212917975335145,18.75,0.6616476280747652,0.5977905073649755,INSUFFICIENT-SAMPLE
SPY,main mode=reversal k=2 w=10 buf=0.2 R=3.0,2.3117994416730143,6.9354,13,-103.27952778302195,23.076923076923077,-13.426338611792854,-21.471822814670187,3,-228.74601135625258,0.0,-6.862380340687579,-7.0212917975335145,18.75,0.9718985351310214,0.5977905073649755,INSUFFICIENT-SAMPLE
SPY,main mode=reversal k=2 w=10 buf=0.2 R=4.0,2.3117994416730143,9.2472,13,-88.87986190904303,23.076923076923077,-11.554382048175594,-21.471822814670187,3,-228.74601135625258,0.0,-6.862380340687579,-7.0212917975335145,18.75,1.282131671341559,0.5977905073649755,INSUFFICIENT-SAMPLE
SPY,main mode=reversal k=3 w=5 buf=0.1 R=2.0,3.657885603585774,7.3158,7,-65.66171737117838,28.57142857142857,-4.596320215982486,-18.691104170653347,1,387.0917747827607,100.0,3.870917747827618,-2.5695086075043942,37.5,1.5960866634321162,0.29889525368248776,INSUFFICIENT-SAMPLE
SPY,main mode=reversal k=3 w=5 buf=0.1 R=3.0,3.657885603585774,10.9737,7,28.850230767275725,28.57142857142857,2.0195161537093,-18.691104170653347,1,387.0917747827607,100.0,3.870917747827618,-2.5695086075043942,37.5,2.2397924307419763,0.29889525368248776,INSUFFICIENT-SAMPLE
SPY,main mode=reversal k=3 w=5 buf=0.1 R=4.0,3.657885603585774,14.6315,7,126.52753887220804,28.57142857142857,8.856927721054554,-18.691104170653347,1,387.0917747827607,100.0,3.870917747827618,-2.5695086075043942,37.5,2.9050569586759307,0.29889525368248776,INSUFFICIENT-SAMPLE
SPY,main mode=reversal k=3 w=5 buf=0.2 R=2.0,3.757885603585774,7.5158,7,-67.66363303600441,28.57142857142857,-4.73645431252031,-19.112366168542174,1,387.0917747827607,100.0,3.870917747827618,-2.5695086075043942,37.5,1.5845111639421257,0.29889525368248776,INSUFFICIENT-SAMPLE
SPY,main mode=reversal k=3 w=5 buf=0.2 R=3.0,3.757885603585774,11.2737,7,29.15032713916818,28.57142857142857,2.04052289974177,-19.112366168542174,1,387.0917747827607,100.0,3.870917747827618,-2.5695086075043942,37.5,2.2277722259676493,0.29889525368248776,INSUFFICIENT-SAMPLE
SPY,main mode=reversal k=3 w=5 buf=0.2 R=4.0,3.757885603585774,15.0315,7,129.2879142868374,28.57142857142857,9.050154000078624,-19.112366168542174,1,387.0917747827607,100.0,3.870917747827618,-2.5695086075043942,37.5,2.8931164649672008,0.29889525368248776,INSUFFICIENT-SAMPLE
SPY,main mode=reversal k=3 w=10 buf=0.1 R=2.0,3.660651526749223,7.3213,14,-46.82044454750004,42.857142857142854,-6.554862236650005,-28.459627319402898,1,387.0917747827607,100.0,3.870917747827618,-2.5695086075043942,46.666666666666664,1.0253516135228005,0.5604286006546645,INSUFFICIENT-SAMPLE
SPY,main mode=reversal k=3 w=10 buf=0.1 R=3.0,3.660651526749223,10.982,14,17.980058139610133,42.857142857142854,2.5172081395454127,-28.459627319402898,1,387.0917747827607,100.0,3.870917747827618,-2.5695086075043942,46.666666666666664,1.4225351007941685,0.5604286006546645,INSUFFICIENT-SAMPLE
SPY,main mode=reversal k=3 w=10 buf=0.1 R=4.0,3.660651526749223,14.6426,14,67.09141065723881,42.857142857142854,9.392797492013427,-28.459627319402898,1,387.0917747827607,100.0,3.870917747827618,-2.5695086075043942,46.666666666666664,1.723554652320662,0.5604286006546645,INSUFFICIENT-SAMPLE
SPY,main mode=reversal k=3 w=10 buf=0.2 R=2.0,3.760651526749223,7.5213,14,-48.63652619831295,42.857142857142854,-6.80911366776381,-29.05174236093519,1,387.0917747827607,100.0,3.870917747827618,-2.5695086075043942,46.666666666666664,1.0171826454842674,0.5604286006546645,INSUFFICIENT-SAMPLE
SPY,main mode=reversal k=3 w=10 buf=0.2 R=3.0,3.760651526749223,11.282,14,15.851431605048154,42.857142857142854,2.2192004247067354,-29.05174236093519,1,387.0917747827607,100.0,3.870917747827618,-2.5695086075043942,46.666666666666664,1.4033477844380786,0.5604286006546645,INSUFFICIENT-SAMPLE
SPY,main mode=reversal k=3 w=10 buf=0.2 R=4.0,3.760651526749223,15.0426,14,66.0420847775227,42.857142857142854,9.245891868853185,-29.05174236093519,1,387.0917747827607,100.0,3.870917747827618,-2.5695086075043942,46.666666666666664,1.7038981696065945,0.5604286006546645,INSUFFICIENT-SAMPLE
SPY,main mode=continuation k=2 w=5 buf=0.1 R=2.0,2.664334286949614,5.3287,7,-46.54118443124363,28.57142857142857,-3.257882910187049,-11.367503625535175,3,38.66119949844506,33.33333333333333,1.1598359849533502,-8.182345358543303,30.0,2.0527800471302844,0.37361906710310966,INSUFFICIENT-SAMPLE
SPY,main mode=continuation k=2 w=5 buf=0.1 R=3.0,2.664334286949614,7.993,7,-23.071676068925495,28.57142857142857,-1.6150173248247857,-11.926020949825945,3,-7.376659335480023,33.33333333333333,-0.221299780064399,-8.182345358543293,30.0,2.0907220390438392,0.37361906710310966,INSUFFICIENT-SAMPLE
SPY,main mode=continuation k=2 w=5 buf=0.1 R=4.0,2.664334286949614,10.6573,7,-21.06907665082742,28.57142857142857,-1.474835365557925,-11.926020949825954,3,-7.376659335480023,33.33333333333333,-0.221299780064399,-8.182345358543293,30.0,2.109439076826803,0.37361906710310966,INSUFFICIENT-SAMPLE
SPY,main mode=continuation k=2 w=5 buf=0.2 R=2.0,2.764334286949614,5.5287,7,-62.19301337459755,28.57142857142857,-4.353510936221827,-12.287532526456253,3,41.5936307986564,33.33333333333333,1.2478089239596812,-8.276695694431805,30.0,1.9318109082035082,0.37361906710310966,INSUFFICIENT-SAMPLE
SPY,main mode=continuation k=2 w=5 buf=0.2 R=3.0,2.764334286949614,8.293,7,-26.39426039086798,28.57142857142857,-1.8475982273607583,-12.287532526456303,3,-10.794358584800042,33.33333333333333,-0.3238307575439969,-8.276695694431833,30.0,2.056007999503002,0.37361906710310966,INSUFFICIENT-SAMPLE
SPY,main mode=continuation k=2 w=5 buf=0.2 R=4.0,2.764334286949614,11.0573,7,-28.287046631078347,28.57142857142857,-1.9800932641754865,-12.287532526456271,3,-10.794358584800042,33.33333333333333,-0.3238307575439969,-8.276695694431833,30.0,2.038840866798363,0.37361906710310966,INSUFFICIENT-SAMPLE
SPY,main mode=continuation k=2 w=10 buf=0.1 R=2.0,2.664334286949614,5.3287,15,-21.19949742418236,40.0,-3.1799246136273496,-22.284553582728343,5,215.2935765357437,60.0,10.764678826787177,-8.18234535854329,45.0,1.5415200285014783,0.7472381342062193,INSUFFICIENT-SAMPLE
SPY,main mode=continuation k=2 w=10 buf=0.1 R=3.0,2.664334286949614,7.993,15,-12.399798616259552,40.0,-1.8599697924389313,-22.77427716002272,5,240.32967110110113,60.0,12.016483555055046,-8.182345358543277,45.0,1.642149212504362,0.7472381342062193,INSUFFICIENT-SAMPLE
SPY,main mode=continuation k=2 w=10 buf=0.1 R=4.0,2.664334286949614,10.6573,15,-11.467578993378265,40.0,-1.720136849006737,-22.774277160022795,5,295.61118034885004,60.0,14.780559017442506,-8.182345358543284,45.0,1.7595770083976008,0.7472381342062193,INSUFFICIENT-SAMPLE
SPY,main mode=continuation k=2 w=10 buf=0.2 R=2.0,2.764334286949614,5.5287,15,-29.92183849077931,40.0,-4.488275773616901,-23.406926750568587,5,221.43098736327775,60.0,11.071549368163879,-8.276695694431831,45.0,1.4899113819923469,0.7472381342062193,INSUFFICIENT-SAMPLE
SPY,main mode=continuation k=2 w=10 buf=0.2 R=3.0,2.764334286949614,8.293,15,-16.62551858257757,40.0,-2.4938277873866377,-23.406926750568463,5,244.24584240110488,60.0,12.212292120055235,-8.276695694431833,45.0,1.610694568094446,0.7472381342062193,INSUFFICIENT-SAMPLE
SPY,main mode=continuation k=2 w=10 buf=0.2 R=4.0,2.764334286949614,11.0573,15,-17.503003231869297,40.0,-2.6254504847803894,-23.40692675056852,5,301.54331120180615,60.0,15.077165560090311,-8.276695694431828,45.0,1.7184967528221111,0.7472381342062193,INSUFFICIENT-SAMPLE
SPY,main mode=continuation k=3 w=5 buf=0.1 R=2.0,3.2438678025712,6.4877,4,-91.28733507890274,25.0,-3.651493403156114,-10.013186957409927,2,-225.58859630268216,0.0,-4.511771926053642,-8.729137177118968,16.666666666666664,2.2102775525689076,0.2241714402618658,INSUFFICIENT-SAMPLE
SPY,main mode=continuation k=3 w=5 buf=0.1 R=3.0,3.2438678025712,9.7316,4,-53.751073633111446,25.0,-2.1500429453244596,-10.013186957409896,2,-225.58859630268216,0.0,-4.511771926053642,-8.729137177118968,16.666666666666664,2.747660487694545,0.2241714402618658,INSUFFICIENT-SAMPLE
SPY,main mode=continuation k=3 w=5 buf=0.1 R=4.0,3.2438678025712,12.9755,4,-53.751073633111446,25.0,-2.1500429453244596,-10.013186957409896,2,-225.58859630268216,0.0,-4.511771926053642,-8.729137177118968,16.666666666666664,2.747660487694545,0.2241714402618658,INSUFFICIENT-SAMPLE
SPY,main mode=continuation k=3 w=5 buf=0.2 R=2.0,3.3438678025712,6.6877,4,-94.24034824596902,25.0,-3.7696139298387554,-10.292025020015078,2,-230.52409604133481,0.0,-4.610481920826692,-8.823487513007512,16.666666666666664,2.2155068141305727,0.2241714402618658,INSUFFICIENT-SAMPLE
SPY,main mode=continuation k=3 w=5 buf=0.2 R=3.0,3.3438678025712,10.0316,4,-61.331154405115285,25.0,-2.4532461762046154,-10.292025020015034,2,-230.52409604133481,0.0,-4.610481920826692,-8.823487513007512,16.666666666666664,2.674962679632267,0.2241714402618658,INSUFFICIENT-SAMPLE
SPY,main mode=continuation k=3 w=5 buf=0.2 R=4.0,3.3438678025712,13.3755,4,-61.331154405115285,25.0,-2.4532461762046154,-10.292025020015034,2,-230.52409604133481,0.0,-4.610481920826692,-8.823487513007512,16.666666666666664,2.674962679632267,0.2241714402618658,INSUFFICIENT-SAMPLE
SPY,main mode=continuation k=3 w=10 buf=0.1 R=2.0,2.9256880733944954,5.8514,14,86.91166404162401,50.0,12.16763296582737,-9.623446062188274,4,135.47817979573074,50.0,5.4191271918292205,-8.42893353391148,50.0,1.6297618664391607,0.6725143207855974,INSUFFICIENT-SAMPLE
SPY,main mode=continuation k=3 w=10 buf=0.1 R=3.0,2.9256880733944954,8.7771,14,170.7994669168837,50.0,23.91192536836373,-9.623446062188298,4,86.65710332119443,50.0,3.4662841328477745,-8.428933533911469,50.0,1.9347642156623497,0.6725143207855974,INSUFFICIENT-SAMPLE
SPY,main mode=continuation k=3 w=10 buf=0.1 R=4.0,2.9256880733944954,11.7028,14,170.72946336005836,50.0,23.90212487040817,-9.623446062188258,4,86.65710332119443,50.0,3.4662841328477745,-8.428933533911469,50.0,1.927424937374762,0.6725143207855974,INSUFFICIENT-SAMPLE
SPY,main mode=continuation k=3 w=10 buf=0.2 R=2.0,3.0256880733944955,6.0514,14,88.69474678680503,50.0,12.417264550152707,-9.902555317846966,4,137.73810288318236,50.0,5.509524115327302,-8.523283869800025,50.0,1.6201178608382265,0.6725143207855974,INSUFFICIENT-SAMPLE
SPY,main mode=continuation k=3 w=10 buf=0.2 R=3.0,3.0256880733944955,9.0771,14,171.7265517512855,50.0,24.04171724517996,-9.902555317846971,4,83.99193870156842,50.0,3.359677548062745,-8.523283869800013,50.0,1.904131040795494,0.6725143207855974,INSUFFICIENT-SAMPLE
SPY,main mode=continuation k=3 w=10 buf=0.2 R=4.0,3.0256880733944955,12.1028,14,167.5122315969745,50.0,23.45171242357642,-9.902555317846984,4,83.99193870156842,50.0,3.359677548062745,-8.523283869800013,50.0,1.8801967880145505,0.6725143207855974,INSUFFICIENT-SAMPLE
SPY,main mode=both k=2 w=5 buf=0.1 R=2.0,2.797525547790154,5.5951,15,-100.74773871975522,20.0,-15.112160807963281,-26.62594125831878,5,23.29249649466401,40.0,1.164624824733207,-8.308011760520555,25.0,1.8235037098718765,0.7472381342062193,INSUFFICIENT-SAMPLE
SPY,main mode=both k=2 w=5 buf=0.1 R=3.0,2.797525547790154,8.3926,15,-70.35926205979219,20.0,-10.553889308968834,-26.625941258318765,5,-9.36724117867343,40.0,-0.468362058933669,-8.30801176052053,25.0,2.085943651018193,0.7472381342062193,INSUFFICIENT-SAMPLE
SPY,main mode=both k=2 w=5 buf=0.1 R=4.0,2.797525547790154,11.1901,15,-56.35350376304462,20.0,-8.453025564456695,-26.625941258318825,5,-9.36724117867343,40.0,-0.468362058933669,-8.30801176052053,25.0,2.258962033701591,0.7472381342062193,INSUFFICIENT-SAMPLE
SPY,main mode=both k=2 w=5 buf=0.2 R=2.0,2.897525547790154,5.7951,15,-104.9994223738493,20.0,-15.749913356077395,-27.377575805990297,5,22.95531911555081,40.0,1.1477659557775466,-8.402362096409071,25.0,1.8058666178919751,0.7472381342062193,INSUFFICIENT-SAMPLE
SPY,main mode=both k=2 w=5 buf=0.2 R=3.0,2.897525547790154,8.6926,15,-73.80642985103768,20.0,-11.070964477655654,-27.37757580599037,5,-13.462245390654425,40.0,-0.6731122695327163,-8.402362096409078,25.0,2.0562045842743757,0.7472381342062193,INSUFFICIENT-SAMPLE
SPY,main mode=both k=2 w=5 buf=0.2 R=4.0,2.897525547790154,11.5901,15,-61.05594706859483,20.0,-9.158392060289222,-27.37757580599029,5,-13.462245390654425,40.0,-0.6731122695327163,-8.402362096409078,25.0,2.2070291119779935,0.7472381342062193,INSUFFICIENT-SAMPLE
SPY,main mode=both k=2 w=10 buf=0.1 R=2.0,2.664334286949614,5.3287,26,-42.61243998348737,38.46153846153847,-11.079234395706717,-30.530262998841646,7,154.20164829685564,57.14285714285714,10.7941153807799,-8.182345358543282,42.42424242424242,1.3491217254225518,1.2329429214402619,INSUFFICIENT-SAMPLE
SPY,main mode=both k=2 w=10 buf=0.1 R=3.0,2.664334286949614,7.993,26,-40.622985574538546,38.46153846153847,-10.561976249380024,-33.19059492167869,7,172.0893255093467,57.14285714285714,12.046252785654277,-8.182345358543275,42.42424242424242,1.398369738455752,1.2329429214402619,INSUFFICIENT-SAMPLE
SPY,main mode=both k=2 w=10 buf=0.1 R=4.0,2.664334286949614,10.6573,26,-31.632537109690368,38.46153846153847,-8.224459648519499,-33.19059492167863,7,211.58661174389195,57.14285714285714,14.81106282207243,-8.182345358543277,42.42424242424242,1.5392393063731045,1.2329429214402619,INSUFFICIENT-SAMPLE
SPY,main mode=both k=2 w=10 buf=0.2 R=2.0,2.764334286949614,5.5287,26,-48.38018862096249,38.46153846153847,-12.578849041450246,-31.825439752645025,7,156.9557402358166,57.14285714285714,10.986901816507167,-8.276695694431844,42.42424242424242,1.3137879144528342,1.2329429214402619,INSUFFICIENT-SAMPLE
SPY,main mode=both k=2 w=10 buf=0.2 R=3.0,2.764334286949614,8.293,26,-44.353121827738086,38.46153846153847,-11.5318116752119,-34.14547241733767,7,173.2396458447004,57.14285714285714,12.126775209129036,-8.276695694431838,42.42424242424242,1.373153211435957,1.2329429214402619,INSUFFICIENT-SAMPLE
SPY,main mode=both k=2 w=10 buf=0.2 R=4.0,2.764334286949614,11.0573,26,-36.136986374648025,38.46153846153847,-9.395616457408485,-34.1454724173377,7,214.13521901541077,57.14285714285714,14.989465331078744,-8.276695694431814,42.42424242424242,1.5072845129205978,1.2329429214402619,INSUFFICIENT-SAMPLE
SPY,main mode=both k=3 w=5 buf=0.1 R=2.0,3.657885603585774,7.3158,11,-77.72351843737934,27.27272727272727,-8.549587028111727,-27.359990129769596,3,181.92064041826538,66.66666666666666,5.4576192125479706,-8.540999161480029,35.714285714285715,1.6093271730923469,0.5230666939443535,INSUFFICIENT-SAMPLE
SPY,main mode=both k=3 w=5 buf=0.1 R=3.0,3.657885603585774,10.9737,11,-13.185990062880261,27.27272727272727,-1.4504589069168294,-27.359990129769596,3,181.92064041826538,66.66666666666666,5.4576192125479706,-8.540999161480029,35.714285714285715,2.0452967750617637,0.5230666939443535,INSUFFICIENT-SAMPLE
SPY,main mode=both k=3 w=5 buf=0.1 R=4.0,3.657885603585774,14.6315,11,46.858116080246624,27.27272727272727,5.154392768827121,-27.359990129769596,3,181.92064041826538,66.66666666666666,5.4576192125479706,-8.540999161480029,35.714285714285715,2.449610227045338,0.5230666939443535,INSUFFICIENT-SAMPLE
SPY,main mode=both k=3 w=5 buf=0.2 R=2.0,3.757885603585774,7.5158,11,-79.98547784033144,27.27272727272727,-8.798402562436458,-27.9612203674339,3,181.92064041826538,66.66666666666666,5.4576192125479706,-8.540999161480029,35.714285714285715,1.5988799319956941,0.5230666939443535,INSUFFICIENT-SAMPLE
SPY,main mode=both k=3 w=5 buf=0.2 R=3.0,3.757885603585774,11.2737,11,-15.790111663543774,27.27272727272727,-1.736912282989811,-27.96122036743388,3,181.92064041826538,66.66666666666666,5.4576192125479706,-8.540999161480029,35.714285714285715,2.022742588601036,0.5230666939443535,INSUFFICIENT-SAMPLE
SPY,main mode=both k=3 w=5 buf=0.2 R=4.0,3.757885603585774,15.0315,11,45.574813502068125,27.27272727272727,5.013229485227488,-27.96122036743388,3,181.92064041826538,66.66666666666666,5.4576192125479706,-8.540999161480029,35.714285714285715,2.4268443035015568,0.5230666939443535,INSUFFICIENT-SAMPLE
SPY,main mode=both k=3 w=10 buf=0.1 R=2.0,3.447803925783009,6.8956,24,37.29079315403434,50.0,8.949790356968235,-25.207945220652395,5,-13.379392949097383,40.0,-0.6689696474548645,-8.921551594367374,48.275862068965516,1.2491889738250688,1.083495294599018,INSUFFICIENT-SAMPLE
SPY,main mode=both k=3 w=10 buf=0.1 R=3.0,3.447803925783009,10.3434,24,93.89865522563764,50.0,22.535677254153043,-24.98033569866169,5,-13.379392949097383,40.0,-0.6689696474548645,-8.921551594367374,48.275862068965516,1.5358347035385704,1.083495294599018,INSUFFICIENT-SAMPLE
SPY,main mode=both k=3 w=10 buf=0.1 R=4.0,3.447803925783009,13.7912,24,126.30943524879406,50.0,30.31426445971057,-24.98033569866169,5,-13.379392949097383,40.0,-0.6689696474548645,-8.921551594367374,48.275862068965516,1.7010366929000942,1.083495294599018,INSUFFICIENT-SAMPLE
SPY,main mode=both k=3 w=10 buf=0.2 R=2.0,3.547803925783009,7.0956,24,36.73651694541203,50.0,8.816764066898886,-25.778932050538895,5,-17.493236320939467,40.0,-0.8746618160469732,-9.015901930255923,48.275862068965516,1.23763392240271,1.083495294599018,INSUFFICIENT-SAMPLE
SPY,main mode=both k=3 w=10 buf=0.2 R=3.0,3.547803925783009,10.6434,24,90.33308477025359,50.0,21.67994034486087,-25.599915312205475,5,-17.493236320939467,40.0,-0.8746618160469732,-9.015901930255923,48.275862068965516,1.5032845157812857,1.083495294599018,INSUFFICIENT-SAMPLE
SPY,main mode=both k=3 w=10 buf=0.2 R=4.0,3.547803925783009,14.1912,24,123.37450706345969,50.0,29.609881695230335,-25.599915312205475,5,-17.493236320939467,40.0,-0.8746618160469732,-9.015901930255923,48.275862068965516,1.6678866048993244,1.083495294599018,INSUFFICIENT-SAMPLE
SPY,ablation(a)-no_engulf mode=both k=3 w=10 buf=0.1 R=2.0,2.8689353087436316,5.7379,62,-38.86453562266228,32.25806451612903,-24.09601208605061,-34.21273356755483,21,-108.80899894195011,23.809523809523807,-22.84988977780952,-26.26090193029712,30.120481927710845,1.5342767728406035,3.10103825695581,FAIL
SPY,ablation(a)-no_engulf mode=both k=3 w=10 buf=0.1 R=3.0,2.8689353087436316,8.6068,62,-50.78606303473209,25.806451612903224,-31.487359081533896,-37.29191058348293,21,-93.45926706813489,23.809523809523807,-19.626446084308323,-24.928904340058985,25.301204819277107,1.9128653894588736,3.10103825695581,FAIL
SPY,ablation(a)-no_engulf mode=both k=3 w=10 buf=0.1 R=4.0,2.8689353087436316,11.4757,62,-45.97120401395071,25.806451612903224,-28.502146488649437,-34.651396538824514,21,-83.34737929248028,23.809523809523807,-17.502949651420863,-24.928904340058985,25.301204819277107,2.0317655772115653,3.10103825695581,FAIL
SPY,ablation(b)-breakout(no_retest) mode=both k=3 buf=0.1 R=2.0,3.896792128884206,7.7936,73,15.652416856302608,42.465753424657535,11.426264305100897,-26.469384459447266,25,72.96743402378335,56.00000000000001,18.241858505945842,-11.007536908633808,45.91836734693878,1.3298926018204913,3.6614668576104745,SURVIVOR
SPY,ablation(b)-breakout(no_retest) mode=both k=3 buf=0.1 R=3.0,3.896792128884206,11.6904,73,-11.900577225599976,38.35616438356164,-8.687421374687986,-31.845225601898186,25,57.20803470359068,56.00000000000001,14.30200867589766,-11.275034323509725,42.857142857142854,1.3687258843267738,3.6614668576104745,FAIL
SPY,ablation(b)-breakout(no_retest) mode=both k=3 buf=0.1 R=4.0,3.896792128884206,15.5872,73,-6.529964091741632,36.986301369863014,-4.766873786971393,-30.15072114098495,25,27.30809617724539,56.00000000000001,6.827024044311347,-12.371894999919892,41.83673469387755,1.404042488329525,3.6614668576104745,FAIL
SPY,ablation(c)-trend_filter_on mode=both k=3 w=10 buf=0.1 R=2.0,3.7406434608892805,7.4813,16,80.03742831622674,50.0,12.805988530596268,-15.28790278975828,5,110.30949154245755,60.0,5.51547457712287,-8.540999161480006,52.38095238095239,1.332624694373659,0.7846000409165302,INSUFFICIENT-SAMPLE
SPY,ablation(c)-trend_filter_on mode=both k=3 w=10 buf=0.1 R=3.0,3.7406434608892805,11.2219,16,128.41837423760182,50.0,20.546939878016303,-15.421991652769712,5,110.30949154245755,60.0,5.51547457712287,-8.540999161480006,52.38095238095239,1.4922179329143976,0.7846000409165302,INSUFFICIENT-SAMPLE
SPY,ablation(c)-trend_filter_on mode=both k=3 w=10 buf=0.1 R=4.0,3.7406434608892805,14.9626,16,105.08369279556257,50.0,16.81339084729001,-18.989290277586715,5,110.30949154245755,60.0,5.51547457712287,-8.540999161480006,52.38095238095239,1.4225297148587093,0.7846000409165302,INSUFFICIENT-SAMPLE
BTC,main mode=reversal k=2 w=5 buf=0.1 R=2.0,3.8714791005084437,7.743,4,456.7358619917295,75.0,18.26943447966918,-6.196571812145564,4,-41.81422128872737,25.0,-1.6725688515490944,-5.609629055559713,50.0,2.204622287450191,0.6717241379310345,INSUFFICIENT-SAMPLE
BTC,main mode=reversal k=2 w=5 buf=0.1 R=3.0,3.8714791005084437,11.6144,4,780.7564458131887,75.0,31.230257832527553,-6.19657181214558,4,39.32026205527609,25.0,1.5728104822110511,-5.609629055559713,50.0,3.2961451229368595,0.6717241379310345,INSUFFICIENT-SAMPLE
BTC,main mode=reversal k=2 w=5 buf=0.1 R=4.0,3.8714791005084437,15.4859,4,1129.472095354267,75.0,45.178883814170675,-6.196571812145549,4,127.05712526338311,25.0,5.082285010535315,-5.609629055559713,50.0,4.391232260989048,0.6717241379310345,INSUFFICIENT-SAMPLE
BTC,main mode=reversal k=2 w=5 buf=0.2 R=2.0,3.9714791005084438,7.943,4,470.1938430191144,75.0,18.807753720764573,-6.294485124860638,4,-43.82735471531214,25.0,-1.7530941886124807,-5.70794381652673,50.0,2.2082651253242562,0.6717241379310345,INSUFFICIENT-SAMPLE
BTC,main mode=reversal k=2 w=5 buf=0.2 R=3.0,3.9714791005084438,11.9144,4,802.9723768446543,75.0,32.11889507378618,-6.2944851248606755,4,40.8745313700374,25.0,1.6349812548015041,-5.70794381652673,50.0,3.3038367603059187,0.6717241379310345,INSUFFICIENT-SAMPLE
BTC,main mode=reversal k=2 w=5 buf=0.2 R=4.0,3.9714791005084438,15.8859,4,1163.6791895244623,75.0,46.547167580978495,-6.294485124860662,4,130.70989910237176,25.0,5.2283959640948785,-5.70794381652673,50.0,4.402903729843254,0.6717241379310345,INSUFFICIENT-SAMPLE
BTC,main mode=reversal k=2 w=10 buf=0.1 R=2.0,4.92400937459312,9.848,5,317.431334199883,60.0,15.871566709994145,-11.435878360576822,4,-159.44330545320236,25.0,-6.377732218128096,-9.945601065987365,44.44444444444444,1.6663086684103507,0.7556896551724138,INSUFFICIENT-SAMPLE
BTC,main mode=reversal k=2 w=10 buf=0.1 R=3.0,4.92400937459312,14.772,5,637.0586326750956,60.0,31.85293163375478,-11.435878360576854,4,-60.49976522202269,25.0,-2.4199906088809064,-9.945601065987365,44.44444444444444,2.4835709756508018,0.7556896551724138,INSUFFICIENT-SAMPLE
BTC,main mode=reversal k=2 w=10 buf=0.1 R=4.0,4.92400937459312,19.696,5,987.8712355724213,60.0,49.39356177862106,-11.435878360576858,4,44.681165230676925,25.0,1.7872466092270667,-9.945601065987358,44.44444444444444,3.300032684082832,0.7556896551724138,INSUFFICIENT-SAMPLE
BTC,main mode=reversal k=2 w=10 buf=0.2 R=2.0,5.0240093745931205,10.048,5,325.2152737635941,60.0,16.2607636881797,-11.529812071479412,4,-167.37344354933248,25.0,-6.694937741973295,-10.135295034803002,44.44444444444444,1.6617279361732644,0.7556896551724138,INSUFFICIENT-SAMPLE
BTC,main mode=reversal k=2 w=10 buf=0.2 R=3.0,5.0240093745931205,15.072,5,652.2489360612304,60.0,32.61244680306152,-11.529812071479423,4,-61.81407019013977,25.0,-2.472562807605594,-10.135295034802988,44.44444444444444,2.4879138384182355,0.7556896551724138,INSUFFICIENT-SAMPLE
BTC,main mode=reversal k=2 w=10 buf=0.2 R=4.0,5.0240093745931205,20.096,5,1011.6768330395432,60.0,50.58384165197716,-11.529812071479403,4,45.16411101190124,25.0,1.806564440476044,-10.135295034802974,44.44444444444444,3.3048108642151104,0.7556896551724138,INSUFFICIENT-SAMPLE
BTC,main mode=reversal k=3 w=5 buf=0.1 R=2.0,3.331718917235325,6.6634,2,649.2431735424952,100.0,12.984863470849906,-2.0279040273231295,2,-208.4917446844147,0.0,-4.169834893688296,-5.232013279072429,50.0,3.113999427292566,0.33586206896551724,INSUFFICIENT-SAMPLE
BTC,main mode=reversal k=3 w=5 buf=0.1 R=3.0,3.331718917235325,9.9952,2,1001.8297431650144,100.0,20.036594863300294,-2.0279040273231095,2,-208.4917446844147,0.0,-4.169834893688296,-5.232013279072429,50.0,4.80512906964946,0.33586206896551724,INSUFFICIENT-SAMPLE
BTC,main mode=reversal k=3 w=5 buf=0.1 R=4.0,3.331718917235325,13.3269,2,1364.9764092697305,100.0,27.299528185394607,-3.4567789945453864,2,-208.4917446844147,0.0,-4.169834893688296,-5.232013279072429,50.0,6.546908662191104,0.33586206896551724,INSUFFICIENT-SAMPLE
BTC,main mode=reversal k=3 w=5 buf=0.2 R=2.0,3.431718917235325,6.8634,2,670.517791494176,100.0,13.410355829883525,-2.027904027323123,2,-213.45456445767104,0.0,-4.269091289153426,-5.3301695199280426,50.0,3.1412670569859964,0.33586206896551724,INSUFFICIENT-SAMPLE
BTC,main mode=reversal k=3 w=5 buf=0.2 R=3.0,3.431718917235325,10.2952,2,1034.7365224701298,100.0,20.6947304494026,-2.027904027323117,2,-213.45456445767104,0.0,-4.269091289153426,-5.3301695199280426,50.0,4.847572714592021,0.33586206896551724,INSUFFICIENT-SAMPLE
BTC,main mode=reversal k=3 w=5 buf=0.2 R=4.0,3.431718917235325,13.7269,2,1410.1781882002806,100.0,28.20356376400561,-3.4567789945453864,2,-213.45456445767104,0.0,-4.269091289153426,-5.3301695199280426,50.0,6.60645600052242,0.33586206896551724,INSUFFICIENT-SAMPLE
BTC,main mode=reversal k=3 w=10 buf=0.1 R=2.0,4.410795955801367,8.8216,4,517.7883018886687,75.0,20.711532075546746,-7.693552474579062,2,-449.59893480039136,0.0,-8.99197869600783,-9.857982961791384,50.0,1.7547037822999911,0.5037931034482758,INSUFFICIENT-SAMPLE
BTC,main mode=reversal k=3 w=10 buf=0.1 R=3.0,4.410795955801367,13.2324,4,888.0559892726528,75.0,35.52223957090612,-7.693552474579038,2,-449.59893480039136,0.0,-8.99197869600783,-9.857982961791384,50.0,2.6534193903740015,0.5037931034482758,INSUFFICIENT-SAMPLE
BTC,main mode=reversal k=3 w=10 buf=0.1 R=4.0,4.410795955801367,17.6432,4,1300.173906517528,75.0,52.00695626070111,-7.693552474579067,2,-449.59893480039136,0.0,-8.99197869600783,-9.857982961791384,50.0,3.5903526191714183,0.5037931034482758,INSUFFICIENT-SAMPLE
BTC,main mode=reversal k=3 w=10 buf=0.2 R=2.0,4.510795955801368,9.0216,4,531.2888935863557,75.0,21.251555743454233,-7.791333391724593,2,-459.1280294437329,0.0,-9.182560588874654,-10.046751336137111,50.0,1.7608837524003627,0.5037931034482758,INSUFFICIENT-SAMPLE
BTC,main mode=reversal k=3 w=10 buf=0.2 R=3.0,4.510795955801368,13.5324,4,911.5440299575894,75.0,36.46176119830358,-7.791333391724588,2,-459.1280294437329,0.0,-9.182560588874654,-10.046751336137111,50.0,2.66317624841048,0.5037931034482758,INSUFFICIENT-SAMPLE
BTC,main mode=reversal k=3 w=10 buf=0.2 R=4.0,4.510795955801368,18.0432,4,1335.1517102832431,75.0,53.406068411329734,-7.7913333917245735,2,-459.1280294437329,0.0,-9.182560588874654,-10.046751336137111,50.0,3.6033917812882454,0.5037931034482758,INSUFFICIENT-SAMPLE
BTC,main mode=continuation k=2 w=5 buf=0.1 R=2.0,4.555367700977193,9.1107,4,566.0337265100993,75.0,22.641349060403982,-4.67263448035661,2,-466.5501962837243,0.0,-9.331003925674485,-12.202519239899678,50.0,1.9504919185143328,0.5037931034482758,INSUFFICIENT-SAMPLE
BTC,main mode=continuation k=2 w=5 buf=0.1 R=3.0,4.555367700977193,13.6661,4,956.4844430373632,75.0,38.25937772149452,-4.67263448035661,2,-466.5501962837243,0.0,-9.331003925674485,-12.202519239899678,50.0,3.0657755475434985,0.5037931034482758,INSUFFICIENT-SAMPLE
BTC,main mode=continuation k=2 w=5 buf=0.1 R=4.0,4.555367700977193,18.2215,4,1387.330758727565,75.0,55.4932303491026,-4.67263448035661,2,-466.5501962837243,0.0,-9.331003925674485,-12.202519239899678,50.0,4.296445186955623,0.5037931034482758,INSUFFICIENT-SAMPLE
BTC,main mode=continuation k=2 w=5 buf=0.2 R=2.0,4.655367700977194,9.3107,4,579.7436612259785,75.0,23.18974644903915,-4.7725744803566155,2,-476.06722158633056,0.0,-9.521344431726607,-12.386831602907206,50.0,1.956238950380366,0.5037931034482758,INSUFFICIENT-SAMPLE
BTC,main mode=continuation k=2 w=5 buf=0.2 R=3.0,4.655367700977194,13.9661,4,980.3814147435246,75.0,39.21525658974099,-4.7725744803566155,2,-476.06722158633056,0.0,-9.521344431726607,-12.386831602907206,50.0,3.0773807617526714,0.5037931034482758,INSUFFICIENT-SAMPLE
BTC,main mode=continuation k=2 w=5 buf=0.2 R=4.0,4.655367700977194,18.6215,4,1417.210323783932,75.0,56.68841295135727,-4.7725744803566155,2,-476.06722158633056,0.0,-9.521344431726607,-12.386831602907206,50.0,4.299799642752865,0.5037931034482758,INSUFFICIENT-SAMPLE
BTC,main mode=continuation k=2 w=10 buf=0.1 R=2.0,5.727753893631746,11.4555,6,232.8303669994945,50.0,13.96982201996968,-12.891932869138985,5,634.7639899910148,80.0,31.738199499550745,-13.1717030632892,63.63636363636363,1.5879139836796083,0.9236206896551724,INSUFFICIENT-SAMPLE
BTC,main mode=continuation k=2 w=10 buf=0.1 R=3.0,5.727753893631746,17.1833,6,536.1300434389647,50.0,32.167802606337894,-12.891932869138985,5,1062.8827758902316,80.0,53.14413879451158,-13.1717030632892,63.63636363636363,2.3384020535443395,0.9236206896551724,INSUFFICIENT-SAMPLE
BTC,main mode=continuation k=2 w=10 buf=0.1 R=4.0,5.727753893631746,22.911,6,262.7187084663249,33.33333333333333,15.763122507979489,-25.41784137893139,5,1532.8607369023491,80.0,76.64303684511746,-13.17170306328919,54.54545454545454,2.9849773505288346,0.9236206896551724,INSUFFICIENT-SAMPLE
BTC,main mode=continuation k=2 w=10 buf=0.2 R=2.0,5.827753893631747,11.6555,6,236.4692598716765,50.0,14.1881555923006,-13.07678338350633,5,646.2357574968748,80.0,32.311787874843745,-13.264011353269508,63.63636363636363,1.5865486583792408,0.9236206896551724,INSUFFICIENT-SAMPLE
BTC,main mode=continuation k=2 w=10 buf=0.2 R=3.0,5.827753893631747,17.4833,6,546.116130905516,50.0,32.76696785433095,-13.07678338350633,5,1083.3145241347993,80.0,54.16572620673996,-13.264011353269497,63.63636363636363,2.3365704875377236,0.9236206896551724,INSUFFICIENT-SAMPLE
BTC,main mode=continuation k=2 w=10 buf=0.2 R=4.0,5.827753893631747,23.311,6,267.1691150592948,33.33333333333333,16.030146903557686,-25.576564630450367,5,1561.7635020092407,80.0,78.08817510046202,-13.264011353269487,54.54545454545454,2.9823297851861,0.9236206896551724,INSUFFICIENT-SAMPLE
BTC,main mode=continuation k=3 w=5 buf=0.1 R=2.0,4.9456765883923675,9.8914,5,726.8005503678232,80.0,36.34002751839116,-6.343185916455059,3,465.59112225317887,66.66666666666666,13.967733667595361,-8.269170695577778,75.0,1.8084764947049843,0.6717241379310345,INSUFFICIENT-SAMPLE
BTC,main mode=continuation k=3 w=5 buf=0.1 R=3.0,4.9456765883923675,14.837,5,1238.807332059288,80.0,61.9403666029644,-6.343185916455059,3,92.48841709356687,33.33333333333333,2.7746525128069965,-13.779621586001586,62.5,3.0018292246363982,0.6717241379310345,INSUFFICIENT-SAMPLE
BTC,main mode=continuation k=3 w=5 buf=0.1 R=4.0,4.9456765883923675,19.7827,5,1022.6213361101629,60.0,51.13106680550814,-20.126929813523592,3,238.77073830370986,33.33333333333333,7.163122149111301,-13.779621586001586,50.0,3.292757491736224,0.6717241379310345,INSUFFICIENT-SAMPLE
BTC,main mode=continuation k=3 w=5 buf=0.2 R=2.0,5.045676588392368,10.0914,5,743.8869491891343,80.0,37.19434745945671,-6.441777965152741,3,475.44117728604334,66.66666666666666,14.263235318581291,-8.36591837565162,75.0,1.8105370029590564,0.6717241379310345,INSUFFICIENT-SAMPLE
BTC,main mode=continuation k=3 w=5 buf=0.2 R=3.0,5.045676588392368,15.137,5,1269.4977012492327,80.0,63.47488506246164,-6.441777965152741,3,94.20007353477983,33.33333333333333,2.8260022060433876,-13.870835482261478,62.5,3.0133042927654943,0.6717241379310345,INSUFFICIENT-SAMPLE
BTC,main mode=continuation k=3 w=5 buf=0.2 R=4.0,5.045676588392368,20.1827,5,1046.7435484748717,60.0,52.337177423743576,-20.211517148939244,3,243.15527032714695,33.33333333333333,7.2946581098144,-13.870835482261478,50.0,3.293948889934874,0.6717241379310345,INSUFFICIENT-SAMPLE
BTC,main mode=continuation k=3 w=10 buf=0.1 R=2.0,5.872340677737202,11.7447,6,584.8286409624443,66.66666666666666,35.08971845774666,-13.836685419311243,5,655.7721010222529,80.0,32.788605051112654,-14.624868007134362,72.72727272727273,1.7342576951154525,0.9236206896551724,INSUFFICIENT-SAMPLE
BTC,main mode=continuation k=3 w=10 buf=0.1 R=3.0,5.872340677737202,17.617,6,1086.7201249189231,66.66666666666666,65.2032074951354,-13.836685419311243,5,1096.863705388446,80.0,54.843185269422314,-14.624868007134365,72.72727272727273,2.732298066375264,0.9236206896551724,INSUFFICIENT-SAMPLE
BTC,main mode=continuation k=3 w=10 buf=0.1 R=4.0,5.872340677737202,23.4894,6,857.4129051046611,50.0,51.44477430627967,-20.91077027495411,5,1582.6995587727063,80.0,79.1349779386353,-14.624868007134376,63.63636363636363,3.0508183607464425,0.9236206896551724,INSUFFICIENT-SAMPLE
BTC,main mode=continuation k=3 w=10 buf=0.2 R=2.0,5.972340677737202,11.9447,6,596.2474417671198,66.66666666666666,35.77484650602718,-14.019812029852943,5,667.261371933009,80.0,33.363068596650436,-14.71608190339421,72.72727272727273,1.7367707192698882,0.9236206896551724,INSUFFICIENT-SAMPLE
BTC,main mode=continuation k=3 w=10 buf=0.2 R=3.0,5.972340677737202,17.917,6,1109.166492015879,66.66666666666666,66.54998952095272,-14.019812029852943,5,1116.7274816017332,80.0,55.83637408008666,-14.71608190339422,72.72727272727273,2.738082233694793,0.9236206896551724,INSUFFICIENT-SAMPLE
BTC,main mode=continuation k=3 w=10 buf=0.2 R=4.0,5.972340677737202,23.8894,6,871.8593207651132,50.0,52.3115592459068,-20.99535761036978,5,1613.9055777633257,80.0,80.69527888816627,-14.716081903394256,63.63636363636363,3.0497785018557173,0.9236206896551724,INSUFFICIENT-SAMPLE
BTC,main mode=both k=2 w=5 buf=0.1 R=2.0,4.555367700977193,9.1107,8,618.195842622456,75.0,49.455667409796476,-5.958372388103369,5,-133.08198175055185,20.0,-6.654099087527587,-10.095325639078032,53.84615384615385,2.2853967720474455,1.0915517241379311,INSUFFICIENT-SAMPLE
BTC,main mode=both k=2 w=5 buf=0.1 R=3.0,4.555367700977193,13.6661,8,1128.1589603337875,75.0,90.252716826703,-5.958372388103388,5,-59.949004874297316,20.0,-2.997450243714861,-10.095325639078007,53.84615384615385,3.6515320285956996,1.0915517241379311,INSUFFICIENT-SAMPLE
BTC,main mode=both k=2 w=5 buf=0.1 R=4.0,4.555367700977193,18.2215,8,1753.90452127328,75.0,140.31236170186241,-5.958372388103357,5,18.19285857532668,20.0,0.909642928766341,-10.095325639077982,53.84615384615385,5.197737901192541,1.0915517241379311,INSUFFICIENT-SAMPLE
BTC,main mode=both k=2 w=5 buf=0.2 R=2.0,4.655367700977194,9.3107,8,634.9474779821962,75.0,50.7957982385757,-6.056964436801033,5,-135.53565238076808,20.0,-6.776782619038402,-10.284063242503379,53.84615384615385,2.2952440768280504,1.0915517241379311,INSUFFICIENT-SAMPLE
BTC,main mode=both k=2 w=5 buf=0.2 R=3.0,4.655367700977194,13.9661,8,1161.1615453654667,75.0,92.89292362923733,-6.056964436801031,5,-60.92279219060838,20.0,-3.0461396095304183,-10.284063242503414,53.84615384615385,3.6717952423371814,1.0915517241379311,INSUFFICIENT-SAMPLE
BTC,main mode=both k=2 w=5 buf=0.2 R=4.0,4.655367700977194,18.6215,8,1802.9693509721283,75.0,144.23754807777027,-6.056964436801027,5,18.683195841821725,20.0,0.9341597920910827,-10.284063242503393,53.84615384615385,5.219382143129841,1.0915517241379311,INSUFFICIENT-SAMPLE
BTC,main mode=both k=2 w=10 buf=0.1 R=2.0,4.947404388980851,9.8948,12,541.2553092001708,66.66666666666666,64.95063710402049,-11.457854165757437,6,-50.79827603095055,33.33333333333333,-3.047896561857033,-14.710226189094042,55.55555555555556,1.7710533278694132,1.5113793103448276,INSUFFICIENT-SAMPLE
BTC,main mode=both k=2 w=10 buf=0.1 R=3.0,4.947404388980851,14.8422,12,772.2012422339072,58.333333333333336,92.66414906806888,-20.221936235958694,6,97.50753634233085,33.33333333333333,5.850452180539856,-14.710226189094081,50.0,2.646684593149557,1.5113793103448276,INSUFFICIENT-SAMPLE
BTC,main mode=both k=2 w=10 buf=0.1 R=4.0,4.947404388980851,19.7896,12,867.1773512371877,50.0,104.06128214846251,-25.71112768435922,6,253.4028053857613,33.33333333333333,15.204168323145684,-14.710226189094058,44.44444444444444,3.235440773539371,1.5113793103448276,INSUFFICIENT-SAMPLE
BTC,main mode=both k=2 w=10 buf=0.2 R=2.0,5.047404388980851,10.0948,12,555.5741616382887,66.66666666666666,66.66889939659464,-11.55178787666002,6,-51.716013219000466,33.33333333333333,-3.1029607931400305,-14.979694513910685,55.55555555555556,1.7749754177339807,1.5113793103448276,INSUFFICIENT-SAMPLE
BTC,main mode=both k=2 w=10 buf=0.2 R=3.0,5.047404388980851,15.1422,12,793.3086451982872,58.333333333333336,95.19703742379446,-20.390621855100836,6,99.30745443781962,33.33333333333333,5.958447266269173,-14.979694513910715,50.0,2.651706048282874,1.5113793103448276,INSUFFICIENT-SAMPLE
BTC,main mode=both k=2 w=10 buf=0.2 R=4.0,5.047404388980851,20.1896,12,890.744481873127,50.0,106.88933782477523,-25.867924786894687,6,258.15857991034835,33.33333333333333,15.489514794620906,-14.979694513910708,44.44444444444444,3.2362329700635644,1.5113793103448276,INSUFFICIENT-SAMPLE
BTC,main mode=both k=3 w=5 buf=0.1 R=2.0,4.4634959454241185,8.927,7,797.5645316151744,85.71428571428571,55.82951721306222,-5.867794142129093,5,131.6830857034438,40.0,6.5841542851721835,-8.578296982805844,66.66666666666666,2.4859401330590436,1.0075862068965515,INSUFFICIENT-SAMPLE
BTC,main mode=both k=3 w=5 buf=0.1 R=3.0,4.4634959454241185,13.3905,7,1392.560864412902,85.71428571428571,97.47926050890314,-5.8677941421290996,5,-58.23907550980439,20.0,-2.911953775490217,-13.33980583453923,58.333333333333336,4.079273735492247,1.0075862068965515,INSUFFICIENT-SAMPLE
BTC,main mode=both k=3 w=5 buf=0.1 R=4.0,4.4634959454241185,17.854,7,2119.0766191976386,85.71428571428571,148.33536334383467,-5.867794142129105,5,18.3223189197779,20.0,0.9161159459889046,-13.33980583453923,58.333333333333336,5.9157774993880885,1.0075862068965515,INSUFFICIENT-SAMPLE
BTC,main mode=both k=3 w=5 buf=0.2 R=2.0,4.563495945424119,9.127,7,819.2562665542256,85.71428571428571,57.3479386587958,-5.966386190826735,5,135.05074105376008,40.0,6.752537052688012,-8.674230757435822,66.66666666666666,2.49585812992752,1.0075862068965515,INSUFFICIENT-SAMPLE
BTC,main mode=both k=3 w=5 buf=0.2 R=3.0,4.563495945424119,13.6905,7,1433.9750641735664,85.71428571428571,100.37825449214965,-5.966386190826733,5,-59.219446386539495,20.0,-2.960972319326971,-13.431019730799159,58.333333333333336,4.109286928741981,1.0075862068965515,INSUFFICIENT-SAMPLE
BTC,main mode=both k=3 w=5 buf=0.2 R=4.0,4.563495945424119,18.254,7,2188.488230036827,85.71428571428571,153.1941761025779,-5.96638619082674,5,18.388725645792874,20.0,0.919436282289654,-13.431019730799159,58.333333333333336,5.9727060748969,1.0075862068965515,INSUFFICIENT-SAMPLE
BTC,main mode=both k=3 w=10 buf=0.1 R=2.0,5.872340677737202,11.7447,10,1058.469029763482,80.0,105.8469029763482,-7.897649452273726,6,218.4542993589545,50.0,13.107257961537266,-14.624868007134365,68.75,1.8620517691003922,1.343448275862069,INSUFFICIENT-SAMPLE
BTC,main mode=both k=3 w=10 buf=0.1 R=3.0,5.872340677737202,17.617,10,2084.3962828316694,80.0,208.4396282831669,-7.897649452273741,6,531.5500770457984,50.0,31.89300462274791,-14.624868007134353,68.75,2.9913502543350923,1.343448275862069,INSUFFICIENT-SAMPLE
BTC,main mode=both k=3 w=10 buf=0.1 R=4.0,5.872340677737202,23.4894,10,2422.0949590161717,70.0,242.20949590161717,-22.51462394972715,6,876.4062312726959,50.0,52.584373876361745,-14.624868007134337,62.5,3.2083625647062917,1.343448275862069,INSUFFICIENT-SAMPLE
BTC,main mode=both k=3 w=10 buf=0.2 R=2.0,5.972340677737202,11.9447,10,1083.7725418363966,80.0,108.37725418363968,-7.9968824192706744,6,222.5684788806105,50.0,13.354108732836622,-14.71608190339424,68.75,1.8686389687973644,1.343448275862069,INSUFFICIENT-SAMPLE
BTC,main mode=both k=3 w=10 buf=0.2 R=3.0,5.972340677737202,17.917,10,2141.446671604267,80.0,214.1446671604267,-7.99688241927062,6,540.9276693423857,50.0,32.45566016054313,-14.71608190339423,68.75,3.0052802375174092,1.343448275862069,INSUFFICIENT-SAMPLE
BTC,main mode=both k=3 w=10 buf=0.2 R=4.0,5.972340677737202,23.8894,10,2486.631816636486,70.0,248.66318166364857,-22.59749593516131,6,893.0815087630981,50.0,53.58489052578588,-14.716081903394254,62.5,3.208865530175937,1.343448275862069,INSUFFICIENT-SAMPLE
BTC,ablation(a)-no_engulf mode=both k=3 w=10 buf=0.1 R=2.0,5.631681405097821,11.2634,29,76.2848296317313,41.37931034482759,22.12260059320208,-44.53111881848692,11,138.29223516049834,45.45454545454545,15.212145867654826,-22.268641189340254,42.5,1.6759335669304678,3.3586206896551722,INSUFFICIENT-SAMPLE
BTC,ablation(a)-no_engulf mode=both k=3 w=10 buf=0.1 R=3.0,5.631681405097821,16.895,29,146.87930833011393,34.48275862068966,42.594999415733035,-44.04316046218283,11,-42.22158870360826,27.27272727272727,-4.644374757396907,-30.410677737383818,32.5,2.49742267114834,3.3586206896551722,INSUFFICIENT-SAMPLE
BTC,ablation(a)-no_engulf mode=both k=3 w=10 buf=0.1 R=4.0,5.631681405097821,22.5267,29,438.2786117613748,34.48275862068966,127.10079741079872,-44.0431604621829,11,89.63797626663423,27.27272727272727,9.86017738932976,-30.410677737383818,32.5,3.318881349524109,3.3586206896551722,INSUFFICIENT-SAMPLE
BTC,ablation(b)-breakout(no_retest) mode=both k=3 buf=0.1 R=2.0,6.0,12.0,45,640.3310972894618,55.55555555555556,288.1489937802578,-27.375804922888896,15,44.65218285061844,40.0,6.697827427592773,-27.42718487097114,51.66666666666667,1.592408389222028,5.037931034482758,SURVIVOR
BTC,ablation(b)-breakout(no_retest) mode=both k=3 buf=0.1 R=3.0,6.0,18.0,45,2158.4039154265342,53.333333333333336,971.2817619419405,-27.96064193576089,15,101.53825091399534,33.33333333333333,15.2307376370993,-28.626021096053538,48.333333333333336,2.092694654684062,5.037931034482758,SURVIVOR
BTC,ablation(b)-breakout(no_retest) mode=both k=3 buf=0.1 R=4.0,6.0,24.0,45,2711.159585827844,46.666666666666664,1220.0218136225296,-38.64283807376794,15,316.29144715032646,33.33333333333333,47.44371707254898,-28.626021096053382,43.333333333333336,2.4790338532992147,5.037931034482758,SURVIVOR
BTC,ablation(c)-trend_filter_on mode=both k=3 w=10 buf=0.1 R=2.0,4.4634959454241185,8.927,6,721.3705849179247,83.33333333333334,43.28223509507549,-5.127584230955315,5,336.49676950637513,60.0,16.82483847531875,-5.548333202534026,72.72727272727273,1.8447365818082118,0.9236206896551724,INSUFFICIENT-SAMPLE
BTC,ablation(c)-trend_filter_on mode=both k=3 w=10 buf=0.1 R=3.0,4.4634959454241185,13.3905,6,1241.157719254307,83.33333333333334,74.46946315525842,-5.127584230955319,5,215.6613052091754,40.0,10.78306526045878,-13.339805834539234,63.63636363636363,2.9402333505807223,0.9236206896551724,INSUFFICIENT-SAMPLE
BTC,ablation(c)-trend_filter_on mode=both k=3 w=10 buf=0.1 R=4.0,4.4634959454241185,17.854,6,1861.5044983172381,83.33333333333334,111.6902698990343,-5.127584230955322,5,393.107044982371,40.0,19.65535224911854,-13.339805834539254,63.63636363636363,4.076806974426921,0.9236206896551724,INSUFFICIENT-SAMPLE
