tool,direction,entry_time,entry_price,exit_time,exit_price,exit_reason,hold_hours,stop_pct,leverage,notional,gross_pnl,fees,funding_cost,net_pnl,overlap_tag
T-DONCH,1,2016-02-14 00:00:00+00:00,407.2300109863281,2016-03-04 00:00:00+00:00,413.9070129394531,structure_floor,456.0,10.259070797736799,10,2500.0,40.990360318441546,3.0245942161910646,0.0,37.965766102250484,transfer-assumption
T-DONCH,1,2016-03-27 00:00:00+00:00,426.7650146484375,2016-08-01 00:00:00+00:00,611.833984375,structure_floor,3048.0,4.83357832347795,17,4250.0,1843.0356152456238,6.205821369147375,0.0,1836.8297938764765,transfer-assumption
T-DONCH,1,2016-09-03 00:00:00+00:00,598.2119750976562,2016-09-21 00:00:00+00:00,600.5059814453125,structure_floor,432.0,4.945064867685837,17,4250.0,16.297779689126887,5.109778667813475,0.0,11.188001021313411,transfer-assumption
T-DONCH,1,2016-10-07 00:00:00+00:00,617.1209716796875,2017-03-18 00:00:00+00:00,1077.25,structure_floor,3888.0,3.4571764559273106,20,5000.0,3728.0294256402244,8.236817655384135,0.0,3719.7926079848403,transfer-assumption
T-DONCH,1,2017-04-06 00:00:00+00:00,1182.6800537109375,2017-07-10 00:00:00+00:00,2332.989990234375,structure_floor,2280.0,23.5877015208213,10,2500.0,2431.574653081509,4.458944791848905,0.0,2427.1157082896602,transfer-assumption
T-DONCH,1,2017-08-05 00:00:00+00:00,3252.909912109375,2017-09-14 00:00:00+00:00,3674.580078125,structure_floor,960.0,24.658225556609885,10,2500.0,324.0715062888029,3.194442903773282,0.0,320.8770633850296,transfer-assumption
T-DONCH,1,2017-10-01 00:00:00+00:00,4403.740234375,2018-01-16 00:00:00+00:00,12350.099609375,structure_floor,2568.0,33.08823953359959,10,2500.0,4511.1422064429435,5.706685323865767,0.0,4505.435521119078,transfer-assumption
T-DONCH,1,2018-02-20 00:00:00+00:00,11403.7001953125,2018-03-08 00:00:00+00:00,9407.0595703125,structure_floor,384.0,46.96230467273121,10,2500.0,-437.71771240985464,2.7373693725540873,0.0,-440.45508178240874,transfer-assumption
T-DONCH,1,2018-04-20 00:00:00+00:00,8845.830078125,2018-06-10 00:00:00+00:00,7090.68017578125,structure_floor,1224.0,26.215289469239234,10,2500.0,-496.0387795273418,2.7023767322835948,0.0,-498.74115625962537,transfer-assumption
T-DONCH,1,2018-07-07 00:00:00+00:00,6856.93017578125,2018-08-10 00:00:00+00:00,6136.419921875,structure_floor,816.0,15.028883087814684,10,2500.0,-262.69417780098587,2.8423834933194083,0.0,-265.5365612943053,transfer-assumption
T-DONCH,1,2018-08-28 00:00:00+00:00,7096.27978515625,2018-10-11 00:00:00+00:00,6454.02978515625,structure_floor,1056.0,15.856618038404669,10,2500.0,-226.26292206778407,2.8642422467593294,0.0,-229.1271643145434,transfer-assumption
T-DONCH,1,2019-02-18 00:00:00+00:00,3915.71435546875,2019-07-16 00:00:00+00:00,9737.884765625,structure_floor,3552.0,13.399615656216943,10,2500.0,3717.182793239829,5.230309675943898,0.0,3711.9524835638854,transfer-assumption
T-DONCH,1,2019-08-05 00:00:00+00:00,11805.6533203125,2019-08-28 00:00:00+00:00,9831.462890625,structure_floor,552.0,21.62825195721495,10,2500.0,-418.0603936358946,2.749163763818463,0.0,-420.80955739971307,transfer-assumption
T-DONCH,1,2019-10-26 00:00:00+00:00,9244.97265625,2019-11-21 00:00:00+00:00,7905.76611328125,structure_floor,624.0,14.485781545966917,10,2500.0,-362.14453864917294,2.7827132768104965,0.0,-364.92725192598346,transfer-assumption
T-DONCH,1,2020-01-06 00:00:00+00:00,7769.21923828125,2020-02-25 00:00:00+00:00,9507.6376953125,structure_floor,1200.0,15.821022475701483,10,2500.0,559.3929079982536,3.3356357447989518,0.0,556.0572722534546,transfer-assumption
T-DIVER,1,2020-04-11 20:00:00+00:00,6874.5,2020-04-13 00:00:00+00:00,6631.118639249999,stop,28.0,3.54035,20,5000.0,-177.0175000000004,5.893789499999999,14.0,-196.9112895000004,in-sample-overlap
T-CHOCH,1,2020-04-12 13:00:00+00:00,6909.5,2020-04-13 00:00:00+00:00,6617.147038929806,stop,11.0,4.231173906508342,20,5000.0,-211.5586953254175,5.87306478280475,5.5,-222.93176010822225,in-sample-overlap
T-STRIKES,1,2020-05-10 01:00:00+00:00,8713.0,2020-05-10 03:00:00+00:00,8625.87,stop,2.0,1.0,20,5000.0,-49.999999999999545,5.9700000000000015,1.0000000000000002,-56.969999999999544,in-sample-overlap
T-CHOCH,1,2020-05-11 11:00:00+00:00,8920.5,2020-05-11 16:00:00+00:00,8543.058131669923,stop,5.0,4.231173906508342,20,5000.0,-211.55869532541746,5.87306478280475,2.5,-219.93176010822222,in-sample-overlap
T-CHOCH,1,2020-05-17 12:00:00+00:00,9772.0,2020-05-20 15:00:00+00:00,9358.529685856005,stop,75.0,4.231173906508342,20,5000.0,-211.55869532541698,5.87306478280475,37.5,-254.93176010822174,in-sample-overlap
T-CHOCH,1,2020-05-23 02:00:00+00:00,9273.0,2020-05-24 16:00:00+00:00,8880.643243649482,stop,38.0,4.231173906508342,20,5000.0,-211.55869532541706,5.87306478280475,19.0,-236.43176010822182,in-sample-overlap
T-DIVER,1,2020-06-02 04:00:00+00:00,10122.5,2020-06-02 12:00:00+00:00,9764.12807125,stop,8.0,3.54035,20,5000.0,-177.01750000000038,5.8937895000000005,4.0,-186.91128950000038,in-sample-overlap
T-STRIKES,1,2020-06-02 16:00:00+00:00,9473.5,2020-06-02 20:00:00+00:00,9521.5,max_hold,4.0,1.0,20,5000.0,25.3338259355043,6.015200295561303,2.0,17.318625639942997,in-sample-overlap
T-STRIKES,1,2020-06-07 14:00:00+00:00,9456.0,2020-06-07 18:00:00+00:00,9529.0,max_hold,4.0,0.6639530519299849,20,5000.0,38.59983079526227,6.023159898477156,2.0,30.576670896785117,in-sample-overlap
T-CHOCH,1,2020-06-03 23:00:00+00:00,9660.0,2020-06-11 16:00:00+00:00,9251.268600631294,stop,185.0,4.231173906508342,20,5000.0,-211.55869532541706,5.87306478280475,92.5,-309.93176010822185,in-sample-overlap
T-CHOCH,-1,2020-06-17 14:00:00+00:00,9413.5,2020-06-27 14:00:00+00:00,9150.5,max_hold,240.0,4.231173906508342,20,5000.0,139.69299410421203,5.916184203537473,-120.0,253.77680990067455,in-sample-overlap
T-DONCH,1,2020-04-06 00:00:00+00:00,7271.78125,2020-06-28 00:00:00+00:00,8990.17578125,structure_floor,1992.0,18.819967597347624,10,2500.0,590.7749670171941,3.3544649802103166,0.0,587.4205020369837,transfer-assumption
T-CHOCH,1,2020-07-31 10:00:00+00:00,11177.0,2020-08-02 04:00:00+00:00,10704.081692469563,stop,42.0,4.231173906508342,20,5000.0,-211.55869532541703,5.87306478280475,21.0,-238.4317601082218,in-sample-overlap
T-STRIKES,1,2020-08-07 15:00:00+00:00,11638.5,2020-08-07 17:00:00+00:00,11556.04750683875,stop,2.0,0.7084460468380869,20,5000.0,-35.42230234190422,5.978746618594858,1.0,-42.40104896049908,in-sample-overlap
T-DIVER,1,2020-08-05 20:00:00+00:00,11744.5,2020-08-07 20:00:00+00:00,11595.5,max_hold,48.0,3.54035,20,5000.0,-63.4339478053557,5.9619396313167865,24.0,-93.39588743667248,in-sample-overlap
T-DIVER,1,2020-08-09 00:00:00+00:00,11738.5,2020-08-11 00:00:00+00:00,11840.0,max_hold,48.0,3.54035,20,5000.0,43.23380329684372,6.025940281978106,30.876800000000003,6.331063014865606,in-sample-overlap
T-DONCH,1,2020-07-22 00:00:00+00:00,9525.36328125,2020-08-25 00:00:00+00:00,11195.708984375,structure_floor,816.0,4.581620697701408,18,4500.0,789.1096058098178,5.873465763485892,0.0,783.2361400463319,transfer-assumption
T-FORENSIC,-1,2020-09-04 09:00:00+00:00,10518.0,2020-09-04 14:00:00+00:00,9984.7374,target,5.0,1.69,20,5000.0,253.50000000000003,5.8479,-6.114000000000001,253.76610000000002,in-sample-overlap
T-CHOCH,-1,2020-09-11 03:00:00+00:00,10222.0,2020-09-14 13:00:00+00:00,10654.510596723281,stop,82.0,4.231173906508342,20,5000.0,-211.55869532541635,6.12693521719525,-41.0,-176.6856305426116,in-sample-overlap
T-STRIKES,-1,2020-09-14 14:00:00+00:00,10626.0,2020-09-14 15:00:00+00:00,10687.372744573806,stop,1.0,0.5775714716149624,20,5000.0,-28.87857358074812,6.017327144148448,-0.5,-34.39590072489657,in-sample-overlap
T-DIVER,-1,2020-10-07 04:00:00+00:00,10614.0,2020-10-09 04:00:00+00:00,10883.5,max_hold,48.0,3.54035,20,5000.0,-126.95496514038064,6.076172979084229,-12.235999999999994,-120.79513811946487,in-sample-overlap
T-DIVER,1,2020-10-29 20:00:00+00:00,13437.5,2020-10-31 20:00:00+00:00,13782.0,max_hold,48.0,3.54035,20,5000.0,128.1860465116279,6.076911627906977,24.0,98.10913488372091,in-sample-overlap
T-CHOCH,1,2020-10-24 14:00:00+00:00,13067.0,2020-11-03 14:00:00+00:00,13769.0,max_hold,240.0,4.231173906508342,20,5000.0,268.61559654090456,6.1611693579245435,195.04955000000007,67.40487718297993,in-sample-overlap
T-DIVER,1,2020-11-03 20:00:00+00:00,14012.0,2020-11-05 20:00:00+00:00,15500.221526,target,48.0,3.54035,20,5000.0,531.0524999999998,6.3186315,24.0,500.73386849999974,in-sample-overlap
T-FORENSIC,-1,2020-11-06 00:00:00+00:00,15884.5,2020-11-07 18:00:00+00:00,15079.155850000001,target,42.0,1.69,20,5000.0,253.49999999999972,5.8479,-202.59400000000002,450.24609999999973,in-sample-overlap
T-FORENSIC,-1,2020-11-08 01:00:00+00:00,15055.5,2020-11-08 14:00:00+00:00,15309.93795,stop,13.0,1.69,20,5000.0,-84.49999999999984,6.0507,-26.452849999999998,-64.09784999999985,in-sample-overlap
T-CHOCH,1,2020-11-09 11:00:00+00:00,15804.0,2020-11-09 14:00:00+00:00,15135.30527581542,stop,3.0,4.231173906508342,20,5000.0,-211.55869532541735,5.87306478280475,1.5,-218.9317601082221,in-sample-overlap
T-CHOCH,1,2020-11-16 06:00:00+00:00,16235.5,2020-11-17 16:00:00+00:00,17609.404479182325,target,34.0,4.231173906508342,20,5000.0,423.1173906508347,6.2538704343905005,26.721449999999997,390.1420702164442,in-sample-overlap
T-DIVER,1,2020-11-16 00:00:00+00:00,15999.0,2020-11-17 16:00:00+00:00,17698.2617895,target,40.0,3.54035,20,5000.0,531.0525,6.3186315,29.883149999999993,494.85071849999997,in-sample-overlap
T-FORENSIC,-1,2020-11-18 09:00:00+00:00,18120.5,2020-11-20 07:00:00+00:00,18426.736449999997,stop,46.0,1.69,20,5000.0,-84.49999999999909,6.0507,-473.0880000000001,382.537300000001,in-sample-overlap
T-DIVER,1,2020-11-23 16:00:00+00:00,18467.0,2020-11-25 16:00:00+00:00,18999.0,max_hold,48.0,3.54035,20,5000.0,144.04072128661937,6.086424432771971,331.17130000000003,-193.21700314615262,in-sample-overlap
T-FORENSIC,-1,2020-11-26 12:00:00+00:00,17375.5,2020-11-26 17:00:00+00:00,16494.56215,target,5.0,1.69,20,5000.0,253.49999999999955,5.8479,-5.71635,253.36844999999954,in-sample-overlap
T-FORENSIC,-1,2020-11-26 20:00:00+00:00,17137.0,2020-11-27 01:00:00+00:00,17426.615299999998,stop,5.0,1.69,20,5000.0,-84.49999999999932,6.0507,-5.6929,-84.85779999999933,in-sample-overlap
T-CHOCH,1,2020-11-28 13:00:00+00:00,17357.0,2020-11-30 13:00:00+00:00,18825.80970990531,target,48.0,4.231173906508342,20,5000.0,423.1173906508349,6.2538704343905005,24.0,392.86352021644444,in-sample-overlap
T-FORENSIC,-1,2020-12-01 16:00:00+00:00,19055.0,2020-12-03 08:00:00+00:00,19377.029499999997,stop,40.0,1.69,20,5000.0,-84.4999999999992,6.0507,-46.709199999999996,-43.841499999999215,in-sample-overlap
T-DIVER,1,2020-12-06 08:00:00+00:00,19076.0,2020-12-08 08:00:00+00:00,18774.0,max_hold,48.0,3.54035,20,5000.0,-79.15705598657999,5.952505766408052,24.0,-109.10956175298804,in-sample-overlap
T-CHOCH,1,2020-12-06 00:00:00+00:00,19264.0,2020-12-08 22:00:00+00:00,18448.906658650234,stop,70.0,4.231173906508342,20,5000.0,-211.55869532541683,5.87306478280475,35.0,-252.4317601082216,in-sample-overlap
T-DIVER,-1,2020-12-14 20:00:00+00:00,19276.0,2020-12-16 12:00:00+00:00,19958.437866,stop,40.0,3.54035,20,5000.0,-177.01750000000007,6.106210500000001,-23.071200000000005,-160.05251050000007,in-sample-overlap
T-FORENSIC,-1,2020-12-17 03:00:00+00:00,21785.5,2020-12-17 05:00:00+00:00,22153.674949999997,stop,2.0,1.69,20,5000.0,-84.49999999999929,6.0507,-2.2189,-88.33179999999929,in-sample-overlap
T-FORENSIC,-1,2020-12-17 07:00:00+00:00,22515.5,2020-12-17 08:00:00+00:00,22896.011949999996,stop,1.0,1.69,20,5000.0,-84.4999999999992,6.0507,-0.75915,-89.7915499999992,in-sample-overlap
T-FORENSIC,-1,2020-12-17 09:00:00+00:00,22723.5,2020-12-17 12:00:00+00:00,23107.527149999998,stop,3.0,1.69,20,5000.0,-84.49999999999957,6.0507,-2.27745,-88.27324999999958,in-sample-overlap
T-FORENSIC,-1,2020-12-17 14:00:00+00:00,23079.0,2020-12-17 16:00:00+00:00,23469.035099999997,stop,2.0,1.69,20,5000.0,-84.49999999999942,6.0507,-4.68295,-85.86774999999942,in-sample-overlap
T-FORENSIC,-1,2020-12-18 23:00:00+00:00,23117.0,2020-12-19 14:00:00+00:00,23507.6773,stop,15.0,1.69,20,5000.0,-84.49999999999986,6.0507,-20.6176,-69.93309999999987,in-sample-overlap
T-FORENSIC,-1,2020-12-21 14:00:00+00:00,23135.5,2020-12-22 13:00:00+00:00,23526.48995,stop,23.0,1.69,20,5000.0,-84.49999999999983,6.0507,-17.0962,-73.45449999999984,in-sample-overlap
T-DIVER,1,2020-12-25 04:00:00+00:00,23652.5,2020-12-26 20:00:00+00:00,26164.64385125,target,40.0,3.54035,20,5000.0,531.0524999999998,6.3186315,30.35855,494.37531849999976,in-sample-overlap
T-CHOCH,1,2020-12-25 23:00:00+00:00,24713.5,2020-12-26 21:00:00+00:00,26804.842326769878,target,22.0,4.231173906508342,20,5000.0,423.1173906508342,6.2538704343905005,21.949699999999996,394.9138202164437,in-sample-overlap
T-FORENSIC,-1,2020-12-26 21:00:00+00:00,26737.0,2020-12-27 06:00:00+00:00,27188.8553,stop,9.0,1.69,20,5000.0,-84.49999999999987,6.0507,-9.4868,-81.06389999999988,in-sample-overlap
T-FORENSIC,-1,2020-12-27 07:00:00+00:00,27680.5,2020-12-27 11:00:00+00:00,28148.30045,stop,4.0,1.69,20,5000.0,-84.49999999999979,6.0507,-18.854,-71.6966999999998,in-sample-overlap
T-FORENSIC,-1,2020-12-28 00:00:00+00:00,26879.0,2020-12-28 01:00:00+00:00,27333.2551,stop,1.0,1.69,20,5000.0,-84.49999999999973,6.0507,-10.8407,-79.70999999999974,in-sample-overlap
T-FORENSIC,-1,2020-12-28 02:00:00+00:00,27110.0,2020-12-30 00:00:00+00:00,27568.158999999996,stop,46.0,1.69,20,5000.0,-84.49999999999926,6.0507,-220.3886500000002,129.83795000000094,in-sample-overlap
T-FORENSIC,-1,2020-12-30 19:00:00+00:00,28799.5,2020-12-31 00:00:00+00:00,29286.211549999996,stop,5.0,1.69,20,5000.0,-84.49999999999937,6.0507,-18.648899999999998,-71.90179999999938,in-sample-overlap
T-FORENSIC,-1,2020-12-31 18:00:00+00:00,28865.0,2021-01-01 01:00:00+00:00,29352.818499999998,stop,7.0,1.69,20,5000.0,-84.49999999999957,6.0507,-30.3419,-60.208799999999584,in-sample-overlap
T-CHOCH,1,2020-12-29 23:00:00+00:00,27401.0,2021-01-02 06:00:00+00:00,29719.767924244705,target,79.0,4.231173906508342,20,5000.0,423.11739065083475,6.2538704343905005,209.19749999999988,207.6660202164444,in-sample-overlap
T-FORENSIC,-1,2021-01-02 14:00:00+00:00,31345.0,2021-01-02 16:00:00+00:00,31874.730499999998,stop,2.0,1.69,20,5000.0,-84.49999999999966,6.0507,-1.53245,-89.01824999999967,in-sample-overlap
T-FORENSIC,-1,2021-01-03 00:00:00+00:00,32491.5,2021-01-03 04:00:00+00:00,33040.606349999995,stop,4.0,1.69,20,5000.0,-84.49999999999916,6.0507,-14.7796,-75.77109999999917,in-sample-overlap
T-FORENSIC,-1,2021-01-03 05:00:00+00:00,33803.5,2021-01-03 07:00:00+00:00,34374.779149999995,stop,2.0,1.69,20,5000.0,-84.49999999999923,6.0507,-7.3898,-83.16089999999924,in-sample-overlap
T-FORENSIC,-1,2021-01-03 08:00:00+00:00,34429.5,2021-01-03 16:00:00+00:00,32683.92435,target,8.0,1.69,20,5000.0,253.4999999999998,5.8479,-71.89224999999999,319.5443499999998,in-sample-overlap
T-FORENSIC,-1,2021-01-03 20:00:00+00:00,33788.0,2021-01-04 07:00:00+00:00,32074.9484,target,11.0,1.69,20,5000.0,253.49999999999983,5.8479,-114.1052,361.7572999999998,in-sample-overlap
T-FORENSIC,-1,2021-01-04 14:00:00+00:00,32062.0,2021-01-05 00:00:00+00:00,32603.847799999996,stop,10.0,1.69,20,5000.0,-84.49999999999936,6.0507,-75.91029999999999,-14.640399999999374,in-sample-overlap
T-FORENSIC,-1,2021-01-05 01:00:00+00:00,32796.5,2021-01-05 04:00:00+00:00,31133.71745,target,3.0,1.69,20,5000.0,253.49999999999997,5.8479,-8.725650000000002,256.37775,in-sample-overlap
T-FORENSIC,-1,2021-01-05 09:00:00+00:00,31571.5,2021-01-05 14:00:00+00:00,32105.058349999996,stop,5.0,1.69,20,5000.0,-84.49999999999932,6.0507,-10.51075,-80.03994999999932,in-sample-overlap
T-FORENSIC,-1,2021-01-05 16:00:00+00:00,32455.0,2021-01-05 18:00:00+00:00,33003.489499999996,stop,2.0,1.69,20,5000.0,-84.49999999999939,6.0507,-6.0075,-84.54319999999939,in-sample-overlap
T-FORENSIC,-1,2021-01-05 19:00:00+00:00,33717.5,2021-01-05 22:00:00+00:00,34287.325749999996,stop,3.0,1.69,20,5000.0,-84.49999999999946,6.0507,-9.01125,-81.53944999999946,in-sample-overlap
T-FORENSIC,-1,2021-01-06 13:00:00+00:00,34682.0,2021-01-06 19:00:00+00:00,35268.125799999994,stop,6.0,1.69,20,5000.0,-84.49999999999919,6.0507,-33.300000000000004,-57.25069999999919,in-sample-overlap
T-FORENSIC,-1,2021-01-06 20:00:00+00:00,36111.0,2021-01-06 23:00:00+00:00,36721.2759,stop,3.0,1.69,20,5000.0,-84.50000000000007,6.0507,-21.046800000000005,-69.50390000000007,in-sample-overlap
T-DIVER,1,2021-01-05 16:00:00+00:00,33717.5,2021-01-07 00:00:00+00:00,37298.65253375,target,32.0,3.54035,20,5000.0,531.0524999999998,6.3186315,115.97360000000003,408.7602684999997,in-sample-overlap
T-FORENSIC,-1,2021-01-07 00:00:00+00:00,37183.5,2021-01-07 11:00:00+00:00,37811.90115,stop,11.0,1.69,20,5000.0,-84.49999999999972,6.0507,-154.50685,63.956150000000264,in-sample-overlap
T-FORENSIC,-1,2021-01-07 12:00:00+00:00,38028.0,2021-01-07 14:00:00+00:00,38670.6732,stop,2.0,1.69,20,5000.0,-84.49999999999966,6.0507,-28.7009,-61.84979999999966,in-sample-overlap
T-FORENSIC,-1,2021-01-07 15:00:00+00:00,39040.0,2021-01-07 17:00:00+00:00,39699.776,stop,2.0,1.69,20,5000.0,-84.49999999999974,6.0507,-22.3631,-68.18759999999975,in-sample-overlap
T-FORENSIC,-1,2021-01-07 18:00:00+00:00,39089.0,2021-01-07 21:00:00+00:00,39749.6041,stop,3.0,1.69,20,5000.0,-84.4999999999996,6.0507,-33.54465,-57.00604999999961,in-sample-overlap
T-FORENSIC,-1,2021-01-07 22:00:00+00:00,39765.5,2021-01-08 02:00:00+00:00,37749.38915,target,4.0,1.69,20,5000.0,253.49999999999963,5.8479,-40.854699999999994,288.5067999999996,in-sample-overlap
T-FORENSIC,-1,2021-01-08 06:00:00+00:00,38490.0,2021-01-08 09:00:00+00:00,39140.481,stop,3.0,1.69,20,5000.0,-84.49999999999997,6.0507,-47.39105,-43.15964999999998,in-sample-overlap
T-FORENSIC,-1,2021-01-08 10:00:00+00:00,40748.0,2021-01-08 11:00:00+00:00,41436.6412,stop,1.0,1.69,20,5000.0,-84.49999999999977,6.0507,-18.75,-71.80069999999978,in-sample-overlap
T-FORENSIC,-1,2021-01-08 12:00:00+00:00,41359.5,2021-01-08 15:00:00+00:00,42058.475549999996,stop,3.0,1.69,20,5000.0,-84.49999999999946,6.0507,-56.25,-34.300699999999466,in-sample-overlap
T-FORENSIC,-1,2021-01-08 22:00:00+00:00,40752.5,2021-01-09 14:00:00+00:00,41441.217249999994,stop,16.0,1.69,20,5000.0,-84.49999999999929,6.0507,-100.08509999999998,9.534400000000687,in-sample-overlap
T-FORENSIC,-1,2021-01-10 02:00:00+00:00,41062.5,2021-01-10 11:00:00+00:00,38980.63125,target,9.0,1.69,20,5000.0,253.50000000000017,5.8479,-83.09495000000001,330.7470500000002,in-sample-overlap
T-FORENSIC,-1,2021-01-10 23:00:00+00:00,38169.5,2021-01-11 03:00:00+00:00,36234.30635,target,4.0,1.69,20,5000.0,253.5000000000001,5.847899999999998,-25.594399999999993,273.2465000000001,in-sample-overlap
T-FORENSIC,-1,2021-01-11 09:00:00+00:00,35775.0,2021-01-11 12:00:00+00:00,33961.207500000004,target,3.0,1.69,20,5000.0,253.49999999999946,5.8479,-10.9296,258.58169999999944,in-sample-overlap
T-FORENSIC,-1,2021-01-11 19:00:00+00:00,32312.0,2021-01-11 20:00:00+00:00,32858.072799999994,stop,1.0,1.69,20,5000.0,-84.49999999999915,6.0507,-3.35895,-87.19174999999916,in-sample-overlap
T-FORENSIC,-1,2021-01-11 21:00:00+00:00,33965.5,2021-01-11 22:00:00+00:00,34539.51695,stop,1.0,1.69,20,5000.0,-84.49999999999963,6.0507,-3.35895,-87.19174999999964,in-sample-overlap
T-FORENSIC,-1,2021-01-11 23:00:00+00:00,35377.5,2021-01-12 06:00:00+00:00,35975.37975,stop,7.0,1.69,20,5000.0,-84.50000000000001,6.0507,-13.108899999999998,-77.44180000000003,in-sample-overlap
T-FORENSIC,-1,2021-01-12 07:00:00+00:00,36479.5,2021-01-12 13:00:00+00:00,34629.98935,target,6.0,1.69,20,5000.0,253.49999999999952,5.8479,-3.1523999999999996,250.8044999999995,in-sample-overlap
T-FORENSIC,-1,2021-01-13 04:00:00+00:00,33181.0,2021-01-13 06:00:00+00:00,33741.7589,stop,2.0,1.69,20,5000.0,-84.50000000000011,6.0507,-2.3274,-88.22330000000012,in-sample-overlap
T-FORENSIC,-1,2021-01-13 07:00:00+00:00,35007.0,2021-01-13 18:00:00+00:00,35598.618299999995,stop,11.0,1.69,20,5000.0,-84.49999999999923,6.0507,-6.2395000000000005,-84.31119999999923,in-sample-overlap
T-DIVER,1,2021-01-13 00:00:00+00:00,33814.0,2021-01-13 20:00:00+00:00,37405.401847,target,20.0,3.54035,20,5000.0,531.0525000000001,6.3186315,15.878399999999997,508.8554685000001,in-sample-overlap
T-FORENSIC,-1,2021-01-14 00:00:00+00:00,37828.0,2021-01-14 07:00:00+00:00,38467.2932,stop,7.0,1.69,20,5000.0,-84.5,6.050699999999998,-13.542549999999997,-77.00815,in-sample-overlap
T-FORENSIC,-1,2021-01-14 08:00:00+00:00,38380.5,2021-01-14 13:00:00+00:00,39029.13045,stop,5.0,1.69,20,5000.0,-84.4999999999996,6.0507,-23.323749999999997,-67.22694999999962,in-sample-overlap
T-FORENSIC,-1,2021-01-14 14:00:00+00:00,39567.0,2021-01-15 12:00:00+00:00,37560.9531,target,22.0,1.69,20,5000.0,253.5000000000001,5.847899999999998,-73.46810000000002,321.1202000000001,in-sample-overlap
T-CHOCH,1,2021-01-13 21:00:00+00:00,37342.5,2021-01-15 15:00:00+00:00,35762.47388396212,stop,42.0,4.231173906508342,20,5000.0,-211.55869532541735,5.873064782804748,137.423,-354.8547601082221,in-sample-overlap
T-FORENSIC,-1,2021-01-15 22:00:00+00:00,36594.0,2021-01-16 00:00:00+00:00,37212.438599999994,stop,2.0,1.69,20,5000.0,-84.49999999999918,6.0507,-9.40895,-81.14174999999918,in-sample-overlap
T-FORENSIC,-1,2021-01-16 01:00:00+00:00,37000.5,2021-01-16 09:00:00+00:00,37625.80845,stop,8.0,1.69,20,5000.0,-84.49999999999956,6.0507,-28.905700000000003,-61.64499999999956,in-sample-overlap
T-FORENSIC,-1,2021-01-17 01:00:00+00:00,36700.0,2021-01-17 07:00:00+00:00,34839.31,target,6.0,1.69,20,5000.0,253.50000000000034,5.8479,-11.107800000000003,258.75990000000036,in-sample-overlap
T-FORENSIC,-1,2021-01-17 16:00:00+00:00,35883.5,2021-01-17 21:00:00+00:00,36489.93115,stop,5.0,1.69,20,5000.0,-84.49999999999955,6.0507,-4.16575,-86.38494999999955,in-sample-overlap
T-FORENSIC,-1,2021-01-17 22:00:00+00:00,36211.0,2021-01-18 12:00:00+00:00,36822.965899999996,stop,14.0,1.69,20,5000.0,-84.4999999999994,6.0507,-7.33315,-83.2175499999994,in-sample-overlap
T-CHOCH,1,2021-01-18 12:00:00+00:00,37083.0,2021-01-18 17:00:00+00:00,35513.95378024951,stop,5.0,4.231173906508342,20,5000.0,-211.55869532541723,5.87306478280475,2.5,-219.931760108222,in-sample-overlap
T-FORENSIC,-1,2021-01-19 00:00:00+00:00,36718.0,2021-01-19 01:00:00+00:00,37338.534199999995,stop,1.0,1.69,20,5000.0,-84.49999999999926,6.0507,-2.1418500000000003,-88.40884999999926,in-sample-overlap
T-FORENSIC,-1,2021-01-19 07:00:00+00:00,37226.5,2021-01-19 16:00:00+00:00,37855.62785,stop,9.0,1.69,20,5000.0,-84.4999999999996,6.0507,-42.5743,-47.97639999999961,in-sample-overlap
T-FORENSIC,-1,2021-01-20 07:00:00+00:00,35631.5,2021-01-20 16:00:00+00:00,33824.98295,target,9.0,1.69,20,5000.0,253.50000000000028,5.8479,-85.98890000000002,333.6410000000003,in-sample-overlap
T-DONCH,1,2020-10-10 00:00:00+00:00,11296.361328125,2021-01-21 00:00:00+00:00,30549.599609375,structure_floor,2472.0,7.78721439097248,10,2500.0,4260.938040578263,5.556562824346957,0.0,4255.381477753916,transfer-assumption
T-FORENSIC,-1,2021-01-20 19:00:00+00:00,35159.0,2021-01-21 08:00:00+00:00,33376.4387,target,13.0,1.69,20,5000.0,253.50000000000014,5.8479,-29.308000000000003,276.9601000000001,in-sample-overlap
T-CHOCH,-1,2021-01-20 03:00:00+00:00,35086.5,2021-01-21 10:00:00+00:00,32117.3583345859,target,31.0,4.231173906508342,20,5000.0,423.1173906508343,5.7461295656094995,-185.6551999999999,603.0264610852247,in-sample-overlap
T-FORENSIC,-1,2021-01-22 08:00:00+00:00,31501.5,2021-01-22 13:00:00+00:00,32033.87535,stop,5.0,1.69,20,5000.0,-84.49999999999976,6.0507,-5.5745000000000005,-84.97619999999976,in-sample-overlap
T-FORENSIC,-1,2021-01-22 14:00:00+00:00,32480.0,2021-01-22 18:00:00+00:00,33028.912,stop,4.0,1.69,20,5000.0,-84.49999999999949,6.0507,-2.6149,-87.93579999999949,in-sample-overlap
T-FORENSIC,-1,2021-01-25 00:00:00+00:00,32553.0,2021-01-25 03:00:00+00:00,33103.145699999994,stop,3.0,1.69,20,5000.0,-84.49999999999903,6.0507,-2.7597,-87.79099999999904,in-sample-overlap
T-FORENSIC,-1,2021-01-25 04:00:00+00:00,33426.5,2021-01-25 12:00:00+00:00,33991.407849999996,stop,8.0,1.69,20,5000.0,-84.49999999999939,6.0507,-5.2597000000000005,-85.2909999999994,in-sample-overlap
T-FORENSIC,-1,2021-01-26 10:00:00+00:00,32233.5,2021-01-26 23:00:00+00:00,32778.24615,stop,13.0,1.69,20,5000.0,-84.49999999999986,6.0507,-10.219250000000002,-80.33144999999986,in-sample-overlap
T-FORENSIC,-1,2021-01-30 07:00:00+00:00,34063.0,2021-01-30 21:00:00+00:00,34638.664699999994,stop,14.0,1.69,20,5000.0,-84.4999999999991,6.0507,-58.7026,-31.848099999999114,in-sample-overlap
T-FORENSIC,-1,2021-01-31 22:00:00+00:00,32955.0,2021-02-01 01:00:00+00:00,33511.9395,stop,3.0,1.69,20,5000.0,-84.50000000000007,6.0507,-9.4963,-81.05440000000007,in-sample-overlap
T-FORENSIC,-1,2021-02-01 02:00:00+00:00,33668.0,2021-02-01 06:00:00+00:00,34236.989199999996,stop,4.0,1.69,20,5000.0,-84.49999999999945,6.0507,-13.564,-76.98669999999944,in-sample-overlap
T-FORENSIC,-1,2021-02-01 08:00:00+00:00,34484.0,2021-02-02 09:00:00+00:00,35066.779599999994,stop,25.0,1.69,20,5000.0,-84.49999999999919,6.0507,-34.06909999999999,-56.481599999999204,in-sample-overlap
T-FORENSIC,-1,2021-02-02 19:00:00+00:00,35784.5,2021-02-03 03:00:00+00:00,36389.25805,stop,8.0,1.69,20,5000.0,-84.49999999999955,6.0507,-33.8502,-56.70049999999955,in-sample-overlap
T-FORENSIC,-1,2021-02-03 05:00:00+00:00,36503.5,2021-02-03 16:00:00+00:00,37120.40915,stop,11.0,1.69,20,5000.0,-84.49999999999993,6.0507,-72.4853,-18.06539999999994,in-sample-overlap
T-CHOCH,1,2021-02-01 08:00:00+00:00,34484.0,2021-02-03 21:00:00+00:00,37402.15601984067,target,61.0,4.231173906508342,20,5000.0,423.1173906508342,6.2538704343905005,185.8247,231.0388202164437,in-sample-overlap
T-FORENSIC,-1,2021-02-04 19:00:00+00:00,37488.5,2021-02-05 12:00:00+00:00,38122.055649999995,stop,17.0,1.69,20,5000.0,-84.4999999999993,6.0507,-49.77590000000001,-40.7747999999993,in-sample-overlap
T-FORENSIC,-1,2021-02-05 13:00:00+00:00,38287.5,2021-02-06 01:00:00+00:00,38934.55875,stop,12.0,1.69,20,5000.0,-84.49999999999955,6.0507,-24.887600000000003,-65.66309999999955,in-sample-overlap
T-FORENSIC,-1,2021-02-06 02:00:00+00:00,39362.0,2021-02-06 10:00:00+00:00,40027.2178,stop,8.0,1.69,20,5000.0,-84.49999999999982,6.0507,-19.06615,-71.48454999999981,in-sample-overlap
T-FORENSIC,-1,2021-02-07 08:00:00+00:00,39521.0,2021-02-07 16:00:00+00:00,37517.2853,target,8.0,1.69,20,5000.0,253.4999999999996,5.8479,-72.39864999999999,320.0507499999996,in-sample-overlap
T-FORENSIC,-1,2021-02-07 21:00:00+00:00,38570.5,2021-02-08 06:00:00+00:00,39222.34145,stop,9.0,1.69,20,5000.0,-84.49999999999999,6.0507,-64.9714,-25.57929999999999,in-sample-overlap
T-FORENSIC,-1,2021-02-08 07:00:00+00:00,39290.0,2021-02-08 12:00:00+00:00,39954.001,stop,5.0,1.69,20,5000.0,-84.49999999999957,6.0507,-27.746750000000002,-62.803949999999574,in-sample-overlap
T-FORENSIC,-1,2021-02-08 13:00:00+00:00,43040.0,2021-02-08 14:00:00+00:00,43767.376,stop,1.0,1.69,20,5000.0,-84.4999999999996,6.0507,-5.54935,-85.0013499999996,in-sample-overlap
T-FORENSIC,-1,2021-02-08 15:00:00+00:00,43749.5,2021-02-08 21:00:00+00:00,44488.86655,stop,6.0,1.69,20,5000.0,-84.49999999999987,6.0507,-21.077099999999998,-69.47359999999988,in-sample-overlap
T-FORENSIC,-1,2021-02-08 22:00:00+00:00,44731.0,2021-02-08 23:00:00+00:00,45486.95389999999,stop,1.0,1.69,20,5000.0,-84.49999999999923,6.0507,-3.51285,-87.03784999999924,in-sample-overlap
T-CHOCH,1,2021-02-08 12:00:00+00:00,43463.5,2021-02-09 00:00:00+00:00,47141.53254171051,target,12.0,4.231173906508342,20,5000.0,423.11739065083486,6.2538704343905005,53.5648,363.2987202164444,in-sample-overlap
T-FORENSIC,-1,2021-02-09 00:00:00+00:00,46879.5,2021-02-09 06:00:00+00:00,47671.763549999996,stop,6.0,1.69,20,5000.0,-84.49999999999957,6.0507,-52.8837,-37.66699999999958,in-sample-overlap
T-FORENSIC,-1,2021-02-09 07:00:00+00:00,47600.0,2021-02-09 13:00:00+00:00,45186.68,target,6.0,1.69,20,5000.0,253.49999999999997,5.8479,-62.757600000000004,310.4097,in-sample-overlap
T-FORENSIC,-1,2021-02-09 14:00:00+00:00,46668.5,2021-02-09 18:00:00+00:00,47457.197649999995,stop,4.0,1.69,20,5000.0,-84.49999999999942,6.0507,-56.90335,-33.64734999999942,in-sample-overlap
T-FORENSIC,-1,2021-02-09 21:00:00+00:00,47303.5,2021-02-10 12:00:00+00:00,44905.212550000004,target,15.0,1.69,20,5000.0,253.49999999999957,5.8479,-212.21350000000007,459.86559999999963,in-sample-overlap
T-FORENSIC,-1,2021-02-10 19:00:00+00:00,45234.5,2021-02-11 10:00:00+00:00,45998.96305,stop,15.0,1.69,20,5000.0,-84.49999999999983,6.0507,-189.13620000000006,98.58550000000022,in-sample-overlap
T-FORENSIC,-1,2021-02-11 11:00:00+00:00,46060.5,2021-02-11 13:00:00+00:00,46838.92245,stop,2.0,1.69,20,5000.0,-84.4999999999998,6.0507,-22.115199999999998,-68.4354999999998,in-sample-overlap
T-FORENSIC,-1,2021-02-11 14:00:00+00:00,47964.5,2021-02-12 00:00:00+00:00,48775.100049999994,stop,10.0,1.69,20,5000.0,-84.49999999999933,6.0507,-74.33425000000001,-16.216449999999327,in-sample-overlap
T-FORENSIC,-1,2021-02-12 01:00:00+00:00,48532.5,2021-02-14 01:00:00+00:00,47512.0,max_hold,48.0,1.69,20,5000.0,105.13573378663781,5.936918559728016,-415.0862000000001,514.2850152269099,in-sample-overlap
T-FORENSIC,-1,2021-02-15 08:00:00+00:00,47629.5,2021-02-15 16:00:00+00:00,48434.43855,stop,8.0,1.69,20,5000.0,-84.49999999999989,6.0507,-97.44055,6.889850000000109,in-sample-overlap
T-FORENSIC,-1,2021-02-16 03:00:00+00:00,49701.0,2021-02-16 12:00:00+00:00,50540.946899999995,stop,9.0,1.69,20,5000.0,-84.49999999999953,6.0507,-35.5721,-54.97859999999954,in-sample-overlap
T-FORENSIC,-1,2021-02-17 06:00:00+00:00,50525.0,2021-02-17 09:00:00+00:00,51378.8725,stop,3.0,1.69,20,5000.0,-84.49999999999977,6.0507,-32.6678,-57.88289999999978,in-sample-overlap
T-CHOCH,1,2021-02-11 13:00:00+00:00,47669.0,2021-02-17 09:00:00+00:00,51702.91657898693,target,140.0,4.231173906508342,20,5000.0,423.11739065083486,6.2538704343905005,1132.9170000000004,-716.053479783556,in-sample-overlap
T-DIVER,1,2021-02-16 08:00:00+00:00,49013.5,2021-02-18 08:00:00+00:00,51533.5,max_hold,48.0,3.54035,20,5000.0,257.0720311750844,6.154243218705051,360.3541000000002,-109.43631204362083,in-sample-overlap
T-FORENSIC,-1,2021-02-17 19:00:00+00:00,52172.0,2021-02-19 14:00:00+00:00,53053.70679999999,stop,43.0,1.69,20,5000.0,-84.49999999999929,6.0507,-400.48355000000015,309.9328500000008,in-sample-overlap
T-FORENSIC,-1,2021-02-19 21:00:00+00:00,55769.5,2021-02-20 12:00:00+00:00,56712.00455,stop,15.0,1.69,20,5000.0,-84.49999999999982,6.0507,-72.07020000000001,-18.480499999999807,in-sample-overlap
T-CHOCH,1,2021-02-20 12:00:00+00:00,57349.5,2021-02-20 22:00:00+00:00,54922.942920486996,stop,10.0,4.231173906508342,20,5000.0,-211.55869532541735,5.87306478280475,55.53745,-272.9692101082221,in-sample-overlap
T-FORENSIC,-1,2021-02-21 02:00:00+00:00,56377.0,2021-02-21 10:00:00+00:00,57329.77129999999,stop,8.0,1.69,20,5000.0,-84.49999999999939,6.0507,-71.19815,-19.352549999999397,in-sample-overlap
T-FORENSIC,-1,2021-02-22 21:00:00+00:00,54818.0,2021-02-23 02:00:00+00:00,52038.7274,target,5.0,1.69,20,5000.0,253.4999999999997,5.8479,-49.81145,297.46354999999966,in-sample-overlap
T-FORENSIC,-1,2021-02-23 12:00:00+00:00,48717.0,2021-02-23 13:00:00+00:00,49540.317299999995,stop,1.0,1.69,20,5000.0,-84.4999999999995,6.0507,-2.03795,-88.51274999999951,in-sample-overlap
T-FORENSIC,-1,2021-02-23 15:00:00+00:00,48601.0,2021-02-23 19:00:00+00:00,46136.9293,target,4.0,1.69,20,5000.0,253.49999999999963,5.8479,-2.0156,249.66769999999963,in-sample-overlap
T-FORENSIC,-1,2021-02-25 00:00:00+00:00,50561.0,2021-02-25 12:00:00+00:00,51415.480899999995,stop,12.0,1.69,20,5000.0,-84.4999999999995,6.0507,-15.944499999999996,-74.60619999999952,in-sample-overlap
T-CHOCH,1,2021-02-25 12:00:00+00:00,51494.0,2021-02-25 18:00:00+00:00,49315.199308582596,stop,6.0,4.231173906508342,20,5000.0,-211.55869532541692,5.87306478280475,7.854299999999999,-225.28606010822168,in-sample-overlap
T-FORENSIC,-1,2021-02-25 13:00:00+00:00,51385.0,2021-02-25 20:00:00+00:00,48779.7805,target,7.0,1.69,20,5000.0,253.49999999999994,5.8479,-8.31285,255.96494999999993,in-sample-overlap
T-FORENSIC,-1,2021-02-26 09:00:00+00:00,46431.0,2021-02-26 12:00:00+00:00,47215.683899999996,stop,3.0,1.69,20,5000.0,-84.4999999999996,6.0507,-9.6084,-80.9422999999996,in-sample-overlap
T-FORENSIC,-1,2021-02-26 15:00:00+00:00,47604.0,2021-02-26 17:00:00+00:00,48408.5076,stop,2.0,1.69,20,5000.0,-84.49999999999972,6.0507,-3.2398000000000002,-87.31089999999972,in-sample-overlap
T-FORENSIC,-1,2021-02-27 12:00:00+00:00,47450.0,2021-02-27 23:00:00+00:00,45044.285,target,11.0,1.69,20,5000.0,253.49999999999963,5.8479,-10.361650000000001,258.0137499999996,in-sample-overlap
T-FORENSIC,-1,2021-02-28 19:00:00+00:00,44428.5,2021-02-28 21:00:00+00:00,45179.341649999995,stop,2.0,1.69,20,5000.0,-84.49999999999942,6.0507,-1.972,-88.57869999999943,in-sample-overlap
T-FORENSIC,-1,2021-02-28 22:00:00+00:00,45150.5,2021-03-01 00:00:00+00:00,45913.54345,stop,2.0,1.69,20,5000.0,-84.49999999999972,6.0507,-2.6921,-87.85859999999973,in-sample-overlap
T-FORENSIC,-1,2021-03-01 01:00:00+00:00,46180.0,2021-03-01 08:00:00+00:00,46960.441999999995,stop,7.0,1.69,20,5000.0,-84.4999999999995,6.0507,-10.8403,-79.71039999999951,in-sample-overlap
T-FORENSIC,-1,2021-03-04 08:00:00+00:00,50247.0,2021-03-04 18:00:00+00:00,47699.477100000004,target,10.0,1.69,20,5000.0,253.49999999999963,5.8479,-16.758000000000003,264.4100999999996,in-sample-overlap
T-FORENSIC,-1,2021-03-05 12:00:00+00:00,47648.0,2021-03-05 14:00:00+00:00,48453.2512,stop,2.0,1.69,20,5000.0,-84.49999999999987,6.0507,-3.4036,-87.14709999999988,in-sample-overlap
T-FORENSIC,-1,2021-03-05 19:00:00+00:00,49328.0,2021-03-07 07:00:00+00:00,50161.6432,stop,36.0,1.69,20,5000.0,-84.49999999999986,6.0507,-41.169999999999995,-49.38069999999987,in-sample-overlap
T-FORENSIC,-1,2021-03-09 01:00:00+00:00,53544.5,2021-03-09 13:00:00+00:00,54449.40205,stop,12.0,1.69,20,5000.0,-84.49999999999972,6.0507,-33.1167,-57.43399999999972,in-sample-overlap
T-FORENSIC,-1,2021-03-10 08:00:00+00:00,54700.0,2021-03-10 13:00:00+00:00,55624.42999999999,stop,5.0,1.69,20,5000.0,-84.49999999999936,6.0507,-24.568499999999997,-65.98219999999937,in-sample-overlap
T-FORENSIC,-1,2021-03-10 14:00:00+00:00,56135.5,2021-03-10 16:00:00+00:00,57084.18994999999,stop,2.0,1.69,20,5000.0,-84.49999999999935,6.0507,-12.730049999999999,-77.82064999999935,in-sample-overlap
T-FORENSIC,-1,2021-03-11 11:00:00+00:00,56274.5,2021-03-11 14:00:00+00:00,57225.53904999999,stop,3.0,1.69,20,5000.0,-84.4999999999993,6.0507,-10.7772,-79.7734999999993,in-sample-overlap
T-FORENSIC,-1,2021-03-11 23:00:00+00:00,57810.0,2021-03-13 10:00:00+00:00,58786.988999999994,stop,35.0,1.69,20,5000.0,-84.49999999999949,6.0507,-203.2924000000001,112.7417000000006,in-sample-overlap
T-STRIKES,1,2021-03-15 08:00:00+00:00,57940.5,2021-03-15 09:00:00+00:00,57361.095,stop,1.0,1.0,20,5000.0,-49.9999999999999,5.97,6.9849,-62.954899999999895,in-sample-overlap
T-FORENSIC,-1,2021-03-15 13:00:00+00:00,56877.0,2021-03-16 01:00:00+00:00,53993.3361,target,12.0,1.69,20,5000.0,253.49999999999994,5.8479,-122.67100000000002,370.32309999999995,in-sample-overlap
T-FORENSIC,-1,2021-03-16 07:00:00+00:00,55166.5,2021-03-16 09:00:00+00:00,56098.81385,stop,2.0,1.69,20,5000.0,-84.49999999999987,6.0507,-7.0622,-83.48849999999987,in-sample-overlap
T-FORENSIC,-1,2021-03-16 10:00:00+00:00,55837.5,2021-03-16 22:00:00+00:00,56781.15375,stop,12.0,1.69,20,5000.0,-84.49999999999979,6.0507,-23.765449999999998,-66.78524999999979,in-sample-overlap
T-FORENSIC,-1,2021-03-16 23:00:00+00:00,56938.0,2021-03-17 19:00:00+00:00,57900.252199999995,stop,20.0,1.69,20,5000.0,-84.4999999999996,6.0507,-17.9964,-72.55429999999961,in-sample-overlap
T-FORENSIC,-1,2021-03-17 20:00:00+00:00,57745.0,2021-03-17 22:00:00+00:00,58720.890499999994,stop,2.0,1.69,20,5000.0,-84.49999999999947,6.0507,-4.8954,-85.65529999999949,in-sample-overlap
T-FORENSIC,-1,2021-03-17 23:00:00+00:00,58883.0,2021-03-18 16:00:00+00:00,59878.12269999999,stop,17.0,1.69,20,5000.0,-84.49999999999937,6.0507,-10.353900000000001,-80.19679999999939,in-sample-overlap
T-DIVER,1,2021-03-17 08:00:00+00:00,54855.5,2021-03-19 08:00:00+00:00,58811.5,max_hold,48.0,3.54035,20,5000.0,360.58371539772673,6.2163502292386354,62.053149999999995,292.3142151684881,in-sample-overlap
T-FORENSIC,-1,2021-03-19 04:00:00+00:00,57878.5,2021-03-19 09:00:00+00:00,58856.646649999995,stop,5.0,1.69,20,5000.0,-84.49999999999957,6.0507,-12.00885,-78.54184999999958,in-sample-overlap
T-CHOCH,1,2021-03-16 20:00:00+00:00,56422.5,2021-03-22 22:00:00+00:00,54035.165902600325,stop,146.0,4.231173906508342,20,5000.0,-211.55869532541757,5.87306478280475,283.39769999999993,-500.8294601082223,in-sample-overlap
T-DONCH,1,2021-02-06 00:00:00+00:00,39266.01171875,2021-03-23 00:00:00+00:00,53555.02734375,structure_floor,1080.0,26.263524662858973,10,2500.0,909.7572556736658,3.5458543534041995,0.0,906.2114013202615,transfer-assumption
T-FORENSIC,-1,2021-03-23 09:00:00+00:00,54600.0,2021-03-23 16:00:00+00:00,55522.74,stop,7.0,1.69,20,5000.0,-84.4999999999998,6.0507,-33.856350000000006,-56.6943499999998,in-sample-overlap
T-CHOCH,-1,2021-03-24 22:00:00+00:00,52561.5,2021-03-26 23:00:00+00:00,54785.468472869376,stop,49.0,4.231173906508342,20,5000.0,-211.55869532541647,6.12693521719525,-31.07475,-186.6108805426117,in-sample-overlap
T-DIVER,-1,2021-03-29 04:00:00+00:00,55939.5,2021-03-29 08:00:00+00:00,57919.95408824999,stop,4.0,3.54035,20,5000.0,-177.0174999999994,6.1062104999999995,-2.0,-181.1237104999994,in-sample-overlap
T-CHOCH,1,2021-04-05 14:00:00+00:00,59149.5,2021-04-07 11:00:00+00:00,56646.78179016984,stop,45.0,4.231173906508342,20,5000.0,-211.5586953254175,5.87306478280475,229.6652000000001,-447.09696010822233,in-sample-overlap
T-DONCH,1,2021-04-13 00:00:00+00:00,63503.45703125,2021-04-18 00:00:00+00:00,55604.0234375,structure_floor,120.0,12.439375686055477,10,2500.0,-310.98439215138694,2.8134093647091674,0.0,-313.7978015160961,transfer-assumption
T-FORENSIC,-1,2021-04-18 07:00:00+00:00,56097.5,2021-04-18 11:00:00+00:00,53253.35675,target,4.0,1.69,20,5000.0,253.5000000000001,5.8479,-42.571600000000004,290.2237000000001,in-sample-overlap
T-FORENSIC,-1,2021-04-18 15:00:00+00:00,55402.5,2021-04-18 22:00:00+00:00,56338.80224999999,stop,7.0,1.69,20,5000.0,-84.4999999999994,6.0507,-47.146049999999995,-43.404649999999414,in-sample-overlap
T-FORENSIC,-1,2021-04-23 11:00:00+00:00,50010.0,2021-04-23 19:00:00+00:00,50855.168999999994,stop,8.0,1.69,20,5000.0,-84.49999999999945,6.0507,-22.65,-67.90069999999946,in-sample-overlap
T-FORENSIC,-1,2021-05-04 20:00:00+00:00,54772.0,2021-05-05 10:00:00+00:00,55697.646799999995,stop,14.0,1.69,20,5000.0,-84.49999999999955,6.0507,-40.502449999999996,-50.048249999999555,in-sample-overlap
T-FORENSIC,-1,2021-05-05 13:00:00+00:00,56206.5,2021-05-05 15:00:00+00:00,57156.38984999999,stop,2.0,1.69,20,5000.0,-84.49999999999932,6.0507,-4.970000000000001,-85.58069999999933,in-sample-overlap
T-FORENSIC,-1,2021-05-05 16:00:00+00:00,57420.0,2021-05-06 10:00:00+00:00,58390.397999999994,stop,18.0,1.69,20,5000.0,-84.49999999999946,6.0507,-25.616799999999998,-64.93389999999947,in-sample-overlap
T-CHOCH,1,2021-05-05 14:00:00+00:00,56899.5,2021-05-10 20:00:00+00:00,54491.98320306629,stop,126.0,4.231173906508342,20,5000.0,-211.55869532541698,5.87306478280475,315.8401499999999,-533.2719101082216,in-sample-overlap
T-FORENSIC,-1,2021-05-11 06:00:00+00:00,55678.5,2021-05-11 18:00:00+00:00,56619.466649999995,stop,12.0,1.69,20,5000.0,-84.49999999999953,6.0507,-63.028800000000004,-27.521899999999533,in-sample-overlap
T-FORENSIC,-1,2021-05-13 03:00:00+00:00,50460.0,2021-05-13 07:00:00+00:00,51312.774,stop,4.0,1.69,20,5000.0,-84.49999999999977,6.0507,-13.9204,-76.63029999999978,in-sample-overlap
T-FORENSIC,-1,2021-05-13 13:00:00+00:00,50547.5,2021-05-13 17:00:00+00:00,47984.74175,target,4.0,1.69,20,5000.0,253.4999999999999,5.8479,-8.9036,256.5556999999999,in-sample-overlap
T-FORENSIC,-1,2021-05-14 07:00:00+00:00,50020.5,2021-05-14 11:00:00+00:00,50865.84645,stop,4.0,1.69,20,5000.0,-84.49999999999973,6.0507,-8.3902,-82.16049999999973,in-sample-overlap
T-FORENSIC,-1,2021-05-15 01:00:00+00:00,50669.5,2021-05-15 10:00:00+00:00,48100.55635,target,9.0,1.69,20,5000.0,253.5000000000001,5.8479,-11.84805,259.5001500000001,in-sample-overlap
T-FORENSIC,-1,2021-05-15 14:00:00+00:00,49395.5,2021-05-15 23:00:00+00:00,46891.14815,target,9.0,1.69,20,5000.0,253.4999999999999,5.8479,-13.084449999999997,260.73654999999985,in-sample-overlap
T-FORENSIC,-1,2021-05-16 08:00:00+00:00,48959.5,2021-05-16 10:00:00+00:00,49786.91555,stop,2.0,1.69,20,5000.0,-84.49999999999979,6.0507,-4.241700000000001,-86.3089999999998,in-sample-overlap
T-FORENSIC,-1,2021-05-17 00:00:00+00:00,45580.0,2021-05-17 03:00:00+00:00,43269.094000000005,target,3.0,1.69,20,5000.0,253.4999999999995,5.8479,-5.62965,253.28174999999948,in-sample-overlap
T-FORENSIC,-1,2021-05-17 07:00:00+00:00,45169.0,2021-05-17 16:00:00+00:00,42878.9317,target,9.0,1.69,20,5000.0,253.4999999999999,5.8479,-16.895350000000004,264.54744999999986,in-sample-overlap
T-FORENSIC,-1,2021-05-17 19:00:00+00:00,44200.5,2021-05-18 01:00:00+00:00,44947.48845,stop,6.0,1.69,20,5000.0,-84.49999999999967,6.0507,-10.0317,-80.51899999999968,in-sample-overlap
T-FORENSIC,-1,2021-05-18 02:00:00+00:00,45041.0,2021-05-18 06:00:00+00:00,45802.192899999995,stop,4.0,1.69,20,5000.0,-84.49999999999939,6.0507,-4.0078,-86.54289999999939,in-sample-overlap
T-FORENSIC,-1,2021-05-19 08:00:00+00:00,40457.0,2021-05-19 11:00:00+00:00,38405.8301,target,3.0,1.69,20,5000.0,253.5000000000001,5.8479,-8.0592,255.7113000000001,in-sample-overlap
T-FORENSIC,-1,2021-05-19 16:00:00+00:00,39690.5,2021-05-19 17:00:00+00:00,40361.26945,stop,1.0,1.69,20,5000.0,-84.49999999999997,6.0507,-1.18425,-89.36644999999997,in-sample-overlap
T-FORENSIC,-1,2021-05-19 18:00:00+00:00,38044.5,2021-05-19 19:00:00+00:00,38687.45205,stop,1.0,1.69,20,5000.0,-84.49999999999999,6.0507,-1.18425,-89.36644999999999,in-sample-overlap
T-FORENSIC,-1,2021-05-19 22:00:00+00:00,39139.5,2021-05-19 23:00:00+00:00,37155.12735,target,1.0,1.69,20,5000.0,253.4999999999997,5.8479,-1.18425,248.83634999999967,in-sample-overlap
T-DIVER,-1,2021-05-21 20:00:00+00:00,37227.5,2021-05-22 08:00:00+00:00,38545.483796249995,stop,12.0,3.54035,20,5000.0,-177.01749999999933,6.106210499999999,-4.256799999999999,-178.86691049999934,in-sample-overlap
T-DIVER,-1,2021-05-27 16:00:00+00:00,38768.5,2021-05-29 08:00:00+00:00,34650.87823075,target,40.0,3.54035,20,5000.0,531.0525,5.681368500000001,-4.4036,529.7747315,in-sample-overlap
T-CHOCH,-1,2021-05-28 05:00:00+00:00,36990.0,2021-05-29 15:00:00+00:00,33859.77754396512,target,34.0,4.231173906508342,20,5000.0,423.1173906508349,5.7461295656094995,-13.1009,430.4721610852254,in-sample-overlap
T-CHOCH,-1,2021-06-04 05:00:00+00:00,36781.5,2021-06-07 21:00:00+00:00,33668.921539155264,target,88.0,4.231173906508342,20,5000.0,423.11739065083475,5.7461295656094995,-44.74719999999998,462.1184610852252,in-sample-overlap
T-STRIKES,-1,2021-07-03 10:00:00+00:00,34595.5,2021-07-03 14:00:00+00:00,34656.0,max_hold,4.0,0.9326932885475092,20,5000.0,-8.743911780433871,6.005246347068261,-1.0038,-13.745358127502131,in-sample-overlap
T-CHOCH,-1,2021-07-12 19:00:00+00:00,32846.5,2021-07-20 03:00:00+00:00,30066.914925597473,target,176.0,4.231173906508342,20,5000.0,423.11739065083447,5.7461295656094995,-71.02979999999994,488.4010610852249,in-sample-overlap
T-DIVER,-1,2021-07-19 08:00:00+00:00,31289.5,2021-07-21 08:00:00+00:00,31533.5,max_hold,48.0,3.54035,20,5000.0,-38.990715735310566,6.023394429441187,-7.189249999999996,-37.82486016475176,in-sample-overlap
T-STRIKES,1,2021-08-05 13:00:00+00:00,38045.0,2021-08-05 14:00:00+00:00,38615.674999999996,target,1.0,1.0,20,5000.0,74.99999999999943,6.045,-0.38775,69.34274999999943,in-sample-overlap
T-CHOCH,1,2021-08-04 12:00:00+00:00,38820.0,2021-08-06 15:00:00+00:00,42105.08342101308,target,51.0,4.231173906508342,20,5000.0,423.1173906508343,6.2538704343905005,18.398,398.4655202164438,in-sample-overlap
T-DIVER,1,2021-08-14 00:00:00+00:00,47555.0,2021-08-15 04:00:00+00:00,45871.3865575,stop,28.0,3.54035,20,5000.0,-177.0174999999998,5.8937895000000005,10.77355,-193.6848394999998,in-sample-overlap
T-CHOCH,1,2021-08-16 00:00:00+00:00,47557.0,2021-08-17 00:00:00+00:00,45544.780625281826,stop,24.0,4.231173906508342,20,5000.0,-211.55869532541726,5.87306478280475,25.309800000000006,-242.74156010822202,in-sample-overlap
T-CHOCH,1,2021-08-21 17:00:00+00:00,49634.0,2021-08-25 08:00:00+00:00,47533.899143243645,stop,87.0,4.231173906508342,20,5000.0,-211.55869532541755,5.87306478280475,25.399849999999994,-242.8316101082223,in-sample-overlap
T-CHOCH,1,2021-08-25 15:00:00+00:00,48754.0,2021-08-26 07:00:00+00:00,46691.133473620925,stop,16.0,4.231173906508342,20,5000.0,-211.55869532541695,5.87306478280475,36.3216,-253.7533601082217,in-sample-overlap
T-DONCH,1,2021-07-25 00:00:00+00:00,35350.1875,2021-09-07 00:00:00+00:00,46394.28125,structure_floor,1056.0,16.94257610903761,10,2500.0,781.0491634591755,3.4686294980755052,0.0,777.5805339611,transfer-assumption
T-CHOCH,-1,2021-09-13 03:00:00+00:00,44659.0,2021-09-13 13:00:00+00:00,46548.59995490756,stop,10.0,4.231173906508342,20,5000.0,-211.5586953254167,6.12693521719525,-5.0,-212.68563054261193,in-sample-overlap
T-FORENSIC,-1,2021-09-13 18:00:00+00:00,44689.0,2021-09-13 21:00:00+00:00,45444.244099999996,stop,3.0,1.69,20,5000.0,-84.49999999999957,6.0507,-7.2250499999999995,-83.32564999999958,in-sample-overlap
T-CHOCH,-1,2021-09-16 20:00:00+00:00,47158.0,2021-09-20 12:00:00+00:00,43167.32601833759,target,88.0,4.231173906508342,20,5000.0,423.11739065083447,5.7461295656094995,-16.1141,433.48536108522495,in-sample-overlap
T-DIVER,-1,2021-09-28 08:00:00+00:00,42090.5,2021-09-30 00:00:00+00:00,43580.651016749995,stop,40.0,3.54035,20,5000.0,-177.01749999999936,6.106210499999999,-15.950500000000003,-167.17321049999936,in-sample-overlap
T-STRIKES,1,2021-10-12 20:00:00+00:00,55390.5,2021-10-12 22:00:00+00:00,56221.35749999999,target,2.0,1.0,20,5000.0,74.99999999999919,6.045,1.0,67.95499999999919,in-sample-overlap
T-FORENSIC,-1,2021-10-13 14:00:00+00:00,55785.0,2021-10-13 16:00:00+00:00,56727.7665,stop,2.0,1.69,20,5000.0,-84.49999999999982,6.0507,-1.60335,-88.94734999999982,in-sample-overlap
T-DIVER,1,2021-10-14 04:00:00+00:00,57399.0,2021-10-15 20:00:00+00:00,63495.3764895,target,40.0,3.54035,20,5000.0,531.0524999999999,6.3186315,28.71400000000001,496.01986849999986,in-sample-overlap
T-FORENSIC,-1,2021-10-18 15:00:00+00:00,62003.5,2021-10-19 13:00:00+00:00,63051.35915,stop,22.0,1.69,20,5000.0,-84.49999999999973,6.0507,-11.0,-79.55069999999974,in-sample-overlap
T-FORENSIC,-1,2021-10-22 03:00:00+00:00,63271.0,2021-10-23 10:00:00+00:00,60063.1603,target,31.0,1.69,20,5000.0,253.49999999999972,5.8479,-109.87110000000001,357.52319999999975,in-sample-overlap
T-DIVER,1,2021-10-26 00:00:00+00:00,62818.0,2021-10-26 20:00:00+00:00,60594.022937,stop,20.0,3.54035,20,5000.0,-177.01749999999987,5.8937895000000005,24.436800000000005,-207.34808949999987,in-sample-overlap
T-DIVER,-1,2021-10-31 00:00:00+00:00,61731.5,2021-11-02 00:00:00+00:00,61132.5,max_hold,48.0,3.54035,20,5000.0,48.51655961705126,5.970890064229769,-124.65399999999994,167.19966955282143,in-sample-overlap
T-DIVER,1,2021-11-05 00:00:00+00:00,62228.5,2021-11-07 00:00:00+00:00,62145.5,max_hold,48.0,3.54035,20,5000.0,-6.668970005704781,5.995998617996577,167.90204999999997,-180.56701862370133,in-sample-overlap
T-CHOCH,-1,2021-11-03 12:00:00+00:00,62496.5,2021-11-08 01:00:00+00:00,65140.83560048098,stop,109.0,4.231173906508342,20,5000.0,-211.55869532541683,6.12693521719525,-359.81395000000003,142.12831945738796,in-sample-overlap
T-DONCH,1,2021-10-05 00:00:00+00:00,51514.8125,2021-11-18 00:00:00+00:00,58206.91796875,structure_floor,1056.0,20.741887648819453,10,2500.0,324.7660791131677,3.1948596474679003,0.0,321.57121946569976,transfer-assumption
T-FORENSIC,-1,2021-11-17 11:00:00+00:00,60780.0,2021-11-18 15:00:00+00:00,57698.454000000005,target,28.0,1.69,20,5000.0,253.49999999999957,5.8479,-20.3384,267.99049999999954,in-sample-overlap
T-FORENSIC,-1,2021-11-19 11:00:00+00:00,57036.0,2021-11-19 14:00:00+00:00,57999.90839999999,stop,3.0,1.69,20,5000.0,-84.49999999999939,6.0507,-8.41455,-82.13614999999939,in-sample-overlap
T-CHOCH,-1,2021-11-22 00:00:00+00:00,58171.5,2021-11-28 18:00:00+00:00,53248.82534195099,target,162.0,4.231173906508342,20,5000.0,423.11739065083475,5.7461295656094995,-193.65034999999986,611.0216110852251,in-sample-overlap
T-DIVER,-1,2021-11-27 00:00:00+00:00,54375.5,2021-11-28 20:00:00+00:00,56300.58301425,stop,44.0,3.54035,20,5000.0,-177.0174999999998,6.1062104999999995,-88.75324999999994,-94.37046049999988,in-sample-overlap
T-CHOCH,-1,2021-11-30 05:00:00+00:00,56334.0,2021-11-30 15:00:00+00:00,58717.589508492405,stop,10.0,4.231173906508342,20,5000.0,-211.55869532541672,6.12693521719525,-5.0,-212.68563054261196,in-sample-overlap
T-FORENSIC,-1,2021-12-04 15:00:00+00:00,48182.5,2021-12-04 19:00:00+00:00,48996.78425,stop,4.0,1.69,20,5000.0,-84.49999999999969,6.0507,-2.0,-88.5506999999997,in-sample-overlap
T-DIVER,-1,2021-12-08 20:00:00+00:00,50451.5,2021-12-10 20:00:00+00:00,47181.0,max_hold,48.0,3.54035,20,5000.0,324.12316779481284,5.805526099323113,-24.0,342.3176416954897,in-sample-overlap
T-DIVER,-1,2021-12-14 00:00:00+00:00,46901.5,2021-12-14 20:00:00+00:00,48561.97725525,stop,20.0,3.54035,20,5000.0,-177.01749999999998,6.1062104999999995,-0.8961000000000011,-182.2276105,in-sample-overlap
T-STRIKES,-1,2021-12-14 22:00:00+00:00,48263.5,2021-12-15 00:00:00+00:00,48746.135,stop,2.0,1.0,20,5000.0,-50.000000000000206,6.03,-0.1682,-55.86180000000021,in-sample-overlap
T-CHOCH,-1,2021-12-08 10:00:00+00:00,49206.0,2021-12-18 10:00:00+00:00,47315.5,max_hold,240.0,4.231173906508342,20,5000.0,192.10055684266146,5.884739665894404,-103.97719999999998,290.19301717676706,in-sample-overlap
T-CHOCH,-1,2021-12-20 09:00:00+00:00,45863.0,2021-12-21 03:00:00+00:00,47803.543288741916,stop,18.0,4.231173906508342,20,5000.0,-211.55869532541652,6.12693521719525,-9.0,-208.68563054261176,in-sample-overlap
T-CHOCH,-1,2021-12-23 00:00:00+00:00,48280.0,2021-12-23 18:00:00+00:00,50322.810762062225,stop,18.0,4.231173906508342,20,5000.0,-211.55869532541683,6.12693521719525,-9.0,-208.68563054261207,in-sample-overlap
T-CHOCH,1,2021-12-27 14:00:00+00:00,51510.0,2021-12-28 04:00:00+00:00,49330.522320757555,stop,14.0,4.231173906508342,20,5000.0,-211.55869532541698,5.87306478280475,7.0,-224.43176010822174,in-sample-overlap
T-DIVER,1,2021-12-27 16:00:00+00:00,51221.0,2021-12-28 04:00:00+00:00,49407.5973265,stop,12.0,3.54035,20,5000.0,-177.01750000000007,5.8937895000000005,6.0,-188.91128950000007,in-sample-overlap
T-CHOCH,-1,2022-01-03 15:00:00+00:00,46697.0,2022-01-05 22:00:00+00:00,42745.3374417556,target,55.0,4.231173906508342,20,5000.0,423.1173906508344,5.7461295656094995,-27.5,444.8712610852249,in-sample-overlap
T-STRIKES,-1,2022-01-12 14:00:00+00:00,43820.0,2022-01-12 18:00:00+00:00,43558.0,max_hold,4.0,0.9166483600407248,20,5000.0,29.895025102692834,5.982062984938383,-1.35275,25.26571211775445,in-sample-overlap
T-STRIKES,-1,2022-01-20 16:00:00+00:00,43251.5,2022-01-20 20:00:00+00:00,42799.40298286137,target,4.0,0.696849846654456,20,5000.0,52.2637384990843,5.968641756900549,-2.0,48.295096742183745,in-sample-overlap
T-DIVER,-1,2022-01-22 00:00:00+00:00,36311.5,2022-01-24 00:00:00+00:00,35331.0,max_hold,48.0,3.54035,20,5000.0,135.01232391941946,5.918992605648349,-14.564749999999993,143.6580813137711,in-sample-overlap
T-DIVER,-1,2022-01-31 04:00:00+00:00,37076.0,2022-01-31 16:00:00+00:00,38388.620166,stop,12.0,3.54035,20,5000.0,-177.01750000000007,6.1062104999999995,-1.516699999999999,-181.6070105000001,in-sample-overlap
T-STRIKES,-1,2022-01-31 18:00:00+00:00,38404.0,2022-01-31 19:00:00+00:00,38753.621006405745,stop,1.0,0.9103765399587046,20,5000.0,-45.51882699793576,6.0273112961987625,0.34990000000000004,-51.89603829413452,in-sample-overlap
T-CHOCH,-1,2022-02-02 14:00:00+00:00,37710.0,2022-02-04 15:00:00+00:00,39305.57568014429,stop,49.0,4.231173906508342,20,5000.0,-211.5586953254165,6.12693521719525,-7.8054500000000075,-209.88018054261173,in-sample-overlap
T-DONCH,1,2022-02-07 00:00:00+00:00,43840.28515625,2022-02-24 00:00:00+00:00,36375.5390625,structure_floor,408.0,24.306928033247104,10,2500.0,-425.6784637203599,2.744592921767784,0.0,-428.4230566421277,transfer-assumption
T-CHOCH,-1,2022-02-23 21:00:00+00:00,37511.5,2022-02-24 05:00:00+00:00,34337.14640012025,target,8.0,4.231173906508342,20,5000.0,423.11739065083407,5.7461295656094995,5.6197,411.7515610852245,in-sample-overlap
T-CHOCH,-1,2022-02-27 01:00:00+00:00,38214.5,2022-02-27 12:00:00+00:00,39831.42195250263,stop,11.0,4.231173906508342,20,5000.0,-211.55869532541672,6.12693521719525,2.8745000000000003,-220.56013054261197,in-sample-overlap
T-DIVER,1,2022-03-06 04:00:00+00:00,39374.5,2022-03-07 00:00:00+00:00,37980.50488925,stop,20.0,3.54035,20,5000.0,-177.01750000000024,5.893789499999999,-5.181949999999998,-177.72933950000024,in-sample-overlap
T-STRIKES,-1,2022-03-11 12:00:00+00:00,39899.5,2022-03-11 13:00:00+00:00,39301.0075,target,1.0,1.0,20,5000.0,75.00000000000003,5.955,-0.05625,69.10125000000004,in-sample-overlap
T-CHOCH,-1,2022-03-13 12:00:00+00:00,38518.0,2022-03-16 02:00:00+00:00,40147.76356530888,stop,62.0,4.231173906508342,20,5000.0,-211.5586953254167,6.12693521719525,-23.240550000000006,-194.44508054261192,in-sample-overlap
T-DIVER,1,2022-03-22 08:00:00+00:00,42945.0,2022-03-24 08:00:00+00:00,42931.5,max_hold,48.0,3.54035,20,5000.0,-1.5717778553964372,5.999056933286763,13.401399999999994,-20.972234788683195,in-sample-overlap
T-CHOCH,1,2022-04-02 00:00:00+00:00,46895.5,2022-04-06 00:00:00+00:00,44911.269840673376,stop,96.0,4.231173906508342,20,5000.0,-211.55869532541755,5.87306478280475,45.2896,-262.7213601082223,in-sample-overlap
T-CHOCH,-1,2022-04-08 18:00:00+00:00,42929.5,2022-04-11 21:00:00+00:00,39296.656395611,target,75.0,4.231173906508342,20,5000.0,423.11739065083486,5.7461295656094995,-27.279200000000003,444.65046108522534,in-sample-overlap
T-DIVER,-1,2022-04-12 04:00:00+00:00,40127.5,2022-04-13 16:00:00+00:00,41548.15394625,stop,36.0,3.54035,20,5000.0,-177.01750000000004,6.1062104999999995,3.0571499999999974,-186.18086050000005,in-sample-overlap
T-DIVER,-1,2022-04-15 00:00:00+00:00,40181.0,2022-04-17 00:00:00+00:00,40207.0,max_hold,48.0,3.54035,20,5000.0,-3.2353599960180186,6.001941215997611,-9.80575,0.5684487879843694,in-sample-overlap
T-DONCH,1,2022-03-24 00:00:00+00:00,43960.93359375,2022-04-18 00:00:00+00:00,39373.05859375,structure_floor,600.0,14.285864073739477,10,2500.0,-260.90636759431027,2.8434561794434137,0.0,-263.7498237737537,transfer-assumption
T-CHOCH,-1,2022-04-17 23:00:00+00:00,39662.0,2022-04-19 13:00:00+00:00,41340.168194799335,stop,38.0,4.231173906508342,20,5000.0,-211.5586953254166,6.12693521719525,3.7156000000000002,-221.40123054261184,in-sample-overlap
T-CHOCH,-1,2022-04-21 20:00:00+00:00,40590.0,2022-05-01 20:00:00+00:00,38286.5,max_hold,240.0,4.231173906508342,20,5000.0,283.7521557033752,5.829748706577974,-10.469950000000026,288.3923569967973,in-sample-overlap
T-CHOCH,-1,2022-05-03 18:00:00+00:00,37764.5,2022-05-04 16:00:00+00:00,39362.38166992334,stop,22.0,4.231173906508342,20,5000.0,-211.55869532541712,6.12693521719525,-10.9392,-206.74643054261236,in-sample-overlap
T-CHOCH,-1,2022-05-05 14:00:00+00:00,38207.5,2022-05-07 21:00:00+00:00,34974.248459341645,target,55.0,4.231173906508342,20,5000.0,423.117390650835,5.7461295656094995,-12.742899999999993,430.1141610852255,in-sample-overlap
T-DIVER,-1,2022-05-24 12:00:00+00:00,29373.0,2022-05-26 12:00:00+00:00,29368.5,max_hold,48.0,3.54035,20,5000.0,0.7660096006536615,5.999540394239607,-15.1388,9.905269206414054,in-sample-overlap
T-CHOCH,-1,2022-05-23 19:00:00+00:00,29059.5,2022-05-30 02:00:00+00:00,30289.057981361788,stop,151.0,4.231173906508342,20,5000.0,-211.55869532541647,6.12693521719525,-58.50659999999999,-159.1790305426117,in-sample-overlap
T-DIVER,1,2022-06-03 04:00:00+00:00,30424.5,2022-06-03 12:00:00+00:00,29347.36621425,stop,8.0,3.54035,20,5000.0,-177.01750000000004,5.8937895000000005,-1.8857999999999993,-181.02548950000005,in-sample-overlap
T-DIVER,-1,2022-06-22 20:00:00+00:00,19980.0,2022-06-23 08:00:00+00:00,20687.36193,stop,12.0,3.54035,20,5000.0,-177.01749999999979,6.1062104999999995,-1.2957499999999995,-181.8279604999998,in-sample-overlap
T-CHOCH,-1,2022-06-22 20:00:00+00:00,19866.0,2022-06-23 09:00:00+00:00,20706.565008266945,stop,13.0,4.231173906508342,20,5000.0,-211.55869532541664,6.12693521719525,-1.3843999999999994,-216.30123054261188,in-sample-overlap
T-CHOCH,-1,2022-06-27 13:00:00+00:00,20726.5,2022-06-30 09:00:00+00:00,18972.551480535094,target,68.0,4.231173906508342,20,5000.0,423.1173906508349,5.7461295656094995,-11.130999999999997,428.50226108522537,in-sample-overlap
T-DIVER,-1,2022-07-07 04:00:00+00:00,20432.0,2022-07-07 16:00:00+00:00,21155.364311999998,stop,12.0,3.54035,20,5000.0,-177.01749999999947,6.106210499999999,-5.0966000000000005,-178.02711049999948,in-sample-overlap
T-DONCH,1,2022-07-18 00:00:00+00:00,22485.689453125,2022-08-19 00:00:00+00:00,22485.701171875,structure_floor,768.0,15.502021120551241,10,2500.0,0.0013029120170441738,3.0000007817472096,0.0,-2.9986978697301656,transfer-assumption
T-DIVER,-1,2022-08-31 12:00:00+00:00,20134.5,2022-09-02 12:00:00+00:00,20346.5,max_hold,48.0,3.54035,20,5000.0,-52.645955946261395,6.031587573567758,-16.730449999999998,-41.94709351982915,in-sample-overlap
T-DIVER,-1,2022-09-03 20:00:00+00:00,19821.5,2022-09-05 20:00:00+00:00,19780.0,max_hold,48.0,3.54035,20,5000.0,10.468430744393714,5.9937189415533645,-22.150400000000005,26.625111802840355,in-sample-overlap
T-CHOCH,-1,2022-09-06 17:00:00+00:00,19097.5,2022-09-09 03:00:00+00:00,19905.54843679543,stop,58.0,4.231173906508342,20,5000.0,-211.55869532541706,6.12693521719525,-13.390200000000013,-204.29543054261228,in-sample-overlap
T-DONCH,1,2022-09-12 00:00:00+00:00,22370.44921875,2022-09-19 00:00:00+00:00,18644.466796875,structure_floor,168.0,16.655822980756383,10,2500.0,-416.39557451890965,2.750162655288654,0.0,-419.1457371741983,transfer-assumption
T-DIVER,-1,2022-09-19 00:00:00+00:00,18768.0,2022-09-19 16:00:00+00:00,19432.452888,stop,16.0,3.54035,20,5000.0,-177.01749999999996,6.1062104999999995,-3.0369499999999996,-180.08676049999997,in-sample-overlap
T-CHOCH,-1,2022-09-23 13:00:00+00:00,18629.5,2022-09-27 01:00:00+00:00,19417.74654291297,stop,84.0,4.231173906508342,20,5000.0,-211.55869532541658,6.12693521719525,-17.0839,-200.60173054261182,in-sample-overlap
T-CHOCH,-1,2022-09-28 02:00:00+00:00,18627.0,2022-09-28 14:00:00+00:00,19415.14076356531,stop,12.0,4.231173906508342,20,5000.0,-211.558695325417,6.12693521719525,-1.3247499999999999,-216.36088054261225,in-sample-overlap
T-DIVER,1,2022-10-10 04:00:00+00:00,19403.5,2022-10-12 04:00:00+00:00,19108.0,max_hold,48.0,3.54035,20,5000.0,-76.14605612389516,5.954312366325662,24.0,-106.10036849022083,in-sample-overlap
T-CHOCH,1,2022-10-20 14:00:00+00:00,19314.0,2022-10-26 14:00:00+00:00,20948.417856606044,target,144.0,4.231173906508342,20,5000.0,423.1173906508345,6.2538704343905005,6.954499999999994,409.90902021644405,in-sample-overlap
T-DONCH,1,2022-10-26 00:00:00+00:00,20770.44140625,2022-11-08 00:00:00+00:00,18770.970703125,structure_floor,312.0,9.62652003401017,10,2500.0,-240.66300085025424,2.8556021994898475,0.0,-243.5186030497441,transfer-assumption
T-DIVER,-1,2022-11-15 20:00:00+00:00,16878.0,2022-11-17 20:00:00+00:00,16688.5,max_hold,48.0,3.54035,20,5000.0,56.138168029387366,5.966317099182366,66.2362,-16.064349069795,in-sample-overlap
T-DIVER,-1,2022-11-19 08:00:00+00:00,16666.0,2022-11-21 08:00:00+00:00,16079.0,max_hold,48.0,3.54035,20,5000.0,176.10704428177127,5.894335773430936,-4.67,174.88270850834033,in-sample-overlap
T-CHOCH,-1,2022-11-16 13:00:00+00:00,16495.0,2022-11-26 13:00:00+00:00,16592.5,max_hold,240.0,4.231173906508342,20,5000.0,-29.55441042740224,6.017732646256441,123.7714,-159.34354307365868,in-sample-overlap
T-DIVER,-1,2022-11-25 08:00:00+00:00,16511.0,2022-11-27 08:00:00+00:00,16541.5,max_hold,48.0,3.54035,20,5000.0,-9.236266731270062,6.005541760038762,25.79810000000001,-41.039908491308836,in-sample-overlap
T-DONCH,1,2022-12-13 00:00:00+00:00,17781.318359375,2022-12-16 00:00:00+00:00,16750.55859375,structure_floor,72.0,5.796869190419414,14,3500.0,-202.89042166467945,4.0782657470011925,0.0,-206.96868741168063,transfer-assumption
T-DIVER,-1,2022-12-28 08:00:00+00:00,16674.0,2022-12-30 08:00:00+00:00,16503.0,max_hold,48.0,3.54035,20,5000.0,51.277437927311986,5.969233537243612,-24.0,69.30820439006837,in-sample-overlap
T-CHOCH,1,2023-01-06 19:00:00+00:00,16930.5,2023-01-12 02:00:00+00:00,18363.21779648279,target,127.0,4.231173906508342,20,5000.0,423.11739065083424,6.2538704343905005,-29.219050000000017,446.0825702164438,in-sample-overlap
T-DIVER,1,2023-01-20 00:00:00+00:00,21077.5,2023-01-21 08:00:00+00:00,23316.15181375,target,32.0,3.54035,20,5000.0,531.0524999999998,6.3186315,-5.674299999999997,530.4081684999998,in-sample-overlap
T-CHOCH,1,2023-01-25 21:00:00+00:00,23618.0,2023-01-27 01:00:00+00:00,22618.68134676086,stop,28.0,4.231173906508342,20,5000.0,-211.55869532541726,5.87306478280475,14.0,-231.43176010822202,in-sample-overlap
T-DIVER,1,2023-01-26 08:00:00+00:00,22992.5,2023-01-28 08:00:00+00:00,22979.5,max_hold,48.0,3.54035,20,5000.0,-2.827008807219746,5.998303794715667,24.0,-32.825312601935416,in-sample-overlap
T-DIVER,1,2023-02-01 04:00:00+00:00,23072.5,2023-02-03 04:00:00+00:00,23449.0,max_hold,48.0,3.54035,20,5000.0,81.59063820565608,6.048954382923394,24.0,51.54168382273268,in-sample-overlap
T-STRIKES,1,2023-02-05 18:00:00+00:00,22852.0,2023-02-05 22:00:00+00:00,23029.10145821196,target,4.0,0.5166621687728614,20,5000.0,38.749662657964414,6.0232497975947785,2.0,30.726412860369635,in-sample-overlap
T-DIVER,1,2023-02-05 04:00:00+00:00,23382.0,2023-02-07 04:00:00+00:00,22903.5,max_hold,48.0,3.54035,20,5000.0,-102.3222992045163,5.938606620477291,24.0,-132.26090582499359,in-sample-overlap
T-CHOCH,1,2023-02-23 02:00:00+00:00,24529.9,2023-02-24 15:00:00+00:00,23491.99727190741,stop,37.0,4.231173906508342,20,5000.0,-211.55869532541737,5.87306478280475,18.5,-235.93176010822214,in-sample-overlap
T-DONCH,1,2023-01-08 00:00:00+00:00,17091.14453125,2023-03-03 00:00:00+00:00,22861.55859375,structure_floor,1296.0,3.9942902631639696,20,5000.0,1688.1297949207521,7.012877876952451,0.0,1681.1169170437997,transfer-assumption
T-DIVER,-1,2023-03-07 20:00:00+00:00,22188.9,2023-03-09 20:00:00+00:00,20355.6,max_hold,48.0,3.54035,20,5000.0,413.1119613860991,5.752132823168341,-22.327599999999997,429.6874285629308,in-sample-overlap
T-CHOCH,1,2023-03-19 16:00:00+00:00,27913.5,2023-03-22 19:00:00+00:00,26732.431271606794,stop,75.0,4.231173906508342,20,5000.0,-211.55869532541703,5.87306478280475,27.381400000000014,-244.8131601082218,in-sample-overlap
T-DIVER,1,2023-03-24 04:00:00+00:00,28263.9,2023-03-24 20:00:00+00:00,27263.25901635,stop,16.0,3.54035,20,5000.0,-177.0175000000004,5.893789499999999,7.172750000000001,-190.08403950000042,in-sample-overlap
T-DIVER,1,2023-03-26 04:00:00+00:00,27491.5,2023-03-27 12:00:00+00:00,26518.20467975,stop,32.0,3.54035,20,5000.0,-177.01749999999987,5.8937895000000005,3.8087000000000004,-186.71998949999985,in-sample-overlap
T-CHOCH,1,2023-03-26 11:00:00+00:00,27848.0,2023-03-27 15:00:00+00:00,26669.702690515554,stop,28.0,4.231173906508342,20,5000.0,-211.55869532541755,5.87306478280475,4.380800000000003,-221.8125601082223,in-sample-overlap
T-CHOCH,-1,2023-04-24 08:00:00+00:00,27174.9,2023-04-25 22:00:00+00:00,28324.717277919735,stop,38.0,4.231173906508342,20,5000.0,-211.5586953254168,6.12693521719525,-14.685999999999996,-202.99963054261204,in-sample-overlap
T-DONCH,1,2023-03-14 00:00:00+00:00,24746.07421875,2023-05-10 00:00:00+00:00,27070.849609375,structure_floor,1368.0,7.615412482567074,11,2750.0,258.34935544542657,3.4550096132672565,0.0,254.8943458321593,transfer-assumption
T-STRIKES,-1,2023-05-10 13:00:00+00:00,28148.0,2023-05-10 17:00:00+00:00,27899.80823050371,target,4.0,0.5878257057844027,20,5000.0,44.086927933830175,5.973547843239702,-0.3413999999999999,38.454780090590475,in-sample-overlap
T-DIVER,-1,2023-05-17 00:00:00+00:00,27050.0,2023-05-19 00:00:00+00:00,26827.5,max_hold,48.0,3.54035,20,5000.0,41.1275415896488,5.975323475046211,-16.86885,52.021068114602585,in-sample-overlap
T-DIVER,-1,2023-05-22 08:00:00+00:00,26823.6,2023-05-24 08:00:00+00:00,26734.0,max_hold,48.0,3.54035,20,5000.0,16.701710434095077,5.989978973739542,-17.30959999999999,28.021331460355523,in-sample-overlap
T-CHOCH,-1,2023-05-17 07:00:00+00:00,26836.5,2023-05-27 07:00:00+00:00,26713.0,max_hold,240.0,4.231173906508342,20,5000.0,23.009706928995957,5.986194175842603,-80.39919999999995,97.4227127531533,in-sample-overlap
T-DIVER,-1,2023-06-08 08:00:00+00:00,26422.4,2023-06-10 08:00:00+00:00,25717.0,max_hold,48.0,3.54035,20,5000.0,133.48522465786633,5.91990886520528,-11.467250000000002,139.03256579266105,in-sample-overlap
T-DIVER,1,2023-06-28 00:00:00+00:00,30438.9,2023-06-30 00:00:00+00:00,30733.0,max_hold,48.0,3.54035,20,5000.0,48.309892933055814,6.028985935759834,18.909000000000006,23.371906997295973,in-sample-overlap
T-CHOCH,1,2023-06-25 04:00:00+00:00,30883.3,2023-06-30 13:00:00+00:00,29576.573868931308,stop,129.0,4.231173906508342,20,5000.0,-211.55869532541723,5.87306478280475,59.24000000000001,-276.671760108222,in-sample-overlap
T-CHOCH,1,2023-07-06 08:00:00+00:00,31321.1,2023-07-06 14:00:00+00:00,29995.849789568612,stop,6.0,4.231173906508342,20,5000.0,-211.55869532541743,5.87306478280475,2.0862000000000003,-219.51796010822218,in-sample-overlap
T-DONCH,1,2023-06-20 00:00:00+00:00,28327.48828125,2023-07-17 00:00:00+00:00,29777.28515625,structure_floor,648.0,12.462525012627834,10,2500.0,127.94964917165126,3.0767697895029906,0.0,124.87287938214827,transfer-assumption
T-DIVER,-1,2023-07-21 16:00:00+00:00,29861.1,2023-07-23 16:00:00+00:00,30079.9,max_hold,48.0,3.54035,20,5000.0,-36.63629270187684,6.021981775621126,-10.568249999999997,-32.09002447749797,in-sample-overlap
T-DIVER,-1,2023-07-25 00:00:00+00:00,29092.2,2023-07-27 00:00:00+00:00,29394.1,max_hold,48.0,3.54035,20,5000.0,-51.88676002502351,6.031132056015014,-7.677599999999996,-50.24029208103853,in-sample-overlap
T-DIVER,-1,2023-08-01 08:00:00+00:00,28850.1,2023-08-02 00:00:00+00:00,29871.494515349998,stop,16.0,3.54035,20,5000.0,-177.0174999999998,6.1062104999999995,-8.0,-175.12371049999982,in-sample-overlap
T-STRIKES,-1,2023-08-27 10:00:00+00:00,26069.4,2023-08-27 14:00:00+00:00,26104.28780848782,stop,4.0,0.13382666454856276,20,5000.0,-6.691333227427503,6.004014799936456,0.4802,-13.17554802736396,in-sample-overlap
T-DIVER,1,2023-10-29 00:00:00+00:00,33990.0,2023-10-31 00:00:00+00:00,34223.6,max_hold,48.0,3.54035,20,5000.0,34.36304795528075,6.020617828773169,24.0,4.34243012650758,in-sample-overlap
T-STRIKES,1,2023-11-02 16:00:00+00:00,34659.7,2023-11-02 20:00:00+00:00,34919.3,max_hold,4.0,0.9226979757306081,20,5000.0,37.44983366849769,6.0224699002010995,2.3298,29.09756376829659,in-sample-overlap
T-DIVER,1,2023-11-04 16:00:00+00:00,34741.0,2023-11-06 16:00:00+00:00,35087.0,max_hold,48.0,3.54035,20,5000.0,49.79706974468208,6.02987824184681,25.7123,18.054891502835268,in-sample-overlap
T-CHOCH,1,2023-11-04 08:00:00+00:00,34868.0,2023-11-09 14:00:00+00:00,37818.65143544266,target,126.0,4.231173906508342,20,5000.0,423.1173906508348,6.2538704343905005,85.16869999999999,331.6948202164443,in-sample-overlap
T-DIVER,1,2023-11-08 20:00:00+00:00,35641.7,2023-11-10 20:00:00+00:00,37335.2,max_hold,48.0,3.54035,20,5000.0,237.57284304620714,6.142543705827725,64.85939999999997,166.57089934037944,in-sample-overlap
T-DIVER,1,2023-11-29 00:00:00+00:00,37951.0,2023-12-01 00:00:00+00:00,38048.1,max_hold,48.0,3.54035,20,5000.0,12.792811783615523,6.0076756870701695,24.0,-17.214863903454646,in-sample-overlap
T-CHOCH,1,2023-11-22 20:00:00+00:00,37633.5,2023-12-02 20:00:00+00:00,39591.0,max_hold,240.0,4.231173906508342,20,5000.0,260.07413607557095,6.156044481645343,120.0,133.9180915939256,in-sample-overlap
T-CHOCH,1,2023-12-03 22:00:00+00:00,40098.9,2023-12-05 17:00:00+00:00,43492.20838719375,target,43.0,4.231173906508342,20,5000.0,423.1173906508344,6.2538704343905005,33.19839999999999,383.66512021644394,in-sample-overlap
T-CHOCH,1,2023-12-08 20:00:00+00:00,44403.6,2023-12-11 02:00:00+00:00,42524.80646324966,stop,54.0,4.231173906508342,20,5000.0,-211.55869532541706,5.87306478280475,89.26039999999995,-306.69216010822174,in-sample-overlap
T-DIVER,-1,2023-12-20 08:00:00+00:00,42900.0,2023-12-22 04:00:00+00:00,44418.81015,stop,44.0,3.54035,20,5000.0,-177.0174999999997,6.1062104999999995,-45.66294999999998,-137.4607604999997,in-sample-overlap
T-STRIKES,1,2023-12-24 23:00:00+00:00,43022.3,2023-12-25 00:00:00+00:00,42797.09260864883,stop,1.0,0.5234666471833672,20,5000.0,-26.173332359168427,5.984296000584498,0.5,-32.65762835975293,in-sample-overlap
T-DONCH,1,2023-10-01 00:00:00+00:00,27983.75,2024-01-18 00:00:00+00:00,40813.53515625,structure_floor,2616.0,7.047951936391655,12,3000.0,1375.4180718720686,4.425250843123242,0.0,1370.9928210289454,transfer-assumption
T-STRIKES,-1,2024-01-27 22:00:00+00:00,42124.6,2024-01-28 02:00:00+00:00,42076.4,max_hold,4.0,0.416040383913801,20,5000.0,5.721122574457334,5.996567326455326,-0.6017000000000001,0.3262552480020089,val-overlap
T-DIVER,1,2024-02-02 08:00:00+00:00,43132.0,2024-02-04 08:00:00+00:00,43039.3,max_hold,48.0,3.54035,20,5000.0,-10.746081795418377,5.993552350922748,20.755199999999988,-37.49483414634111,val-overlap
T-CHOCH,1,2024-02-05 10:00:00+00:00,43128.5,2024-02-09 10:00:00+00:00,46778.1836765369,target,96.0,4.231173906508342,20,5000.0,423.11739065083424,6.2538704343905005,35.700800000000015,381.16272021644374,val-overlap
T-STRIKES,1,2024-02-13 15:00:00+00:00,48749.0,2024-02-13 17:00:00+00:00,48310.192325135664,stop,2.0,0.9001367717580666,20,5000.0,-45.00683858790295,5.972995896847259,1.0,-51.97983448475021,val-overlap
T-DIVER,1,2024-02-25 04:00:00+00:00,51749.9,2024-02-27 00:00:00+00:00,57246.28275395,target,44.0,3.54035,20,5000.0,531.0524999999998,6.3186315,22.8154,501.91846849999973,val-overlap
T-CHOCH,1,2024-02-18 22:00:00+00:00,52278.1,2024-02-27 02:00:00+00:00,56702.05465203668,target,196.0,4.231173906508342,20,5000.0,423.1173906508345,6.2538704343905005,108.78859999999997,308.07492021644407,val-overlap
T-FORENSIC,-1,2024-02-28 14:00:00+00:00,61042.3,2024-02-28 16:00:00+00:00,62073.91487,stop,2.0,1.69,20,5000.0,-84.4999999999998,6.0507,-3.4761,-87.0745999999998,val-overlap
T-FORENSIC,-1,2024-02-28 17:00:00+00:00,61469.9,2024-02-28 23:00:00+00:00,62508.74131,stop,6.0,1.69,20,5000.0,-84.49999999999969,6.0507,-15.093,-75.45769999999969,val-overlap
T-FORENSIC,-1,2024-02-29 00:00:00+00:00,61427.2,2024-02-29 04:00:00+00:00,62465.31967999999,stop,4.0,1.69,20,5000.0,-84.49999999999969,6.0507,-12.2864,-78.2642999999997,val-overlap
T-FORENSIC,-1,2024-02-29 05:00:00+00:00,62636.9,2024-02-29 06:00:00+00:00,63695.46361,stop,1.0,1.69,20,5000.0,-84.49999999999979,6.0507,-3.0716,-87.47909999999979,val-overlap
T-FORENSIC,-1,2024-02-29 07:00:00+00:00,62783.0,2024-03-02 07:00:00+00:00,62079.9,max_hold,48.0,1.69,20,5000.0,55.99445709825897,5.9664033257410445,-109.62159999999997,159.6496537725179,val-overlap
T-CHOCH,1,2024-03-03 13:00:00+00:00,62465.9,2024-03-04 20:00:00+00:00,67751.9817225312,target,31.0,4.231173906508342,20,5000.0,423.117390650835,6.253870434390501,89.506,327.3575202164445,val-overlap
T-FORENSIC,-1,2024-03-05 01:00:00+00:00,68642.1,2024-03-05 05:00:00+00:00,65161.945530000005,target,4.0,1.69,20,5000.0,253.50000000000009,5.8479,-16.0058,263.6579000000001,val-overlap
T-FORENSIC,-1,2024-03-05 13:00:00+00:00,67861.3,2024-03-05 15:00:00+00:00,69008.15596999999,stop,2.0,1.69,20,5000.0,-84.49999999999923,6.0507,-11.278799999999999,-79.27189999999923,val-overlap
T-FORENSIC,-1,2024-03-05 23:00:00+00:00,63750.1,2024-03-06 05:00:00+00:00,64827.476689999996,stop,6.0,1.69,20,5000.0,-84.4999999999998,6.0507,-8.4519,-82.09879999999981,val-overlap
T-FORENSIC,-1,2024-03-06 06:00:00+00:00,65818.0,2024-03-06 08:00:00+00:00,66930.32419999999,stop,2.0,1.69,20,5000.0,-84.4999999999991,6.0507,-2.61935,-87.93134999999911,val-overlap
T-FORENSIC,-1,2024-03-06 16:00:00+00:00,67174.0,2024-03-08 14:00:00+00:00,68309.24059999999,stop,46.0,1.69,20,5000.0,-84.49999999999926,6.0507,-86.14039999999996,-4.41029999999931,val-overlap
T-FORENSIC,-1,2024-03-08 19:00:00+00:00,68940.8,2024-03-10 19:00:00+00:00,69469.1,max_hold,48.0,1.69,20,5000.0,-38.315482268845365,6.022989289361307,-95.40960000000001,51.07112844179334,val-overlap
T-DIVER,1,2024-03-12 08:00:00+00:00,72108.0,2024-03-12 16:00:00+00:00,69555.124422,stop,8.0,3.54035,20,5000.0,-177.01750000000047,5.8937895000000005,20.9537,-203.86498950000046,val-overlap
T-FORENSIC,-1,2024-03-14 22:00:00+00:00,71607.2,2024-03-15 02:00:00+00:00,67976.71496,target,4.0,1.69,20,5000.0,253.5,5.8479,-10.107050000000001,257.75915,val-overlap
T-CHOCH,1,2024-03-11 07:00:00+00:00,71202.1,2024-03-15 02:00:00+00:00,68189.41532391403,stop,91.0,4.231173906508342,20,5000.0,-211.55869532541718,5.87306478280475,246.53615000000008,-463.967910108222,val-overlap
T-STRIKES,1,2024-03-15 05:00:00+00:00,67489.9,2024-03-15 06:00:00+00:00,68502.24849999999,target,1.0,1.0,20,5000.0,74.99999999999947,6.045,2.5472500000000005,66.40774999999947,val-overlap
T-FORENSIC,-1,2024-03-17 16:00:00+00:00,68056.2,2024-03-19 06:00:00+00:00,64605.75066,target,38.0,1.69,20,5000.0,253.49999999999997,5.8479,-31.772250000000003,279.42434999999995,val-overlap
T-DIVER,-1,2024-03-22 08:00:00+00:00,64229.5,2024-03-24 08:00:00+00:00,65350.0,max_hold,48.0,3.54035,20,5000.0,-87.22627453117337,6.052335764718705,-24.0,-69.27861029589208,val-overlap
T-DIVER,1,2024-03-30 20:00:00+00:00,69638.7,2024-04-01 20:00:00+00:00,69706.8,max_hold,48.0,3.54035,20,5000.0,4.8895226361208515,6.0029337135816725,99.27234999999999,-100.38576107746081,val-overlap
T-CHOCH,1,2024-03-31 05:00:00+00:00,70424.4,2024-04-02 02:00:00+00:00,67444.62116338493,stop,45.0,4.231173906508342,20,5000.0,-211.55869532541732,5.87306478280475,92.2339,-309.6656601082221,val-overlap
T-DONCH,1,2024-02-07 00:00:00+00:00,44318.22265625,2024-04-13 00:00:00+00:00,64559.8984375,structure_floor,1584.0,13.078882178914657,10,2500.0,1141.8370688200087,3.685102241292005,0.0,1138.1519665787166,transfer-assumption
T-STRIKES,-1,2024-04-29 23:00:00+00:00,63827.9,2024-04-30 00:00:00+00:00,64315.13744298577,stop,1.0,0.7633612307247584,20,5000.0,-38.168061536237786,6.022900836921743,-0.07150000000000001,-44.11946237315953,val-overlap
T-CHOCH,-1,2024-04-24 14:00:00+00:00,65210.1,2024-04-30 19:00:00+00:00,59691.794528784005,target,149.0,4.231173906508342,20,5000.0,423.1173906508343,5.7461295656094995,-32.432399999999994,449.80366108522475,val-overlap
T-STRIKES,-1,2024-05-02 12:00:00+00:00,58516.3,2024-05-02 14:00:00+00:00,59101.463,stop,2.0,1.0,20,5000.0,-50.00000000000004,6.03,-1.0,-55.030000000000044,val-overlap
T-DIVER,-1,2024-05-15 00:00:00+00:00,61927.5,2024-05-15 12:00:00+00:00,64119.950246249995,stop,12.0,3.54035,20,5000.0,-177.0174999999996,6.1062104999999995,-3.2056499999999994,-179.9180604999996,val-overlap
T-CHOCH,-1,2024-05-06 14:00:00+00:00,63213.4,2024-05-15 19:00:00+00:00,65888.06888621674,stop,221.0,4.231173906508342,20,5000.0,-211.55869532541698,6.12693521719525,-77.56969999999991,-140.11593054261232,val-overlap
T-DIVER,1,2024-05-25 04:00:00+00:00,68764.0,2024-05-27 04:00:00+00:00,68680.1,max_hold,48.0,3.54035,20,5000.0,-6.100575882728911,5.996339654470361,24.0,-36.09691553719927,val-overlap
T-DIVER,1,2024-05-31 00:00:00+00:00,68534.7,2024-06-02 00:00:00+00:00,67816.1,max_hold,48.0,3.54035,20,5000.0,-52.42599734149207,5.968544401595105,24.0,-82.39454174308717,val-overlap
T-CHOCH,1,2024-05-25 10:00:00+00:00,69396.1,2024-06-04 10:00:00+00:00,68943.5,max_hold,240.0,4.231173906508342,20,5000.0,-32.609901709174274,5.980434058974495,121.21245000000003,-159.8027857681488,val-overlap
T-DONCH,1,2024-05-15 00:00:00+00:00,66267.4921875,2024-06-11 00:00:00+00:00,66633.421875,structure_floor,648.0,9.14281005286458,10,2500.0,13.805022471071611,3.008283013482643,0.0,10.796739457588968,transfer-assumption
T-DIVER,-1,2024-06-13 20:00:00+00:00,66742.5,2024-06-15 20:00:00+00:00,66184.0,max_hold,48.0,3.54035,20,5000.0,41.83990710566731,5.9748960557366,-12.169999999999993,48.0350110499307,val-overlap
T-DIVER,-1,2024-06-21 16:00:00+00:00,64209.5,2024-06-23 16:00:00+00:00,64124.0,max_hold,48.0,3.54035,20,5000.0,6.6578933023929485,5.996005264018565,0.4351999999999998,0.22668803837438412,val-overlap
T-CHOCH,-1,2024-06-17 09:00:00+00:00,65689.5,2024-06-24 16:00:00+00:00,60130.626033368404,target,175.0,4.231173906508342,20,5000.0,423.1173906508343,5.7461295656094995,-25.67360000000003,443.0448610852248,val-overlap
T-DIVER,-1,2024-06-28 20:00:00+00:00,60406.1,2024-06-30 20:00:00+00:00,62544.68736134999,stop,48.0,3.54035,20,5000.0,-177.01749999999947,6.1062104999999995,8.776349999999997,-191.90006049999948,val-overlap
T-CHOCH,-1,2024-07-02 14:00:00+00:00,62011.4,2024-07-04 13:00:00+00:00,56763.77964827897,target,47.0,4.231173906508342,20,5000.0,423.11739065083435,5.7461295656094995,-7.421449999999999,424.7927110852248,val-overlap
T-CHOCH,-1,2024-07-07 23:00:00+00:00,55840.0,2024-07-09 18:00:00+00:00,58202.68750939425,stop,43.0,4.231173906508342,20,5000.0,-211.55869532541644,6.12693521719525,-15.676000000000002,-202.00963054261166,val-overlap
T-STRIKES,1,2024-07-29 17:00:00+00:00,66990.0,2024-07-29 21:00:00+00:00,67475.1,max_hold,4.0,0.8933990990278978,20,5000.0,36.206896551724576,6.0217241379310344,2.0,28.18517241379354,val-overlap
T-DONCH,1,2024-07-15 00:00:00+00:00,64870.15234375,2024-08-01 00:00:00+00:00,63473.47265625,structure_floor,408.0,17.192463622793586,10,2500.0,-53.82597531523159,2.967704414810861,0.0,-56.79367973004245,transfer-assumption
T-CHOCH,1,2024-07-26 09:00:00+00:00,67274.6,2024-08-01 00:00:00+00:00,64428.094679092144,stop,135.0,4.231173906508342,20,5000.0,-211.55869532541712,5.87306478280475,52.49520000000001,-269.9269601082219,val-overlap
T-DIVER,-1,2024-08-10 04:00:00+00:00,60817.9,2024-08-12 04:00:00+00:00,58657.6,max_hold,48.0,3.54035,20,5000.0,177.60396199145342,5.893437622805127,-13.060800000000011,184.7713243686483,val-overlap
T-CHOCH,-1,2024-08-11 20:00:00+00:00,58478.9,2024-08-13 16:00:00+00:00,60953.24395761311,stop,44.0,4.231173906508342,20,5000.0,-211.558695325417,6.12693521719525,-12.610300000000002,-205.07533054261225,val-overlap
T-STRIKES,-1,2024-08-15 14:00:00+00:00,59405.5,2024-08-15 18:00:00+00:00,58576.61512939661,target,4.0,0.930199920437659,20,5000.0,69.76499403282436,5.958141003580305,-0.9168000000000001,64.72365302924405,val-overlap
T-CHOCH,-1,2024-08-15 01:00:00+00:00,58165.3,2024-08-20 00:00:00+00:00,60626.374996242295,stop,119.0,4.231173906508342,20,5000.0,-211.55869532541672,6.12693521719525,-20.205499999999997,-197.48013054261196,val-overlap
T-STRIKES,-1,2024-08-20 01:00:00+00:00,60425.0,2024-08-20 04:00:00+00:00,60918.21721115629,stop,3.0,0.8162469361295681,20,5000.0,-40.81234680647831,6.024487408083886,0.43620000000000003,-47.273034214562195,val-overlap
T-STRIKES,-1,2024-08-29 15:00:00+00:00,60747.0,2024-08-29 18:00:00+00:00,60008.95473740607,target,3.0,0.8099662124263296,20,5000.0,60.74746593197432,5.963551520440816,-0.09240000000000001,54.8763144115335,val-overlap
T-CHOCH,1,2024-08-29 12:00:00+00:00,60294.1,2024-08-30 16:00:00+00:00,57742.95177363595,stop,28.0,4.231173906508342,20,5000.0,-211.5586953254174,5.87306478280475,-3.3188999999999975,-214.11286010822218,val-overlap
T-DONCH,1,2024-08-23 00:00:00+00:00,64094.35546875,2024-09-04 00:00:00+00:00,56161.59375,structure_floor,288.0,12.376693174826785,10,2500.0,-309.4173293706696,2.814349602377598,0.0,-312.2316789730472,transfer-assumption
T-DIVER,-1,2024-09-04 08:00:00+00:00,56540.0,2024-09-06 08:00:00+00:00,55977.3,max_hold,48.0,3.54035,20,5000.0,49.76123098691166,5.970143261407854,4.3417,39.449387725503804,val-overlap
T-CHOCH,-1,2024-09-03 23:00:00+00:00,57450.2,2024-09-06 21:00:00+00:00,52588.564256726284,target,70.0,4.231173906508342,20,5000.0,423.1173906508344,5.7461295656094995,3.0214000000000003,414.34986108522486,val-overlap
T-DIVER,-1,2024-09-11 04:00:00+00:00,56687.0,2024-09-13 04:00:00+00:00,58085.0,max_hold,48.0,3.54035,20,5000.0,-123.30869511528218,6.07398521706917,-9.536549999999993,-119.84613033235136,val-overlap
T-CHOCH,-1,2024-09-11 05:00:00+00:00,56220.0,2024-09-13 15:00:00+00:00,58598.76597023899,stop,58.0,4.231173906508342,20,5000.0,-211.55869532541678,6.12693521719525,-8.084299999999992,-209.60133054261203,val-overlap
T-DIVER,1,2024-09-18 00:00:00+00:00,60490.1,2024-09-20 00:00:00+00:00,63730.0,max_hold,48.0,3.54035,20,5000.0,267.8041530762886,6.160682491845773,14.78475,246.85872058444286,val-overlap
T-CHOCH,1,2024-09-18 23:00:00+00:00,61743.7,2024-09-28 23:00:00+00:00,65823.0,max_hold,240.0,4.231173906508342,20,5000.0,330.3413951544856,6.198204837092692,65.83959999999996,258.30359031739295,val-overlap
T-DIVER,1,2024-09-27 08:00:00+00:00,65417.5,2024-09-29 08:00:00+00:00,65682.0,max_hold,48.0,3.54035,20,5000.0,20.21630297703214,6.012129781786219,17.497999999999994,-3.2938268047540724,val-overlap
T-DONCH,1,2024-09-18 00:00:00+00:00,61649.6796875,2024-10-10 00:00:00+00:00,59878.8046875,structure_floor,528.0,14.681309805061588,10,2500.0,-71.81201139148254,2.9569127931651105,0.0,-74.76892418464766,transfer-assumption
T-CHOCH,-1,2024-10-07 22:00:00+00:00,62420.1,2024-10-14 11:00:00+00:00,65061.20298361641,stop,157.0,4.231173906508342,20,5000.0,-211.55869532541675,6.12693521719525,-42.97200000000001,-174.71363054261198,val-overlap
T-CHOCH,1,2024-10-24 13:00:00+00:00,67883.8,2024-10-29 19:00:00+00:00,73628.36326469263,target,126.0,4.231173906508342,20,5000.0,423.11739065083447,6.2538704343905005,59.647600000000025,357.215920216444,val-overlap
T-DIVER,1,2024-11-06 04:00:00+00:00,73440.8,2024-11-08 04:00:00+00:00,76213.2,max_hold,48.0,3.54035,20,5000.0,188.75066720406053,6.1132504003224355,24.08695,158.5504668037381,val-overlap
T-CHOCH,1,2024-11-06 19:00:00+00:00,75830.8,2024-11-11 10:00:00+00:00,82247.86604539306,target,111.0,4.231173906508342,20,5000.0,423.1173906508346,6.253870434390501,81.51405000000001,335.3494702164441,val-overlap
T-FORENSIC,-1,2024-11-12 00:00:00+00:00,89076.1,2024-11-13 14:00:00+00:00,90581.48608999999,stop,38.0,1.69,20,5000.0,-84.49999999999918,6.0507,-67.66259999999998,-22.8880999999992,val-overlap
T-FORENSIC,-1,2024-11-13 16:00:00+00:00,92326.7,2024-11-14 16:00:00+00:00,87645.73631000001,target,24.0,1.69,20,5000.0,253.49999999999943,5.8479,-23.57209999999999,271.2241999999994,val-overlap
T-CHOCH,1,2024-11-18 06:00:00+00:00,92218.8,2024-11-28 06:00:00+00:00,95536.0,max_hold,240.0,4.231173906508342,20,5000.0,179.85486690349455,6.1079129201420965,285.2186000000004,-111.47164601664792,val-overlap
T-DIVER,1,2024-11-28 04:00:00+00:00,95373.3,2024-11-30 04:00:00+00:00,96866.0,max_hold,48.0,3.54035,20,5000.0,78.25565436028727,6.046953392616173,60.98870000000002,11.22000096767107,val-overlap
T-FORENSIC,-1,2024-12-05 03:00:00+00:00,103140.8,2024-12-05 20:00:00+00:00,97911.56144,target,17.0,1.69,20,5000.0,253.49999999999991,5.8479,-65.85969999999998,313.5117999999999,val-overlap
T-STRIKES,1,2024-12-05 20:00:00+00:00,99135.0,2024-12-05 22:00:00+00:00,98143.65,stop,2.0,1.0,20,5000.0,-50.0000000000003,5.97,6.4806,-62.4506000000003,val-overlap
T-CHOCH,1,2024-12-04 05:00:00+00:00,96570.0,2024-12-05 22:00:00+00:00,92483.95535848489,stop,41.0,4.231173906508342,20,5000.0,-211.55869532541726,5.87306478280475,112.91520000000003,-330.34696010822205,val-overlap
T-CHOCH,1,2024-12-08 23:00:00+00:00,101186.8,2024-12-09 20:00:00+00:00,96905.41052156921,stop,21.0,4.231173906508342,20,5000.0,-211.55869532541755,5.87306478280475,15.090200000000003,-232.52196010822232,val-overlap
T-DIVER,1,2024-12-11 04:00:00+00:00,97300.1,2024-12-13 04:00:00+00:00,100113.4,max_hold,48.0,3.54035,20,5000.0,144.56819674388763,6.086740918046332,24.0,114.4814558258413,val-overlap
T-DONCH,1,2024-10-15 00:00:00+00:00,67041.109375,2024-12-30 00:00:00+00:00,92175.1796875,structure_floor,1824.0,12.150607917576691,10,2500.0,937.2633652253013,3.5623580191351807,0.0,933.7010072061661,transfer-assumption
T-CHOCH,-1,2024-12-27 07:00:00+00:00,95059.6,2025-01-06 02:00:00+00:00,99081.7369908312,stop,235.0,4.231173906508342,20,5000.0,-211.55869532541635,6.12693521719525,-57.3636,-160.3220305426116,val-overlap
T-CHOCH,-1,2025-01-12 09:00:00+00:00,93862.8,2025-01-15 13:00:00+00:00,97834.29830151811,stop,76.0,4.231173906508342,20,5000.0,-211.55869532541678,6.12693521719525,-28.80300000000002,-188.882630542612,val-overlap
T-DIVER,1,2025-01-24 16:00:00+00:00,105734.3,2025-01-26 16:00:00+00:00,105056.7,max_hold,48.0,3.54035,20,5000.0,-32.04258220842271,5.980774450674947,21.075599999999994,-59.09895665909765,val-overlap
T-DONCH,1,2025-01-17 00:00:00+00:00,104462.0390625,2025-02-02 00:00:00+00:00,97795.9375,structure_floor,384.0,12.583428744039121,10,2500.0,-159.53406668884878,2.9042795599866906,0.0,-162.43834624883547,transfer-assumption
T-CHOCH,1,2025-02-07 14:00:00+00:00,99681.7,2025-02-09 21:00:00+00:00,95463.99392003607,stop,55.0,4.231173906508342,20,5000.0,-211.5586953254173,5.87306478280475,4.292499999999999,-221.72426010822204,val-overlap
T-DIVER,-1,2025-02-12 12:00:00+00:00,95767.2,2025-02-14 12:00:00+00:00,96886.3,max_hold,48.0,3.54035,20,5000.0,-58.42814658881151,6.035056887953288,-15.020850000000005,-49.44235347676479,val-overlap
T-CHOCH,1,2025-02-10 07:00:00+00:00,97405.1,2025-02-20 07:00:00+00:00,96838.5,max_hold,240.0,4.231173906508342,20,5000.0,-29.084719383276944,5.982549168370033,61.6572000000001,-96.72446855164708,val-overlap
T-CHOCH,-1,2025-02-21 18:00:00+00:00,96510.1,2025-02-25 07:00:00+00:00,88343.07966330978,target,85.0,4.231173906508342,20,5000.0,423.1173906508348,5.7461295656094995,-63.40434999999998,480.77561108522525,val-overlap
T-DIVER,-1,2025-03-04 00:00:00+00:00,83939.9,2025-03-04 16:00:00+00:00,86911.66624964999,stop,16.0,3.54035,20,5000.0,-177.0174999999999,6.1062104999999995,0.9929500000000008,-184.1166604999999,val-overlap
T-STRIKES,-1,2025-03-05 11:00:00+00:00,89776.5,2025-03-05 12:00:00+00:00,90674.265,stop,1.0,1.0,20,5000.0,-49.99999999999997,6.03,-0.5,-55.52999999999997,val-overlap
T-CHOCH,-1,2025-03-07 02:00:00+00:00,87203.8,2025-03-07 14:00:00+00:00,90893.54443108372,stop,12.0,4.231173906508342,20,5000.0,-211.55869532541678,6.12693521719525,-3.1495000000000006,-214.53613054261203,val-overlap
T-DIVER,-1,2025-04-05 16:00:00+00:00,82827.7,2025-04-07 16:00:00+00:00,78091.6,max_hold,48.0,3.54035,20,5000.0,285.9007312770964,5.828459561233743,-7.907750000000002,287.9800217158627,val-overlap
T-DIVER,-1,2025-04-11 04:00:00+00:00,81222.0,2025-04-11 16:00:00+00:00,84097.543077,stop,12.0,3.54035,20,5000.0,-177.01749999999967,6.1062104999999995,-2.04455,-181.0791604999997,val-overlap
T-DIVER,1,2025-04-17 08:00:00+00:00,84527.3,2025-04-19 08:00:00+00:00,85194.0,max_hold,48.0,3.54035,20,5000.0,39.436962969360025,6.023662177781617,-0.8428500000000005,34.256150791578406,sealed-overlap
T-CHOCH,1,2025-04-17 17:00:00+00:00,85075.4,2025-04-22 21:00:00+00:00,92274.7762513152,target,124.0,4.231173906508342,20,5000.0,423.1173906508347,6.2538704343905005,15.45180000000001,401.4117202164442,val-overlap
T-DIVER,1,2025-04-21 16:00:00+00:00,87359.9,2025-04-23 16:00:00+00:00,93427.9,max_hold,48.0,3.54035,20,5000.0,347.298932347679,6.208379359408608,7.056450000000004,334.03410298827043,sealed-overlap
T-DIVER,1,2025-04-29 08:00:00+00:00,95084.4,2025-05-01 08:00:00+00:00,96138.2,max_hold,48.0,3.54035,20,5000.0,55.41392699538531,6.033248356197231,4.886350000000002,44.494328639188076,sealed-overlap
T-DIVER,1,2025-05-01 20:00:00+00:00,96430.9,2025-05-03 20:00:00+00:00,95815.5,max_hold,48.0,3.54035,20,5000.0,-31.90885908977279,5.980854684546136,-7.570150000000003,-30.319563774318926,sealed-overlap
T-CHOCH,1,2025-04-28 06:00:00+00:00,94540.0,2025-05-08 06:00:00+00:00,99002.1,max_hold,240.0,4.231173906508342,20,5000.0,235.99005711868023,6.1415940342712085,11.488949999999994,218.35951308440903,sealed-overlap
T-DIVER,1,2025-05-06 08:00:00+00:00,93777.5,2025-05-08 08:00:00+00:00,99376.0,max_hold,48.0,3.54035,20,5000.0,298.49910692863426,6.17909946415718,8.87975,283.4402574644771,sealed-overlap
T-DIVER,1,2025-05-14 00:00:00+00:00,103534.4,2025-05-16 00:00:00+00:00,103971.6,max_hold,48.0,3.54035,20,5000.0,21.113755428148117,6.012668253256889,1.2769500000000025,13.824137174891225,sealed-overlap
T-DIVER,1,2025-05-20 12:00:00+00:00,105287.3,2025-05-22 12:00:00+00:00,111256.6,max_hold,48.0,3.54035,20,5000.0,283.4767346109171,6.1700860407665505,13.858400000000003,263.44824857015055,sealed-overlap
T-DIVER,1,2025-05-25 04:00:00+00:00,107631.0,2025-05-27 04:00:00+00:00,109494.0,max_hold,48.0,3.54035,20,5000.0,86.54569780081947,6.051927418680491,21.644499999999994,58.84927038213898,sealed-overlap
T-CHOCH,1,2025-05-20 19:00:00+00:00,106986.0,2025-05-30 19:00:00+00:00,104609.3,max_hold,240.0,4.231173906508342,20,5000.0,-111.07528087787173,5.933354831473277,60.77639999999998,-177.78503570934498,sealed-overlap
T-NEWS,1,2025-06-18 19:00:00+00:00,103761.2,2025-06-19 19:00:00+00:00,104210.1,max_hold_24h,24.0,0.6256354976619358,20,5000.0,21.63139979105912,6.012978839874635,1.7588,13.859620951184485,in-sample-overlap
T-DONCH,1,2025-04-22 00:00:00+00:00,93441.890625,2025-06-20 00:00:00+00:00,102822.0234375,structure_floor,1416.0,20.339069351423454,10,2500.0,250.96166049722413,3.1505769962983345,0.0,247.8110835009258,transfer-assumption
T-NEWS,1,2025-06-20 12:00:00+00:00,105934.0,2025-06-20 13:00:00+00:00,105493.26789999999,structure_floor,1.0,0.41604404629298275,20,5000.0,-20.802202314649136,5.98751867861121,0.32125000000000004,-27.110970993260345,in-sample-overlap
T-NEWS,1,2025-06-20 15:00:00+00:00,104166.3,2025-06-20 17:00:00+00:00,103517.2139,structure_floor,2.0,0.6231248493994703,20,5000.0,-31.156242469973513,5.9813062545180165,0.0709,-37.20844872449153,in-sample-overlap
T-NEWS,-1,2025-06-20 18:00:00+00:00,103131.2,2025-06-20 20:00:00+00:00,103704.18199999999,structure_floor,2.0,0.5555855066168037,20,5000.0,-27.779275330840186,6.016667565198505,-0.0709,-33.72504289603869,in-sample-overlap
T-NEWS,1,2025-06-20 23:00:00+00:00,103243.9,2025-06-21 18:00:00+00:00,102614.4304,structure_floor,19.0,0.6096918074578709,20,5000.0,-30.484590372893546,5.981709245776265,0.7070000000000002,-37.17329961866981,in-sample-overlap
T-NEWS,1,2025-06-21 20:00:00+00:00,102720.0,2025-06-21 21:00:00+00:00,101815.23520000001,structure_floor,1.0,0.8808068535825447,20,5000.0,-44.040342679127235,5.973575794392524,0.1694,-50.18331847351976,in-sample-overlap
T-NEWS,1,2025-06-21 22:00:00+00:00,101727.2,2025-06-21 23:00:00+00:00,101080.845,structure_floor,1.0,0.6353807044723495,20,5000.0,-31.769035223617475,5.98093857886583,0.1694,-37.91937380248331,in-sample-overlap
T-NEWS,-1,2025-06-22 13:00:00+00:00,100804.6,2025-06-23 13:00:00+00:00,102151.4,structure_floor,24.0,2.2506862782055417,20,5000.0,-66.80250702844852,6.04008150421707,-1.2074000000000007,-71.63518853266558,in-sample-overlap
T-DIVER,-1,2025-06-21 16:00:00+00:00,102200.8,2025-06-23 16:00:00+00:00,103109.2,max_hold,48.0,3.54035,20,5000.0,-44.44192217673414,6.026665153306041,-4.323650000000001,-46.14493733004018,sealed-overlap
T-NEWS,-1,2025-06-23 15:00:00+00:00,101382.3,2025-06-23 17:00:00+00:00,102305.99999999999,structure_floor,2.0,0.9111057847375552,20,5000.0,-45.55528923687776,6.027333173542126,0.3379,-51.920522410419885,in-sample-overlap
T-NEWS,1,2025-06-23 19:00:00+00:00,103109.2,2025-06-24 19:00:00+00:00,105580.0,max_hold_24h,24.0,0.7693507465871113,20,5000.0,119.81472070387525,6.071888832422324,3.1143999999999994,110.62843187145292,in-sample-overlap
T-NEWS,-1,2025-06-24 21:00:00+00:00,105932.9,2025-06-25 00:00:00+00:00,106269.9,structure_floor,3.0,0.44808355100256897,20,5000.0,-15.90629540020145,6.009543777240122,0.07575,-21.991589177441572,in-sample-overlap
T-NEWS,-1,2025-06-25 01:00:00+00:00,106343.5,2025-06-25 09:00:00+00:00,106782.3,structure_floor,8.0,0.5941747262408981,20,5000.0,-20.631256259197926,6.0123787537555184,0.3474999999999999,-26.991135012953446,in-sample-overlap
T-NEWS,-1,2025-06-25 14:00:00+00:00,107561.9,2025-06-26 03:00:00+00:00,108090.0,structure_floor,13.0,0.7924460241033261,20,5000.0,-24.548655239448443,6.014729193143669,2.1158,-32.67918443259211,in-sample-overlap
T-NEWS,1,2025-06-26 14:00:00+00:00,107396.7,2025-06-26 15:00:00+00:00,106511.0055,structure_floor,1.0,0.8246943341834505,20,5000.0,-41.23471670917253,5.975259169974497,0.034249999999999996,-47.24422587914703,in-sample-overlap
T-NEWS,-1,2025-06-26 16:00:00+00:00,107149.5,2025-06-26 20:00:00+00:00,107672.04999999999,structure_floor,4.0,0.4876830969813096,20,5000.0,-24.38415484906548,6.014630492909439,0.0132,-30.411985341974923,in-sample-overlap
T-NEWS,-1,2025-06-26 21:00:00+00:00,106966.8,2025-06-27 16:00:00+00:00,107688.9,structure_floor,19.0,1.0343863703504101,20,5000.0,-33.753463691537526,6.020252078214922,-0.03224999999999997,-39.74146576975245,in-sample-overlap
T-NEWS,-1,2025-06-27 17:00:00+00:00,106810.3,2025-06-28 15:00:00+00:00,107444.3,structure_floor,22.0,0.8997699660051431,20,5000.0,-29.678785660184456,6.01780727139611,0.28690000000000027,-35.98349293158057,in-sample-overlap
T-NEWS,-1,2025-06-28 19:00:00+00:00,107161.6,2025-06-29 08:00:00+00:00,107444.9,structure_floor,13.0,0.4139075004479063,20,5000.0,-13.218354335880965,6.007931012601528,-2.92095,-16.30533534848249,in-sample-overlap
T-NEWS,-1,2025-06-29 13:00:00+00:00,108000.3,2025-06-30 00:00:00+00:00,108492.30339999999,structure_floor,11.0,0.4555574382663631,20,5000.0,-22.77787191331815,6.013666723147991,-0.5362999999999999,-28.255238636466142,in-sample-overlap
T-NEWS,-1,2025-06-30 13:00:00+00:00,107475.7,2025-07-01 13:00:00+00:00,106766.9,max_hold_24h,24.0,0.6228057132914656,20,5000.0,32.97489572061419,5.980215062567631,0.6594,26.33528065804656,in-sample-overlap
T-NEWS,1,2025-07-01 15:00:00+00:00,105909.6,2025-07-01 20:00:00+00:00,105233.35,structure_floor,5.0,0.6385162440420887,20,5000.0,-31.925812202104435,5.980844512678738,0.46975,-38.37640671478317,in-sample-overlap
T-NEWS,-1,2025-07-01 21:00:00+00:00,105749.9,2025-07-02 05:00:00+00:00,106383.19499999999,structure_floor,8.0,0.5988610863934607,20,5000.0,-29.943054319673035,6.017965832591804,-1.6845999999999999,-34.27642015226483,in-sample-overlap
T-NEWS,1,2025-07-02 14:00:00+00:00,108100.0,2025-07-03 14:00:00+00:00,109674.9,max_hold_24h,24.0,0.762899444958361,20,5000.0,72.84458834412554,6.043706753006475,6.76765,60.03323159111906,in-sample-overlap
T-NEWS,-1,2025-07-03 15:00:00+00:00,109063.1,2025-07-04 15:00:00+00:00,107552.9,max_hold_24h,24.0,0.9696899317917687,20,5000.0,69.23514919344909,5.95845891048393,-6.03,69.30669028296516,in-sample-overlap
T-NEWS,1,2025-07-04 17:00:00+00:00,107844.7,2025-07-04 19:00:00+00:00,107264.239,structure_floor,2.0,0.5382378549896246,20,5000.0,-26.91189274948123,5.983852864350311,0.2892,-33.18494561383154,in-sample-overlap
T-NEWS,1,2025-07-04 22:00:00+00:00,108192.3,2025-07-05 22:00:00+00:00,108138.4,max_hold_24h,24.0,0.6199473530001675,20,5000.0,-2.4909351220007676,5.9985054389267995,8.935100000000002,-17.424540560927568,in-sample-overlap
T-NEWS,-1,2025-07-06 15:00:00+00:00,108860.0,2025-07-06 21:00:00+00:00,109088.6,structure_floor,6.0,0.3657855961785629,20,5000.0,-10.499724416682245,6.00629983465001,-1.4439,-15.062124251332257,in-sample-overlap
T-NEWS,1,2025-07-06 22:00:00+00:00,109189.7,2025-07-07 00:00:00+00:00,108831.1242,structure_floor,2.0,0.32839709239973314,20,5000.0,-16.41985461998666,5.990148087228008,0.6741500000000001,-23.084152707214667,in-sample-overlap
T-NEWS,1,2025-07-07 01:00:00+00:00,108977.0,2025-07-07 12:00:00+00:00,108286.164,structure_floor,11.0,0.633928260091575,20,5000.0,-31.69641300457875,5.980982152197253,4.38625,-42.063645156776005,in-sample-overlap
T-NEWS,1,2025-07-07 15:00:00+00:00,108244.4,2025-07-07 16:00:00+00:00,107831.2329,structure_floor,1.0,0.3816983603770647,20,5000.0,-19.084918018853237,5.988549049188689,0.1464,-25.219867068041925,in-sample-overlap
T-NEWS,-1,2025-07-07 17:00:00+00:00,107892.0,2025-07-08 10:00:00+00:00,108482.3,structure_floor,17.0,0.6948152782411896,20,5000.0,-27.356059763467307,6.016413635858081,0.6172500000000001,-33.989723399325385,in-sample-overlap
T-NEWS,1,2025-07-08 16:00:00+00:00,108383.5,2025-07-09 16:00:00+00:00,109350.0,max_hold_24h,24.0,0.6252701748882465,20,5000.0,44.5870450760494,6.0267522270456295,5.055,33.50529284900377,in-sample-overlap
T-DIVER,-1,2025-07-08 04:00:00+00:00,108427.9,2025-07-10 04:00:00+00:00,111190.8,max_hold,48.0,3.54035,20,5000.0,-127.40724481429636,6.076444346888579,-10.37435,-123.10933916118495,sealed-overlap
T-NEWS,1,2025-07-09 18:00:00+00:00,109490.8,2025-07-10 18:00:00+00:00,113380.8,max_hold_24h,24.0,0.6803487598958032,20,5000.0,177.64049582248006,6.106584297493488,8.780099999999997,162.75381152498656,in-sample-overlap
T-NEWS,-1,2025-07-10 19:00:00+00:00,113247.4,2025-07-10 21:00:00+00:00,113983.82869999998,structure_floor,2.0,0.6502830970070743,20,5000.0,-32.51415485035372,6.019508492910211,-0.794,-37.739663343263935,in-sample-overlap
T-NEWS,-1,2025-07-10 22:00:00+00:00,115991.5,2025-07-11 03:00:00+00:00,116834.95649999999,structure_floor,5.0,0.7271709564924893,20,5000.0,-36.358547824624466,6.021815128694774,-2.3970000000000002,-39.983362953319244,in-sample-overlap
T-NEWS,1,2025-07-11 05:00:00+00:00,117832.0,2025-07-12 05:00:00+00:00,117641.0,max_hold_24h,24.0,1.1034754565822633,20,5000.0,-8.104759318351551,5.995137144408989,12.0,-26.09989646276054,in-sample-overlap
T-NEWS,-1,2025-07-12 13:00:00+00:00,117472.1,2025-07-13 06:00:00+00:00,117876.07049999999,structure_floor,17.0,0.34388633556391796,20,5000.0,-17.194316778195898,6.0103165900669175,-7.768150000000002,-15.436483368262813,in-sample-overlap
T-NEWS,1,2025-07-13 14:00:00+00:00,118700.0,2025-07-14 14:00:00+00:00,121174.4,max_hold_24h,24.0,0.6416005897219856,20,5000.0,104.22914911541677,6.062537489469251,10.110550000000002,88.05606162594752,in-sample-overlap
T-NEWS,-1,2025-07-14 15:00:00+00:00,119889.3,2025-07-15 15:00:00+00:00,116430.6,max_hold_24h,24.0,1.3814794147601033,20,5000.0,144.24556653512852,5.913452660078922,-12.0,150.3321138750496,in-sample-overlap
T-NEWS,1,2025-07-15 16:00:00+00:00,117221.9,2025-07-16 16:00:00+00:00,119259.9,max_hold_24h,24.0,1.003127913811322,20,5000.0,86.9291489047695,6.0521574893428625,12.0,68.87699141542664,in-sample-overlap
T-NEWS,-1,2025-07-16 17:00:00+00:00,119064.1,2025-07-16 21:00:00+00:00,120042.85139999999,structure_floor,4.0,0.8220373731460442,20,5000.0,-41.101868657302205,6.024661121194382,-2.0,-45.12652977849659,in-sample-overlap
T-NEWS,-1,2025-07-16 22:00:00+00:00,118653.8,2025-07-17 17:00:00+00:00,119246.4,structure_floor,19.0,1.0092204379463554,20,5000.0,-24.971808741059757,6.014983085244635,-9.5,-21.48679182630439,in-sample-overlap
T-NEWS,1,2025-07-17 18:00:00+00:00,119639.2,2025-07-17 19:00:00+00:00,118902.4194,structure_floor,1.0,0.6158354452386828,20,5000.0,-30.79177226193414,5.981524936642839,0.5,-37.27329719857698,in-sample-overlap
T-NEWS,1,2025-07-17 20:00:00+00:00,119480.9,2025-07-18 14:00:00+00:00,118444.0,structure_floor,18.0,1.182340022547531,20,5000.0,-43.39187267588351,5.97396487639447,9.0,-58.36583755227798,in-sample-overlap
T-NEWS,-1,2025-07-18 15:00:00+00:00,117866.2,2025-07-19 10:00:00+00:00,118398.5,structure_floor,19.0,0.6644682699535445,20,5000.0,-22.58068895069167,6.013548413370416,-9.5,-19.094237364062085,in-sample-overlap
T-NEWS,-1,2025-07-19 14:00:00+00:00,117683.9,2025-07-20 14:00:00+00:00,118523.7,structure_floor,24.0,0.7661136315162856,20,5000.0,-35.68032670569224,6.021408196023415,-12.0,-29.701734901715653,in-sample-overlap
T-NEWS,-1,2025-07-20 17:00:00+00:00,118058.1,2025-07-21 06:00:00+00:00,118931.0,structure_floor,13.0,0.7597936100953577,20,5000.0,-36.9690855604145,6.022181451336249,-6.5,-36.49126701175075,in-sample-overlap
T-NEWS,-1,2025-07-21 09:00:00+00:00,118742.4,2025-07-22 07:00:00+00:00,117988.0,structure_floor,22.0,0.638127661222944,20,5000.0,31.766243565903768,5.9809402538604575,-11.0,36.78530331204331,in-sample-overlap
T-NEWS,-1,2025-07-22 15:00:00+00:00,118962.1,2025-07-22 18:00:00+00:00,119595.2125,structure_floor,3.0,0.5321968088996314,20,5000.0,-26.609840444981565,6.015965904266988,-1.5,-31.12580634924855,in-sample-overlap
T-NEWS,-1,2025-07-22 19:00:00+00:00,119333.3,2025-07-23 19:00:00+00:00,118397.8,max_hold_24h,24.0,0.852798841563906,20,5000.0,39.19693832316713,5.976481837006101,-12.572400000000002,45.792856486161035,in-sample-overlap
T-DIVER,-1,2025-07-22 12:00:00+00:00,118962.1,2025-07-24 12:00:00+00:00,119121.2,max_hold,48.0,3.54035,20,5000.0,-6.6870036759602955,6.004012202205576,-24.572400000000002,11.881384121834131,sealed-overlap
T-NEWS,1,2025-07-23 21:00:00+00:00,118187.0,2025-07-24 21:00:00+00:00,118530.0,max_hold_24h,24.0,0.9995795645883194,20,5000.0,14.510902214287526,6.008706541328571,12.0,-3.4978043270410453,in-sample-overlap
T-NEWS,-1,2025-07-24 22:00:00+00:00,118271.2,2025-07-25 19:00:00+00:00,116793.1,structure_floor,21.0,0.6067400178572533,20,5000.0,62.487740041531296,5.962507355975081,-10.5,67.02523268555622,in-sample-overlap
T-NEWS,1,2025-07-25 20:00:00+00:00,117067.5,2025-07-26 20:00:00+00:00,117935.1,max_hold_24h,24.0,0.7213089884041216,20,5000.0,37.05554487795527,6.022233326926774,12.0,19.033311551028497,in-sample-overlap
T-NEWS,-1,2025-07-27 06:00:00+00:00,118261.2,2025-07-27 14:00:00+00:00,118443.7,structure_floor,8.0,0.4547823800198047,20,5000.0,-7.7159710877278425,6.004629582652637,-4.0,-9.72060067038048,in-sample-overlap
T-NEWS,1,2025-07-27 16:00:00+00:00,119099.1,2025-07-28 13:00:00+00:00,118230.9399,structure_floor,21.0,0.7289392615057614,20,5000.0,-36.44696307528807,5.978131822154826,10.5,-52.9250948974429,in-sample-overlap
T-NEWS,1,2025-07-28 15:00:00+00:00,118160.0,2025-07-28 18:00:00+00:00,117534.336,structure_floor,3.0,0.5295057549086021,20,5000.0,-26.47528774543011,5.984114827352742,1.5,-33.95940257278285,in-sample-overlap
T-NEWS,-1,2025-07-29 13:00:00+00:00,118620.0,2025-07-30 13:00:00+00:00,117640.2,max_hold_24h,24.0,0.6407595683695739,20,5000.0,41.299949418310696,5.975220030349014,-12.0,47.32472938796168,in-sample-overlap
T-NEWS,1,2025-07-30 14:00:00+00:00,118683.3,2025-07-30 18:00:00+00:00,117266.4,structure_floor,4.0,1.2262400017525708,20,5000.0,-59.69247568950344,5.964184514586298,2.0,-67.65666020408973,in-sample-overlap
T-NEWS,1,2025-07-30 19:00:00+00:00,116873.2,2025-07-31 19:00:00+00:00,116709.3,max_hold_24h,24.0,1.2683098434884972,20,5000.0,-7.011872696220955,5.995792876382267,12.0,-25.007665572603223,in-sample-overlap
T-DONCH,1,2025-07-09 00:00:00+00:00,111326.5546875,2025-08-01 00:00:00+00:00,114759.8203125,structure_floor,552.0,5.5414957081149,15,3750.0,115.64847335741368,4.569389084014448,0.0,111.07908427339923,transfer-assumption
T-NEWS,-1,2025-07-31 20:00:00+00:00,116449.1,2025-08-01 20:00:00+00:00,113908.8,max_hold_24h,24.0,0.7228222459426363,20,5000.0,109.07340632087336,5.934555956207476,0.7485999999999999,102.39025036466589,in-sample-overlap
T-NEWS,-1,2025-08-01 21:00:00+00:00,113838.3,2025-08-02 21:00:00+00:00,112813.5,max_hold_24h,24.0,0.4913693370333088,20,5000.0,45.01121327356447,5.972993272035861,-11.378,50.416220001528615,in-sample-overlap
T-NEWS,1,2025-08-03 16:00:00+00:00,113952.1,2025-08-04 13:00:00+00:00,114101.2,structure_floor,21.0,0.5153200335930694,20,5000.0,6.542222565445975,6.003925333539267,6.479000000000003,-5.940702768093295,in-sample-overlap
T-NEWS,-1,2025-08-04 14:00:00+00:00,114680.0,2025-08-05 14:00:00+00:00,112972.8,max_hold_24h,24.0,0.9677629054760917,20,5000.0,74.43320544122764,5.955340076735264,-7.5556,76.03346536449237,in-sample-overlap
T-NEWS,-1,2025-08-05 15:00:00+00:00,112882.1,2025-08-05 17:00:00+00:00,113539.59999999999,structure_floor,2.0,0.5824661305911083,20,5000.0,-29.12330652955541,6.017473983917734,-0.4579,-34.682880513473144,in-sample-overlap
T-NEWS,1,2025-08-05 18:00:00+00:00,113610.0,2025-08-06 18:00:00+00:00,115369.9,max_hold_24h,24.0,0.6527805650910977,20,5000.0,77.45356922806066,6.046472141536836,10.447500000000002,60.959597086523814,in-sample-overlap
T-NEWS,-1,2025-08-06 20:00:00+00:00,114983.4,2025-08-07 10:00:00+00:00,115559.4414,structure_floor,14.0,0.5009778802853299,20,5000.0,-25.04889401426649,6.015029336408561,-5.769900000000002,-25.294023350675047,in-sample-overlap
T-NEWS,1,2025-08-07 11:00:00+00:00,116446.2,2025-08-07 16:00:00+00:00,115931.16,structure_floor,5.0,0.4422986752680582,20,5000.0,-22.114933763402913,5.986731039741959,1.904,-30.00566480314487,in-sample-overlap
T-NEWS,1,2025-08-07 17:00:00+00:00,116463.0,2025-08-08 17:00:00+00:00,116649.7,max_hold_24h,24.0,0.6492748769995565,20,5000.0,8.015421206735063,6.0048092527240415,1.4680000000000002,0.542611954011021,in-sample-overlap
T-NEWS,1,2025-08-08 20:00:00+00:00,116843.2,2025-08-09 20:00:00+00:00,116705.5,max_hold_24h,24.0,0.8146986730935118,20,5000.0,-5.8925123584426435,5.996464492584935,3.6767000000000007,-15.565676851027579,in-sample-overlap
T-NEWS,-1,2025-08-09 21:00:00+00:00,116453.9,2025-08-10 02:00:00+00:00,117095.53589999999,structure_floor,5.0,0.5509784558524823,20,5000.0,-27.548922792624115,6.0165293536755735,0.28720000000000007,-33.85265214629969,in-sample-overlap
T-NEWS,-1,2025-08-10 04:00:00+00:00,118483.6,2025-08-10 15:00:00+00:00,119084.68549999999,structure_floor,11.0,0.5073153584124609,20,5000.0,-25.365767920623043,6.015219460752373,-4.0294,-27.351587381375417,in-sample-overlap
T-NEWS,-1,2025-08-10 16:00:00+00:00,118637.8,2025-08-10 23:00:00+00:00,119111.9,structure_floor,7.0,0.5406094853410791,20,5000.0,-19.980984138275964,6.011988590482966,-3.5,-22.49297272875893,in-sample-overlap
T-NEWS,-1,2025-08-11 03:00:00+00:00,121709.4,2025-08-12 03:00:00+00:00,118844.7,max_hold_24h,24.0,0.6640023695786894,20,5000.0,117.68606204615244,5.9293883627723085,-12.0,123.75667368338013,in-sample-overlap
T-NEWS,1,2025-08-12 04:00:00+00:00,119029.9,2025-08-12 05:00:00+00:00,118424.657,structure_floor,1.0,0.5084798021337392,20,5000.0,-25.423990106686965,5.984745605935988,0.5,-31.908735712622953,in-sample-overlap
T-NEWS,-1,2025-08-12 13:00:00+00:00,118800.0,2025-08-12 16:00:00+00:00,120005.94099999999,structure_floor,3.0,1.0151018518518449,20,5000.0,-50.75509259259224,6.030453055555556,-1.1550500000000001,-55.63049564814779,in-sample-overlap
T-NEWS,1,2025-08-12 18:00:00+00:00,119294.2,2025-08-13 18:00:00+00:00,121602.7,max_hold_24h,24.0,0.38808793721739215,20,5000.0,96.75659001024358,6.058053954006146,10.27525,80.42328605623744,in-sample-overlap
T-NEWS,1,2025-08-13 19:00:00+00:00,122748.9,2025-08-14 10:00:00+00:00,121107.7834,structure_floor,15.0,1.3369705146033846,20,5000.0,-66.84852573016924,5.959890884561899,7.5,-80.30841661473114,in-sample-overlap
T-STRIKES,1,2025-08-14 11:00:00+00:00,120974.4,2025-08-14 12:00:00+00:00,120264.50078992163,stop,1.0,0.5868177152177401,20,5000.0,-29.34088576088682,5.982395468543468,0.5,-35.823281229430286,sealed-overlap
T-NEWS,-1,2025-08-14 13:00:00+00:00,118408.5,2025-08-15 13:00:00+00:00,117724.0,max_hold_24h,24.0,1.0387276251282518,20,5000.0,28.9041749536562,5.982657495027807,-11.757999999999996,34.67951745862839,in-sample-overlap
T-NEWS,-1,2025-08-15 14:00:00+00:00,117359.9,2025-08-16 14:00:00+00:00,117717.1,max_hold_24h,24.0,1.052165177373185,20,5000.0,-15.21814520973568,6.009130887125841,-7.722900000000003,-13.504376096861517,in-sample-overlap
T-NEWS,1,2025-08-17 03:00:00+00:00,117628.3,2025-08-18 00:00:00+00:00,117265.0,structure_floor,21.0,0.4498530540694749,20,5000.0,-15.442712340482812,5.9907343725957105,5.527800000000002,-26.961246713078527,in-sample-overlap
T-NEWS,1,2025-08-18 04:00:00+00:00,115432.9,2025-08-18 09:00:00+00:00,114687.4025,structure_floor,5.0,0.6458275760203527,20,5000.0,-32.291378801017636,5.98062517271939,2.4278,-40.699803973737026,in-sample-overlap
T-NEWS,1,2025-08-18 10:00:00+00:00,115008.5,2025-08-19 04:00:00+00:00,114581.7205,structure_floor,18.0,0.3710851806605635,20,5000.0,-18.554259033028174,5.988867444580182,4.651499999999999,-29.194626477608356,in-sample-overlap
T-NEWS,-1,2025-08-19 13:00:00+00:00,115148.3,2025-08-20 13:00:00+00:00,112626.1,max_hold_24h,24.0,0.9015475695255457,20,5000.0,109.51963685091299,5.934288217889452,-7.7341999999999995,111.31954863302354,in-sample-overlap
T-NEWS,1,2025-08-20 14:00:00+00:00,113407.4,2025-08-21 14:00:00+00:00,113243.5,max_hold_24h,24.0,1.2851545842687484,20,5000.0,-7.226159844948134,5.995664304093031,11.5732,-24.795024149041165,in-sample-overlap
T-DONCH,1,2025-08-13 00:00:00+00:00,123344.0625,2025-08-22 00:00:00+00:00,111943.8046875,structure_floor,216.0,9.242648232459509,10,2500.0,-231.06620581148766,2.8613602765131074,0.0,-233.92756608800076,transfer-assumption
T-NEWS,-1,2025-08-21 15:00:00+00:00,112745.8,2025-08-22 14:00:00+00:00,113499.9,structure_floor,23.0,0.8375034812826601,20,5000.0,-33.4424874363387,6.020065492461804,-10.486400000000003,-28.976152928800502,in-sample-overlap
T-NEWS,1,2025-08-22 15:00:00+00:00,116313.7,2025-08-23 11:00:00+00:00,115432.0,structure_floor,20.0,0.7902982193842994,20,5000.0,-37.90181208232552,5.977258912750604,9.065999999999999,-52.94507099507612,in-sample-overlap
T-NEWS,1,2025-08-23 18:00:00+00:00,115140.0,2025-08-24 09:00:00+00:00,114690.49320000001,structure_floor,15.0,0.39040020844188666,20,5000.0,-19.520010422094334,5.988287993746744,7.5,-33.00829841584108,in-sample-overlap
T-NEWS,-1,2025-08-24 14:00:00+00:00,114530.1,2025-08-25 14:00:00+00:00,112239.5,max_hold_24h,24.0,0.42689651017504426,20,5000.0,99.99991268670881,5.940000052387975,-12.0,106.05991263432084,in-sample-overlap
T-NEWS,-1,2025-08-25 15:00:00+00:00,112172.3,2025-08-25 16:00:00+00:00,112914.22949999999,structure_floor,1.0,0.6614195304901334,20,5000.0,-33.07097652450666,6.019842585914704,-0.5,-38.590819110421364,in-sample-overlap
T-NEWS,-1,2025-08-25 17:00:00+00:00,112419.3,2025-08-26 17:00:00+00:00,109964.8,max_hold_24h,24.0,0.6293985997066184,20,5000.0,109.16719815903497,5.934499681104579,-12.0,115.23269847793038,in-sample-overlap
T-NEWS,1,2025-08-26 19:00:00+00:00,111086.2,2025-08-27 19:00:00+00:00,112037.4,max_hold_24h,24.0,0.8411932355234109,20,5000.0,42.81359880885282,6.025688159285313,10.803199999999997,25.98471064956751,in-sample-overlap
T-CHOCH,-1,2025-08-18 01:00:00+00:00,116230.0,2025-08-28 01:00:00+00:00,111591.0,max_hold,240.0,4.231173906508342,20,5000.0,199.56121483265937,5.880263271100405,-101.93429999999998,295.6152515615589,sealed-overlap
T-NEWS,1,2025-08-28 06:00:00+00:00,113168.5,2025-08-28 15:00:00+00:00,112334.8813,structure_floor,9.0,0.7366172565687504,20,5000.0,-36.830862828437525,5.977901482302937,3.7227499999999996,-46.53151431074046,in-sample-overlap
T-NEWS,-1,2025-08-28 16:00:00+00:00,112272.6,2025-08-29 16:00:00+00:00,108654.7,max_hold_24h,24.0,1.0838352367362798,20,5000.0,161.1212352791335,5.90332725883252,-5.823800000000004,161.04170802030097,in-sample-overlap
T-NEWS,-1,2025-08-29 17:00:00+00:00,108414.8,2025-08-30 15:00:00+00:00,108739.5,structure_floor,22.0,0.5533987057117442,20,5000.0,-14.97489272682314,6.008984935636094,-9.3428,-11.641077662459235,in-sample-overlap
T-NEWS,-1,2025-08-31 12:00:00+00:00,108266.2,2025-08-31 15:00:00+00:00,108766.32299999999,structure_floor,3.0,0.4619382595860872,20,5000.0,-23.09691297930436,6.013858147787583,-0.5559,-28.554871127091943,in-sample-overlap
T-NEWS,1,2025-09-01 03:00:00+00:00,107607.5,2025-09-02 03:00:00+00:00,110302.8,max_hold_24h,24.0,0.5478428548196028,20,5000.0,125.23755314453003,6.075142531886718,10.9858,108.17661061264332,in-sample-overlap
T-NEWS,1,2025-09-02 13:00:00+00:00,111122.9,2025-09-03 13:00:00+00:00,111428.6,max_hold_24h,24.0,2.49402463398633,20,5000.0,13.755040590193905,6.008253024354116,12.0,-4.25321243416021,in-sample-overlap
T-NEWS,1,2025-09-03 14:00:00+00:00,112239.6,2025-09-04 05:00:00+00:00,110746.76,structure_floor,15.0,1.3300475055149974,20,5000.0,-66.50237527574987,5.960098574834549,7.203299999999999,-79.66577385058442,in-sample-overlap
T-NEWS,-1,2025-09-04 14:00:00+00:00,109800.0,2025-09-04 22:00:00+00:00,110815.45199999999,structure_floor,8.0,0.9248196721311386,20,5000.0,-46.24098360655693,6.027744590163934,-2.13385,-50.13487819672086,in-sample-overlap
T-NEWS,-1,2025-09-05 00:00:00+00:00,110429.1,2025-09-05 02:00:00+00:00,111239.72099999999,structure_floor,2.0,0.7340646623036723,20,5000.0,-36.703233115183615,6.02202193986911,-0.9591,-41.76615505505273,in-sample-overlap
T-NEWS,-1,2025-09-05 13:00:00+00:00,113043.1,2025-09-06 13:00:00+00:00,110880.2,max_hold_24h,24.0,0.5103722385532355,20,5000.0,95.66705088590143,5.942599769468458,-9.772499999999999,99.49695111643297,in-sample-overlap
T-DIVER,-1,2025-09-05 00:00:00+00:00,111276.1,2025-09-07 00:00:00+00:00,110595.6,max_hold,48.0,3.54035,20,5000.0,30.577096070045584,5.981653742357972,-16.456450000000004,41.05189232768762,sealed-overlap
T-NEWS,-1,2025-09-07 16:00:00+00:00,111160.0,2025-09-07 23:00:00+00:00,111365.0,structure_floor,7.0,0.45952716804604854,20,5000.0,-9.220942785174524,6.005532565671104,-2.46365,-12.76282535084563,in-sample-overlap
T-NEWS,-1,2025-09-08 12:00:00+00:00,111997.7,2025-09-08 14:00:00+00:00,112456.66089999999,structure_floor,2.0,0.40979493328880057,20,5000.0,-20.489746664440027,6.012293847998664,-0.2857,-26.21634051243869,in-sample-overlap
T-NEWS,-1,2025-09-08 16:00:00+00:00,112348.8,2025-09-09 06:00:00+00:00,112871.4,structure_floor,14.0,0.5510428237773629,20,5000.0,-23.257925318294063,6.013954755190976,-3.6746499999999993,-25.59723007348504,in-sample-overlap
T-NEWS,-1,2025-09-09 10:00:00+00:00,112670.1,2025-09-10 05:00:00+00:00,111698.0,structure_floor,19.0,0.5977750973860732,20,5000.0,43.13921794690898,5.974116469231856,-2.1367000000000003,39.301801477677124,in-sample-overlap
T-NEWS,-1,2025-09-10 09:00:00+00:00,112220.9,2025-09-10 12:00:00+00:00,112723.15799999998,structure_floor,3.0,0.44756190691750564,20,5000.0,-22.37809534587528,6.0134268572075245,-1.5,-26.891522203082804,in-sample-overlap
T-NEWS,-1,2025-09-10 14:00:00+00:00,113854.9,2025-09-11 03:00:00+00:00,114250.0,structure_floor,13.0,0.6193428653487749,20,5000.0,-17.35103188356434,6.010410619130139,-3.7734000000000005,-19.588042502694478,in-sample-overlap
T-CHOCH,-1,2025-09-04 06:00:00+00:00,110345.7,2025-09-11 22:00:00+00:00,115014.61846535397,stop,184.0,4.231173906508342,20,5000.0,-211.55869532541686,6.12693521719525,-55.01455000000006,-162.67108054261206,sealed-overlap
T-NEWS,1,2025-09-11 13:00:00+00:00,114600.5,2025-09-12 13:00:00+00:00,115107.0,max_hold_24h,24.0,1.3604171011470183,20,5000.0,22.09850742361508,6.0132591044541694,10.080700000000006,6.0045483191609055,in-sample-overlap
T-NEWS,1,2025-09-12 14:00:00+00:00,115219.0,2025-09-13 14:00:00+00:00,115750.1,max_hold_24h,24.0,0.6479406174328948,20,5000.0,23.047414054973824,6.013828448432984,4.06935,12.96423560654084,in-sample-overlap
T-NEWS,1,2025-09-14 14:00:00+00:00,115350.4,2025-09-14 23:00:00+00:00,115100.0,structure_floor,9.0,0.516426470996197,20,5000.0,-10.853885205425998,5.993487668876744,2.1835,-19.03087287430274,in-sample-overlap
T-NEWS,-1,2025-09-15 06:00:00+00:00,116073.8,2025-09-16 05:00:00+00:00,115570.2,structure_floor,23.0,0.8940724780268935,20,5000.0,21.693095254915658,5.98698414284705,-10.5731,26.27921111206861,in-sample-overlap
T-NEWS,-1,2025-09-16 13:00:00+00:00,115159.9,2025-09-16 15:00:00+00:00,115858.8369,structure_floor,2.0,0.6069273245287644,20,5000.0,-30.34636622643822,6.018207819735862,-1.0,-35.364574046174084,in-sample-overlap
T-NEWS,-1,2025-09-16 18:00:00+00:00,116376.8,2025-09-17 05:00:00+00:00,117091.22299999998,structure_floor,11.0,0.613887819565395,20,5000.0,-30.69439097826975,6.018416634586961,-3.2837000000000005,-33.42910761285671,in-sample-overlap
T-NEWS,-1,2025-09-17 14:00:00+00:00,115548.7,2025-09-17 22:00:00+00:00,116538.56999999999,structure_floor,8.0,0.8566690927721344,20,5000.0,-42.833454638606725,6.025700072783164,-1.8408000000000002,-47.01835471138989,in-sample-overlap
T-NEWS,1,2025-09-18 01:00:00+00:00,116611.5,2025-09-18 23:00:00+00:00,116920.0,structure_floor,22.0,0.5794915595803084,20,5000.0,13.227683375996364,6.007936610025598,10.467600000000003,-3.247853234029237,in-sample-overlap
T-NEWS,-1,2025-09-19 12:00:00+00:00,116114.7,2025-09-20 07:00:00+00:00,115692.8,structure_floor,19.0,0.6271214583510856,20,5000.0,18.16738104649946,5.9890995713721,-3.4582999999999995,15.63658147512736,in-sample-overlap
T-NEWS,1,2025-09-20 14:00:00+00:00,115922.0,2025-09-21 01:00:00+00:00,115486.3983,structure_floor,11.0,0.37577138075602495,20,5000.0,-18.78856903780125,5.98872685857732,5.13335,-29.91064589637857,in-sample-overlap
T-NEWS,-1,2025-09-21 13:00:00+00:00,115618.8,2025-09-22 13:00:00+00:00,113077.3,max_hold_24h,24.0,0.37998405103666894,20,5000.0,109.90859617986001,5.934054842292085,-8.361799999999995,112.33634133756792,in-sample-overlap
T-NEWS,-1,2025-09-22 15:00:00+00:00,112764.2,2025-09-23 15:00:00+00:00,112819.7,max_hold_24h,24.0,0.5032431392232579,20,5000.0,-2.4608874093018884,6.001476532445582,-0.7636000000000001,-7.698763941747471,in-sample-overlap
T-NEWS,-1,2025-09-23 16:00:00+00:00,112741.8,2025-09-24 14:00:00+00:00,113238.69999999998,structure_floor,22.0,0.44074158830174753,20,5000.0,-22.037079415087376,6.013222247649052,1.4610999999999998,-29.51140166273643,in-sample-overlap
T-NEWS,1,2025-09-24 16:00:00+00:00,113673.2,2025-09-25 01:00:00+00:00,112761.1985,structure_floor,9.0,0.8023012460280862,20,5000.0,-40.11506230140431,5.975930962619158,2.8319,-48.922893264023465,in-sample-overlap
T-NEWS,-1,2025-09-25 06:00:00+00:00,111470.7,2025-09-25 09:00:00+00:00,112134.99879999999,structure_floor,3.0,0.5959402784767563,20,5000.0,-29.797013923837813,6.017878208354303,-0.16405000000000003,-35.65084213219211,in-sample-overlap
T-NEWS,1,2025-09-25 14:00:00+00:00,111474.0,2025-09-25 17:00:00+00:00,110572.4844,structure_floor,3.0,0.8087227514936207,20,5000.0,-40.43613757468104,5.975738317455192,-0.28250000000000003,-46.12937589213623,in-sample-overlap
T-NEWS,1,2025-09-25 18:00:00+00:00,109712.4,2025-09-26 11:00:00+00:00,108560.0,structure_floor,17.0,1.3472314888745367,20,5000.0,-52.51913183924489,5.968488520896454,2.3161,-60.80372036014135,in-sample-overlap
T-NEWS,1,2025-09-26 12:00:00+00:00,109330.5,2025-09-27 12:00:00+00:00,109351.6,max_hold_24h,24.0,0.8169639762005998,20,5000.0,0.9649640310803399,6.000578978418647,7.7360000000000015,-12.771614947338309,in-sample-overlap
T-NEWS,1,2025-09-27 22:00:00+00:00,109555.4,2025-09-28 11:00:00+00:00,109180.7,structure_floor,13.0,0.42185460506738964,20,5000.0,-17.10093706015391,5.989739437763908,4.634149999999999,-27.724826497917817,in-sample-overlap
T-NEWS,1,2025-09-28 13:00:00+00:00,109588.5,2025-09-29 13:00:00+00:00,113184.5,max_hold_24h,24.0,0.6026794782299184,20,5000.0,164.06831008728105,6.098440986052369,8.5137,149.45616910122868,in-sample-overlap
T-NEWS,1,2025-09-29 14:00:00+00:00,113995.1,2025-09-30 09:00:00+00:00,112818.1272,structure_floor,19.0,1.032476659084472,20,5000.0,-51.62383295422361,5.9690257002274665,7.7956,-65.38845865445109,in-sample-overlap
T-NEWS,1,2025-09-30 13:00:00+00:00,113343.8,2025-10-01 13:00:00+00:00,116755.6,max_hold_24h,24.0,0.7888953784856376,20,5000.0,150.50668849994454,6.090304013099966,8.3263,136.09008448684457,in-sample-overlap
T-NEWS,1,2025-10-01 15:00:00+00:00,117367.5,2025-10-02 15:00:00+00:00,119865.8,max_hold_24h,24.0,0.6021559631073257,20,5000.0,106.43065584595408,6.063858393507572,5.518400000000002,94.8483974524465,in-sample-overlap
T-NEWS,1,2025-10-02 17:00:00+00:00,119850.0,2025-10-03 17:00:00+00:00,122036.8,max_hold_24h,24.0,0.7703410930329506,20,5000.0,91.23070504797676,6.054738423028786,3.490599999999999,81.68536662494797,in-sample-overlap
T-NEWS,1,2025-10-03 18:00:00+00:00,122502.8,2025-10-04 16:00:00+00:00,121628.0,structure_floor,22.0,1.180839539994185,20,5000.0,-35.70530632769222,5.978576816203384,3.33685,-45.020733143895605,in-sample-overlap
T-NEWS,-1,2025-10-05 03:00:00+00:00,123730.2,2025-10-05 04:00:00+00:00,124506.40199999999,structure_floor,1.0,0.627334312883993,20,5000.0,-31.366715644199648,6.01882002938652,-0.5,-36.88553567358617,in-sample-overlap
T-NEWS,-1,2025-10-05 05:00:00+00:00,125094.5,2025-10-05 23:00:00+00:00,123483.0,structure_floor,18.0,0.5449480192973972,20,5000.0,64.41130505337964,5.9613532169679715,-8.065600000000003,66.51555183641167,in-sample-overlap
T-NEWS,1,2025-10-06 02:00:00+00:00,124083.1,2025-10-07 02:00:00+00:00,124196.7,max_hold_24h,24.0,0.8271722740647263,20,5000.0,4.577577446082152,6.002746546467649,9.473399999999996,-10.898569100385494,in-sample-overlap
T-NEWS,1,2025-10-07 11:00:00+00:00,124389.6,2025-10-07 13:00:00+00:00,123741.658,structure_floor,2.0,0.5208972454288864,20,5000.0,-26.044862271444316,5.984373082637133,-0.2887,-31.74053535408145,in-sample-overlap
T-NEWS,-1,2025-10-07 14:00:00+00:00,122716.0,2025-10-08 08:00:00+00:00,122270.0,structure_floor,18.0,1.3190524462987585,20,5000.0,18.172039505850908,5.989096776296489,-8.35565,20.53859272955442,in-sample-overlap
T-NEWS,-1,2025-10-08 15:00:00+00:00,122129.3,2025-10-08 16:00:00+00:00,122942.72499999999,structure_floor,1.0,0.666035914395635,20,5000.0,-33.30179571978176,6.0199810774318685,-0.5,-38.82177679721363,in-sample-overlap
T-NEWS,-1,2025-10-08 18:00:00+00:00,123408.0,2025-10-09 18:00:00+00:00,120593.0,max_hold_24h,24.0,0.9132207798521882,20,5000.0,114.05257357707765,5.9315684558537525,-6.0631499999999985,114.1841551212239,in-sample-overlap
T-DONCH,1,2025-09-16 00:00:00+00:00,116843.1875,2025-10-10 00:00:00+00:00,108713.3984375,structure_floor,576.0,8.19218305945308,10,2500.0,-173.94657823974546,2.895632053056153,0.0,-176.8422102928016,transfer-assumption
T-NEWS,1,2025-10-09 19:00:00+00:00,120901.1,2025-10-10 14:00:00+00:00,120822.0,structure_floor,19.0,0.5540718818935484,20,5000.0,-3.2712688304740745,5.998037238701715,8.6162,-17.88550606917579,in-sample-overlap
T-NEWS,-1,2025-10-10 15:00:00+00:00,118962.9,2025-10-11 15:00:00+00:00,111740.0,max_hold_24h,24.0,1.6521958526565763,20,5000.0,303.5778381327286,5.8178532971203625,-0.17879999999999985,297.93878483560826,in-sample-overlap
T-NEWS,1,2025-10-12 05:00:00+00:00,111649.9,2025-10-13 05:00:00+00:00,114572.7,max_hold_24h,24.0,0.7785425692275573,20,5000.0,130.8912950213123,6.078534777012788,6.499099999999999,118.3136602442995,in-sample-overlap
T-NEWS,1,2025-10-13 06:00:00+00:00,115180.0,2025-10-13 11:00:00+00:00,114320.9,structure_floor,5.0,1.013342333738501,20,5000.0,-37.29380100711954,5.977623719395728,2.5,-45.77142472651527,in-sample-overlap
T-NEWS,1,2025-10-13 13:00:00+00:00,115303.0,2025-10-13 14:00:00+00:00,113808.4473,structure_floor,1.0,1.2961958491973324,20,5000.0,-64.80979245986661,5.96111412452408,0.5,-71.2709065843907,in-sample-overlap
T-NEWS,1,2025-10-13 15:00:00+00:00,114267.5,2025-10-14 02:00:00+00:00,113567.9709,structure_floor,11.0,0.6121855295687748,20,5000.0,-30.60927647843874,5.981634434112937,3.09585,-39.68676091255168,in-sample-overlap
T-NEWS,-1,2025-10-14 03:00:00+00:00,113430.4,2025-10-15 03:00:00+00:00,111967.7,max_hold_24h,24.0,0.48445302141224267,20,5000.0,64.47566084576962,5.961314603492539,-0.8557999999999995,59.37014624227709,in-sample-overlap
T-NEWS,-1,2025-10-15 13:00:00+00:00,111330.1,2025-10-16 12:00:00+00:00,111832.0,structure_floor,23.0,0.856681167087766,20,5000.0,-22.541073797651947,6.013524644278592,-0.17215000000000008,-28.38244844193054,in-sample-overlap
T-NEWS,-1,2025-10-16 14:00:00+00:00,110445.5,2025-10-17 14:00:00+00:00,105117.9,max_hold_24h,24.0,1.1435714447396965,20,5000.0,241.1868297033381,5.855287902177997,1.4804000000000017,233.8511418011601,in-sample-overlap
T-NEWS,-1,2025-10-17 16:00:00+00:00,106324.5,2025-10-18 16:00:00+00:00,106610.5,max_hold_24h,24.0,1.4886065770353885,20,5000.0,-13.449393131404333,6.008069635878843,0.72855,-20.186012767283174,in-sample-overlap
T-NEWS,-1,2025-10-18 18:00:00+00:00,106809.2,2025-10-18 20:00:00+00:00,107202.7463,structure_floor,2.0,0.3684573051759603,20,5000.0,-18.422865258798016,6.01105371915528,-0.5928,-23.841118977953297,in-sample-overlap
T-NEWS,1,2025-10-19 14:00:00+00:00,108371.3,2025-10-20 00:00:00+00:00,107509.60070000001,structure_floor,10.0,0.7951360738498043,20,5000.0,-39.756803692490216,5.976145917784506,4.4719500000000005,-50.20489961027472,in-sample-overlap
T-CHOCH,-1,2025-10-17 06:00:00+00:00,106697.0,2025-10-20 06:00:00+00:00,111211.5356230272,stop,72.0,4.231173906508342,20,5000.0,-211.55869532541686,6.12693521719525,-10.177599999999996,-207.50803054261212,sealed-overlap
T-NEWS,1,2025-10-20 03:00:00+00:00,110098.3,2025-10-21 01:00:00+00:00,109785.0,structure_floor,22.0,1.7465325985959872,20,5000.0,-14.228194259130381,5.991463083444523,9.8582,-30.077857342574905,in-sample-overlap
T-NEWS,1,2025-10-21 11:00:00+00:00,108522.0,2025-10-22 00:00:00+00:00,107775.7,structure_floor,13.0,0.6876946609904009,20,5000.0,-34.384733049520044,5.979369160170289,3.99505,-44.35915220969033,in-sample-overlap
T-NEWS,1,2025-10-22 04:00:00+00:00,108570.0,2025-10-22 07:00:00+00:00,107775.7,structure_floor,3.0,0.7316017316017343,20,5000.0,-36.580086580086714,5.978051948051948,0.30375,-42.861888528138664,in-sample-overlap
T-NEWS,-1,2025-10-22 08:00:00+00:00,108186.9,2025-10-22 13:00:00+00:00,108653.68609999999,structure_floor,5.0,0.4314626817109997,20,5000.0,-21.573134085549988,6.0129438804513295,-1.16175,-26.424327966001318,in-sample-overlap
T-NEWS,1,2025-10-22 14:00:00+00:00,108927.0,2025-10-22 21:00:00+00:00,107119.3749,structure_floor,7.0,1.6594830482800451,20,5000.0,-82.97415241400226,5.950215508551599,1.8823499999999997,-90.80671792255386,in-sample-overlap
T-NEWS,-1,2025-10-22 22:00:00+00:00,107141.8,2025-10-23 01:00:00+00:00,108029.92039999999,structure_floor,3.0,0.8289205520160995,20,5000.0,-41.44602760080497,6.024867616560483,-0.8396,-46.631295217365455,in-sample-overlap
T-NEWS,1,2025-10-23 14:00:00+00:00,109551.3,2025-10-24 14:00:00+00:00,110159.7,max_hold_24h,24.0,1.198335939418337,20,5000.0,27.767812887660586,6.016660687732597,6.636399999999999,15.114752199927992,in-sample-overlap
T-NEWS,-1,2025-10-24 15:00:00+00:00,109994.8,2025-10-24 20:00:00+00:00,110940.32549999999,structure_floor,5.0,0.8596092724383232,20,5000.0,-42.980463621916165,6.02578827817315,-1.1635,-47.84275190008932,in-sample-overlap
T-DIVER,-1,2025-10-23 00:00:00+00:00,108341.3,2025-10-25 00:00:00+00:00,110973.5,max_hold,48.0,3.54035,20,5000.0,-121.47722059823894,6.0728863323589435,-14.632499999999991,-112.9176069305979,sealed-overlap
T-NEWS,-1,2025-10-24 22:00:00+00:00,110969.9,2025-10-25 06:00:00+00:00,111422.16669999999,structure_floor,8.0,0.4075579954564192,20,5000.0,-20.377899772820957,6.012226739863693,-1.3415000000000001,-25.04862651268465,in-sample-overlap
T-NEWS,1,2025-10-25 18:00:00+00:00,111678.9,2025-10-26 18:00:00+00:00,113554.8,max_hold_24h,24.0,0.6657547665673615,20,5000.0,83.98632149851086,6.050391792899107,10.1948,67.74112970561175,in-sample-overlap
T-NEWS,-1,2025-10-26 23:00:00+00:00,114498.3,2025-10-27 01:00:00+00:00,115284.6194,structure_floor,2.0,0.6867520303794843,20,5000.0,-34.33760151897421,6.020602560911385,-1.0,-39.358204079885596,in-sample-overlap
T-NEWS,-1,2025-10-27 07:00:00+00:00,115517.8,2025-10-28 07:00:00+00:00,114135.7,max_hold_24h,24.0,1.0428002437719475,20,5000.0,59.82194951773691,5.964106830289358,-6.770800000000001,60.62864268744755,in-sample-overlap
T-NEWS,1,2025-10-28 12:00:00+00:00,114409.2,2025-10-28 19:00:00+00:00,113729.9834,structure_floor,7.0,0.5936730612573112,20,5000.0,-29.683653062865563,5.982189808162281,2.3319,-37.99774287102784,in-sample-overlap
T-NEWS,-1,2025-10-28 20:00:00+00:00,112728.9,2025-10-29 20:00:00+00:00,111382.3,max_hold_24h,24.0,1.1202561188834483,20,5000.0,59.727363613057136,5.9641635818321665,-2.2431999999999994,56.00640003122497,in-sample-overlap
T-NEWS,-1,2025-10-29 22:00:00+00:00,110967.2,2025-10-30 22:00:00+00:00,107880.0,max_hold_24h,24.0,0.8521746065503957,20,5000.0,139.10416771802826,5.916537499369182,-1.4419999999999997,134.6296302186591,in-sample-overlap
T-NEWS,1,2025-10-31 04:00:00+00:00,110045.9,2025-10-31 16:00:00+00:00,108737.10710000001,structure_floor,12.0,1.1893154583678136,20,5000.0,-59.46577291839069,5.964320536248967,4.63645,-70.06654345463966,in-sample-overlap
T-NEWS,1,2025-10-31 17:00:00+00:00,109244.9,2025-11-01 17:00:00+00:00,110150.4,max_hold_24h,24.0,0.9371058969343147,20,5000.0,41.44358226333678,6.024866149358002,4.334599999999998,31.084116113978776,in-sample-overlap
T-CHOCH,1,2025-10-23 06:00:00+00:00,110200.1,2025-11-02 06:00:00+00:00,110611.9,max_hold,240.0,4.231173906508342,20,5000.0,18.684193571511656,6.011210516142908,64.30695000000009,-51.63396694463134,sealed-overlap
T-NEWS,-1,2025-11-02 15:00:00+00:00,110046.1,2025-11-03 15:00:00+00:00,105701.0,max_hold_24h,24.0,0.7343904963465135,20,5000.0,197.42180776965316,5.881546915338208,0.278,191.26226085431495,in-sample-overlap
T-NEWS,1,2025-11-03 16:00:00+00:00,106635.2,2025-11-04 05:00:00+00:00,105750.0,structure_floor,13.0,1.6622415487568825,20,5000.0,-41.50599426830902,5.975096403439014,3.0052999999999996,-50.48639067174803,in-sample-overlap
T-NEWS,1,2025-11-04 14:00:00+00:00,104458.1,2025-11-04 16:00:00+00:00,102550.32329999999,structure_floor,2.0,1.8263559264432503,20,5000.0,-91.31779632216251,5.945209322206702,0.16654999999999998,-97.42955564436922,in-sample-overlap
T-CHOCH,-1,2025-11-03 01:00:00+00:00,109606.8,2025-11-04 18:00:00+00:00,100331.49135728243,target,41.0,4.231173906508342,20,5000.0,423.1173906508343,5.7461295656094995,-2.586699999999999,419.9579610852248,sealed-overlap
T-NEWS,1,2025-11-04 18:00:00+00:00,101318.3,2025-11-04 20:00:00+00:00,99600.39970000001,structure_floor,2.0,1.6955478921379392,20,5000.0,-84.77739460689696,5.949133563235862,0.4548,-91.18132817013283,in-sample-overlap
T-NEWS,-1,2025-11-04 21:00:00+00:00,100264.9,2025-11-04 22:00:00+00:00,101102.4,structure_floor,1.0,0.8352873238790445,20,5000.0,-41.76436619395223,6.02505861971637,-0.2274,-47.56202481366859,in-sample-overlap
T-NEWS,1,2025-11-04 23:00:00+00:00,101441.9,2025-11-05 00:00:00+00:00,100539.57370000001,structure_floor,1.0,0.8895005909786649,20,5000.0,-44.475029548933236,5.973314982270641,0.24325,-50.69159453120388,in-sample-overlap
T-STRIKES,-1,2025-11-05 17:00:00+00:00,103858.5,2025-11-05 21:00:00+00:00,103623.4,max_hold,4.0,0.9543466494299133,20,5000.0,11.318284011419664,5.993209029593148,0.228,5.097074981826516,sealed-overlap
T-NEWS,1,2025-11-05 14:00:00+00:00,103146.9,2025-11-06 10:00:00+00:00,102662.8,structure_floor,20.0,1.3041826753881964,20,5000.0,-23.466531713507205,5.985920080971895,0.9444499999999999,-30.3969017944791,in-sample-overlap
T-NEWS,-1,2025-11-06 14:00:00+00:00,102078.6,2025-11-07 14:00:00+00:00,100744.8,max_hold_24h,24.0,1.745566063797889,20,5000.0,65.33200886375808,5.960800794681745,-2.147699999999999,61.51890806907633,in-sample-overlap
T-NEWS,1,2025-11-07 15:00:00+00:00,100755.8,2025-11-08 15:00:00+00:00,101670.0,max_hold_24h,24.0,0.7470656776086335,20,5000.0,45.367115342243174,6.027220269205347,4.516399999999998,34.82349507303783,in-sample-overlap
T-DIVER,-1,2025-11-09 04:00:00+00:00,101915.4,2025-11-10 00:00:00+00:00,105523.56186389999,stop,20.0,3.54035,20,5000.0,-177.0174999999997,6.1062104999999995,-5.013599999999999,-178.1101104999997,sealed-overlap
T-NEWS,1,2025-11-09 13:00:00+00:00,102871.8,2025-11-10 13:00:00+00:00,106506.9,max_hold_24h,24.0,1.1158451587315468,20,5000.0,176.6810729471046,6.106008643768262,9.567699999999995,161.00736430333635,in-sample-overlap
T-NEWS,-1,2025-11-10 14:00:00+00:00,104847.7,2025-11-11 01:00:00+00:00,106585.7,structure_floor,11.0,1.8872332917174062,20,5000.0,-82.88212330837968,6.049729273985028,-2.4248000000000003,-86.5070525823647,in-sample-overlap
T-NEWS,-1,2025-11-11 03:00:00+00:00,106411.8,2025-11-12 03:00:00+00:00,103272.7,max_hold_24h,24.0,0.9131382985721377,20,5000.0,147.49773991230325,5.911501356052619,-1.9605999999999992,143.54683855625063,in-sample-overlap
T-NEWS,1,2025-11-12 05:00:00+00:00,103346.5,2025-11-12 15:00:00+00:00,102873.0522,structure_floor,10.0,0.4581169173605245,20,5000.0,-22.905845868026226,5.986256492479184,2.0355,-30.92760236050541,in-sample-overlap
T-NEWS,-1,2025-11-12 16:00:00+00:00,101390.6,2025-11-13 01:00:00+00:00,102540.10019999999,structure_floor,9.0,1.1337344882069742,20,5000.0,-56.68672441034871,6.034012034646209,-3.14675,-59.57398644499492,in-sample-overlap
T-NEWS,1,2025-11-13 03:00:00+00:00,102080.0,2025-11-13 16:00:00+00:00,100855.0,structure_floor,13.0,1.4964390673981214,20,5000.0,-60.0019592476489,5.96399882445141,0.4663999999999999,-66.4323580721003,in-sample-overlap
T-NEWS,-1,2025-11-13 18:00:00+00:00,98535.6,2025-11-13 23:00:00+00:00,100163.79259999999,structure_floor,5.0,1.6523902021198227,20,5000.0,-82.61951010599115,6.0495717060635945,-0.6409999999999999,-88.02808181205474,in-sample-overlap
T-CHOCH,-1,2025-11-11 12:00:00+00:00,104496.8,2025-11-14 12:00:00+00:00,95653.91733052758,target,72.0,4.231173906508342,20,5000.0,423.1173906508346,5.7461295656094995,-9.190450000000006,426.56171108522506,sealed-overlap
T-NEWS,-1,2025-11-14 05:00:00+00:00,97486.7,2025-11-15 05:00:00+00:00,96298.6,max_hold_24h,24.0,0.8264667898287534,20,5000.0,60.93651749418081,5.963438089503491,-3.7939999999999987,58.76707940467732,in-sample-overlap
T-NEWS,-1,2025-11-16 15:00:00+00:00,94535.7,2025-11-17 07:00:00+00:00,95806.55999999998,structure_floor,16.0,1.3443175435311592,20,5000.0,-67.21587717655795,6.040329526305935,-4.3632,-68.89300670286389,in-sample-overlap
T-NEWS,1,2025-11-17 14:00:00+00:00,94720.0,2025-11-17 16:00:00+00:00,93430.96370000001,structure_floor,2.0,1.3608913640202625,20,5000.0,-68.04456820101312,5.9591732590793915,0.85505,-74.85879146009252,in-sample-overlap
T-NEWS,-1,2025-11-17 18:00:00+00:00,92495.8,2025-11-18 16:00:00+00:00,93501.16449999998,structure_floor,22.0,1.086929893032961,20,5000.0,-54.346494651648044,6.032607896790988,-7.2640499999999975,-53.11505254843903,in-sample-overlap
T-NEWS,-1,2025-11-18 17:00:00+00:00,93222.0,2025-11-19 17:00:00+00:00,89458.4,max_hold_24h,24.0,0.727465512432678,20,5000.0,201.862221364056,5.878882667181567,-4.6915,200.67483869687445,in-sample-overlap
T-NEWS,-1,2025-11-19 18:00:00+00:00,89199.9,2025-11-19 21:00:00+00:00,89948.5385,structure_floor,3.0,0.8392817704952595,20,5000.0,-41.96408852476298,6.025178453114857,0.14715,-48.136416977877836,in-sample-overlap
T-NEWS,-1,2025-11-19 22:00:00+00:00,90447.3,2025-11-19 23:00:00+00:00,90879.3225,structure_floor,1.0,0.47765107416140873,20,5000.0,-23.882553708070436,6.014329532224842,0.049049999999999996,-29.94593324029528,in-sample-overlap
T-STRIKES,-1,2025-11-20 02:00:00+00:00,92571.4,2025-11-20 06:00:00+00:00,91946.6,max_hold,4.0,1.0,20,5000.0,33.74692399596357,5.979751845602421,-0.911,28.67817215036115,sealed-overlap
T-NEWS,-1,2025-11-20 14:00:00+00:00,91062.0,2025-11-21 14:00:00+00:00,84800.1,max_hold_24h,24.0,0.9171409589071144,20,5000.0,343.82618435790965,5.793704289385254,-0.5894999999999996,338.6219800685244,in-sample-overlap
T-NEWS,-1,2025-11-21 19:00:00+00:00,84164.6,2025-11-21 21:00:00+00:00,85252.39219999999,structure_floor,2.0,1.2924581118427243,20,5000.0,-64.62290559213622,6.038773743355281,-0.5602,-70.1014793354915,in-sample-overlap
T-NEWS,-1,2025-11-22 17:00:00+00:00,84517.3,2025-11-22 22:00:00+00:00,84888.0,structure_floor,5.0,0.5168172669973938,20,5000.0,-21.930421345688817,6.013158252807413,-1.5307499999999998,-26.412829598496227,in-sample-overlap
T-NEWS,1,2025-11-23 15:00:00+00:00,87029.6,2025-11-24 00:00:00+00:00,86140.89970000001,structure_floor,9.0,1.0211471729158776,20,5000.0,-51.05735864579388,5.9693655848125236,0.30104999999999993,-57.3277742306064,in-sample-overlap
T-NEWS,1,2025-11-24 13:00:00+00:00,86105.4,2025-11-24 14:00:00+00:00,85650.276,structure_floor,1.0,0.5285661526454742,20,5000.0,-26.428307632273714,5.984143015420636,-0.1606,-32.25185064769435,in-sample-overlap
T-NEWS,1,2025-11-24 16:00:00+00:00,87122.1,2025-11-25 14:00:00+00:00,86316.4714,structure_floor,22.0,0.9247120994558335,20,5000.0,-46.235604972791684,5.972258637016325,-2.8405000000000014,-49.36736360980801,in-sample-overlap
T-NEWS,1,2025-11-25 17:00:00+00:00,87586.9,2025-11-25 19:00:00+00:00,86744.982,structure_floor,2.0,0.9612373539878573,20,5000.0,-48.06186769939287,5.971162879380364,-0.4901,-53.54293057877324,in-sample-overlap
T-NEWS,-1,2025-11-25 21:00:00+00:00,86980.6,2025-11-25 22:00:00+00:00,87666.61319999998,structure_floor,1.0,0.7886967898588559,20,5000.0,-39.4348394929428,6.023660903695767,0.24505,-45.70355039663857,in-sample-overlap
T-NEWS,1,2025-11-26 16:00:00+00:00,87792.3,2025-11-27 16:00:00+00:00,91405.3,max_hold_24h,24.0,1.2861853488290047,20,5000.0,205.76975429508053,6.123461852577049,1.2594500000000004,198.3868424425035,in-sample-overlap
T-NEWS,-1,2025-11-28 00:00:00+00:00,91164.0,2025-11-28 05:00:00+00:00,91652.93639999999,structure_floor,5.0,0.5363261813873804,20,5000.0,-26.816309069369016,6.016089785441621,-0.0425,-32.78989885481064,in-sample-overlap
T-NEWS,-1,2025-11-28 09:00:00+00:00,91556.9,2025-11-28 13:00:00+00:00,92109.40169999999,structure_floor,4.0,0.6034517332937152,20,5000.0,-30.172586664685756,6.018103551998811,0.0756,-36.26629021668457,in-sample-overlap
T-NEWS,-1,2025-11-28 14:00:00+00:00,92199.9,2025-11-29 14:00:00+00:00,90582.3,max_hold_24h,24.0,1.2585078725681846,20,5000.0,87.7224378768302,5.947366537273902,4.535299999999999,77.23977133955628,in-sample-overlap
T-NEWS,1,2025-11-29 21:00:00+00:00,90972.5,2025-11-30 03:00:00+00:00,90497.1915,structure_floor,6.0,0.5224749237406899,20,5000.0,-26.1237461870345,5.98432575228778,1.5643,-33.67237193932228,in-sample-overlap
T-NEWS,-1,2025-11-30 05:00:00+00:00,90738.8,2025-11-30 08:00:00+00:00,91086.84319999999,structure_floor,3.0,0.3835660158608947,20,5000.0,-19.178300793044734,6.011506980475827,-0.9926,-24.197207773520564,in-sample-overlap
T-NEWS,-1,2025-11-30 14:00:00+00:00,91446.5,2025-12-01 14:00:00+00:00,86010.3,max_hold_24h,24.0,0.6346386138343195,20,5000.0,297.2339017895708,5.821659658926257,-0.9989499999999999,292.4111921306445,in-sample-overlap
T-NEWS,-1,2025-12-01 16:00:00+00:00,84530.0,2025-12-01 20:00:00+00:00,85696.01909999999,structure_floor,4.0,1.3794145273867153,20,5000.0,-68.97072636933576,6.041382435821601,0.0214,-75.03350880515737,in-sample-overlap
T-NEWS,1,2025-12-01 21:00:00+00:00,86384.3,2025-12-02 21:00:00+00:00,91512.3,max_hold_24h,24.0,1.3822416804905506,20,5000.0,296.8131940641992,6.17808791643852,2.0923,288.54280614776064,in-sample-overlap
T-NEWS,1,2025-12-02 22:00:00+00:00,91937.0,2025-12-03 00:00:00+00:00,91194.8921,structure_floor,2.0,0.8071917726269106,20,5000.0,-40.359588631345524,5.975784246821193,0.13570000000000002,-46.471072878166716,in-sample-overlap
T-NEWS,-1,2025-12-03 03:00:00+00:00,92582.8,2025-12-03 04:00:00+00:00,93319.32059999999,structure_floor,1.0,0.7955263828702405,20,5000.0,-39.77631914351202,6.023865791486107,-0.0462,-45.75398493499813,in-sample-overlap
T-NEWS,-1,2025-12-03 10:00:00+00:00,92903.9,2025-12-03 14:00:00+00:00,93628.74609999999,structure_floor,4.0,0.7802106262492696,20,5000.0,-39.010531312463485,6.023406318787478,-0.546,-44.487937631250965,in-sample-overlap
T-NEWS,1,2025-12-03 15:00:00+00:00,92337.8,2025-12-04 15:00:00+00:00,92920.5,max_hold_24h,24.0,0.819026769102137,20,5000.0,31.55262525206346,6.018931575151239,5.4556,20.07809367691222,in-sample-overlap
T-NEWS,-1,2025-12-04 16:00:00+00:00,92392.6,2025-12-05 16:00:00+00:00,88760.0,max_hold_24h,24.0,1.1221133510692103,20,5000.0,196.5850078902426,5.882048995265854,-2.1282499999999995,192.83120889497675,in-sample-overlap
T-NEWS,1,2025-12-05 17:00:00+00:00,89283.1,2025-12-06 17:00:00+00:00,89660.8,max_hold_24h,24.0,1.1091410356495275,20,5000.0,21.15181932526968,6.012691091595162,-2.2895,17.42862823367452,in-sample-overlap
T-NEWS,-1,2025-12-06 19:00:00+00:00,89363.7,2025-12-07 16:00:00+00:00,89750.0,structure_floor,21.0,0.6983325444224019,20,5000.0,-21.613921536373432,6.012968352921824,1.6251999999999998,-29.252089889295256,in-sample-overlap
T-NEWS,1,2025-12-08 05:00:00+00:00,91294.8,2025-12-08 14:00:00+00:00,90728.4955,structure_floor,9.0,0.6203031278889908,20,5000.0,-31.015156394449537,5.98139090616333,3.2109,-40.20744730061287,in-sample-overlap
T-NEWS,-1,2025-12-08 15:00:00+00:00,89907.4,2025-12-08 21:00:00+00:00,91238.4968,structure_floor,6.0,1.480519734749308,20,5000.0,-74.0259867374654,6.04441559204248,-1.1451,-78.92530232950789,in-sample-overlap
T-NEWS,-1,2025-12-08 22:00:00+00:00,90778.4,2025-12-09 15:00:00+00:00,91333.0,structure_floor,17.0,0.9106718117966378,20,5000.0,-30.546914243917378,6.018328148546351,-0.0036500000000001254,-36.56159239246373,in-sample-overlap
T-NEWS,1,2025-12-09 16:00:00+00:00,94142.8,2025-12-09 21:00:00+00:00,92373.8446,structure_floor,5.0,1.8790129462901106,20,5000.0,-93.95064731450552,5.943629611611297,0.33099999999999996,-100.22527692611682,in-sample-overlap
T-NEWS,1,2025-12-09 22:00:00+00:00,92826.9,2025-12-10 00:00:00+00:00,92176.3389,structure_floor,2.0,0.7008325172983174,20,5000.0,-35.04162586491587,5.97897502448105,0.22635,-41.24695088939692,in-sample-overlap
T-NEWS,-1,2025-12-10 03:00:00+00:00,92363.0,2025-12-10 09:00:00+00:00,92797.55999999998,structure_floor,6.0,0.4704914305511764,20,5000.0,-23.524571527558823,6.014114742916536,-0.7951000000000001,-28.743586270475358,in-sample-overlap
T-NEWS,-1,2025-12-10 12:00:00+00:00,91945.4,2025-12-10 16:00:00+00:00,92456.54,structure_floor,4.0,0.5559168811055251,20,5000.0,-27.795844055276255,6.016677506433165,-0.3048,-33.50772156170942,in-sample-overlap
T-NEWS,1,2025-12-10 17:00:00+00:00,92349.9,2025-12-10 19:00:00+00:00,91766.0734,structure_floor,2.0,0.6321897479044378,20,5000.0,-31.609487395221887,5.981034307562867,0.1461,-37.73662170278475,in-sample-overlap
T-NEWS,-1,2025-12-10 20:00:00+00:00,92409.3,2025-12-11 15:00:00+00:00,90519.0,structure_floor,19.0,2.523418530386007,20,5000.0,102.27866675756677,5.938632799945459,-0.6659499999999996,97.0059839576213,in-sample-overlap
T-NEWS,1,2025-12-11 17:00:00+00:00,89931.1,2025-12-12 17:00:00+00:00,90045.9,max_hold_24h,24.0,0.6926755038023684,20,5000.0,6.382664061708817,6.003829598437025,8.639800000000003,-8.26096553672821,in-sample-overlap
T-NEWS,1,2025-12-12 18:00:00+00:00,90333.4,2025-12-13 18:00:00+00:00,90091.4,max_hold_24h,24.0,0.6777928208170911,20,5000.0,-13.39482406286047,5.991963105562284,1.0042499999999999,-20.391037168422756,in-sample-overlap
T-DIVER,1,2025-12-12 20:00:00+00:00,90230.9,2025-12-14 20:00:00+00:00,88116.0,max_hold,48.0,3.54035,20,5000.0,-117.19377729802065,5.929683733621188,3.397649999999997,-126.52111103164184,sealed-overlap
T-CHOCH,1,2025-12-08 08:00:00+00:00,91791.2,2025-12-14 23:00:00+00:00,87907.3546971291,stop,159.0,4.231173906508342,20,5000.0,-211.55869532541737,5.87306478280475,20.41949999999996,-237.8512601082221,sealed-overlap
T-NEWS,-1,2025-12-14 14:00:00+00:00,89062.0,2025-12-15 02:00:00+00:00,89784.8489,structure_floor,12.0,0.8116243740315703,20,5000.0,-40.58121870157852,6.024348731220948,0.18194999999999997,-46.78751743279947,in-sample-overlap
T-NEWS,-1,2025-12-15 11:00:00+00:00,89619.9,2025-12-16 11:00:00+00:00,87220.9,max_hold_24h,24.0,0.5769948415474621,20,5000.0,133.84304155661857,5.919694175066029,-2.160800000000002,130.08414738155255,in-sample-overlap
T-NEWS,1,2025-12-16 14:00:00+00:00,87259.9,2025-12-17 14:00:00+00:00,89639.9,max_hold_24h,24.0,1.656565959850959,20,5000.0,136.37421083452995,6.081824526500717,4.391999999999998,125.90038630802923,in-sample-overlap
T-NEWS,1,2025-12-17 22:00:00+00:00,86298.8,2025-12-18 17:00:00+00:00,85584.9725,structure_floor,19.0,0.8271580833105436,20,5000.0,-41.35790416552718,5.975185257500684,4.502949999999999,-51.83603942302786,in-sample-overlap
T-NEWS,-1,2025-12-18 18:00:00+00:00,85932.4,2025-12-19 03:00:00+00:00,87116.66829999999,structure_floor,9.0,1.3781394444935742,20,5000.0,-68.90697222467871,6.041344183334807,-2.3648000000000007,-72.58351640801351,in-sample-overlap
T-STRIKES,-1,2025-12-19 09:00:00+00:00,88065.9,2025-12-19 13:00:00+00:00,87955.3,max_hold,4.0,0.9023966918686893,20,5000.0,6.279388503381631,5.996232366897971,-0.3418,0.6249561364836599,sealed-overlap
T-NEWS,-1,2025-12-19 09:00:00+00:00,88065.9,2025-12-19 14:00:00+00:00,88362.4,structure_floor,5.0,0.39919991733462534,20,5000.0,-16.833984550206154,6.010100390730123,-0.42725,-22.416834940936276,in-sample-overlap
T-NEWS,1,2025-12-19 16:00:00+00:00,87948.2,2025-12-19 17:00:00+00:00,87563.2199,structure_floor,1.0,0.4377350531335499,20,5000.0,-21.886752656677494,5.986867948405993,0.3648,-28.238420605083487,in-sample-overlap
T-NEWS,1,2025-12-19 22:00:00+00:00,88301.6,2025-12-20 22:00:00+00:00,88231.8,max_hold_24h,24.0,0.8677038694655597,20,5000.0,-3.9523632640859794,5.997628582041549,0.10784999999999928,-10.057841846127527,in-sample-overlap
T-NEWS,1,2025-12-21 00:00:00+00:00,88347.2,2025-12-21 01:00:00+00:00,87989.13829999999,structure_floor,1.0,0.40528924516001147,20,5000.0,-20.264462258000574,5.987841322645199,0.0862,-26.338503580645774,in-sample-overlap
T-NEWS,1,2025-12-21 15:00:00+00:00,88024.9,2025-12-22 15:00:00+00:00,89687.7,max_hold_24h,24.0,0.6024132944201076,20,5000.0,94.4505475155327,6.05667032850932,3.743199999999999,84.65067718702338,in-sample-overlap
T-NEWS,-1,2025-12-22 16:00:00+00:00,89509.7,2025-12-23 16:00:00+00:00,87956.8,max_hold_24h,24.0,0.9517112670470255,20,5000.0,86.74478855364246,5.947953126867815,-0.6069499999999995,81.40378542677465,in-sample-overlap
T-NEWS,1,2025-12-23 18:00:00+00:00,87934.0,2025-12-24 03:00:00+00:00,86844.7817,structure_floor,9.0,1.2386770759888022,20,5000.0,-61.9338537994401,5.962839687720336,0.9299499999999999,-68.82664348716044,in-sample-overlap
T-NEWS,1,2025-12-24 19:00:00+00:00,87530.0,2025-12-25 19:00:00+00:00,88114.1,max_hold_24h,24.0,0.5704076316691377,20,5000.0,33.36570318747891,6.020019421912488,8.745000000000001,18.60068376556642,in-sample-overlap
T-NEWS,-1,2025-12-26 03:00:00+00:00,88796.4,2025-12-26 07:00:00+00:00,89511.53139999999,structure_floor,4.0,0.8053608029154318,20,5000.0,-40.268040145771586,6.024160824087463,-0.7488,-45.54340096985905,in-sample-overlap
T-NEWS,1,2025-12-26 20:00:00+00:00,87549.2,2025-12-27 20:00:00+00:00,87526.1,max_hold_24h,24.0,0.526732739990764,20,5000.0,-1.319258199960209,5.999208445080023,5.220150000000002,-12.538616645040234,in-sample-overlap
T-NEWS,1,2025-12-28 02:00:00+00:00,87772.0,2025-12-28 18:00:00+00:00,87562.8,structure_floor,16.0,0.37519641799207026,20,5000.0,-11.917240122134457,5.992849655926721,6.918449999999999,-24.828539778061177,in-sample-overlap
T-NEWS,1,2025-12-29 00:00:00+00:00,88260.0,2025-12-29 12:00:00+00:00,87505.1945,structure_floor,12.0,0.8552067754362137,20,5000.0,-42.76033877181069,5.974343796736913,3.68055,-52.415232568547594,in-sample-overlap
T-NEWS,1,2025-12-29 13:00:00+00:00,87334.6,2025-12-30 03:00:00+00:00,86838.7,structure_floor,14.0,0.5678161919789049,20,5000.0,-28.390809598945246,5.982965514240632,1.1022,-35.47597511318588,in-sample-overlap
T-NEWS,1,2025-12-30 06:00:00+00:00,87404.8,2025-12-31 06:00:00+00:00,88483.0,max_hold_24h,24.0,0.5522020529764987,20,5000.0,61.67853481730964,6.037007120890387,2.3685,53.273027696419256,in-sample-overlap
T-NEWS,-1,2025-12-31 16:00:00+00:00,87603.7,2026-01-01 15:00:00+00:00,88054.0,structure_floor,23.0,0.7683903762055669,20,5000.0,-25.70096925129891,6.015420581550779,-8.3324,-23.38398983284969,in-sample-overlap
T-NEWS,1,2026-01-01 17:00:00+00:00,88294.6,2026-01-02 17:00:00+00:00,90325.0,max_hold_24h,24.0,0.7172299325213477,20,5000.0,114.97871897035573,6.068987231382214,8.815400000000002,100.09433173897352,in-sample-overlap
T-NEWS,-1,2026-01-02 18:00:00+00:00,89728.0,2026-01-03 18:00:00+00:00,90110.0,max_hold_24h,24.0,1.1962702835235377,20,5000.0,-21.286554921540656,6.0127719329529254,-1.92475,-25.374576854493583,in-sample-overlap
T-NEWS,-1,2026-01-03 19:00:00+00:00,90093.0,2026-01-03 21:00:00+00:00,90394.17139999999,structure_floor,2.0,0.33428945645054775,20,5000.0,-16.714472822527387,6.010028683693517,-0.5118,-22.212701506220903,in-sample-overlap
T-CHOCH,-1,2025-12-29 12:00:00+00:00,87324.9,2026-01-04 00:00:00+00:00,91019.76838268449,stop,132.0,4.231173906508342,20,5000.0,-211.55869532541658,6.12693521719525,-30.452800000000025,-187.2328305426118,sealed-overlap
T-NEWS,-1,2026-01-04 01:00:00+00:00,91189.3,2026-01-04 06:00:00+00:00,91586.4,structure_floor,5.0,0.5938958847145259,20,5000.0,-21.773387886516907,6.01306403273191,-2.5,-25.28645191924882,in-sample-overlap
T-NEWS,1,2026-01-04 14:00:00+00:00,91296.0,2026-01-04 19:00:00+00:00,90823.2105,structure_floor,5.0,0.5178644190325962,20,5000.0,-25.893220951629807,5.9844640674290215,0.2868,-32.16448501905883,in-sample-overlap
T-NEWS,1,2026-01-05 00:00:00+00:00,92371.2,2026-01-06 00:00:00+00:00,93753.9,max_hold_24h,24.0,1.2737812218527025,20,5000.0,74.84475680731641,6.04490685408439,3.2765000000000004,65.52334995323203,in-sample-overlap
T-NEWS,1,2026-01-06 03:00:00+00:00,93715.8,2026-01-06 07:00:00+00:00,93266.5584,structure_floor,4.0,0.47936591268495654,20,5000.0,-23.968295634247824,5.985619022619451,-0.9322,-29.021714656867275,in-sample-overlap
T-NEWS,1,2026-01-06 14:00:00+00:00,93784.6,2026-01-06 16:00:00+00:00,93180.617,structure_floor,2.0,0.6440108503954887,20,5000.0,-32.20054251977443,5.980679674488135,0.12300000000000001,-38.304222194262564,in-sample-overlap
T-NEWS,-1,2026-01-06 17:00:00+00:00,91562.7,2026-01-06 21:00:00+00:00,93003.47589999999,structure_floor,4.0,1.573540207966774,20,5000.0,-78.6770103983387,6.047206206239004,-0.936,-83.78821660457768,in-sample-overlap
T-NEWS,1,2026-01-06 22:00:00+00:00,93319.8,2026-01-07 00:00:00+00:00,92626.38470000001,structure_floor,2.0,0.7430527069282117,20,5000.0,-37.152635346410584,5.977708418792154,0.68485,-43.815193765202736,in-sample-overlap
T-NEWS,-1,2026-01-07 12:00:00+00:00,91960.0,2026-01-08 12:00:00+00:00,89947.3,max_hold_24h,24.0,0.5095218573292698,20,5000.0,109.43344932579366,5.934339930404524,-5.438450000000002,108.93755939538914,in-sample-overlap
T-NEWS,1,2026-01-08 14:00:00+00:00,89976.2,2026-01-09 14:00:00+00:00,90100.1,max_hold_24h,24.0,1.0913841660350232,20,5000.0,6.885154074077853,6.004131092444446,4.042700000000001,-3.1616770183665937,in-sample-overlap
T-NEWS,1,2026-01-09 15:00:00+00:00,91146.1,2026-01-10 15:00:00+00:00,90623.0,max_hold_24h,24.0,1.7888368235174097,20,5000.0,-28.69568747318897,5.982782587516088,6.9056,-41.58407006070505,in-sample-overlap
T-NEWS,1,2026-01-10 16:00:00+00:00,90641.2,2026-01-11 16:00:00+00:00,91003.3,max_hold_24h,24.0,0.3936050052294057,20,5000.0,19.97436044536071,6.011984616267217,8.564149999999998,5.398225829093494,in-sample-overlap
T-NEWS,1,2026-01-12 01:00:00+00:00,91371.5,2026-01-12 08:00:00+00:00,90775.45420000001,structure_floor,7.0,0.6523322917977625,20,5000.0,-32.61661458988813,5.980430031246068,1.3165499999999999,-39.913594621134195,in-sample-overlap
T-NEWS,1,2026-01-12 12:00:00+00:00,90738.1,2026-01-12 14:00:00+00:00,90292.1086,structure_floor,2.0,0.49151503062109403,20,5000.0,-24.575751531054703,5.985254549081367,0.2655,-30.82650608013607,in-sample-overlap
T-NEWS,1,2026-01-12 15:00:00+00:00,91634.2,2026-01-13 15:00:00+00:00,93414.9,max_hold_24h,24.0,1.3633236280777354,20,5000.0,97.16350445575982,6.058298102673455,5.1044,86.00080635308636,in-sample-overlap
T-NEWS,-1,2026-01-13 16:00:00+00:00,93351.0,2026-01-13 19:00:00+00:00,93996.94739999999,structure_floor,3.0,0.6919555227046202,20,5000.0,-34.597776135231015,6.0207586656811385,-1.27995,-39.33858480091215,in-sample-overlap
T-NEWS,1,2026-01-13 20:00:00+00:00,94354.7,2026-01-14 20:00:00+00:00,97606.0,max_hold_24h,24.0,0.6064288265449346,20,5000.0,172.29136439414268,6.103374818636485,10.887549999999997,155.30043957550618,in-sample-overlap
T-NEWS,-1,2026-01-14 21:00:00+00:00,97515.1,2026-01-15 21:00:00+00:00,95535.0,max_hold_24h,24.0,0.46292369079248064,20,5000.0,101.52786594076228,5.9390832804355425,-0.6377000000000004,96.22648266032674,in-sample-overlap
T-NEWS,-1,2026-01-15 22:00:00+00:00,95526.5,2026-01-16 22:00:00+00:00,95476.9,max_hold_24h,24.0,0.6239158767462328,20,5000.0,2.596138244361817,5.998442317053383,-0.6633500000000008,-2.7389540726915658,in-sample-overlap
T-NEWS,1,2026-01-16 23:00:00+00:00,95504.9,2026-01-17 07:00:00+00:00,95093.9597,structure_floor,8.0,0.4302819017662838,20,5000.0,-21.514095088314185,5.987091542947011,2.7588000000000004,-30.2599866312612,in-sample-overlap
T-NEWS,1,2026-01-17 17:00:00+00:00,95323.3,2026-01-18 01:00:00+00:00,94933.4427,structure_floor,8.0,0.4089842672253303,20,5000.0,-20.449213361266516,5.987730471983241,0.18869999999999998,-26.625643833249757,in-sample-overlap
T-NEWS,-1,2026-01-18 14:00:00+00:00,94908.2,2026-01-19 14:00:00+00:00,92761.2,max_hold_24h,24.0,0.7562251733780505,20,5000.0,113.10929930185169,5.9321344204188895,0.49074999999999985,106.6864148814328,in-sample-overlap
T-DONCH,1,2026-01-04 00:00:00+00:00,91413.4921875,2026-01-20 00:00:00+00:00,89233.875,structure_floor,384.0,7.632549113416398,11,2750.0,-65.56961256146629,3.26065823246312,0.0,-68.8302707939294,transfer-assumption
T-NEWS,-1,2026-01-19 18:00:00+00:00,93013.7,2026-01-20 18:00:00+00:00,89450.6,max_hold_24h,24.0,0.5255878435112159,20,5000.0,191.5363005664752,5.885078219660114,-0.9364499999999998,186.5876723468151,in-sample-overlap
T-NEWS,1,2026-01-20 19:00:00+00:00,89680.8,2026-01-20 22:00:00+00:00,88960.5154,structure_floor,3.0,0.8031647799751999,20,5000.0,-40.15823899875999,5.975905056600745,-0.18615,-45.94799405536074,in-sample-overlap
T-NEWS,-1,2026-01-20 23:00:00+00:00,88379.9,2026-01-21 00:00:00+00:00,88746.44299999998,structure_floor,1.0,0.4147357034800793,20,5000.0,-20.736785174003966,6.012442071104403,-0.15955,-26.58967724510837,in-sample-overlap
T-NEWS,1,2026-01-21 01:00:00+00:00,88975.1,2026-01-21 12:00:00+00:00,88533.6,structure_floor,11.0,0.4962062419710683,20,5000.0,-24.810312098553414,5.985113812740868,1.0397999999999998,-31.83522591129428,in-sample-overlap
T-NEWS,-1,2026-01-21 13:00:00+00:00,88619.3,2026-01-21 14:00:00+00:00,89255.96699999999,structure_floor,1.0,0.7184292812062234,20,5000.0,-35.92146406031117,6.021552878436188,-0.0165,-41.92651693874736,in-sample-overlap
T-NEWS,1,2026-01-21 15:00:00+00:00,90235.2,2026-01-21 16:00:00+00:00,89450.84,structure_floor,1.0,0.8692394985548882,20,5000.0,-43.461974927744414,5.973922815043354,0.20035,-49.636247742787766,in-sample-overlap
T-NEWS,1,2026-01-21 17:00:00+00:00,87882.4,2026-01-22 17:00:00+00:00,89500.0,max_hold_24h,24.0,1.060549097430194,20,5000.0,92.03207923315738,6.0552192475398945,4.711500000000002,81.26535998561748,in-sample-overlap
T-NEWS,-1,2026-01-22 18:00:00+00:00,89295.5,2026-01-23 02:00:00+00:00,89909.2,structure_floor,8.0,0.8093879310827403,20,5000.0,-34.363433767658904,6.020618060260595,-0.74395,-39.6401018279195,in-sample-overlap
T-NEWS,1,2026-01-23 11:00:00+00:00,89168.3,2026-01-23 14:00:00+00:00,88683.15,structure_floor,3.0,0.5440834915547439,20,5000.0,-27.204174577737195,5.983677495253357,0.39390000000000003,-33.581752072990554,in-sample-overlap
T-NEWS,1,2026-01-23 16:00:00+00:00,90082.6,2026-01-23 20:00:00+00:00,89164.2025,structure_floor,4.0,1.0195059867277434,20,5000.0,-50.975299336387174,5.969414820398168,-0.6484,-56.296314156785336,in-sample-overlap
T-NEWS,-1,2026-01-24 15:00:00+00:00,89236.1,2026-01-25 15:00:00+00:00,88407.9,max_hold_24h,24.0,0.5436798560223781,20,5000.0,46.404986322800504,5.97215700820632,0.24799999999999978,40.18482931459419,in-sample-overlap
T-NEWS,-1,2026-01-25 17:00:00+00:00,87835.2,2026-01-26 08:00:00+00:00,88329.09469999999,structure_floor,15.0,0.5622970062116212,20,5000.0,-28.114850310581055,6.016868910186349,-1.32115,-32.8105692207674,in-sample-overlap
T-NEWS,1,2026-01-26 13:00:00+00:00,87922.0,2026-01-26 14:00:00+00:00,87396.023,structure_floor,1.0,0.5982313869111247,20,5000.0,-29.911569345556227,5.982053058392665,0.22485,-36.1184724039489,in-sample-overlap
T-NEWS,-1,2026-01-26 15:00:00+00:00,87598.9,2026-01-27 03:00:00+00:00,88843.9,structure_floor,12.0,1.725514475638384,20,5000.0,-71.06253617339944,6.042637521704039,-2.2342000000000004,-74.87097369510347,in-sample-overlap
T-NEWS,1,2026-01-27 16:00:00+00:00,88597.0,2026-01-27 17:00:00+00:00,87684.6545,structure_floor,1.0,1.0297701953790712,20,5000.0,-51.48850976895356,5.969106894138627,-0.16245,-57.29516666309219,in-sample-overlap
T-NEWS,1,2026-01-27 18:00:00+00:00,88242.1,2026-01-28 18:00:00+00:00,89489.7,max_hold_24h,24.0,1.2514434719935301,20,5000.0,70.69188063294001,6.042415128379763,5.083949999999999,59.56551550456025,in-sample-overlap
T-NEWS,-1,2026-01-28 20:00:00+00:00,89092.3,2026-01-29 20:00:00+00:00,84178.7,max_hold_24h,24.0,1.168891475469813,20,5000.0,275.75896008970506,5.834544623946178,-2.092149999999999,272.0165654657589,in-sample-overlap
T-NEWS,1,2026-01-29 22:00:00+00:00,84522.9,2026-01-30 01:00:00+00:00,84015.196,structure_floor,3.0,0.6006703508753225,20,5000.0,-30.033517543766123,5.981979889473741,-0.19185000000000002,-35.82364743323986,in-sample-overlap
T-NEWS,-1,2026-01-30 02:00:00+00:00,82119.9,2026-01-30 04:00:00+00:00,82743.488,structure_floor,2.0,0.7593628340998996,20,5000.0,-37.96814170499498,6.022780885022996,0.15760000000000002,-44.148522590017976,in-sample-overlap
T-NEWS,-1,2026-01-30 12:00:00+00:00,82744.8,2026-01-30 14:00:00+00:00,83536.86099999999,structure_floor,2.0,0.9572335663388961,20,5000.0,-47.861678316944804,6.028717006990167,0.6865,-54.57689532393497,in-sample-overlap
T-NEWS,-1,2026-01-30 15:00:00+00:00,82838.7,2026-01-30 18:00:00+00:00,83827.93159999998,structure_floor,3.0,1.1941660117794999,20,5000.0,-59.708300588975,6.035824980353386,0.60195,-66.34607556932839,in-sample-overlap
T-NEWS,1,2026-01-30 19:00:00+00:00,84210.7,2026-01-30 20:00:00+00:00,83615.7978,structure_floor,1.0,0.7064449054573787,20,5000.0,-35.32224527286894,5.978806652836278,-0.20065,-41.100401925705214,in-sample-overlap
T-DIVER,-1,2026-01-30 00:00:00+00:00,82628.9,2026-02-01 00:00:00+00:00,78829.7,max_hold,48.0,3.54035,20,5000.0,229.8953513843218,5.862062789169406,-1.5465000000000042,225.5797885951524,sealed-overlap
T-NEWS,-1,2026-01-31 00:00:00+00:00,84034.2,2026-02-01 00:00:00+00:00,78850.1,max_hold_24h,24.0,0.5627029233335866,20,5000.0,308.4517970064564,5.814928921796127,-5.990550000000002,308.62741808466023,in-sample-overlap
T-NEWS,-1,2026-02-01 05:00:00+00:00,78572.6,2026-02-02 05:00:00+00:00,75446.1,max_hold_24h,24.0,0.8044832422498335,20,5000.0,198.95612465414152,5.880626325207515,-1.6655999999999995,194.74109832893402,in-sample-overlap
T-NEWS,1,2026-02-02 07:00:00+00:00,76606.1,2026-02-03 07:00:00+00:00,78755.2,max_hold_24h,24.0,0.711262288512266,20,5000.0,140.26950856393884,6.084161705138364,-1.8279999999999998,136.01334685880047,in-sample-overlap
T-CHOCH,-1,2026-01-31 14:00:00+00:00,81440.1,2026-02-03 18:00:00+00:00,74548.3554787314,target,76.0,4.231173906508342,20,5000.0,423.1173906508341,5.7461295656094995,-2.296599999999995,419.6678610852246,sealed-overlap
T-NEWS,-1,2026-02-03 08:00:00+00:00,78707.8,2026-02-04 08:00:00+00:00,76553.3,max_hold_24h,24.0,0.7233336467287771,20,5000.0,136.8669941225647,5.9178798035264615,0.04749999999999993,130.90161431903823,in-sample-overlap
T-NEWS,-1,2026-02-04 14:00:00+00:00,74316.9,2026-02-05 14:00:00+00:00,69368.0,max_hold_24h,24.0,2.2294249356472107,20,5000.0,332.9592596031316,5.80022444423812,-4.933399999999998,332.0924351588935,in-sample-overlap
T-NEWS,1,2026-02-05 16:00:00+00:00,68268.2,2026-02-05 17:00:00+00:00,66694.2153,structure_floor,1.0,2.3055898646807753,20,5000.0,-115.27949323403875,5.930832304059577,0.1033,-121.31362553809834,in-sample-overlap
T-NEWS,1,2026-02-05 18:00:00+00:00,66313.1,2026-02-05 19:00:00+00:00,65158.1374,structure_floor,1.0,1.7416809046779687,20,5000.0,-87.08404523389844,5.94774957285966,0.1033,-93.1350948067581,in-sample-overlap
T-NEWS,-1,2026-02-05 21:00:00+00:00,63185.0,2026-02-06 01:00:00+00:00,64973.03609999999,structure_floor,4.0,2.8298426841813566,20,5000.0,-141.49213420906784,6.084895280525441,-0.29379999999999995,-147.28322948959328,in-sample-overlap
T-NEWS,-1,2026-02-06 06:00:00+00:00,64954.9,2026-02-06 13:00:00+00:00,66799.9,structure_floor,7.0,3.083018525161286,20,5000.0,-142.02161807654176,6.085212970845925,0.1916,-148.29843104738768,in-sample-overlap
T-NEWS,1,2026-02-06 14:00:00+00:00,68141.1,2026-02-07 14:00:00+00:00,68617.2,max_hold_24h,24.0,2.5672824477444673,20,5000.0,34.93486310024282,6.020960917860146,-5.854550000000001,34.76845218238268,in-sample-overlap
T-NEWS,1,2026-02-07 17:00:00+00:00,69160.1,2026-02-08 17:00:00+00:00,70756.6,max_hold_24h,24.0,1.2668694811025643,20,5000.0,115.42059655784186,6.069252357934705,-0.9233000000000005,110.27464419990716,in-sample-overlap
T-NEWS,1,2026-02-08 19:00:00+00:00,71387.8,2026-02-08 20:00:00+00:00,70892.682,structure_floor,1.0,0.6935610846671311,20,5000.0,-34.678054233356555,5.979193167459987,-0.0483,-40.60894740081655,in-sample-overlap
T-DIVER,-1,2026-02-08 04:00:00+00:00,69663.7,2026-02-08 20:00:00+00:00,72130.03880294999,stop,16.0,3.54035,20,5000.0,-177.01749999999936,6.106210499999999,1.9698500000000003,-185.09356049999937,sealed-overlap
T-NEWS,1,2026-02-09 00:00:00+00:00,70459.5,2026-02-09 08:00:00+00:00,69945.0,structure_floor,8.0,0.8747718902348098,20,5000.0,-36.510335724778066,5.978093798565134,0.4428500000000001,-42.9312795233432,in-sample-overlap
T-NEWS,1,2026-02-09 14:00:00+00:00,69230.5,2026-02-10 14:00:00+00:00,68207.2,structure_floor,24.0,1.7736714309444557,20,5000.0,-73.90528740945125,5.9556568275543285,-0.7066500000000003,-79.15429423700559,in-sample-overlap
T-NEWS,1,2026-02-10 15:00:00+00:00,69251.0,2026-02-11 03:00:00+00:00,68315.0,structure_floor,12.0,1.7411300919842312,20,5000.0,-67.5802515487141,5.959451849070772,-2.8202000000000003,-70.71950339778488,in-sample-overlap
T-NEWS,1,2026-02-11 07:00:00+00:00,67000.1,2026-02-11 10:00:00+00:00,66409.6715,structure_floor,3.0,0.8812352518876971,20,5000.0,-44.06176259438486,5.973562942443369,-0.9351,-49.100225536828226,in-sample-overlap
T-NEWS,1,2026-02-11 12:00:00+00:00,67102.5,2026-02-11 14:00:00+00:00,66725.222,structure_floor,2.0,0.5622413471927361,20,5000.0,-28.1120673596368,5.983132759584217,-0.6234000000000001,-33.47180011922102,in-sample-overlap
T-NEWS,-1,2026-02-11 16:00:00+00:00,65996.8,2026-02-11 19:00:00+00:00,67440.3158,structure_floor,3.0,2.187251200058175,20,5000.0,-109.36256000290875,6.065617536001745,0.12615,-115.55432753891048,in-sample-overlap
T-NEWS,1,2026-02-12 00:00:00+00:00,67430.9,2026-02-12 05:00:00+00:00,66815.949,structure_floor,5.0,0.9119721077428908,20,5000.0,-45.59860538714454,5.972640836767712,0.22599999999999998,-51.797246223912246,in-sample-overlap
T-NEWS,1,2026-02-12 07:00:00+00:00,67183.3,2026-02-12 16:00:00+00:00,66693.6171,structure_floor,9.0,0.7288759260113745,20,5000.0,-36.44379630056872,5.978133722219658,3.3820000000000006,-45.80393002278838,in-sample-overlap
T-NEWS,-1,2026-02-12 17:00:00+00:00,65369.2,2026-02-12 23:00:00+00:00,66436.5134,structure_floor,6.0,1.632746614613609,20,5000.0,-81.63733073068043,6.048982398438408,-3.0,-84.68631312911884,in-sample-overlap
T-NEWS,-1,2026-02-13 03:00:00+00:00,66532.4,2026-02-13 09:00:00+00:00,66793.4,structure_floor,6.0,0.6934669424220374,20,5000.0,-19.614503610271086,6.0117687021661625,-0.3987,-25.227572312437246,in-sample-overlap
T-NEWS,1,2026-02-13 13:00:00+00:00,67239.9,2026-02-14 13:00:00+00:00,69445.4,max_hold_24h,24.0,0.8131799720106553,20,5000.0,164.00232599988993,6.098401395599933,0.5397000000000008,157.36422460429,in-sample-overlap
T-NEWS,1,2026-02-14 15:00:00+00:00,69756.4,2026-02-14 16:00:00+00:00,69324.401,structure_floor,1.0,0.6192965806721623,20,5000.0,-30.964829033608112,5.981421102579835,0.43685,-37.38310013618795,val-overlap
T-NEWS,-1,2026-02-15 13:00:00+00:00,68908.0,2026-02-16 12:00:00+00:00,69055.0,structure_floor,23.0,1.294441284030857,20,5000.0,-10.66639577407558,6.0063998374644445,-5.031449999999999,-11.641345611540025,val-overlap
T-NEWS,1,2026-02-16 19:00:00+00:00,67878.2,2026-02-17 14:00:00+00:00,67575.0648,structure_floor,19.0,0.4465869749050568,20,5000.0,-22.329348745252844,5.986602390752849,1.5013500000000002,-29.817301136005693,val-overlap
T-NEWS,1,2026-02-17 16:00:00+00:00,67495.9,2026-02-17 17:00:00+00:00,67079.157,structure_floor,1.0,0.6174345404683658,20,5000.0,-30.871727023418288,5.981476963785949,-0.0616,-36.79160398720424,val-overlap
T-NEWS,1,2026-02-17 18:00:00+00:00,68054.3,2026-02-18 01:00:00+00:00,66890.724,structure_floor,7.0,1.7097758701507486,20,5000.0,-85.48879350753744,5.948706723895478,-0.12069999999999999,-91.31680023143292,val-overlap
T-NEWS,1,2026-02-18 07:00:00+00:00,68080.3,2026-02-18 11:00:00+00:00,67457.02,structure_floor,4.0,0.9155071290813919,20,5000.0,-45.775356454069595,5.972534786127559,-0.034,-51.71389124019716,val-overlap
T-DIVER,-1,2026-02-16 16:00:00+00:00,67878.2,2026-02-18 16:00:00+00:00,66138.1,max_hold,48.0,3.54035,20,5000.0,128.17811904263752,5.9230931285744175,-1.4685000000000004,123.7235259140631,sealed-overlap
T-NEWS,1,2026-02-18 17:00:00+00:00,67152.6,2026-02-18 18:00:00+00:00,66815.4505,structure_floor,1.0,0.5020647003987924,20,5000.0,-25.10323501993962,5.984938058988035,0.020200000000000003,-31.108373078927656,val-overlap
T-NEWS,-1,2026-02-18 19:00:00+00:00,66138.1,2026-02-19 01:00:00+00:00,66783.0499,structure_floor,6.0,0.9751563773377105,20,5000.0,-48.75781886688552,6.029254691320131,0.07869999999999999,-54.86577355820565,val-overlap
T-NEWS,-1,2026-02-19 11:00:00+00:00,66462.4,2026-02-19 19:00:00+00:00,67111.3318,structure_floor,8.0,0.9763893569898254,20,5000.0,-48.819467849491275,6.029291680709695,-1.2258000000000004,-53.62295953020097,val-overlap
T-NEWS,1,2026-02-19 23:00:00+00:00,66982.1,2026-02-20 13:00:00+00:00,66585.0438,structure_floor,14.0,0.5927795634953313,20,5000.0,-29.638978174766564,5.982216613095139,7.0,-42.621194787861704,val-overlap
T-NEWS,1,2026-02-20 14:00:00+00:00,67052.4,2026-02-21 14:00:00+00:00,68416.1,max_hold_24h,24.0,0.9096276941615895,20,5000.0,101.68912671284039,6.061013476027704,10.913049999999998,84.71506323681268,val-overlap
T-NEWS,1,2026-02-21 17:00:00+00:00,68413.4,2026-02-21 22:00:00+00:00,67957.8131,structure_floor,5.0,0.6659322588849478,20,5000.0,-33.296612944247386,5.980022032233452,2.11125,-41.387884976480834,val-overlap
T-NEWS,-1,2026-02-22 02:00:00+00:00,67872.7,2026-02-23 02:00:00+00:00,64743.1,max_hold_24h,24.0,0.76357534030617,20,5000.0,230.5492488143244,5.861670450711405,0.8925999999999998,223.79497836361298,val-overlap
T-NEWS,-1,2026-02-23 13:00:00+00:00,66097.4,2026-02-24 13:00:00+00:00,62871.8,max_hold_24h,24.0,0.752354101674199,20,5000.0,244.0035462816988,5.8535978722309805,4.384600000000001,233.7653484094678,val-overlap
T-STRIKES,-1,2026-02-25 02:00:00+00:00,65851.3,2026-02-25 05:00:00+00:00,64888.35101775403,target,3.0,0.9748721561517907,20,5000.0,73.11541171138404,5.95613075297317,-0.21075,67.37003095841088,sealed-overlap
T-NEWS,1,2026-02-24 14:00:00+00:00,63428.5,2026-02-25 14:00:00+00:00,66942.7,max_hold_24h,24.0,1.421671173053116,20,5000.0,277.0205822303852,6.166212349338231,4.4573,266.39706988104695,val-overlap
T-NEWS,1,2026-02-25 16:00:00+00:00,68270.2,2026-02-26 14:00:00+00:00,67751.5,structure_floor,22.0,1.619301540056994,20,5000.0,-37.988756441316795,5.977206746135209,6.865600000000001,-50.831563187452005,val-overlap
T-NEWS,-1,2026-02-26 16:00:00+00:00,66612.4,2026-02-26 19:00:00+00:00,67757.665,structure_floor,3.0,1.7192970077643195,20,5000.0,-85.96485038821598,6.05157891023293,-0.6072,-91.4092292984489,val-overlap
T-NEWS,-1,2026-02-26 20:00:00+00:00,67394.4,2026-02-27 04:00:00+00:00,68003.4,structure_floor,8.0,0.9036359104020514,20,5000.0,-45.18179552010256,6.027109077312061,-1.5944499999999997,-49.61445459741462,val-overlap
T-NEWS,-1,2026-02-27 11:00:00+00:00,66082.6,2026-02-28 11:00:00+00:00,63814.2,max_hold_24h,24.0,1.304478334690185,20,5000.0,171.6336826940835,5.897019790383551,1.6141999999999999,164.12246290369993,val-overlap
T-NEWS,1,2026-02-28 18:00:00+00:00,65874.8,2026-03-01 16:00:00+00:00,65973.2,structure_floor,22.0,1.4015086193810102,20,5000.0,7.468713377497479,6.004481228026498,4.536850000000001,-3.0726178505290207,val-overlap
T-NEWS,-1,2026-03-01 19:00:00+00:00,65925.6,2026-03-02 00:00:00+00:00,66516.4525,structure_floor,5.0,0.8962413690584439,20,5000.0,-44.8120684529222,6.026887241071754,-1.3682,-49.47075569399395,val-overlap
T-NEWS,-1,2026-03-02 05:00:00+00:00,66700.6,2026-03-02 14:00:00+00:00,67078.9,structure_floor,9.0,0.7111210393909283,20,5000.0,-28.358065744535157,6.017014839446721,-1.1825999999999999,-33.192480583981876,val-overlap
T-CHOCH,-1,2026-02-27 11:00:00+00:00,66082.6,2026-03-02 15:00:00+00:00,68878.66972794228,stop,76.0,4.231173906508342,20,5000.0,-211.55869532541655,6.12693521719525,-5.671999999999998,-212.0136305426118,sealed-overlap
T-NEWS,1,2026-03-02 16:00:00+00:00,69404.7,2026-03-02 19:00:00+00:00,68683.8285,structure_floor,3.0,1.0386493998244988,20,5000.0,-51.93246999122494,5.968840518005265,0.3993,-58.300610509230204,val-overlap
T-NEWS,1,2026-03-02 21:00:00+00:00,69374.1,2026-03-02 23:00:00+00:00,68742.9506,structure_floor,2.0,0.909776703409499,20,5000.0,-45.48883517047495,5.972706698897714,0.2662,-51.727741869372664,val-overlap
T-NEWS,-1,2026-03-03 14:00:00+00:00,66540.0,2026-03-03 15:00:00+00:00,67766.7923,structure_floor,1.0,1.8436914637811856,20,5000.0,-92.18457318905928,6.055310743913436,-0.0608,-98.17908393297272,val-overlap
T-NEWS,1,2026-03-03 16:00:00+00:00,68135.7,2026-03-04 16:00:00+00:00,73245.2,max_hold_24h,24.0,1.3294008867598066,20,5000.0,374.95028303811364,6.224970169822868,1.1034499999999998,367.62186286829075,val-overlap
T-NEWS,-1,2026-03-04 17:00:00+00:00,73177.5,2026-03-04 19:00:00+00:00,73936.64649999999,structure_floor,2.0,1.0374042567728987,20,5000.0,-51.87021283864494,6.0311221277031875,-0.3549,-57.54643496634812,val-overlap
T-NEWS,-1,2026-03-04 20:00:00+00:00,72976.7,2026-03-05 20:00:00+00:00,71201.3,max_hold_24h,24.0,1.2568651364065284,20,5000.0,121.64156504747365,5.927015060971516,4.4252,111.28934998650213,val-overlap
T-NEWS,-1,2026-03-05 23:00:00+00:00,70847.6,2026-03-06 23:00:00+00:00,68075.5,max_hold_24h,24.0,0.8917688107995139,20,5000.0,195.63824321501403,5.882617054070992,0.33919999999999983,189.41642616094302,val-overlap
T-NEWS,-1,2026-03-07 05:00:00+00:00,67983.3,2026-03-08 05:00:00+00:00,67111.7,max_hold_24h,24.0,0.483977682754427,20,5000.0,64.10397847706759,5.961537612913759,3.6324,54.51004086415383,val-overlap
T-NEWS,1,2026-03-08 14:00:00+00:00,67300.6,2026-03-08 16:00:00+00:00,66804.982,structure_floor,2.0,0.7364243409419859,20,5000.0,-36.821217047099296,5.977907269771741,-0.37260000000000004,-42.42652431687104,val-overlap
T-NEWS,-1,2026-03-08 23:00:00+00:00,65943.8,2026-03-09 03:00:00+00:00,66744.9359,structure_floor,4.0,1.2148767586945153,20,5000.0,-60.74383793472577,6.036446302760836,0.7807999999999999,-67.5610842374866,val-overlap
T-NEWS,1,2026-03-09 13:00:00+00:00,68937.8,2026-03-10 13:00:00+00:00,69877.5,max_hold_24h,24.0,1.515268111253911,20,5000.0,68.15564175242008,6.040893385051452,-2.8061999999999996,64.92094836736862,val-overlap
T-NEWS,1,2026-03-10 19:00:00+00:00,70003.3,2026-03-10 22:00:00+00:00,69441.5485,structure_floor,3.0,0.8024643123966991,20,5000.0,-40.12321561983495,5.975926070628099,0.5479499999999999,-46.64709169046305,val-overlap
T-DIVER,1,2026-03-10 04:00:00+00:00,70385.8,2026-03-12 04:00:00+00:00,69786.6,max_hold,48.0,3.54035,20,5000.0,-42.56540381724702,5.974460757709651,-6.4712,-42.06866457495667,sealed-overlap
T-NEWS,1,2026-03-11 13:00:00+00:00,70142.1,2026-03-12 13:00:00+00:00,69939.9,max_hold_24h,24.0,1.511175171544623,20,5000.0,-14.413597539852073,5.991351841476088,-6.125199999999997,-14.279749381328166,val-overlap
T-NEWS,-1,2026-03-12 14:00:00+00:00,69542.8,2026-03-13 00:00:00+00:00,70772.4,structure_floor,10.0,1.8808801198685963,20,5000.0,-88.40598882989981,6.053043593297939,1.9804500000000005,-96.43948242319776,val-overlap
T-NEWS,1,2026-03-13 01:00:00+00:00,71634.2,2026-03-13 02:00:00+00:00,71036.25,structure_floor,1.0,0.8347269879470938,20,5000.0,-41.73634939735469,5.974958190361586,-0.21424999999999997,-47.49705758771627,val-overlap
T-NEWS,-1,2026-03-13 14:00:00+00:00,72351.7,2026-03-14 14:00:00+00:00,70559.7,max_hold_24h,24.0,2.4045176547337417,20,5000.0,123.8395227755533,5.925696286334667,3.3853499999999985,114.52847648921863,val-overlap
T-NEWS,-1,2026-03-14 15:00:00+00:00,70545.6,2026-03-14 23:00:00+00:00,70900.0,structure_floor,8.0,0.5051621929645238,20,5000.0,-25.118504910298736,6.0150711029461785,3.4908,-34.62437601324491,val-overlap
T-NEWS,-1,2026-03-15 03:00:00+00:00,71319.6,2026-03-15 05:00:00+00:00,71714.19909999998,structure_floor,2.0,0.5532828282827968,20,5000.0,-27.66414141413984,6.016598484848483,0.5834,-34.26413989898832,val-overlap
T-NEWS,1,2026-03-15 14:00:00+00:00,71584.9,2026-03-16 14:00:00+00:00,73527.7,max_hold_24h,24.0,0.689413409811285,20,5000.0,135.69900914857763,6.0814194054891475,3.3541499999999997,126.26343974308847,val-overlap
T-CHOCH,1,2026-03-09 13:00:00+00:00,68937.8,2026-03-16 21:00:00+00:00,74771.55641064182,target,176.0,4.231173906508342,20,5000.0,423.117390650834,6.2538704343905005,-20.15779999999998,437.02132021644354,sealed-overlap
T-NEWS,1,2026-03-16 16:00:00+00:00,73717.8,2026-03-17 16:00:00+00:00,74121.6,max_hold_24h,24.0,1.1030877210117582,20,5000.0,27.388229165819034,6.016432937499491,5.248449999999997,16.123346228319544,val-overlap
T-NEWS,1,2026-03-17 17:00:00+00:00,74489.4,2026-03-18 00:00:00+00:00,73737.52179999999,structure_floor,7.0,1.0093760991496863,20,5000.0,-50.468804957484316,5.96971871702551,-1.12395,-55.31457367450982,val-overlap
T-NEWS,1,2026-03-18 02:00:00+00:00,74304.0,2026-03-18 07:00:00+00:00,73785.07870000001,structure_floor,5.0,0.6983759959086822,20,5000.0,-34.91879979543411,5.97904872012274,0.10724999999999998,-41.00509851555685,val-overlap
T-NEWS,-1,2026-03-18 14:00:00+00:00,71149.6,2026-03-19 14:00:00+00:00,69450.0,max_hold_24h,24.0,1.7604551536480755,20,5000.0,119.43847892328318,5.928336912646031,0.08174999999999964,113.42839201063715,val-overlap
T-NEWS,1,2026-03-19 16:00:00+00:00,69421.9,2026-03-20 16:00:00+00:00,69799.7,max_hold_24h,24.0,0.7104505926803846,20,5000.0,27.210433595162545,6.016326260157098,3.8993500000000014,17.294757335005446,val-overlap
T-NEWS,1,2026-03-20 17:00:00+00:00,69974.7,2026-03-21 15:00:00+00:00,70452.5,structure_floor,22.0,1.2071705916566884,20,5000.0,34.14091092923606,6.020484546557542,3.986900000000001,24.133526382678514,val-overlap
T-NEWS,1,2026-03-22 00:00:00+00:00,68906.6,2026-03-22 11:00:00+00:00,68166.8,structure_floor,11.0,1.3704063181175783,20,5000.0,-53.68135998583611,5.967791184008498,-4.57155,-55.077601169844606,val-overlap
T-NEWS,1,2026-03-22 14:00:00+00:00,68679.3,2026-03-22 19:00:00+00:00,68294.5,structure_floor,5.0,0.5602852679045984,20,5000.0,-28.01426339522992,5.983191441962862,-0.59135,-33.406104837192785,val-overlap
T-NEWS,1,2026-03-22 22:00:00+00:00,68310.6,2026-03-23 22:00:00+00:00,70743.5,max_hold_24h,24.0,1.4550561699062938,20,5000.0,178.0763161207773,6.106845789672466,1.0391000000000006,170.93037033110485,val-overlap
T-NEWS,-1,2026-03-24 13:00:00+00:00,70071.5,2026-03-25 05:00:00+00:00,71240.88339999999,structure_floor,16.0,1.6688431102516592,20,5000.0,-83.44215551258297,6.05006529330755,-3.9390000000000005,-85.55322080589052,val-overlap
T-NEWS,-1,2026-03-25 15:00:00+00:00,70788.4,2026-03-25 16:00:00+00:00,71480.2995,structure_floor,1.0,0.9774193229399162,20,5000.0,-48.870966146995805,6.029322579688197,0.0025499999999999997,-54.902838726684,val-overlap
T-NEWS,-1,2026-03-25 17:00:00+00:00,70743.0,2026-03-25 22:00:00+00:00,71575.5845,structure_floor,5.0,1.1769143236786639,20,5000.0,-58.8457161839332,6.035307429710359,0.01275,-64.89377361364356,val-overlap
T-NEWS,-1,2026-03-26 00:00:00+00:00,71269.2,2026-03-27 00:00:00+00:00,68749.6,max_hold_24h,24.0,0.5134934866674372,20,5000.0,176.7664011943442,5.893940159283392,-0.6351500000000001,171.50761103506082,val-overlap
T-DONCH,1,2026-03-04 00:00:00+00:00,72710.578125,2026-03-27 00:00:00+00:00,65639.1953125,structure_floor,552.0,13.969618846294932,10,2500.0,-243.13459591612897,2.8541192424503232,0.0,-245.98871515857928,transfer-assumption
T-NEWS,1,2026-03-27 05:00:00+00:00,68595.8,2026-03-27 08:00:00+00:00,68251.8284,structure_floor,3.0,0.501447027369029,20,5000.0,-25.072351368451447,5.984956589178928,0.68215,-31.739457957630375,val-overlap
T-NEWS,-1,2026-03-27 15:00:00+00:00,66086.0,2026-03-28 07:00:00+00:00,66493.6,structure_floor,16.0,1.1169883182519602,20,5000.0,-30.838604242956585,6.018503162545773,-0.9699999999999995,-35.88710740550236,val-overlap
T-NEWS,1,2026-03-29 21:00:00+00:00,66675.6,2026-03-29 22:00:00+00:00,66270.59,structure_floor,1.0,0.6074336038970918,20,5000.0,-30.371680194854587,5.981776991883088,0.08975,-36.44320718673767,val-overlap
T-NEWS,1,2026-03-29 23:00:00+00:00,65990.7,2026-03-30 23:00:00+00:00,66767.3,max_hold_24h,24.0,0.5550262385457398,20,5000.0,58.841624653171266,6.035304974791902,-0.0176000000000001,52.82391967837937,val-overlap
T-NEWS,1,2026-03-31 00:00:00+00:00,67178.0,2026-03-31 09:00:00+00:00,66304.9865,structure_floor,9.0,1.299552680937213,20,5000.0,-64.97763404686064,5.961013419571884,-1.1521,-69.78654746643252,val-overlap
T-NEWS,1,2026-03-31 13:00:00+00:00,67270.1,2026-03-31 14:00:00+00:00,66411.26670000001,structure_floor,1.0,1.2766939546693084,20,5000.0,-63.83469773346542,5.96169918135992,0.1502,-69.94659691482534,val-overlap
T-NEWS,1,2026-03-31 18:00:00+00:00,67813.9,2026-04-01 18:00:00+00:00,68049.1,max_hold_24h,24.0,0.7688467998448619,20,5000.0,17.34157746420805,6.010404946478525,4.753699999999999,6.577472517729526,val-overlap
T-NEWS,1,2026-04-01 21:00:00+00:00,68321.1,2026-04-02 01:00:00+00:00,67925.61,structure_floor,4.0,0.5788694854152014,20,5000.0,-28.943474270760074,5.982633915437544,0.1803,-35.10640818619762,val-overlap
T-NEWS,-1,2026-04-02 02:00:00+00:00,66820.1,2026-04-03 02:00:00+00:00,66503.3,max_hold_24h,24.0,1.0500723584669724,20,5000.0,23.705441925408888,5.985776734844754,4.242200000000001,13.477465190564132,val-overlap
T-NEWS,-1,2026-04-03 13:00:00+00:00,66642.9,2026-04-03 14:00:00+00:00,66909.7288,structure_floor,1.0,0.4003859375867541,20,5000.0,-20.01929687933771,6.012011578127603,0.10865,-26.139958457465312,val-overlap
T-NEWS,-1,2026-04-03 18:00:00+00:00,66780.3,2026-04-04 10:00:00+00:00,67099.49639999999,structure_floor,16.0,0.4779798832889133,20,5000.0,-23.898994164445664,6.014339396498668,-2.720250000000001,-27.19308356094433,val-overlap
T-CHOCH,-1,2026-03-26 05:00:00+00:00,69978.8,2026-04-05 05:00:00+00:00,66897.2,max_hold,240.0,4.231173906508342,20,5000.0,220.18096909349728,5.867891418543902,-5.892799999999999,220.20587767495337,sealed-overlap
T-NEWS,-1,2026-04-04 17:00:00+00:00,67309.1,2026-04-05 15:00:00+00:00,67543.0,structure_floor,22.0,0.4175720667784652,20,5000.0,-17.375065184350568,6.01042503911061,0.6873000000000001,-24.07279022346118,val-overlap
T-NEWS,-1,2026-04-05 19:00:00+00:00,67331.8,2026-04-05 22:00:00+00:00,67754.55569999998,structure_floor,3.0,0.627869298013687,20,5000.0,-31.39346490068435,6.018836078940411,-0.2562,-37.15610097962476,val-overlap
T-NEWS,1,2026-04-05 23:00:00+00:00,69002.4,2026-04-06 22:00:00+00:00,69120.0,structure_floor,23.0,1.4232475971850214,20,5000.0,8.52144273242712,6.005112865639455,4.26785,-1.7515201332123347,val-overlap
T-NEWS,-1,2026-04-07 06:00:00+00:00,68539.1,2026-04-07 08:00:00+00:00,68829.1699,structure_floor,2.0,0.4232181338826854,20,5000.0,-21.160906694134272,6.012696544016481,0.4519,-27.625503238150753,val-overlap
T-NEWS,1,2026-04-07 15:00:00+00:00,68132.6,2026-04-08 15:00:00+00:00,71270.6,max_hold_24h,24.0,0.9637633086070433,20,5000.0,230.28623595752984,6.138171741574518,6.445600000000002,217.7024642159553,val-overlap
T-NEWS,-1,2026-04-08 18:00:00+00:00,71066.3,2026-04-09 15:00:00+00:00,71582.7,structure_floor,21.0,1.41723109265571,20,5000.0,-36.3322700070212,6.021799362004212,-2.355049999999999,-39.99901936902541,val-overlap
T-NEWS,-1,2026-04-09 22:00:00+00:00,71910.0,2026-04-10 15:00:00+00:00,73141.6,structure_floor,17.0,2.017834515366429,20,5000.0,-85.6348213044087,6.051380892782645,-7.757100000000001,-83.92910219719136,val-overlap
T-NEWS,1,2026-04-10 16:00:00+00:00,72963.8,2026-04-11 13:00:00+00:00,72571.4,structure_floor,21.0,1.1357092147064736,20,5000.0,-26.89004684514847,5.983865971892911,0.18820000000000078,-33.06211281704138,val-overlap
T-NEWS,1,2026-04-11 14:00:00+00:00,72662.9,2026-04-12 01:00:00+00:00,72481.3,structure_floor,11.0,0.4303484997158085,20,5000.0,-12.496060575616394,5.99250236365463,0.28179999999999994,-18.770362939271024,val-overlap
T-NEWS,1,2026-04-12 02:00:00+00:00,71726.5,2026-04-12 12:00:00+00:00,71267.8,structure_floor,10.0,0.9008979944650863,20,5000.0,-31.97562964873492,5.980814622210758,0.45149999999999985,-38.407944270945684,val-overlap
T-NEWS,-1,2026-04-12 13:00:00+00:00,70860.0,2026-04-12 20:00:00+00:00,71326.74019999999,structure_floor,7.0,0.6586793677674085,20,5000.0,-32.933968388370424,6.019760381033022,0.1005,-39.054228769403444,val-overlap
T-NEWS,-1,2026-04-13 02:00:00+00:00,71049.9,2026-04-13 13:00:00+00:00,71461.5434,structure_floor,11.0,0.5793722440144192,20,5000.0,-28.968612200720962,6.0173811673204325,0.08639999999999982,-35.07239336804139,val-overlap
T-NEWS,1,2026-04-13 14:00:00+00:00,72348.4,2026-04-14 14:00:00+00:00,74974.2,max_hold_24h,24.0,1.6965198953950589,20,5000.0,181.46911334597607,6.108881468007586,-0.3474500000000002,175.7076818779685,val-overlap
T-NEWS,1,2026-04-14 15:00:00+00:00,75272.3,2026-04-14 17:00:00+00:00,74296.7391,structure_floor,2.0,1.2960423688395288,20,5000.0,-64.80211844197645,5.961118728934814,-0.0054,-70.75783717091126,val-overlap
T-NEWS,-1,2026-04-14 20:00:00+00:00,74045.2,2026-04-15 00:00:00+00:00,74618.185,structure_floor,4.0,0.7738313894756185,20,5000.0,-38.691569473780916,6.023214941684268,0.8177,-45.532484415465184,val-overlap
T-NEWS,1,2026-04-15 12:00:00+00:00,74222.1,2026-04-15 13:00:00+00:00,73779.79460000001,structure_floor,1.0,0.5959214304095376,20,5000.0,-29.796071520476882,5.9821223570877144,-0.3828,-35.395393877564594,val-overlap
T-DIVER,1,2026-04-14 04:00:00+00:00,74527.2,2026-04-16 04:00:00+00:00,74668.9,max_hold,48.0,3.54035,20,5000.0,9.506596249422834,6.005703957749653,-10.03559999999999,13.53649229167317,sealed-overlap
T-NEWS,1,2026-04-15 17:00:00+00:00,74094.0,2026-04-16 13:00:00+00:00,73648.39,structure_floor,20.0,0.6014117202472542,20,5000.0,-30.070586012362714,5.981957648392582,-3.8460000000000014,-32.206543660755294,val-overlap
T-NEWS,1,2026-04-16 14:00:00+00:00,73930.1,2026-04-17 14:00:00+00:00,77850.7,max_hold_24h,24.0,1.046568988815112,20,5000.0,265.15587020712746,6.159093522124277,-3.2174999999999994,262.21427668500314,val-overlap
T-NEWS,-1,2026-04-17 15:00:00+00:00,77736.7,2026-04-17 16:00:00+00:00,78177.9323,structure_floor,1.0,0.56759844449276,20,5000.0,-28.379922224637998,6.017027953334782,0.0077,-34.40465017797278,val-overlap
T-NEWS,-1,2026-04-17 17:00:00+00:00,77468.0,2026-04-18 17:00:00+00:00,75780.2,max_hold_24h,24.0,0.8277311922342181,20,5000.0,108.93530231837681,5.934638818608975,7.642399999999997,95.35826349976784,val-overlap
T-STRIKES,1,2026-04-18 19:00:00+00:00,75605.0,2026-04-18 23:00:00+00:00,75650.0,max_hold,4.0,0.5240705809336215,20,5000.0,2.9759936512135443,6.001785596190728,-1.83,-1.1957919449771834,sealed-overlap
T-NEWS,-1,2026-04-19 06:00:00+00:00,75356.1,2026-04-19 13:00:00+00:00,75736.53,structure_floor,7.0,0.5048430054103026,20,5000.0,-25.242150270515125,6.015145290162309,0.7087500000000001,-31.966045560677433,val-overlap
T-NEWS,-1,2026-04-19 23:00:00+00:00,73765.8,2026-04-20 00:00:00+00:00,74247.075,structure_floor,1.0,0.6524364949610716,20,5000.0,-32.62182474805358,6.019573094848832,0.07114999999999999,-38.71254784290241,val-overlap
T-NEWS,-1,2026-04-20 05:00:00+00:00,74232.3,2026-04-20 06:00:00+00:00,74751.1828,structure_floor,1.0,0.6989986838613274,20,5000.0,-34.94993419306637,6.02096996051584,0.07114999999999999,-41.042054153582214,val-overlap
T-NEWS,-1,2026-04-20 13:00:00+00:00,75229.9,2026-04-20 14:00:00+00:00,75625.19699999999,structure_floor,1.0,0.5254519811936363,20,5000.0,-26.272599059681816,6.0157635594358085,0.071,-32.359362619117626,val-overlap
T-NEWS,1,2026-04-20 18:00:00+00:00,76389.9,2026-04-20 23:00:00+00:00,75622.0512,structure_floor,5.0,1.0051705788330558,20,5000.0,-50.2585289416528,5.969844882635008,-0.01675,-56.211623824287805,val-overlap
T-NEWS,1,2026-04-21 05:00:00+00:00,75762.3,2026-04-21 15:00:00+00:00,75504.804,structure_floor,10.0,0.33987352548694955,20,5000.0,-16.99367627434748,5.989803794235391,-3.5019000000000005,-19.481580068582872,val-overlap
T-NEWS,-1,2026-04-21 16:00:00+00:00,75729.7,2026-04-21 23:00:00+00:00,76375.84219999998,structure_floor,7.0,0.8532216554403194,20,5000.0,-42.66108277201597,6.0255966496632105,1.3317500000000004,-50.01842942167919,val-overlap
T-NEWS,-1,2026-04-22 04:00:00+00:00,77485.6,2026-04-22 05:00:00+00:00,77907.42319999999,structure_floor,1.0,0.5443891510164267,20,5000.0,-27.219457550821335,6.016331674530493,-0.05595,-33.17983922535183,val-overlap
T-NEWS,1,2026-04-22 06:00:00+00:00,77964.3,2026-04-23 00:00:00+00:00,77612.462,structure_floor,18.0,0.4512809067740021,20,5000.0,-22.564045338700108,5.98646157279678,-1.1916499999999999,-27.35885691149689,val-overlap
T-DIVER,1,2026-04-21 08:00:00+00:00,76415.4,2026-04-23 08:00:00+00:00,77650.2,max_hold,48.0,3.54035,20,5000.0,80.79523237462625,6.048477139424775,-7.035649999999997,81.78240523520148,sealed-overlap
T-NEWS,1,2026-04-23 14:00:00+00:00,78143.3,2026-04-23 17:00:00+00:00,77143.97170000001,structure_floor,3.0,1.2788406683618347,20,5000.0,-63.94203341809175,5.961634779949145,-0.264,-69.6396681980409,val-overlap
T-NEWS,1,2026-04-23 20:00:00+00:00,77839.6,2026-04-24 09:00:00+00:00,77370.7892,structure_floor,13.0,0.6022780178726593,20,5000.0,-30.113900893632962,5.98193165946382,-1.0619999999999998,-35.03383255309679,val-overlap
T-NEWS,1,2026-04-24 15:00:00+00:00,78004.2,2026-04-24 22:00:00+00:00,77262.515,structure_floor,7.0,0.9508270067509156,20,5000.0,-47.54135033754578,5.971475189797473,-1.4244999999999999,-52.08832552734325,val-overlap
T-NEWS,1,2026-04-25 20:00:00+00:00,77435.6,2026-04-26 20:00:00+00:00,78141.8,max_hold_24h,24.0,0.5218399547495032,20,5000.0,45.599181771691384,6.0273595090630145,1.6295500000000007,37.94227226262837,val-overlap
T-CHOCH,1,2026-04-17 08:00:00+00:00,75736.5,2026-04-27 08:00:00+00:00,77766.5,max_hold,240.0,4.231173906508342,20,5000.0,134.01728360829983,6.08041037016498,-27.364449999999955,155.3013232381348,sealed-overlap
T-NEWS,-1,2026-04-27 01:00:00+00:00,79252.9,2026-04-28 01:00:00+00:00,77056.7,max_hold_24h,24.0,0.5588088259230868,20,5000.0,138.55644399132382,5.916866133605206,-0.8331,133.47267785771862,val-overlap
T-DIVER,1,2026-04-27 00:00:00+00:00,79069.9,2026-04-28 08:00:00+00:00,76270.54879535,stop,32.0,3.54035,20,5000.0,-177.01749999999979,5.8937895000000005,0.9320999999999996,-183.84338949999977,sealed-overlap
T-NEWS,1,2026-04-28 15:00:00+00:00,76024.0,2026-04-29 15:00:00+00:00,75888.3,max_hold_24h,24.0,0.618152425549843,20,5000.0,-8.92481321687869,5.994645112069872,-2.637200000000001,-12.282258328948561,val-overlap
T-NEWS,1,2026-04-29 19:00:00+00:00,75517.0,2026-04-30 19:00:00+00:00,76360.4,max_hold_24h,24.0,0.6408840393553763,20,5000.0,55.84173100096628,6.033505038600579,-3.3816000000000015,53.189825962365695,val-overlap
T-NEWS,1,2026-04-30 20:00:00+00:00,76452.2,2026-05-01 20:00:00+00:00,77836.0,max_hold_24h,24.0,0.5327787820363588,20,5000.0,90.50099277718647,6.054300595666311,-4.3746,88.82129218152016,val-overlap
T-NEWS,-1,2026-05-02 16:00:00+00:00,78419.6,2026-05-02 21:00:00+00:00,78804.707,structure_floor,5.0,0.4910851368790316,20,5000.0,-24.554256843951578,6.014732554106371,0.9205000000000001,-31.489489398057948,val-overlap
T-NEWS,1,2026-05-02 22:00:00+00:00,78799.3,2026-05-03 01:00:00+00:00,78340.67079999999,structure_floor,3.0,0.5820219215145442,20,5000.0,-29.101096075727213,5.982539342354564,0.04509999999999997,-35.128735418081774,val-overlap
T-NEWS,-1,2026-05-03 23:00:00+00:00,78529.9,2026-05-04 01:00:00+00:00,79500.68869999998,structure_floor,2.0,1.2362026438337372,20,5000.0,-61.810132191686876,6.037086079315013,-0.6880000000000002,-67.15921827100189,val-overlap
T-NEWS,1,2026-05-04 03:00:00+00:00,80279.5,2026-05-04 06:00:00+00:00,79645.6441,structure_floor,3.0,0.7895613450507228,20,5000.0,-39.47806725253614,5.976313159648478,1.032,-46.486380412184616,val-overlap
T-NEWS,-1,2026-05-04 13:00:00+00:00,78743.7,2026-05-04 14:00:00+00:00,79337.29999999999,structure_floor,1.0,0.7538380848245527,20,5000.0,-37.69190424122764,6.022615142544738,-0.16975,-43.544769383772376,val-overlap
T-NEWS,-1,2026-05-04 15:00:00+00:00,79983.5,2026-05-04 17:00:00+00:00,80579.91669999999,structure_floor,2.0,0.7456746704007539,20,5000.0,-37.28373352003769,6.022370240112021,0.3679999999999999,-43.67410376014971,val-overlap
T-NEWS,-1,2026-05-04 19:00:00+00:00,80007.2,2026-05-04 21:00:00+00:00,80339.99909999999,structure_floor,2.0,0.41596143847052425,20,5000.0,-20.798071923526212,6.012478843154116,0.368,-27.178550766680328,val-overlap
T-NEWS,1,2026-05-05 04:00:00+00:00,80856.0,2026-05-06 04:00:00+00:00,81288.5,max_hold_24h,24.0,0.5231831898684008,20,5000.0,26.745077668942315,6.016047046601365,-4.283849999999999,25.01288062234095,val-overlap
T-NEWS,-1,2026-05-06 12:00:00+00:00,82184.9,2026-05-07 12:00:00+00:00,81115.5,max_hold_24h,24.0,0.7024941321337467,20,5000.0,65.06061332434511,5.9609636320053925,0.6157000000000001,58.48394969233972,sealed-overlap
T-NEWS,-1,2026-05-07 13:00:00+00:00,80463.7,2026-05-08 12:00:00+00:00,80348.5,structure_floor,23.0,1.1243268703775595,20,5000.0,7.1585075008977395,5.99570489549946,-4.373449999999999,5.536252605398278,sealed-overlap
T-NEWS,1,2026-05-08 14:00:00+00:00,80111.5,2026-05-09 14:00:00+00:00,80287.7,max_hold_24h,24.0,0.9248712107500289,20,5000.0,10.997172690562346,6.006598303614337,1.8212499999999994,3.16932438694801,sealed-overlap
T-NEWS,1,2026-05-09 17:00:00+00:00,80770.0,2026-05-10 17:00:00+00:00,81446.1,max_hold_24h,24.0,0.533295778135449,20,5000.0,41.85341091989636,6.025112046551937,0.12120000000000011,35.70709887334442,sealed-overlap
T-NEWS,1,2026-05-10 23:00:00+00:00,82181.9,2026-05-11 00:00:00+00:00,81764.6679,structure_floor,1.0,0.5076934215441525,20,5000.0,-25.384671077207624,5.984769197353675,0.14335,-31.5127902745613,sealed-overlap
T-NEWS,1,2026-05-11 13:00:00+00:00,81028.4,2026-05-11 14:00:00+00:00,80482.22679999999,structure_floor,1.0,0.6740515671048728,20,5000.0,-33.70257835524364,5.979778452986854,0.25165,-39.93400680823049,sealed-overlap
T-NEWS,1,2026-05-11 15:00:00+00:00,81403.8,2026-05-12 10:00:00+00:00,80660.1,structure_floor,19.0,1.062167245263746,20,5000.0,-45.679685714917305,5.97259218857105,1.0184000000000002,-52.670677903488354,sealed-overlap
T-NEWS,-1,2026-05-12 13:00:00+00:00,80431.3,2026-05-13 01:00:00+00:00,81140.69399999999,structure_floor,12.0,0.8819874849716287,20,5000.0,-44.09937424858144,6.026459624549148,-0.47180000000000005,-49.65403387313059,sealed-overlap
T-NEWS,1,2026-05-13 02:00:00+00:00,81017.0,2026-05-13 11:00:00+00:00,80647.92820000001,structure_floor,9.0,0.4555485885678199,20,5000.0,-22.777429428390995,5.986333542342965,0.8191,-29.58286297073396,sealed-overlap
T-NEWS,-1,2026-05-13 13:00:00+00:00,79605.9,2026-05-14 13:00:00+00:00,79974.3,structure_floor,24.0,1.1803318598244685,20,5000.0,-23.138988441812025,6.013883393065088,-3.0197000000000007,-26.13317183487711,sealed-overlap
T-NEWS,1,2026-05-14 16:00:00+00:00,81834.5,2026-05-15 02:00:00+00:00,80775.7436,structure_floor,10.0,1.2937775632526605,20,5000.0,-64.68887816263302,5.961186673102421,-0.8378,-69.81226483573543,sealed-overlap
T-NEWS,-1,2026-05-15 04:00:00+00:00,80685.8,2026-05-16 04:00:00+00:00,78999.7,max_hold_24h,24.0,0.7723755605075366,20,5000.0,104.48554764283217,5.937308671414302,3.438100000000001,95.11013897141787,sealed-overlap
T-NEWS,-1,2026-05-16 10:00:00+00:00,77929.4,2026-05-16 14:00:00+00:00,78297.7908,structure_floor,4.0,0.47272377305613583,20,5000.0,-23.636188652806794,6.014181713191684,0.3718,-30.022170365998477,sealed-overlap
T-NEWS,1,2026-05-16 18:00:00+00:00,78197.2,2026-05-17 00:00:00+00:00,77872.5793,structure_floor,6.0,0.41513084867488803,20,5000.0,-20.7565424337444,5.987546074539753,0.756,-27.500088508284154,sealed-overlap
T-NEWS,-1,2026-05-17 14:00:00+00:00,78004.1,2026-05-17 19:00:00+00:00,78418.2511,structure_floor,5.0,0.5309350405940049,20,5000.0,-26.546752029700247,6.01592805121782,-0.06515,-32.49753008091807,sealed-overlap
T-NEWS,-1,2026-05-18 00:00:00+00:00,77172.5,2026-05-18 12:00:00+00:00,77676.1314,structure_floor,12.0,0.6526047491010378,20,5000.0,-32.63023745505188,6.01957814247303,-1.1040999999999999,-37.54571559752491,sealed-overlap
T-NEWS,-1,2026-05-18 13:00:00+00:00,76907.5,2026-05-19 13:00:00+00:00,76845.2,max_hold_24h,24.0,1.2225656795500843,20,5000.0,4.050320189838631,5.997569807886096,-5.8192999999999975,3.8720503819525325,sealed-overlap
T-NEWS,1,2026-05-19 15:00:00+00:00,76497.0,2026-05-20 15:00:00+00:00,77421.9,max_hold_24h,24.0,0.55558087245253,20,5000.0,60.45335111180792,6.036272010667085,10.603999999999997,43.813079101140836,sealed-overlap
T-NEWS,1,2026-05-20 20:00:00+00:00,77677.6,2026-05-20 22:00:00+00:00,77198.40789999999,structure_floor,2.0,0.6168986940894348,20,5000.0,-30.844934704471736,5.981493039177318,0.8696,-37.696027743649054,sealed-overlap
T-NEWS,-1,2026-05-21 13:00:00+00:00,77089.4,2026-05-21 17:00:00+00:00,77558.98099999999,structure_floor,4.0,0.6091382213378117,20,5000.0,-30.456911066890587,6.018274146640135,-0.9829000000000001,-35.49228521353072,sealed-overlap
T-NEWS,1,2026-05-21 19:00:00+00:00,77666.6,2026-05-22 07:00:00+00:00,77280.1,structure_floor,12.0,0.7301652190259474,20,5000.0,-24.881995606863182,5.9850708026358825,3.5351999999999992,-34.40226640949906,sealed-overlap
T-NEWS,1,2026-05-22 12:00:00+00:00,77501.3,2026-05-22 13:00:00+00:00,77123.3338,structure_floor,1.0,0.48769014197182475,20,5000.0,-24.384507098591236,5.985369295740845,0.0667,-30.436576394332082,sealed-overlap
T-NEWS,1,2026-05-22 15:00:00+00:00,76755.9,2026-05-22 18:00:00+00:00,76300.41,structure_floor,3.0,0.593426694234568,20,5000.0,-29.671334711728395,5.982197199172963,1.17825,-36.831781910901356,sealed-overlap
T-DONCH,1,2026-04-13 00:00:00+00:00,74484.640625,2026-05-23 00:00:00+00:00,74958.5703125,structure_floor,960.0,12.771671466663534,10,2500.0,15.906960264668658,3.0095441761588013,0.0,12.897416088509857,transfer-assumption
T-NEWS,-1,2026-05-22 19:00:00+00:00,75831.3,2026-05-23 19:00:00+00:00,75949.8,max_hold_24h,24.0,1.2558956525867204,20,5000.0,-7.813396315241858,6.004688037789144,-3.1636000000000033,-10.654484353030998,sealed-overlap
T-NEWS,-1,2026-05-23 22:00:00+00:00,76546.7,2026-05-24 10:00:00+00:00,77090.57999999999,structure_floor,12.0,0.7105205057827315,20,5000.0,-35.52602528913658,6.0213156151734815,-2.9246500000000006,-38.62269090431006,sealed-overlap
T-NEWS,-1,2026-05-24 15:00:00+00:00,76329.9,2026-05-24 17:00:00+00:00,76738.22609999999,structure_floor,2.0,0.5349490828626674,20,5000.0,-26.74745414313337,6.016048472485879,-0.1515,-32.612002615619254,sealed-overlap
T-NEWS,1,2026-05-24 23:00:00+00:00,77032.5,2026-05-25 23:00:00+00:00,77280.5,max_hold_24h,24.0,0.640778372764746,20,5000.0,16.097101872586247,6.009658261123552,6.980800000000003,3.106643611462693,sealed-overlap
T-NEWS,-1,2026-05-26 07:00:00+00:00,76687.1,2026-05-26 10:00:00+00:00,77116.3571,structure_floor,3.0,0.5597513793062823,20,5000.0,-27.987568965314114,6.016792541379189,0.13005,-34.1344115066933,sealed-overlap
T-NEWS,-1,2026-05-26 14:00:00+00:00,76862.9,2026-05-27 14:00:00+00:00,74996.7,max_hold_24h,24.0,1.8477666078172996,20,5000.0,121.39796963164264,5.9271612182210145,2.3842,113.08660841342163,sealed-overlap
T-NEWS,1,2026-05-27 15:00:00+00:00,75297.1,2026-05-27 17:00:00+00:00,74711.6905,structure_floor,2.0,0.7774661972373554,20,5000.0,-38.873309861867774,5.976676014082879,-0.0558,-44.79418587595065,sealed-overlap
T-NEWS,1,2026-05-27 18:00:00+00:00,74994.9,2026-05-27 21:00:00+00:00,74403.0193,structure_floor,3.0,0.7892279341661824,20,5000.0,-39.46139670830912,5.976323161975015,-0.0837,-45.354019870284134,sealed-overlap
T-NEWS,-1,2026-05-27 22:00:00+00:00,74388.6,2026-05-28 17:00:00+00:00,73588.9,structure_floor,19.0,0.7771721742309813,20,5000.0,53.75151568923273,5.96774909058646,-2.7560000000000007,50.539766598646274,sealed-overlap
T-NEWS,-1,2026-05-28 19:00:00+00:00,73397.4,2026-05-28 21:00:00+00:00,73850.68939999999,structure_floor,2.0,0.6175823666778308,20,5000.0,-30.879118333891544,6.0185274710003345,-0.8955,-36.00214580489188,sealed-overlap
T-NEWS,-1,2026-05-28 22:00:00+00:00,73447.7,2026-05-29 15:00:00+00:00,73911.1,structure_floor,17.0,0.9449717281820911,20,5000.0,-31.546256724173034,6.018927754034505,-6.109749999999999,-31.455434478207543,sealed-overlap
T-NEWS,1,2026-05-29 16:00:00+00:00,74018.3,2026-05-29 18:00:00+00:00,73300.23760000001,structure_floor,2.0,0.9701146878542134,20,5000.0,-48.50573439271067,5.970896559364373,0.2605,-54.73713095207504,sealed-overlap
T-DIVER,-1,2026-05-27 20:00:00+00:00,74412.4,2026-05-29 20:00:00+00:00,73437.3,max_hold,48.0,3.54035,20,5000.0,65.51999397949746,5.960688003612301,-11.699950000000008,71.25925597588517,sealed-overlap
T-NEWS,1,2026-05-29 19:00:00+00:00,73491.1,2026-05-30 19:00:00+00:00,73978.8,max_hold_24h,24.0,0.68731696763282,20,5000.0,33.18088857018041,6.019908533142107,5.0124,22.1485800370383,sealed-overlap
T-NEWS,1,2026-05-30 23:00:00+00:00,73854.1,2026-05-31 10:00:00+00:00,73740.4,structure_floor,11.0,0.45349032755122815,20,5000.0,-7.6976092051769385,5.995381434476894,3.7128,-17.405790639653834,sealed-overlap
T-NEWS,-1,2026-05-31 14:00:00+00:00,73577.1,2026-05-31 23:00:00+00:00,74007.2,structure_floor,9.0,0.6598837138185469,20,5000.0,-29.227843989501572,6.017536706393701,-2.9760000000000004,-32.26938069589527,sealed-overlap
T-NEWS,-1,2026-06-01 01:00:00+00:00,73256.1,2026-06-02 01:00:00+00:00,70634.9,max_hold_24h,24.0,1.1643565518775636,20,5000.0,178.90660299961448,5.892656038200232,-5.067500000000001,178.08144696141423,sealed-overlap
T-NEWS,-1,2026-06-02 08:00:00+00:00,69801.1,2026-06-03 08:00:00+00:00,66998.6,max_hold_24h,24.0,0.8023542608927169,20,5000.0,200.7489853311767,5.879550608801293,-7.664450000000001,202.5338847223754,sealed-overlap
T-NEWS,-1,2026-06-03 14:00:00+00:00,66831.7,2026-06-04 14:00:00+00:00,63928.1,max_hold_24h,24.0,0.5156627767960178,20,5000.0,217.23224158595386,5.869660655048427,-4.3535499999999985,215.71613093090542,sealed-overlap
T-NEWS,-1,2026-06-04 15:00:00+00:00,63866.9,2026-06-05 15:00:00+00:00,60400.7,max_hold_24h,24.0,1.1018735839691467,20,5000.0,271.3612215404227,5.837183267075746,2.4432,263.08083827334696,sealed-overlap
T-NEWS,1,2026-06-05 16:00:00+00:00,61364.6,2026-06-05 18:00:00+00:00,59539.3445,structure_floor,2.0,2.9744437346613513,20,5000.0,-148.72218673306753,5.910766687960159,-0.2692,-154.36375342102767,sealed-overlap
T-NEWS,1,2026-06-05 21:00:00+00:00,61643.7,2026-06-05 22:00:00+00:00,61236.5376,structure_floor,1.0,0.6605093464538855,20,5000.0,-33.025467322694276,5.980184719606383,-0.1346,-38.87105204230066,sealed-overlap
T-NEWS,-1,2026-06-05 23:00:00+00:00,61026.6,2026-06-06 23:00:00+00:00,60855.6,max_hold_24h,24.0,1.5007744164020138,20,5000.0,14.010284040074328,5.9915938295759545,-2.469199999999998,10.487890210498371,sealed-overlap
T-NEWS,-1,2026-06-07 13:00:00+00:00,61671.4,2026-06-07 14:00:00+00:00,62064.1355,structure_floor,1.0,0.6368194981790509,20,5000.0,-31.84097490895255,6.019104584945372,0.0958,-37.95587949389792,sealed-overlap
T-NEWS,1,2026-06-07 23:00:00+00:00,63306.5,2026-06-08 05:00:00+00:00,62583.1855,structure_floor,6.0,1.1425596107824638,20,5000.0,-57.127980539123186,5.965723211676526,0.2517,-63.34540375079971,sealed-overlap
T-NEWS,1,2026-06-08 11:00:00+00:00,63451.4,2026-06-08 12:00:00+00:00,62821.269100000005,structure_floor,1.0,0.9930921933952545,20,5000.0,-49.65460966976272,5.970207234198143,0.12455,-55.74936690396086,sealed-overlap
T-NEWS,-1,2026-06-08 13:00:00+00:00,63726.4,2026-06-08 15:00:00+00:00,64124.39779999999,structure_floor,2.0,0.6245414773155082,20,5000.0,-31.227073865775417,6.018736244319465,-0.2491,-36.99671011009488,sealed-overlap
T-NEWS,-1,2026-06-08 18:00:00+00:00,63438.5,2026-06-09 18:00:00+00:00,61760.6,max_hold_24h,24.0,0.6585841405455636,20,5000.0,132.24619119304535,5.920652285284172,-3.3237500000000004,129.64928890776116,sealed-overlap
T-NEWS,1,2026-06-10 13:00:00+00:00,62120.8,2026-06-10 21:00:00+00:00,61225.171800000004,structure_floor,8.0,1.4417525208947715,20,5000.0,-72.08762604473857,5.956747424373157,0.6399,-78.68427346911173,sealed-overlap
T-DIVER,-1,2026-06-09 04:00:00+00:00,63170.6,2026-06-11 04:00:00+00:00,62692.6,max_hold,48.0,3.54035,20,5000.0,37.83405571579184,5.977299566570525,-3.6525499999999984,35.50930614922132,sealed-overlap
T-NEWS,-1,2026-06-11 09:00:00+00:00,62899.6,2026-06-11 10:00:00+00:00,63163.8247,structure_floor,1.0,0.42007373655794134,20,5000.0,-21.003686827897063,6.012602212096738,-0.47805,-26.5382390399938,sealed-overlap
T-NEWS,1,2026-06-11 13:00:00+00:00,63052.3,2026-06-11 17:00:00+00:00,62461.850600000005,structure_floor,4.0,0.93644387278497,20,5000.0,-46.8221936392485,5.971906683816451,1.5906,-54.384700323064955,sealed-overlap
T-NEWS,-1,2026-06-11 18:00:00+00:00,63428.6,2026-06-12 09:00:00+00:00,63900.0,structure_floor,15.0,0.8506106078330532,20,5000.0,-37.15989317121941,6.022295935902731,-5.27805,-37.90413910712214,sealed-overlap
T-NEWS,1,2026-06-12 14:00:00+00:00,63979.9,2026-06-13 14:00:00+00:00,64196.7,max_hold_24h,24.0,1.5874690332432606,20,5000.0,16.94282110475287,6.010165692662851,3.7863500000000023,7.146305412090015,sealed-overlap
T-NEWS,-1,2026-06-13 17:00:00+00:00,63943.0,2026-06-13 19:00:00+00:00,64287.98709999999,structure_floor,2.0,0.539522856293873,20,5000.0,-26.976142814693645,6.016185685688815,-0.1254,-32.866928500382464,sealed-overlap
T-NEWS,-1,2026-06-14 13:00:00+00:00,64288.0,2026-06-14 21:00:00+00:00,64560.20129999999,structure_floor,8.0,0.42340918989546006,20,5000.0,-21.170459494773002,6.0127022756968636,-0.49939999999999996,-26.683761770469864,sealed-overlap
T-CHOCH,-1,2026-06-09 13:00:00+00:00,62245.4,2026-06-14 21:00:00+00:00,64879.11112280174,stop,128.0,4.231173906508342,20,5000.0,-211.5586953254167,6.12693521719525,-18.085800000000024,-199.5998305426119,sealed-overlap
T-NEWS,1,2026-06-14 22:00:00+00:00,65389.1,2026-06-15 22:00:00+00:00,66176.8,max_hold_24h,24.0,1.0152456602094242,20,5000.0,60.23175116342054,6.036139050698052,1.0064500000000003,53.189162112722485,sealed-overlap
T-NEWS,1,2026-06-15 23:00:00+00:00,66287.2,2026-06-16 02:00:00+00:00,65893.724,structure_floor,3.0,0.5935927298181174,20,5000.0,-29.67963649090587,5.982192218105457,0.41505000000000003,-36.07687870901133,sealed-overlap
T-NEWS,-1,2026-06-16 13:00:00+00:00,66021.0,2026-06-17 13:00:00+00:00,65239.4,max_hold_24h,24.0,0.9433869526362724,20,5000.0,59.19328698444423,5.964484027809334,-4.145,57.37380295663489,sealed-overlap
T-NEWS,-1,2026-06-17 18:00:00+00:00,65479.0,2026-06-18 18:00:00+00:00,62669.7,max_hold_24h,24.0,1.2233622993631588,20,5000.0,214.51915881427655,5.871288504711433,1.0074999999999998,207.64037030956513,sealed-overlap
T-NEWS,-1,2026-06-18 21:00:00+00:00,62934.2,2026-06-19 13:00:00+00:00,63282.37929999999,structure_floor,16.0,0.5532433875380892,20,5000.0,-27.662169376904462,6.016597301626143,3.2213000000000003,-36.90006667853061,sealed-overlap
T-NEWS,-1,2026-06-19 16:00:00+00:00,62938.9,2026-06-19 23:00:00+00:00,63397.3,structure_floor,7.0,0.9766463983323346,20,5000.0,-36.416270382863495,6.021849762229717,2.0237,-44.461820145093206,sealed-overlap
T-NEWS,1,2026-06-20 15:00:00+00:00,64135.6,2026-06-21 15:00:00+00:00,64194.3,max_hold_24h,24.0,0.8061513418444654,20,5000.0,4.576241588135479,6.002745744952882,2.2035999999999984,-3.6301041568174006,sealed-overlap
T-NEWS,1,2026-06-22 12:00:00+00:00,65122.5,2026-06-22 17:00:00+00:00,64364.7248,structure_floor,5.0,1.1636150332066435,20,5000.0,-58.18075166033217,5.9650915490038,0.71635,-64.86219320933597,sealed-overlap
T-NEWS,-1,2026-06-23 01:00:00+00:00,64118.0,2026-06-24 00:00:00+00:00,62822.5,structure_floor,23.0,0.5108680869646502,20,5000.0,101.0246732586793,5.9393851960447925,0.5840999999999998,94.5011880626345,sealed-overlap
T-NEWS,1,2026-06-24 05:00:00+00:00,62859.1,2026-06-24 10:00:00+00:00,62488.969,structure_floor,5.0,0.5888264388131571,20,5000.0,-29.441321940657854,5.982335206835605,0.32865,-35.75230714749346,sealed-overlap
T-NEWS,-1,2026-06-24 17:00:00+00:00,59362.0,2026-06-24 20:00:00+00:00,60203.570499999994,structure_floor,3.0,1.4176922947339954,20,5000.0,-70.88461473669977,6.0425307688420204,0.8616,-77.7887455055418,sealed-overlap
T-NEWS,-1,2026-06-25 02:00:00+00:00,60761.3,2026-06-25 04:00:00+00:00,61116.20019999999,structure_floor,2.0,0.5840892146810374,20,5000.0,-29.204460734051864,6.01752267644043,0.3746,-35.59658341049229,sealed-overlap
T-NEWS,-1,2026-06-25 08:00:00+00:00,61684.3,2026-06-26 04:00:00+00:00,60236.8,structure_floor,20.0,0.6421149303793436,20,5000.0,117.33131445116504,5.929601211329301,3.1716500000000005,108.23006323983574,sealed-overlap
T-NEWS,-1,2026-06-26 10:00:00+00:00,59291.4,2026-06-26 13:00:00+00:00,60016.91219999999,structure_floor,3.0,1.2236381667492926,20,5000.0,-61.181908337464634,6.036709145002479,0.20925000000000002,-67.42786748246711,sealed-overlap
T-NEWS,-1,2026-06-26 17:00:00+00:00,59996.0,2026-06-27 04:00:00+00:00,60446.797999999995,structure_floor,11.0,0.7513800920061259,20,5000.0,-37.56900460030629,6.022541402760185,-1.4566999999999999,-42.13484600306648,sealed-overlap
T-NEWS,-1,2026-06-27 17:00:00+00:00,60490.3,2026-06-28 17:00:00+00:00,59553.1,max_hold_24h,24.0,0.8015804186786876,20,5000.0,77.4669657779846,5.953519820533209,1.8269999999999995,69.68644595745138,sealed-overlap
T-NEWS,1,2026-06-28 20:00:00+00:00,59622.2,2026-06-28 22:00:00+00:00,59265.668,structure_floor,2.0,0.5979853141950469,20,5000.0,-29.899265709752346,5.982060440574149,0.2349,-36.1162261503265,sealed-overlap
T-NEWS,1,2026-06-29 10:00:00+00:00,60065.8,2026-06-29 11:00:00+00:00,59854.7953,structure_floor,1.0,0.35128925278611944,20,5000.0,-17.564462639305976,5.989461322416416,0.08399999999999999,-23.63792396172239,sealed-overlap
T-NEWS,-1,2026-06-29 12:00:00+00:00,59929.0,2026-06-30 12:00:00+00:00,58378.6,max_hold_24h,24.0,1.7159054881609737,20,5000.0,129.3530677968931,5.922388159321865,-6.815599999999999,130.24627963757123,sealed-overlap
T-NEWS,-1,2026-06-30 15:00:00+00:00,58358.8,2026-07-01 01:00:00+00:00,58963.56159999999,structure_floor,10.0,1.0362817604200063,20,5000.0,-51.81408802100032,6.0310884528126,-1.6179999999999997,-56.227176473812925,sealed-overlap
T-NEWS,1,2026-07-01 02:00:00+00:00,59063.6,2026-07-01 12:00:00+00:00,58462.1857,structure_floor,10.0,1.018248633676235,20,5000.0,-50.912431683811754,5.969452540989714,3.2785,-60.16038422480147,sealed-overlap
T-NEWS,1,2026-07-01 14:00:00+00:00,59522.9,2026-07-02 14:00:00+00:00,61676.9,max_hold_24h,24.0,0.753753597354972,20,5000.0,180.9387647443253,6.108563258846595,10.665900000000004,164.16430148547872,sealed-overlap
T-CHOCH,-1,2026-06-28 16:00:00+00:00,59657.3,2026-07-02 14:00:00+00:00,62181.5041109274,stop,94.0,4.231173906508342,20,5000.0,-211.55869532541695,6.12693521719525,-25.20295000000003,-192.48268054261217,sealed-overlap
T-NEWS,1,2026-07-02 16:00:00+00:00,61644.5,2026-07-03 16:00:00+00:00,62080.4,max_hold_24h,24.0,1.168995774156666,20,5000.0,35.355952274736715,6.021213571364841,7.234700000000001,22.100038703371876,sealed-overlap
T-NEWS,1,2026-07-03 18:00:00+00:00,62178.9,2026-07-04 18:00:00+00:00,63139.2,max_hold_24h,24.0,0.464993751899767,20,5000.0,77.22072921843227,6.046332437531059,5.8324500000000015,65.3419467809012,sealed-overlap
T-NEWS,1,2026-07-05 13:00:00+00:00,62764.0,2026-07-06 12:00:00+00:00,62425.958600000005,structure_floor,23.0,0.5385912306417606,20,5000.0,-26.929561532088027,5.9838422630807475,3.6515499999999994,-36.564953795168776,sealed-overlap
T-NEWS,1,2026-07-06 13:00:00+00:00,61737.7,2026-07-07 13:00:00+00:00,63030.5,max_hold_24h,24.0,1.0512498845923877,20,5000.0,104.7010173686421,6.062820610421186,8.664499999999999,89.97369675822091,sealed-overlap
T-NEWS,1,2026-07-07 17:00:00+00:00,64173.6,2026-07-07 18:00:00+00:00,63677.0939,structure_floor,1.0,0.7736921413166764,20,5000.0,-38.68460706583382,5.9767892357605,0.5,-45.16139630159432,sealed-overlap
T-NEWS,-1,2026-07-07 23:00:00+00:00,63332.5,2026-07-08 23:00:00+00:00,62256.0,max_hold_24h,24.0,0.8539800260529693,20,5000.0,84.98796036789957,5.94900722377926,-5.765199999999997,84.8041531441203,sealed-overlap
T-NEWS,1,2026-07-09 13:00:00+00:00,62998.7,2026-07-10 13:00:00+00:00,64460.2,max_hold_24h,24.0,1.1143917255435363,20,5000.0,115.99445702847837,6.069596674217087,8.552799999999998,101.3720603542613,sealed-overlap
T-NEWS,-1,2026-07-10 14:00:00+00:00,63890.0,2026-07-11 14:00:00+00:00,64286.5,structure_floor,24.0,1.2664216622319437,20,5000.0,-31.02989513225857,6.018617937079355,-11.048700000000004,-25.999813069337925,sealed-overlap
T-NEWS,-1,2026-07-11 15:00:00+00:00,64145.9,2026-07-12 15:00:00+00:00,64150.0,max_hold_24h,24.0,0.7939484830674967,20,5000.0,-0.3195839484673646,6.00019175036908,-6.6804,0.36062430116355504,sealed-overlap
T-NEWS,-1,2026-07-12 23:00:00+00:00,63745.0,2026-07-13 00:00:00+00:00,64073.64599999999,structure_floor,1.0,0.5155635736136063,20,5000.0,-25.778178680680316,6.015466907208409,-0.13585,-31.657795587888724,sealed-overlap
T-NEWS,-1,2026-07-13 10:00:00+00:00,62836.8,2026-07-14 10:00:00+00:00,62771.7,max_hold_24h,24.0,0.7488509917755028,20,5000.0,5.180085554961887,5.996891948667022,-2.25405,1.437243606294865,sealed-overlap
T-NEWS,-1,2026-07-14 13:00:00+00:00,63818.4,2026-07-14 15:00:00+00:00,64372.3394,structure_floor,2.0,0.8679932433279361,20,5000.0,-43.39966216639681,6.0260397972998385,-0.6919000000000001,-48.73380196369665,sealed-overlap
T-NEWS,-1,2026-07-14 16:00:00+00:00,64702.7,2026-07-14 22:00:00+00:00,65000.0,structure_floor,6.0,0.5780999865538757,20,5000.0,-22.974311736604726,6.013784587041963,-3.0,-25.988096323646687,sealed-overlap
T-NEWS,1,2026-07-14 23:00:00+00:00,65013.4,2026-07-15 02:00:00+00:00,64556.747,structure_floor,3.0,0.7023982748171892,20,5000.0,-35.11991374085945,5.978928051755485,1.5,-42.598841792614934,sealed-overlap
T-NEWS,1,2026-07-15 03:00:00+00:00,64765.2,2026-07-16 01:00:00+00:00,64449.1,structure_floor,22.0,0.7473516641653163,20,5000.0,-24.40353770234621,5.9853578773785925,8.1286,-38.5174955797248,sealed-overlap
T-NEWS,1,2026-07-16 13:00:00+00:00,64349.9,2026-07-16 23:00:00+00:00,63824.0,structure_floor,10.0,0.9580055291461295,20,5000.0,-40.862534362912875,5.975482479382252,1.6301999999999999,-48.46821684229513,sealed-overlap
T-NEWS,1,2026-07-17 15:00:00+00:00,63443.3,2026-07-18 15:00:00+00:00,64091.0,max_hold_24h,24.0,1.2942766218024644,20,5000.0,51.04557928102708,6.0306273475686165,3.8044,41.21055193345846,sealed-overlap
T-NEWS,1,2026-07-18 16:00:00+00:00,64275.9,2026-07-19 16:00:00+00:00,64516.9,max_hold_24h,24.0,0.6440396789465515,20,5000.0,18.74730653324185,6.011248383919945,5.27615,7.4599081493219055,sealed-overlap
T-NEWS,1,2026-07-20 14:00:00+00:00,64384.0,2026-07-21 14:00:00+00:00,66805.5,max_hold_24h,24.0,0.8481765656063678,20,5000.0,188.0513792246521,6.112830827534792,5.299150000000002,176.6393983971173,sealed-overlap
T-NEWS,-1,2026-07-21 16:00:00+00:00,66515.2,2026-07-22 16:00:00+00:00,66192.5,max_hold_24h,24.0,0.6294818327239355,20,5000.0,24.257613297411503,5.985445432021553,-3.3918500000000016,21.66401786538995,sealed-overlap
T-NEWS,-1,2026-07-22 17:00:00+00:00,65985.1,2026-07-23 17:00:00+00:00,64648.9,max_hold_24h,24.0,0.6935383897273524,20,5000.0,101.25013071132759,5.939249921573204,2.7789,92.53198078975439,sealed-overlap
T-NEWS,-1,2026-07-23 19:00:00+00:00,64819.5,2026-07-23 20:00:00+00:00,65099.51439999999,structure_floor,1.0,0.4319909903655424,20,5000.0,-21.59954951827712,6.012959729710966,-0.038700000000000005,-27.573809247988088,sealed-overlap
T-DONCH,1,2026-07-14 00:00:00+00:00,64956.11328125,2026-07-24 00:00:00+00:00,63925.96875,data_end_open,240.0,11.097258275043275,10,2500.0,-39.64771286382362,2.976211372281706,0.0,-42.623924236105324,transfer-assumption
T-NEWS,-1,2026-07-23 23:00:00+00:00,65065.8,2026-07-24 03:00:00+00:00,65198.3,structure_floor,4.0,0.49022312797197454,20,5000.0,-10.182000375004995,6.006109200225002,-0.3408,-15.847309575229998,sealed-overlap
