entry_time,exit_time,direction,entry_price,exit_price,reason,notional,gross_pnl,pnl_live_cost,pnl_taker_cost,conviction,stop_pct,date
2024-03-27 02:00:00 UTC,2024-03-27 08:00:00+00:00,1,80.86000061035156,80.62000274658203,time,54353.64,-161.32522048889876,-183.06667648889876,-215.67886048889878,15.0,0.3679606387607509,2024-03-27
2024-03-27 10:00:00 UTC,2024-03-27 11:00:00+00:00,-1,81.05999755859375,81.34918068857627,stop,56061.36,-199.9999999999955,-222.4245439999955,-256.0613599999955,10.0,0.35675195989673036,2024-03-27
2024-03-27 18:00:00 UTC,2024-03-28 00:00:00+00:00,-1,81.62999725341797,81.83000183105469,time,47743.46,-116.977950435496,-136.075334435496,-164.721410435496,10.0,0.41890557644029286,2024-03-28
2024-03-28 02:00:00 UTC,2024-03-28 04:00:00+00:00,1,81.94000244140625,81.66499370004253,stop,59590.83,-200.000000000003,-223.836332000003,-259.590830000003,15.0,0.335622080998069,2024-03-28
2024-03-28 10:00:00 UTC,2024-03-28 12:00:00+00:00,1,82.22000122070312,82.62532964752097,target,60854.36,300.00000000000597,275.65825600000596,239.14564000000598,15.0,0.3286535480418484,2024-03-28
2024-03-28 12:00:00 UTC,2024-03-28 13:00:00+00:00,1,82.63999938964844,82.35322904060992,stop,57634.97,-200.00000000000603,-223.05398800000603,-257.63497000000604,15.0,0.34701155754658936,2024-03-28
2024-03-28 20:00:00 UTC,2024-03-31 22:00:00+00:00,1,83.11000061035156,83.12000274658203,time,56240.75,6.768471126032844,-15.727828873967159,-49.472278873967156,15.0,0.3556140367025295,2024-03-31
2024-04-01 08:00:00 UTC,2024-04-01 11:00:00+00:00,1,83.08999633789062,82.81712901302511,stop,60901.39,-200.00000000000298,-224.360556000003,-260.901390000003,15.0,0.3283997314861823,2024-04-01
2024-04-01 14:00:00 UTC,2024-04-01 20:00:00+00:00,1,83.94000244140625,83.98999786376953,time,44356.72,26.419264671086456,8.676576671086455,-17.937455328913547,38.0,0.4508899279971633,2024-04-01
2024-04-02 02:00:00 UTC,2024-04-02 07:00:00+00:00,1,84.08999633789062,84.53990309872002,target,56071.62,299.9999999999978,277.5713519999978,243.9283799999978,25.0,0.3566867090203212,2024-04-02
2024-04-02 07:00:00 UTC,2024-04-02 09:00:00+00:00,1,84.77999877929688,85.1852707495218,target,62757.86,299.9999999999994,274.8968559999994,237.24213999999938,25.0,0.3186852056776219,2024-04-02
2024-04-02 09:00:00 UTC,2024-04-02 11:00:00+00:00,1,85.30000305175781,84.99061251015839,stop,55140.67,-200.00000000000216,-222.05626800000215,-255.14067000000216,33.0,0.36270871105560654,2024-04-02
2024-04-02 18:00:00 UTC,2024-04-03 00:00:00+00:00,1,85.19999694824219,85.12000274658203,time,40773.6,-38.282297942395545,-54.59173794239554,-79.05589794239555,25.0,0.4905134564081027,2024-04-03
2024-04-03 00:00:00 UTC,2024-04-03 06:00:00+00:00,1,85.12000274658203,85.29000091552734,time,45209.48,90.29050511448722,72.20671311448721,45.08102511448721,35.0,0.44238513733022633,2024-04-03
2024-04-03 06:00:00 UTC,2024-04-03 08:00:00+00:00,1,85.29000091552734,84.98146450798264,stop,55286.83,-199.99999999999986,-222.11473199999986,-255.28682999999987,35.0,0.361749799780501,2024-04-03
2024-04-03 14:00:00 UTC,2024-04-03 18:00:00+00:00,1,85.7699966430664,85.40440495422165,stop,46921.2,-199.99999999999733,-218.76847999999734,-246.92119999999733,35.0,0.42624659339346993,2024-04-03
2024-04-04 00:00:00 UTC,2024-04-04 06:00:00+00:00,1,85.75,85.45035264104595,stop,57233.94,-199.99999999999494,-222.89357599999494,-257.23393999999496,25.0,0.34944298420297926,2024-04-04
2024-04-04 12:00:00 UTC,2024-04-04 16:00:00+00:00,1,85.26000213623047,84.97038845709005,stop,58878.44,-200.00000000000082,-223.55137600000083,-258.8784400000008,25.0,0.3396829367628483,2024-04-04
2024-04-04 18:00:00 UTC,2024-04-05 00:00:00+00:00,1,86.61000061035156,86.97000122070312,time,40448.11,168.1254496920602,151.94620569206018,127.67733969206019,48.0,0.4944606462159258,2024-04-05
2024-04-05 00:00:00 UTC,2024-04-05 06:00:00+00:00,1,86.97000122070312,86.91999816894531,time,45633.66,-26.236886281571937,-44.490350281571935,-71.87054628157195,35.0,0.43827302092786724,2024-04-05
2024-04-05 12:00:00 UTC,2024-04-05 13:00:00+00:00,1,86.91000366210938,86.54942905660802,stop,48206.39,-199.99999999999804,-219.28255599999804,-248.20638999999804,35.0,0.41488274112058365,2024-04-05
2024-04-05 20:00:00 UTC,2024-04-07 22:00:00+00:00,1,86.7300033569336,86.3412595691467,stop,44620.65,-199.9999999999969,-217.8482599999969,-244.62064999999689,35.0,0.44822295946080043,2024-04-07
2024-04-08 04:00:00 UTC,2024-04-08 09:00:00+00:00,1,85.70999908447266,86.3328600137314,target,41282.09,300.0000000000009,283.4871640000009,258.7179100000009,25.0,0.48447161817909434,2024-04-08
2024-04-08 09:00:00 UTC,2024-04-08 13:00:00+00:00,1,86.11000061035156,86.75161878867702,target,40262.26,300.0000000000046,283.8950960000046,259.7377400000046,25.0,0.4967430602544268,2024-04-08
2024-04-08 13:00:00 UTC,2024-04-08 14:00:00+00:00,1,86.27999877929688,85.81739255457774,stop,37301.7,-200.00000000000213,-214.92068000000214,-237.30170000000214,25.0,0.5361685573298098,2024-04-08
2024-04-08 20:00:00 UTC,2024-04-09 02:00:00+00:00,1,86.56999969482422,86.70999908447266,time,35981.55,58.18868461053325,43.79606461053325,22.207134610533252,25.0,0.5558404932477548,2024-04-09
2024-04-09 02:00:00 UTC,2024-04-09 08:00:00+00:00,1,86.70999908447266,86.81999969482422,time,42915.67,54.44297371571096,37.27670571571096,11.527303715710964,15.0,0.4660302098899714,2024-04-09
2024-04-09 08:00:00 UTC,2024-04-09 09:00:00+00:00,1,86.81999969482422,86.45731176828042,stop,47875.87,-200.00000000000017,-219.15034800000018,-247.87587000000016,15.0,0.4177469797496677,2024-04-09
2024-04-09 16:00:00 UTC,2024-04-09 22:00:00+00:00,1,85.13999938964844,85.3499984741211,time,36759.47,90.66779405502952,75.96400605502951,53.90832405502952,15.0,0.5440774229768588,2024-04-09
2024-04-09 22:00:00 UTC,2024-04-10 04:00:00+00:00,-1,85.3499984741211,85.29000091552734,time,45842.2,32.22519395250401,13.88831395250401,-13.617006047495991,10.0,0.43627920854481217,2024-04-10
2024-04-10 10:00:00 UTC,2024-04-10 13:00:00+00:00,-1,85.7300033569336,85.28004024723472,target,57158.02,299.99999999999386,277.1367919999939,242.84197999999387,10.0,0.3499071441966284,2024-04-10
2024-04-10 13:00:00 UTC,2024-04-10 14:00:00+00:00,-1,85.33999633789062,84.82102229316406,target,49331.94,300.0000000000017,280.2672240000017,250.6680600000017,25.0,0.40541681665242557,2024-04-10
2024-04-10 14:00:00 UTC,2024-04-10 15:00:00+00:00,-1,85.16999816894531,85.54769645250416,stop,45099.49,-199.99999999999864,-218.03979599999863,-245.09948999999864,10.0,0.4434640033801969,2024-04-10
2024-04-10 22:00:00 UTC,2024-04-11 04:00:00+00:00,-1,86.31999969482422,86.33000183105469,time,40305.81,-4.670344986588255,-20.792668986588254,-44.976154986588256,10.0,0.49620640856723436,2024-04-11
2024-04-11 10:00:00 UTC,2024-04-11 14:00:00+00:00,-1,85.68000030517578,85.14591681420144,target,48127.31,300.0000000000032,280.7490760000032,251.8726900000032,10.0,0.4155644950762763,2024-04-11
2024-04-11 14:00:00 UTC,2024-04-11 16:00:00+00:00,-1,85.16999816894531,85.59071310632604,stop,40488.22,-199.99999999999656,-216.19528799999657,-240.48821999999655,15.0,0.4939708188629866,2024-04-11
2024-04-11 18:00:00 UTC,2024-04-12 00:00:00+00:00,1,85.30000305175781,85.48999786376953,time,39645.44,88.30513831519957,72.44696231519957,48.65969831519957,20.0,0.5044715931980124,2024-04-12
2024-04-12 00:00:00 UTC,2024-04-12 02:00:00+00:00,-1,85.48999786376953,85.84754746990319,stop,47819.94,-199.99999999999966,-219.12797599999965,-247.81993999999966,10.0,0.4182356007347483,2024-04-12
2024-04-12 08:00:00 UTC,2024-04-12 12:00:00+00:00,-1,85.94000244140625,86.24764802721833,stop,55869.49,-200.0000000000031,-222.3477960000031,-255.8694900000031,10.0,0.3579771667121255,2024-04-12
2024-04-12 16:00:00 UTC,2024-04-12 18:00:00+00:00,1,85.83000183105469,85.3584959833064,stop,36406.76,-200.0000000000013,-214.5627040000013,-236.40676000000133,15.0,0.5493485234643072,2024-04-12
2024-04-14 22:00:00 UTC,2024-04-15 04:00:00+00:00,1,85.3499984741211,85.36000061035156,time,33859.55,3.967988896047515,-9.575831103952487,-29.891561103952483,15.0,0.5906752791573351,2024-04-15
2024-04-15 06:00:00 UTC,2024-04-15 07:00:00+00:00,-1,85.08000183105469,84.43812179788475,target,39764.44,299.9999999999992,284.0942239999992,260.2355599999992,10.0,0.502961933361291,2024-04-15
2024-04-15 08:00:00 UTC,2024-04-15 12:00:00+00:00,-1,84.69000244140625,85.14698403418383,stop,37064.95,-199.99999999999648,-214.82597999999646,-237.0649499999965,10.0,0.5395933163347784,2024-04-15
2024-04-15 18:00:00 UTC,2024-04-16 00:00:00+00:00,-1,85.61000061035156,85.94000244140625,time,30633.19,-118.08209325948978,-130.33536925948977,-148.71528325948978,10.0,0.6528866701325772,2024-04-16
2024-04-16 06:00:00 UTC,2024-04-16 09:00:00+00:00,-1,85.62000274658203,85.04090061070359,target,44354.87,300.00000000000045,282.2580520000005,255.64513000000045,10.0,0.4509087575345123,2024-04-16
2024-04-16 09:00:00 UTC,2024-04-16 13:00:00+00:00,-1,85.04000091552734,85.44319001785038,stop,42183.68,-199.9999999999982,-216.8734719999982,-242.18367999999822,18.0,0.47411700139037266,2024-04-16
2024-04-16 20:00:00 UTC,2024-04-17 02:00:00+00:00,-1,85.30999755859375,84.73319702440412,target,44370.62,300.0000000000051,282.2517520000051,255.6293800000051,10.0,0.45074868182435024,2024-04-17
2024-04-17 02:00:00 UTC,2024-04-17 07:00:00+00:00,-1,84.70999908447266,85.06483224316881,stop,47746.38,-199.99999999999645,-219.09855199999646,-247.74637999999646,10.0,0.41887989910414203,2024-04-17
2024-04-17 14:00:00 UTC,2024-04-17 15:00:00+00:00,-1,84.79000091552734,84.1493249651873,target,39703.38,300.00000000000205,284.11864800000205,260.29662000000206,10.0,0.5037354589159737,2024-04-17
2024-04-17 16:00:00 UTC,2024-04-17 22:00:00+00:00,-1,82.98999786376953,82.80999755859375,time,31076.81,67.40372212856094,54.972998128560945,36.32691212856094,33.0,0.6435667589218907,2024-04-17
2024-04-17 22:00:00 UTC,2024-04-18 04:00:00+00:00,-1,82.80999755859375,82.81999969482422,time,36639.92,-4.425521809136728,-19.081489809136727,-41.06544180913672,10.0,0.5458527516350123,2024-04-18
2024-04-18 10:00:00 UTC,2024-04-18 11:00:00+00:00,-1,81.81999969482422,82.20271466227774,stop,42757.67,-199.99999999999847,-217.10306799999847,-242.75766999999846,18.0,0.46775234524687526,2024-04-18
2024-04-18 18:00:00 UTC,2024-04-19 00:00:00+00:00,-1,82.83999633789062,83.0,time,32444.05,-62.66498222397388,-75.64260222397388,-95.10903222397388,10.0,0.6164458406167717,2024-04-19
2024-04-19 06:00:00 UTC,2024-04-19 08:00:00+00:00,-1,83.97000122070312,82.92564483990267,target,24121.08,300.0000000000003,290.35156800000027,275.8789200000003,18.0,0.8291503835641723,2024-04-19
2024-04-19 08:00:00 UTC,2024-04-19 11:00:00+00:00,-1,83.05000305175781,82.02560877729988,target,24321.69,300.0000000000002,290.2713240000002,275.67831000000024,18.0,0.82231124769457,2024-04-19
2024-04-19 11:00:00 UTC,2024-04-19 13:00:00+00:00,-1,82.19999694824219,82.86434990413511,stop,24745.88,-200.00000000000142,-209.8983520000014,-224.74588000000142,18.0,0.8082153048147106,2024-04-19
2024-04-19 20:00:00 UTC,2024-04-21 22:00:00+00:00,-1,83.23999786376953,83.26000213623047,time,27475.06,-6.602818175453104,-17.592842175453104,-34.07787817545311,10.0,0.7279329164990812,2024-04-21
2024-04-22 04:00:00 UTC,2024-04-22 10:00:00+00:00,-1,82.44999694824219,82.91642187703252,stop,35354.03,-200.00000000000492,-214.14161200000493,-235.3540300000049,10.0,0.5657064233527109,2024-04-22
2024-04-22 16:00:00 UTC,2024-04-23 07:00:00+00:00,-1,83.33000183105469,82.65961605016442,target,37290.47,300.00000000000017,285.0838120000002,262.7095300000002,10.0,0.5363300661302656,2024-04-23
2024-04-23 07:00:00 UTC,2024-04-23 10:00:00+00:00,-1,82.55000305175781,81.84102216407774,target,34930.42,300.00000000000006,286.02783200000005,265.0695800000001,10.0,0.5725668172582606,2024-04-23
2024-04-23 10:00:00 UTC,2024-04-23 12:00:00+00:00,-1,81.66000366210938,80.9302564201875,target,33570.53,300.0000000000032,286.5717880000032,266.42947000000316,18.0,0.5957606410284542,2024-04-23
2024-04-23 12:00:00 UTC,2024-04-23 13:00:00+00:00,-1,81.08000183105469,81.55938053139789,stop,33827.12,-200.0000000000014,-213.53084800000138,-233.8271200000014,18.0,0.591241600292605,2024-04-23
2024-04-23 20:00:00 UTC,2024-04-24 02:00:00+00:00,-1,83.4000015258789,83.3499984741211,time,38048.3,22.812124659702654,7.592804659702653,-15.236175340297343,10.0,0.5256476312379699,2024-04-24
2024-04-24 08:00:00 UTC,2024-04-24 13:00:00+00:00,-1,83.01000213623047,83.33389576722745,stop,51257.57,-199.99999999999503,-220.50302799999503,-251.25756999999504,15.0,0.39018626992134364,2024-04-24
2024-04-24 13:00:00 UTC,2024-04-24 14:00:00+00:00,1,82.94000244140625,83.48881862908267,target,45337.59,300.0000000000075,281.8649640000075,254.6624100000075,10.0,0.44113509486501,2024-04-24
2024-04-24 14:00:00 UTC,2024-04-24 20:00:00+00:00,1,82.7300033569336,82.83999633789062,time,41097.83,54.64128104120793,38.20214904120793,13.54345104120793,10.0,0.48664364149918543,2024-04-24
2024-04-24 20:00:00 UTC,2024-04-25 02:00:00+00:00,1,82.83999633789062,82.86000061035156,time,42240.61,10.200298032827765,-6.695945967172234,-32.04031196717223,10.0,0.47347802187511684,2024-04-25
2024-04-25 02:00:00 UTC,2024-04-25 08:00:00+00:00,-1,82.86000061035156,83.1945333734699,stop,49537.75,-199.99999999999955,-219.81509999999955,-249.53774999999956,10.0,0.40373251346143546,2024-04-25
2024-04-25 14:00:00 UTC,2024-04-25 15:00:00+00:00,-1,82.16000366210938,82.53561602418756,stop,43747.23,-199.99999999999727,-217.49889199999728,-243.74722999999727,10.0,0.45717179325226437,2024-04-25
2024-04-25 18:00:00 UTC,2024-04-26 00:00:00+00:00,1,83.69000244140625,83.83999633789062,time,38671.41,69.30906430425915,53.84050030425915,30.63765430425915,23.0,0.5171779097747046,2024-04-26
2024-04-26 00:00:00 UTC,2024-04-26 06:00:00+00:00,1,83.83999633789062,83.95999908447266,time,49295.92,70.55874905820411,50.840381058204116,21.26282905820412,10.0,0.405713125970491,2024-04-26
2024-04-26 14:00:00 UTC,2024-04-26 20:00:00+00:00,1,83.5999984741211,83.66000366210938,time,48544.6,34.843637223512985,15.425797223512987,-13.700962776487017,10.0,0.4119922469946879,2024-04-26
2024-04-29 14:00:00 UTC,2024-04-29 15:00:00+00:00,-1,82.5999984741211,82.95745760901433,stop,46215.07,-200.00000000000222,-218.48602800000222,-246.2150700000022,23.0,0.43275925120655107,2024-04-29
2024-04-29 16:00:00 UTC,2024-04-29 17:00:00+00:00,1,82.98999786376953,82.61754622361498,stop,44564.17,-200.00000000000065,-217.82566800000066,-244.56417000000064,10.0,0.4487909986043623,2024-04-29
2024-04-29 18:00:00 UTC,2024-04-30 00:00:00+00:00,-1,82.69000244140625,82.4800033569336,time,43021.79,109.25791299826768,92.04919699826769,66.23612299826769,10.0,0.4648806736215987,2024-04-30
2024-04-30 00:00:00 UTC,2024-04-30 06:00:00+00:00,-1,82.4800033569336,82.44999694824219,time,51167.82,18.614967641566732,-1.8521603584332667,-32.55285235843327,10.0,0.3908706492805867,2024-04-30
2024-04-30 14:00:00 UTC,2024-04-30 15:00:00+00:00,-1,81.62999725341797,82.04620471039375,stop,39225.63,-199.99999999999503,-215.690251999995,-239.22562999999502,18.0,0.5098707227487583,2024-04-30
2024-04-30 22:00:00 UTC,2024-05-01 04:00:00+00:00,-1,81.27999877929688,81.19999694824219,time,38054.81,37.45637736297003,22.23445336297003,-0.5984326370299655,10.0,0.5255577716381531,2024-05-01
2024-05-01 10:00:00 UTC,2024-05-01 13:00:00+00:00,-1,80.77999877929688,81.1302804510015,stop,46122.88,-199.9999999999989,-218.4491519999989,-246.1228799999989,10.0,0.43362425971513785,2024-05-01
2024-05-01 14:00:00 UTC,2024-05-01 15:00:00+00:00,-1,80.11000061035156,79.37362086621735,target,32636.69,299.99999999999807,286.9453239999981,267.3633099999981,25.0,0.6128071722413341,2024-05-01
2024-05-01 16:00:00 UTC,2024-05-01 22:00:00+00:00,-1,79.2300033569336,79.05999755859375,time,29722.02,63.775282191064875,51.88647419106488,34.053262191064874,18.0,0.6729017633609066,2024-05-01
2024-05-01 22:00:00 UTC,2024-05-02 04:00:00+00:00,-1,79.05999755859375,79.51918171489747,stop,34434.98,-200.00000000000236,-213.77399200000235,-234.43498000000235,10.0,0.5808046679528418,2024-05-02
2024-05-02 10:00:00 UTC,2024-05-02 11:00:00+00:00,-1,79.38999938964844,79.74360449799116,stop,44903.2,-199.9999999999939,-217.96127999999388,-244.9031999999939,10.0,0.4454025835259505,2024-05-02
2024-05-02 18:00:00 UTC,2024-05-03 00:00:00+00:00,-1,79.0999984741211,79.3499984741211,time,32670.49,-103.2569150642669,-116.3251110642669,-135.9274050642669,10.0,0.6121732993675033,2024-05-03
2024-05-03 06:00:00 UTC,2024-05-03 12:00:00+00:00,-1,79.20999908447266,79.52267715397643,stop,50665.53,-200.00000000000048,-220.26621200000048,-250.66553000000047,10.0,0.39474570523643393,2024-05-03
2024-05-03 18:00:00 UTC,2024-05-05 22:00:00+00:00,-1,78.05999755859375,78.43211397527085,stop,41954.61,-200.0000000000005,-216.78184400000052,-241.9546100000005,10.0,0.4767056473423294,2024-05-05
2024-05-06 04:00:00 UTC,2024-05-06 06:00:00+00:00,-1,78.37999725341797,78.6931925256333,stop,50051.84,-200.00000000000907,-220.02073600000907,-250.05184000000907,10.0,0.3995857147107165,2024-05-06
2024-05-06 12:00:00 UTC,2024-05-06 13:00:00+00:00,-1,78.6500015258789,78.95196543285125,stop,52092.32,-199.9999999999992,-220.8369279999992,-252.0923199999992,10.0,0.3839337585683201,2024-05-06
2024-05-06 16:00:00 UTC,2024-05-06 22:00:00+00:00,-1,78.41999816894531,78.79393739045416,stop,41942.64,-200.0000000000014,-216.77705600000138,-241.9426400000014,25.0,0.4768416605968855,2024-05-06
2024-05-07 04:00:00 UTC,2024-05-07 10:00:00+00:00,-1,78.62000274658203,78.16184632986716,target,51480.24,299.9999999999999,279.4079039999999,248.5197599999999,10.0,0.38849860146631243,2024-05-07
2024-05-07 10:00:00 UTC,2024-05-07 13:00:00+00:00,-1,78.2300033569336,77.76335801608855,target,50293.01,300.0000000000048,279.88279600000476,249.70699000000477,10.0,0.3976695392396668,2024-05-07
2024-05-07 13:00:00 UTC,2024-05-07 15:00:00+00:00,-1,77.97000122070312,78.31463697364737,stop,45247.77,-199.99999999999812,-218.09910799999813,-245.24776999999813,10.0,0.4420107061031256,2024-05-07
2024-05-07 22:00:00 UTC,2024-05-08 04:00:00+00:00,-1,78.38999938964844,77.9800033569336,time,43807.74,229.12360679655913,211.60051079655912,185.31586679655913,10.0,0.4565403334791921,2024-05-08
2024-05-08 04:00:00 UTC,2024-05-08 07:00:00+00:00,-1,77.9800033569336,77.55427302844103,target,54950.28,299.9999999999967,278.0198879999967,245.04971999999668,10.0,0.3639653844280183,2024-05-08
2024-05-08 07:00:00 UTC,2024-05-08 10:00:00+00:00,-1,77.33999633789062,77.62614857861551,stop,54055.14,-200.00000000000324,-221.62205600000323,-254.05514000000323,10.0,0.36999257082288134,2024-05-08
2024-05-08 14:00:00 UTC,2024-05-08 15:00:00+00:00,1,78.55999755859375,79.1062694876782,target,43143.35,300.00000000000256,282.74266000000256,256.85665000000256,23.0,0.4635708978792628,2024-05-08
2024-05-08 16:00:00 UTC,2024-05-08 18:00:00+00:00,-1,78.80999755859375,79.19492942848551,stop,40947.5,-199.99999999999807,-216.37899999999806,-240.94749999999806,10.0,0.4884302522729717,2024-05-08
2024-05-09 00:00:00 UTC,2024-05-09 06:00:00+00:00,-1,79.33000183105469,79.30999755859375,time,52612.99,13.267169782938273,-7.778026217061727,-39.34582021706173,10.0,0.38013425375766013,2024-05-09
2024-05-09 14:00:00 UTC,2024-05-09 15:00:00+00:00,1,79.31999969482422,79.00864834269505,stop,50952.08,-200.000000000002,-220.380832000002,-250.95208000000198,10.0,0.3925256597668372,2024-05-09
2024-05-09 22:00:00 UTC,2024-05-10 04:00:00+00:00,1,79.68000030517578,79.80999755859375,time,49285.3,80.40854989349856,60.69442989349856,31.12324989349856,10.0,0.4058005349366285,2024-05-10
2024-05-10 14:00:00 UTC,2024-05-10 15:00:00+00:00,1,79.33999633789062,79.06346920812108,stop,57383.16,-200.00000000000276,-222.95326400000275,-257.38316000000276,10.0,0.348534336442214,2024-05-10
2024-05-12 22:00:00 UTC,2024-05-13 04:00:00+00:00,1,78.0199966430664,78.06999969482422,time,53650.7,34.38475645666682,12.924476456666824,-19.26594354333318,10.0,0.3727817360375772,2024-05-13
2024-05-13 10:00:00 UTC,2024-05-13 13:00:00+00:00,-1,78.66999816894531,78.93002480160665,stop,60509.19,-199.9999999999915,-224.2036759999915,-260.5091899999915,15.0,0.33052833190987935,2024-05-13
2024-05-13 20:00:00 UTC,2024-05-14 02:00:00+00:00,-1,79.19999694824219,79.11000061035156,time,52495.9,59.65200960962777,38.65364960962776,7.156109609627769,15.0,0.3809821157174965,2024-05-14
2024-05-14 02:00:00 UTC,2024-05-14 08:00:00+00:00,1,79.11000061035156,78.84818245404097,stop,60431.26,-199.99999999999804,-224.17250399999804,-260.431259999998,10.0,0.33095456236962784,2024-05-14
2024-05-14 14:00:00 UTC,2024-05-14 15:00:00+00:00,1,78.2699966430664,77.91455899448034,stop,44041.48,-200.0000000000007,-217.6165920000007,-244.04148000000072,10.0,0.45411736786824936,2024-05-14
2024-05-14 16:00:00 UTC,2024-05-14 22:00:00+00:00,-1,78.19999694824219,78.43000030517578,time,42434.7,-124.80977906905252,-141.78365906905253,-167.24447906905252,15.0,0.471312349857094,2024-05-14
2024-05-15 04:00:00 UTC,2024-05-15 10:00:00+00:00,-1,78.55000305175781,78.13558106294083,target,56862.33,300.000000000002,277.255068000002,243.13767000000198,15.0,0.35172669018986635,2024-05-15
2024-05-15 10:00:00 UTC,2024-05-15 11:00:00+00:00,-1,77.9000015258789,77.47063753819411,target,54429.34,300.0000000000021,278.2282640000021,245.5706600000021,15.0,0.36744884833081304,2024-05-15
2024-05-15 12:00:00 UTC,2024-05-15 13:00:00+00:00,-1,77.69000244140625,77.17376552019883,target,45147.88,299.9999999999996,281.9408479999996,254.85211999999962,23.0,0.44298872011386425,2024-05-15
2024-05-15 14:00:00 UTC,2024-05-15 15:00:00+00:00,-1,77.41999816894531,77.85965489418567,stop,35218.38,-199.99999999999903,-214.08735199999904,-235.21837999999903,15.0,0.5678852178231016,2024-05-15
2024-05-15 22:00:00 UTC,2024-05-16 04:00:00+00:00,-1,78.86000061035156,79.06999969482422,time,40244.54,-107.16860980251565,-123.26642580251564,-147.41314980251565,15.0,0.49696181921989463,2024-05-16
2024-05-16 10:00:00 UTC,2024-05-16 12:00:00+00:00,1,78.48999786376953,78.966910344652,target,49373.84,300.00000000000347,280.2504640000035,250.62616000000347,10.0,0.4050728278442297,2024-05-16
2024-05-16 12:00:00 UTC,2024-05-16 13:00:00+00:00,1,79.12000274658203,79.64586139154717,target,45137.61,299.9999999999982,281.9449559999982,254.8623899999982,10.0,0.4430895068338544,2024-05-16
2024-05-16 14:00:00 UTC,2024-05-16 20:00:00+00:00,1,79.19000244140625,79.36000061035156,time,40922.52,87.84889505479892,71.47988705479892,46.92637505479892,10.0,0.4887284032732305,2024-05-16
2024-05-16 20:00:00 UTC,2024-05-17 02:00:00+00:00,1,79.36000061035156,79.2699966430664,time,45597.07,-51.7126611079398,-69.9514891079398,-97.3097311079398,10.0,0.4386247153469253,2024-05-17
2024-05-17 08:00:00 UTC,2024-05-17 09:00:00+00:00,1,79.2699966430664,79.01121763617334,stop,61264.63,-200.0000000000008,-224.5058520000008,-261.2646300000008,10.0,0.3264526527713664,2024-05-17
2024-05-17 16:00:00 UTC,2024-05-17 18:00:00+00:00,1,79.56999969482422,80.07353816843421,target,47406.51,299.99999999999824,281.03739599999824,252.59348999999824,10.0,0.4218830175034334,2024-05-17
2024-05-17 18:00:00 UTC,2024-05-19 22:00:00+00:00,1,80.08999633789062,79.94000244140625,time,46969.44,-87.96516082807004,-106.75293682807003,-134.93460082807005,10.0,0.4258087759230045,2024-05-19
2024-05-20 04:00:00 UTC,2024-05-20 09:00:00+00:00,1,80.0,79.73214099848104,stop,59732.92,-199.99999999999727,-223.89316799999727,-259.73291999999725,10.0,0.3348237518987009,2024-05-20
2024-05-20 16:00:00 UTC,2024-05-20 17:00:00+00:00,1,79.55999755859375,79.20217997920824,stop,44469.59,-200.00000000000014,-217.78783600000014,-244.46959000000015,10.0,0.44974558869485626,2024-05-20
2024-05-21 00:00:00 UTC,2024-05-21 02:00:00+00:00,1,79.72000122070312,79.41912401060186,stop,52991.72,-199.9999999999975,-221.1966879999975,-252.99171999999749,10.0,0.3774174680056691,2024-05-21
2024-05-21 10:00:00 UTC,2024-05-21 11:00:00+00:00,1,78.55000305175781,78.28858734839754,stop,60095.86,-199.99999999999957,-224.03834399999957,-260.09585999999956,10.0,0.3328016463449665,2024-05-21
2024-05-21 16:00:00 UTC,2024-05-21 18:00:00+00:00,-1,79.05999755859375,79.44561695829191,stop,41004.16,-199.9999999999998,-216.4016639999998,-241.0041599999998,15.0,0.4877553903443567,2024-05-21
2024-05-22 07:00:00 UTC,2024-05-22 09:00:00+00:00,-1,77.55000305175781,78.02485983542189,stop,32662.48,-200.00000000000236,-213.06499200000235,-232.66248000000235,38.0,0.6123233590940667,2024-05-22
2024-05-22 14:00:00 UTC,2024-05-22 16:00:00+00:00,1,78.19000244140625,77.67236474580139,stop,30210.32,-199.9999999999998,-212.0841279999998,-230.2103199999998,15.0,0.6620254245327175,2024-05-22
2024-05-22 16:00:00 UTC,2024-05-22 19:00:00+00:00,-1,78.08999633789062,77.27976079521513,target,28913.81,299.99999999999835,288.43447599999837,271.08618999999834,15.0,0.6917109153304474,2024-05-22
2024-05-22 19:00:00 UTC,2024-05-23 01:00:00+00:00,-1,77.33000183105469,76.93000030517578,time,30755.26,159.08639957930964,146.78429557930963,128.33113957930965,15.0,0.650295232631519,2024-05-23
2024-05-23 01:00:00 UTC,2024-05-23 07:00:00+00:00,-1,76.93000030517578,77.332893293774,stop,38188.8,-199.99999999999693,-215.27551999999693,-238.18879999999695,15.0,0.5237137488625812,2024-05-23
2024-05-23 14:00:00 UTC,2024-05-23 17:00:00+00:00,-1,77.4000015258789,76.78143726653626,target,37538.54,299.9999999999993,284.9845839999993,262.4614599999993,30.0,0.5327857425910003,2024-05-23
2024-05-23 17:00:00 UTC,2024-05-23 20:00:00+00:00,-1,76.61000061035156,77.05126516187836,stop,34722.93,-200.00000000000207,-213.88917200000208,-234.72293000000207,23.0,0.5759881843248169,2024-05-23
2024-05-24 02:00:00 UTC,2024-05-24 08:00:00+00:00,-1,76.95999908447266,76.62000274658203,time,44862.31,198.1941334556109,180.24920945561092,153.3318234556109,25.0,0.44580854224353356,2024-05-24
2024-05-24 08:00:00 UTC,2024-05-24 09:00:00+00:00,-1,76.62000274658203,76.1754487176476,target,51705.75,299.99999999999466,279.31769999999466,248.29424999999466,25.0,0.38680415296145615,2024-05-24
2024-05-24 10:00:00 UTC,2024-05-24 11:00:00+00:00,-1,76.4000015258789,76.7052385882943,stop,50059.45,-199.99999999999525,-220.02377999999524,-250.05944999999525,25.0,0.3995249428261011,2024-05-24
2024-05-24 18:00:00 UTC,2024-05-26 22:00:00+00:00,-1,77.79000091552734,77.83000183105469,time,41658.2,-21.42133949174995,-38.08461949174995,-63.079539491749955,25.0,0.48009759055395285,2024-05-26
2024-05-28 04:00:00 UTC,2024-05-28 10:00:00+00:00,-1,78.87999725341797,78.91999816894531,time,50095.66,-25.40405920218409,-45.44232320218409,-75.4997192021841,15.0,0.39923620999795506,2024-05-28
2024-05-28 10:00:00 UTC,2024-05-28 13:00:00+00:00,1,78.91999816894531,79.34972517075734,target,55095.44,299.9999999999961,277.96182399999606,244.90455999999608,10.0,0.36300642995632776,2024-05-28
2024-05-28 13:00:00 UTC,2024-05-28 15:00:00+00:00,1,79.20999908447266,79.70835962975781,target,47682.35,299.9999999999987,280.9270599999987,252.3176499999987,10.0,0.419442453432075,2024-05-28
2024-05-28 15:00:00 UTC,2024-05-28 22:00:00+00:00,1,79.7699966430664,80.29422059986268,target,45650.33,300.0000000000015,281.7398680000015,254.34967000000148,18.0,0.4381128902737141,2024-05-28
2024-05-28 22:00:00 UTC,2024-05-29 04:00:00+00:00,1,80.23999786376953,80.13999938964844,time,51315.76,-63.951870746466994,-84.47817474646699,-115.267630746467,10.0,0.3897437928073434,2024-05-29
2024-05-29 14:00:00 UTC,2024-05-29 18:00:00+00:00,-1,79.51000213623047,79.05586710607582,target,52524.03,299.9999999999978,278.9903879999978,247.47596999999777,23.0,0.38077811424408003,2024-05-29
2024-05-29 18:00:00 UTC,2024-05-30 00:00:00+00:00,1,79.0999984741211,79.19000244140625,time,50228.32,57.15231968795739,37.06099168795738,6.923999687957384,10.0,0.39818171381963235,2024-05-30
2024-05-30 00:00:00 UTC,2024-05-30 06:00:00+00:00,1,79.19000244140625,78.97000122070312,time,57957.89,-161.01536861352977,-184.19852461352977,-218.97325861352977,10.0,0.34507810089458724,2024-05-30
2024-05-30 12:00:00 UTC,2024-05-30 13:00:00+00:00,1,78.83000183105469,78.52053628860413,stop,50945.9,-199.99999999999898,-220.37835999999896,-250.94589999999897,10.0,0.39257330364369264,2024-05-30
2024-05-30 18:00:00 UTC,2024-05-31 00:00:00+00:00,1,78.04000091552734,77.70999908447266,time,37840.69,-160.01405411185524,-175.15033011185525,-197.85474411185524,25.0,0.5285315911119142,2024-05-31
2024-05-31 00:00:00 UTC,2024-05-31 06:00:00+00:00,-1,77.70999908447266,77.7699966430664,time,47844.02,-36.938935556493746,-56.076543556493746,-84.78295555649373,15.0,0.41802503685012987,2024-05-31
2024-05-31 12:00:00 UTC,2024-05-31 13:00:00+00:00,-1,78.48999786376953,77.97398463872408,target,45632.55,299.9999999999997,281.7469799999997,254.3674499999997,15.0,0.4382836362080762,2024-05-31
2024-05-31 14:00:00 UTC,2024-05-31 20:00:00+00:00,-1,77.25,77.18000030517578,time,39110.09,35.4394055464524,19.7953695464524,-3.670684453547601,15.0,0.5113770408087862,2024-05-31
2024-06-02 22:00:00 UTC,2024-06-03 01:00:00+00:00,-1,76.69999694824219,77.13491465378738,stop,35271.04,-199.99999999999724,-214.10841599999725,-235.27103999999724,15.0,0.5670374483048299,2024-06-03
2024-06-03 08:00:00 UTC,2024-06-03 13:00:00+00:00,-1,77.20999908447266,76.65706100780216,target,41890.77,300.0000000000005,283.2436920000005,258.10923000000054,15.0,0.4774321834192744,2024-06-03
2024-06-03 13:00:00 UTC,2024-06-03 15:00:00+00:00,-1,74.95999908447266,74.22582605701703,target,30630.38,300.0000000000016,287.74784800000157,269.3696200000016,38.0,0.6529464927272121,2024-06-03
2024-06-03 15:00:00 UTC,2024-06-03 22:00:00+00:00,-1,74.30999755859375,74.04000091552734,time,28359.05,103.03928420504184,91.69566420504184,74.68023420504184,23.0,0.705242181365814,2024-06-03
2024-06-03 22:00:00 UTC,2024-06-04 04:00:00+00:00,-1,74.04000091552734,73.58999633789062,time,33376.72,202.858977379709,189.508289379709,169.48225737970898,15.0,0.5992199720169604,2024-06-04
2024-06-04 04:00:00 UTC,2024-06-04 07:00:00+00:00,-1,73.58999633789062,73.05628663732998,target,41365.18,300.0000000000007,283.4539280000007,258.6348200000007,35.0,0.4834984165602296,2024-06-04
2024-06-04 07:00:00 UTC,2024-06-04 13:00:00+00:00,-1,72.93000030517578,72.61000061035156,time,40981.46,179.81700576165446,163.42442176165446,138.83554576165446,35.0,0.4880255760241139,2024-06-04
2024-06-04 13:00:00 UTC,2024-06-04 14:00:00+00:00,-1,72.61000061035156,72.99954159456392,stop,37279.77,-199.99999999999972,-214.91190799999973,-237.2797699999997,50.0,0.5364839291253579,2024-06-04
2024-06-04 20:00:00 UTC,2024-06-05 02:00:00+00:00,-1,72.91999816894531,73.33000183105469,time,32282.9,-181.51546450420255,-194.42862450420256,-213.79836450420254,35.0,0.6195230238010822,2024-06-05
2024-06-05 08:00:00 UTC,2024-06-05 09:00:00+00:00,-1,73.08000183105469,73.40369234623068,stop,45154.24,-199.99999999999878,-218.0616959999988,-245.15423999999877,35.0,0.44292625487927895,2024-06-05
2024-06-05 16:00:00 UTC,2024-06-05 22:00:00+00:00,-1,74.04000091552734,74.41999816894531,time,35258.46,-180.95782664262384,-195.06121064262385,-216.21628664262386,35.0,0.5672397620865723,2024-06-05
2024-06-06 04:00:00 UTC,2024-06-06 07:00:00+00:00,-1,74.54000091552734,74.81599145731776,stop,54016.34,-199.99999999999696,-221.60653599999696,-254.01633999999694,15.0,0.37025830212048416,2024-06-06
2024-06-06 14:00:00 UTC,2024-06-06 15:00:00+00:00,-1,74.66000366210938,75.03019191646617,stop,40336.24,-200.0000000000043,-216.13449600000428,-240.3362400000043,15.0,0.4958320870598301,2024-06-06
2024-06-06 18:00:00 UTC,2024-06-07 00:00:00+00:00,1,75.61000061035156,75.7300033569336,time,37647.47,59.75134672087599,44.692358720875994,22.103876720875995,18.0,0.5312442495364977,2024-06-07
2024-06-07 00:00:00 UTC,2024-06-07 02:00:00+00:00,1,75.7300033569336,75.42143443097012,stop,49084.66,-199.99999999999707,-219.63386399999706,-249.0846599999971,10.0,0.4074592793943452,2024-06-07
2024-06-07 08:00:00 UTC,2024-06-07 10:00:00+00:00,1,75.30000305175781,75.72161543927099,target,53580.02,299.99999999998994,278.56799199998994,246.41997999998995,10.0,0.37327345765922076,2024-06-07
2024-06-07 10:00:00 UTC,2024-06-07 12:00:00+00:00,1,75.93000030517578,75.63111430248118,stop,50808.67,-199.99999999999633,-220.32346799999632,-250.8086699999963,10.0,0.3936336118705814,2024-06-07
2024-06-07 18:00:00 UTC,2024-06-09 22:00:00+00:00,1,75.37000274658203,75.33999633789062,time,40528.02,-16.135071515140677,-32.34627951514068,-56.66309151514068,10.0,0.49348572002801594,2024-06-09
2024-06-10 04:00:00 UTC,2024-06-10 08:00:00+00:00,1,75.7300033569336,75.44909611015416,stop,53918.16,-199.99999999999585,-221.56726399999584,-253.91815999999585,10.0,0.3709325687673062,2024-06-10
2024-06-10 14:00:00 UTC,2024-06-10 15:00:00+00:00,1,76.63999938964844,77.21358646998412,target,40084.58,299.9999999999975,283.9661679999975,259.9154199999975,18.0,0.49894492423770587,2024-06-10
2024-06-10 16:00:00 UTC,2024-06-10 22:00:00+00:00,1,77.66000366210938,78.08999633789062,time,36911.86,204.37584025706767,189.61109625706766,167.46398025706767,18.0,0.5418313028081265,2024-06-10
2024-06-10 22:00:00 UTC,2024-06-11 01:00:00+00:00,1,78.08999633789062,77.71648752309686,stop,41814.27,-200.0000000000039,-216.7257080000039,-241.8142700000039,10.0,0.47830558625922964,2024-06-11
2024-06-11 08:00:00 UTC,2024-06-11 09:00:00+00:00,1,77.6500015258789,77.36117099784585,stop,53768.56,-199.9999999999969,-221.5074239999969,-253.7685599999969,10.0,0.37196461346726944,2024-06-11
2024-06-11 16:00:00 UTC,2024-06-11 18:00:00+00:00,1,78.27999877929688,77.90114980441346,stop,41325.17,-200.0000000000004,-216.5300680000004,-241.32517000000038,10.0,0.48396650586510537,2024-06-11
2024-06-12 00:00:00 UTC,2024-06-12 06:00:00+00:00,1,78.16000366210938,78.4800033569336,time,47811.49,195.74796307091435,176.62336707091436,147.93647307091436,10.0,0.4183095091419749,2024-06-12
2024-06-12 14:00:00 UTC,2024-06-12 16:00:00+00:00,-1,78.23999786376953,78.55551294405764,stop,49595.09,-200.0000000000038,-219.8380360000038,-249.5950900000038,15.0,0.4032657066753413,2024-06-12
2024-06-12 16:00:00 UTC,2024-06-12 18:00:00+00:00,1,78.75,78.41090784072897,stop,46447.55,-199.9999999999999,-218.5790199999999,-246.4475499999999,10.0,0.43059321812194656,2024-06-12
2024-06-12 18:00:00 UTC,2024-06-13 00:00:00+00:00,-1,78.44999694824219,78.33999633789062,time,45839.79,64.275395836982,45.939479836982,18.435605836982,15.0,0.4363021967464569,2024-06-13
2024-06-13 00:00:00 UTC,2024-06-13 06:00:00+00:00,1,78.33999633789062,78.16999816894531,time,55893.48,-121.28912766206489,-143.6465196620649,-177.1826076620649,10.0,0.3578234674133722,2024-06-13
2024-06-13 12:00:00 UTC,2024-06-13 13:00:00+00:00,1,78.23999786376953,78.66829696111016,target,54802.82,300.0000000000022,278.0788720000022,245.19718000000222,10.0,0.36494470776645704,2024-06-13
2024-06-13 14:00:00 UTC,2024-06-13 15:00:00+00:00,1,78.68000030517578,78.35716833362606,stop,48743.62,-199.9999999999986,-219.4974479999986,-248.7436199999986,18.0,0.4103100791783848,2024-06-13
2024-06-13 22:00:00 UTC,2024-06-14 04:00:00+00:00,1,77.77999877929688,78.16999816894531,time,45509.08,228.18866598624322,209.98503398624322,182.6795859862432,10.0,0.43947271990409836,2024-06-14
2024-06-14 04:00:00 UTC,2024-06-14 10:00:00+00:00,1,78.16999816894531,78.61819791605285,target,52322.65,299.9999999999983,279.0709399999983,247.67734999999828,10.0,0.3822436208316699,2024-06-14
2024-06-14 10:00:00 UTC,2024-06-14 12:00:00+00:00,1,78.68000030517578,79.12901328036497,target,52568.64,300.0000000000029,278.9725440000029,247.43136000000288,10.0,0.38045498512760745,2024-06-14
2024-06-14 12:00:00 UTC,2024-06-14 14:00:00+00:00,1,78.9000015258789,78.58097708701838,stop,49463.3,-199.99999999999363,-219.78531999999365,-249.46329999999364,10.0,0.4043402188729933,2024-06-14
2024-06-14 20:00:00 UTC,2024-06-16 22:00:00+00:00,1,78.48999786376953,78.44000244140625,time,48996.89,-31.209326789532835,-50.80808278953283,-80.20621678953283,10.0,0.40818920898203553,2024-06-16
2024-06-17 08:00:00 UTC,2024-06-17 09:00:00+00:00,1,78.68000030517578,78.41618743522143,stop,59648.34,-200.00000000000153,-223.85933600000152,-259.64834000000155,10.0,0.3352985116053611,2024-06-17
2024-06-17 14:00:00 UTC,2024-06-17 16:00:00+00:00,1,79.2300033569336,79.71365686680691,target,49144.69,300.00000000000114,280.34212400000115,250.85531000000114,18.0,0.4069615796888165,2024-06-17
2024-06-17 16:00:00 UTC,2024-06-17 18:00:00+00:00,1,79.7300033569336,80.25126683569901,target,45886.59,299.9999999999992,281.6453639999992,254.1134099999992,18.0,0.43585723217380684,2024-06-17
2024-06-17 18:00:00 UTC,2024-06-18 00:00:00+00:00,1,80.41000366210938,80.37000274658203,time,43465.5,-21.622431586145353,-39.008631586145356,-65.08793158614534,18.0,0.46013504720973253,2024-06-18
2024-06-18 08:00:00 UTC,2024-06-18 11:00:00+00:00,1,80.0,80.4007180987459,target,59892.48,299.9999999999975,276.0430079999975,240.1075199999975,10.0,0.3339317489549178,2024-06-18
2024-06-18 14:00:00 UTC,2024-06-18 16:00:00+00:00,1,81.4000015258789,81.08301865726142,stop,51359.24,-200.00000000000236,-220.54369600000237,-251.35924000000236,33.0,0.38941383621068726,2024-06-18
2024-06-18 22:00:00 UTC,2024-06-20 04:00:00+00:00,1,81.62000274658203,81.37999725341797,time,50791.7,-149.35415398972341,-169.6708339897234,-200.1458539897234,10.0,0.39376514075225794,2024-06-20
2024-06-21 07:00:00 UTC,2024-06-21 13:00:00+00:00,1,81.12000274658203,81.61459962519388,target,49203.71,300.0000000000077,280.31851600000766,250.79629000000767,10.0,0.40647342362396655,2024-06-21
2024-06-21 13:00:00 UTC,2024-06-21 14:00:00+00:00,1,81.26000213623047,81.7427206463642,target,50501.48,299.9999999999934,279.7994079999934,249.4985199999934,10.0,0.3960279739467073,2024-06-21
2024-06-21 14:00:00 UTC,2024-06-21 15:00:00+00:00,1,81.72000122070312,81.3797467741164,stop,48034.64,-200.00000000000028,-219.21385600000028,-248.03464000000028,25.0,0.41636617903099743,2024-06-21
2024-06-21 16:00:00 UTC,2024-06-23 22:00:00+00:00,-1,80.55999755859375,80.4800033569336,time,42025.91,41.73075259963497,24.92038859963497,-0.295157400365035,15.0,0.47589686367913037,2024-06-23
2024-06-23 22:00:00 UTC,2024-06-24 06:00:00+00:00,1,80.4800033569336,80.66000366210938,time,46409.72,103.79924188806802,85.23535388806802,57.389521888068025,10.0,0.4309442294318411,2024-06-24
2024-06-24 06:00:00 UTC,2024-06-24 09:00:00+00:00,1,80.66000366210938,81.08752771251093,target,56600.33,299.9999999999941,277.3598679999941,243.39966999999407,10.0,0.35335484832730424,2024-06-24
2024-06-24 09:00:00 UTC,2024-06-24 12:00:00+00:00,1,81.05000305175781,80.76806700804107,stop,57495.31,-200.00000000000503,-222.99812400000502,-257.495310000005,10.0,0.3478544516977889,2024-06-24
2024-06-24 12:00:00 UTC,2024-06-24 13:00:00+00:00,-1,80.76000213623047,81.06542602212403,stop,52883.88,-200.00000000000165,-221.15355200000164,-252.88388000000162,15.0,0.3781870701022914,2024-06-24
2024-06-24 14:00:00 UTC,2024-06-24 15:00:00+00:00,1,80.95999908447266,81.48160658900437,target,46563.75,299.99999999999915,281.37449999999916,253.43624999999915,10.0,0.4295187009471827,2024-06-24
2024-06-24 16:00:00 UTC,2024-06-24 22:00:00+00:00,1,81.66000366210938,81.68000030517578,time,45458.25,11.131673345329556,-7.051626654670443,-34.32657665467045,18.0,0.4399641010699195,2024-06-24
2024-06-25 14:00:00 UTC,2024-06-25 15:00:00+00:00,1,81.66000366210938,81.36209362849326,stop,54821.92,-199.99999999999415,-221.92876799999414,-254.82191999999415,10.0,0.3648175609308231,2024-06-25
2024-06-25 22:00:00 UTC,2024-06-26 04:00:00+00:00,1,80.76000213623047,81.23741842394874,target,50748.17,299.9999999999974,279.7007319999974,249.2518299999974,10.0,0.39410291818545035,2024-06-26
2024-06-26 12:00:00 UTC,2024-06-26 13:00:00+00:00,-1,81.0999984741211,80.70340205097354,target,61347.0,299.9999999999957,275.4611999999957,238.65299999999567,10.0,0.32601432849111245,2024-06-26
2024-06-26 14:00:00 UTC,2024-06-26 15:00:00+00:00,-1,80.7300033569336,80.21194368489557,target,46749.44,299.99999999999534,281.30022399999535,253.25055999999535,25.0,0.4278125855699676,2024-06-26
2024-06-26 16:00:00 UTC,2024-06-26 17:00:00+00:00,-1,81.01000213623047,81.39739055579929,stop,41823.66,-200.00000000000432,-216.72946400000433,-241.82366000000434,10.0,0.4781982586759619,2024-06-26
2024-06-27 00:00:00 UTC,2024-06-27 06:00:00+00:00,-1,80.58999633789062,80.70999908447266,time,46473.13,-69.2009347441105,-87.7901867441105,-115.6740647441105,10.0,0.4303562206913401,2024-06-27
2024-06-27 12:00:00 UTC,2024-06-27 13:00:00+00:00,-1,81.69000244140625,81.98885258465145,stop,54669.54,-200.00000000000463,-221.86781600000464,-254.66954000000464,10.0,0.36583441585713405,2024-06-27
2024-06-27 18:00:00 UTC,2024-06-28 00:00:00+00:00,1,81.80000305175781,81.91999816894531,time,46284.04,67.8955794113087,49.3819634113087,21.611539411308698,10.0,0.432114411849415,2024-06-28
2024-06-28 00:00:00 UTC,2024-06-28 06:00:00+00:00,1,81.91999816894531,82.34838181039824,target,57369.14,299.9999999999919,277.05234399999193,242.6308599999919,10.0,0.34861950767257244,2024-06-28
2024-06-28 10:00:00 UTC,2024-06-28 11:00:00+00:00,1,82.36000061035156,82.10432467617004,stop,64425.31,-200.00000000000037,-225.77012400000038,-264.42531000000037,10.0,0.3104370231748026,2024-06-28
2024-06-28 18:00:00 UTC,2024-06-30 22:00:00+00:00,1,81.30000305175781,81.47000122070312,time,45703.67,95.56629557656616,77.28482757656616,49.86262557656617,10.0,0.4376016244861462,2024-06-30
2024-06-30 22:00:00 UTC,2024-07-01 03:00:00+00:00,1,81.47000122070312,81.96331631039102,target,49544.4,300.0000000000048,280.18224000000475,250.45560000000478,10.0,0.40367831291380757,2024-07-01
2024-07-01 03:00:00 UTC,2024-07-01 09:00:00+00:00,1,81.94000244140625,81.76000213623047,time,56288.21,-123.65017095512334,-146.16545495512335,-179.93838095512334,10.0,0.35531418292317907,2024-07-01
2024-07-01 16:00:00 UTC,2024-07-01 19:00:00+00:00,1,83.06999969482422,83.59657978878144,target,47326.13,300.0000000000041,281.0695480000041,252.6738700000041,18.0,0.42259949110526973,2024-07-01
2024-07-01 19:00:00 UTC,2024-07-02 01:00:00+00:00,1,83.4800033569336,83.55000305175781,time,48710.48,40.844733381975914,21.360541381975914,-7.86574661802409,10.0,0.4105892919787038,2024-07-02
2024-07-02 14:00:00 UTC,2024-07-02 15:00:00+00:00,-1,83.18000030517578,83.49781667581105,stop,52344.69,-200.0000000000018,-220.93787600000178,-252.34469000000178,23.0,0.3820826754859869,2024-07-02
2024-07-02 16:00:00 UTC,2024-07-02 18:00:00+00:00,1,83.41999816894531,83.06856432470629,stop,47474.08,-199.99999999999838,-218.98963199999838,-247.4740799999984,10.0,0.4212824885554316,2024-07-02
2024-07-02 18:00:00 UTC,2024-07-02 20:00:00+00:00,-1,82.91999816894531,83.29016312286316,stop,44801.65,-200.000000000003,-217.920660000003,-244.801650000003,15.0,0.44641215881801205,2024-07-02
2024-07-02 20:00:00 UTC,2024-07-03 02:00:00+00:00,1,83.16999816894531,83.16000366210938,time,46233.07,-5.555810355575792,-24.04903835557579,-51.78888035557579,10.0,0.43259078129134315,2024-07-03
2024-07-03 13:30:00 UTC,2024-07-03 14:30:00+00:00,1,83.1500015258789,82.85956725739923,stop,57259.08,-199.99999999999886,-222.90363199999888,-257.25907999999885,10.0,0.34928955279607665,2024-07-03
2024-07-03 14:30:00 UTC,2024-07-03 15:30:00+00:00,-1,82.58000183105469,82.92611934427326,stop,47717.9,-199.9999999999974,-219.08715999999743,-247.71789999999743,15.0,0.4191299413224498,2024-07-03
2024-07-03 16:30:00 UTC,2024-07-05 04:00:00+00:00,1,83.19999694824219,83.74561289474218,target,45746.46,299.9999999999927,281.7014159999927,254.2535399999927,10.0,0.43719228085984,2024-07-05
2024-07-05 04:00:00 UTC,2024-07-05 10:00:00+00:00,1,83.70999908447266,83.81999969482422,time,44235.24,58.128103357926534,40.43400735792653,13.892863357926537,15.0,0.452128205292776,2024-07-05
2024-07-05 10:00:00 UTC,2024-07-05 15:00:00+00:00,1,83.81999969482422,84.31483134512546,target,50817.28,299.9999999999909,279.6730879999909,249.18271999999092,15.0,0.39356689103862064,2024-07-05
2024-07-05 15:00:00 UTC,2024-07-05 17:00:00+00:00,1,84.2300033569336,83.88461632310636,stop,48774.27,-199.99999999999966,-219.50970799999965,-248.77426999999966,15.0,0.4100522617381635,2024-07-05
2024-07-07 22:00:00 UTC,2024-07-08 01:00:00+00:00,1,83.20999908447266,82.8314862261123,stop,43966.8,-199.9999999999981,-217.58671999999808,-243.9667999999981,15.0,0.454888670261971,2024-07-08
2024-07-08 08:00:00 UTC,2024-07-08 10:00:00+00:00,1,82.41000366210938,82.1023276671115,stop,53569.34,-200.0000000000004,-221.4277360000004,-253.56934000000038,15.0,0.37334787201246367,2024-07-08
2024-07-08 12:00:00 UTC,2024-07-08 13:00:00+00:00,-1,82.69000244140625,82.22393563984679,target,53226.28,299.9999999999994,278.7094879999994,246.77371999999937,10.0,0.37575425307286897,2024-07-08
2024-07-08 14:00:00 UTC,2024-07-08 18:00:00+00:00,-1,82.68000030517578,82.17566209829812,target,49181.28,300.00000000000125,280.32748800000127,250.81872000000124,10.0,0.4066587687599775,2024-07-08
2024-07-08 18:00:00 UTC,2024-07-09 00:00:00+00:00,-1,82.12999725341797,82.27999877929688,time,45835.04,-83.71272899086614,-102.04674499086615,-129.54776899086613,10.0,0.43634737165831616,2024-07-09
2024-07-09 08:00:00 UTC,2024-07-09 10:00:00+00:00,-1,81.77999877929688,82.03553674910293,stop,64006.14,-200.00000000000117,-225.60245600000115,-264.00614000000115,10.0,0.3124700093181535,2024-07-09
2024-07-09 16:00:00 UTC,2024-07-09 17:00:00+00:00,-1,81.73999786376953,82.11926813604038,stop,43103.83,-200.00000000000034,-217.24153200000035,-243.10383000000036,10.0,0.46399594101158076,2024-07-09
2024-07-10 00:00:00 UTC,2024-07-10 05:00:00+00:00,-1,81.66999816894531,81.18769726772986,target,50800.24,299.9999999999966,279.6799039999966,249.1997599999966,10.0,0.3936989608821871,2024-07-10
2024-07-10 05:00:00 UTC,2024-07-10 08:00:00+00:00,-1,81.0,81.2734664386964,stop,59239.44,-199.9999999999923,-223.6957759999923,-259.2394399999923,10.0,0.3376128872795226,2024-07-10
2024-07-10 14:00:00 UTC,2024-07-10 15:00:00+00:00,1,81.80999755859375,82.34179710133526,target,46150.85,300.00000000000125,281.5396600000013,253.84915000000126,20.0,0.4333614950182778,2024-07-10
2024-07-10 16:00:00 UTC,2024-07-10 22:00:00+00:00,-1,82.08999633789062,82.38999938964844,time,40906.1,-149.49392557407674,-165.85636557407673,-190.40002557407675,10.0,0.48892459617008105,2024-07-10
2024-07-11 04:00:00 UTC,2024-07-11 08:00:00+00:00,-1,82.76000213623047,82.34625260091117,target,60007.32,299.9999999999943,275.9970719999943,239.99267999999432,10.0,0.3332926733038955,2024-07-11
2024-07-11 08:00:00 UTC,2024-07-11 12:00:00+00:00,-1,82.25,82.51744319714876,stop,61508.39,-199.9999999999943,-224.60335599999428,-261.5083899999943,10.0,0.3251589023085381,2024-07-11
2024-07-11 12:00:00 UTC,2024-07-11 13:00:00+00:00,1,82.3499984741211,82.05218969088621,stop,55303.94,-199.9999999999958,-222.1215759999958,-255.3039399999958,15.0,0.3616378734098933,2024-07-11
2024-07-11 18:00:00 UTC,2024-07-12 00:00:00+00:00,1,82.97000122070312,83.08000183105469,time,39822.31,52.79593022923042,36.86700622923043,12.973620229230427,30.0,0.5022310369701714,2024-07-12
2024-07-12 00:00:00 UTC,2024-07-12 06:00:00+00:00,1,83.08000183105469,83.22000122070312,time,48412.6,81.58082173039007,62.21578173039007,33.16822173039007,15.0,0.41311557147781386,2024-07-12
2024-07-12 06:00:00 UTC,2024-07-12 09:00:00+00:00,1,83.22000122070312,83.67110309749758,target,55344.48,299.9999999999982,277.8622079999982,244.65551999999818,15.0,0.36137296337220187,2024-07-12
2024-07-12 09:00:00 UTC,2024-07-12 11:00:00+00:00,1,83.56999969482422,83.26405056164009,stop,54630.0,-199.999999999995,-221.851999999995,-254.629999999995,15.0,0.3660992393219845,2024-07-12
2024-07-12 18:00:00 UTC,2024-07-14 22:00:00+00:00,1,82.19999694824219,82.38999938964844,time,39389.92,91.04843204416771,75.29246404416772,51.658512044167715,15.0,0.5077441220765888,2024-07-14
2024-07-14 22:00:00 UTC,2024-07-15 00:00:00+00:00,1,82.38999938964844,82.00405877666988,stop,42695.69,-199.99999999999702,-217.078275999997,-242.695689999997,15.0,0.4684313822522663,2024-07-15
2024-07-15 06:00:00 UTC,2024-07-15 12:00:00+00:00,1,82.12999725341797,82.2699966430664,time,49496.21,84.37160406793947,64.57312006793947,34.875394067939474,15.0,0.40407131751029485,2024-07-15
2024-07-15 12:00:00 UTC,2024-07-15 13:00:00+00:00,-1,82.2699966430664,81.78654203606192,target,51051.33,299.9999999999943,279.57946799999434,248.9486699999943,10.0,0.39176259205973313,2024-07-15
2024-07-15 14:00:00 UTC,2024-07-15 20:00:00+00:00,-1,81.87000274658203,81.91000366210938,time,44126.79,-21.559936204105135,-39.21065220410513,-65.68672620410513,10.0,0.45323939450791784,2024-07-15
2024-07-16 02:00:00 UTC,2024-07-16 06:00:00+00:00,-1,81.69000244140625,81.27961317560572,target,59716.48,300.00000000000534,276.11340800000534,240.28352000000535,10.0,0.33491594526913665,2024-07-16
2024-07-16 12:00:00 UTC,2024-07-16 13:00:00+00:00,-1,80.44999694824219,80.73380738703469,stop,56692.77,-199.99999999999773,-222.67710799999773,-256.6927699999977,10.0,0.3527786818625907,2024-07-16
2024-07-16 18:00:00 UTC,2024-07-17 00:00:00+00:00,-1,80.80000305175781,80.6500015258789,time,45474.96,84.42219869796298,66.23221469796299,38.94723869796299,25.0,0.4398024421821015,2024-07-17
2024-07-17 00:00:00 UTC,2024-07-17 06:00:00+00:00,-1,80.6500015258789,80.73999786376953,time,55395.86,-61.81555724009802,-83.97390124009803,-117.21141724009803,10.0,0.3610377921981686,2024-07-17
2024-07-17 12:00:00 UTC,2024-07-17 13:00:00+00:00,-1,81.5999984741211,81.89200240185869,stop,55889.66,-200.00000000001026,-222.35586400001026,-255.88966000001028,10.0,0.3578479573503773,2024-07-17
2024-07-17 20:00:00 UTC,2024-07-18 01:00:00+00:00,-1,83.0999984741211,83.43668969978292,stop,49362.73,-200.00000000000418,-219.74509200000418,-249.36273000000418,10.0,0.4051639372372172,2024-07-18
2024-07-18 01:00:00 UTC,2024-07-18 07:00:00+00:00,1,83.38999938964844,83.62999725341797,time,55982.84,161.11958856708054,138.72645256708054,105.13674856708056,15.0,0.35725231923961764,2024-07-18
2024-07-18 07:00:00 UTC,2024-07-18 08:00:00+00:00,1,83.62999725341797,83.36652166572632,stop,63482.16,-199.99999999999505,-225.39286399999506,-263.4821599999951,15.0,0.3150491406728853,2024-07-18
2024-07-18 14:00:00 UTC,2024-07-18 15:00:00+00:00,1,82.3499984741211,82.88552717904012,target,46131.98,299.9999999999994,281.5472079999994,253.86801999999938,15.0,0.43353872887427325,2024-07-18
2024-07-18 16:00:00 UTC,2024-07-18 18:00:00+00:00,1,83.31999969482422,82.93144732594695,stop,42887.4,-199.99999999999858,-217.15495999999857,-242.8873999999986,15.0,0.4663374583538436,2024-07-18
2024-07-19 00:00:00 UTC,2024-07-19 06:00:00+00:00,1,82.16000366210938,82.29000091552734,time,42667.42,67.51031449582082,50.44334649582082,24.84289449582083,15.0,0.46874170047339137,2024-07-19
2024-07-19 06:00:00 UTC,2024-07-19 08:00:00+00:00,1,82.29000091552734,82.7464378532936,target,54086.33,300.000000000001,278.36546800000104,245.91367000000102,15.0,0.36977918150290434,2024-07-19
2024-07-19 08:00:00 UTC,2024-07-19 11:00:00+00:00,1,82.75,82.4290041815864,stop,51558.3,-200.0000000000042,-220.6233200000042,-251.5583000000042,15.0,0.387910354578369,2024-07-19
2024-07-19 18:00:00 UTC,2024-07-21 22:00:00+00:00,-1,80.18000030517578,80.58000183105469,time,35374.54,-176.47629231092404,-190.62610831092402,-211.85083231092403,23.0,0.5653784088533041,2024-07-21
2024-07-22 04:00:00 UTC,2024-07-22 09:00:00+00:00,-1,80.54000091552734,80.04190787261521,target,48509.01,299.9999999999972,280.5963959999972,251.49098999999723,10.0,0.41229454287735473,2024-07-22
2024-07-22 09:00:00 UTC,2024-07-22 12:00:00+00:00,-1,79.94000244140625,79.49167082633103,target,53491.66,299.9999999999976,278.6033359999976,246.5083399999976,10.0,0.3738900853831694,2024-07-22
2024-07-22 12:00:00 UTC,2024-07-22 14:00:00+00:00,-1,79.4000015258789,79.68967236449008,stop,54820.85,-199.99999999999656,-221.92833999999655,-254.82084999999657,18.0,0.36482472675616373,2024-07-22
2024-07-22 18:00:00 UTC,2024-07-23 00:00:00+00:00,-1,78.37999725341797,78.2699966430664,time,38659.8,54.256203501235504,38.7922835012355,15.596403501235507,33.0,0.5173333131691221,2024-07-23
2024-07-23 00:00:00 UTC,2024-07-23 01:00:00+00:00,-1,78.2699966430664,78.5833964018425,stop,49948.98,-200.00000000000463,-219.97959200000463,-249.94898000000464,10.0,0.4004085501693395,2024-07-23
2024-07-23 08:00:00 UTC,2024-07-23 09:00:00+00:00,-1,78.43000030517578,78.6932074934308,stop,59595.64,-199.9999999999986,-223.8382559999986,-259.59563999999864,10.0,0.33559503663250106,2024-07-23
2024-07-23 10:00:00 UTC,2024-07-23 12:00:00+00:00,-1,78.25,77.82210151638239,target,54861.14,300.0000000000041,278.0555440000041,245.1388600000041,25.0,0.36455674855599995,2024-07-23
2024-07-23 12:00:00 UTC,2024-07-23 13:00:00+00:00,-1,77.6500015258789,77.18247630848948,target,49826.19,299.9999999999972,280.0695239999972,250.17380999999722,25.0,0.40139532792635035,2024-07-23
2024-07-23 14:00:00 UTC,2024-07-23 15:00:00+00:00,-1,77.18000030517578,76.64080847002025,target,42942.05,300.00000000000216,282.82318000000214,257.05795000000217,33.0,0.46574400364820245,2024-07-23
2024-07-23 16:00:00 UTC,2024-07-23 22:00:00+00:00,1,77.04000091552734,77.41999816894531,time,37297.85,183.97043194109781,169.05129194109782,146.6725819410978,15.0,0.5362238740234637,2024-07-23
2024-07-23 22:00:00 UTC,2024-07-24 04:00:00+00:00,-1,77.41999816894531,77.13999938964844,time,42361.02,153.20375531267865,136.25934731267864,110.84273531267866,10.0,0.47213214048181934,2024-07-24
2024-07-24 04:00:00 UTC,2024-07-24 06:00:00+00:00,-1,77.13999938964844,77.4245328121542,stop,54222.1,-199.99999999999932,-221.68883999999932,-254.22209999999933,10.0,0.36885328591789296,2024-07-24
2024-07-24 12:00:00 UTC,2024-07-24 14:00:00+00:00,-1,77.73999786376953,77.30903285829196,target,54115.76,300.00000000000273,278.35369600000274,245.88424000000273,10.0,0.3695780956351345,2024-07-24
2024-07-24 14:00:00 UTC,2024-07-24 15:00:00+00:00,-1,77.16999816894531,77.50232167765446,stop,46442.7,-199.99999999999974,-218.57707999999974,-246.44269999999975,25.0,0.43063822287724973,2024-07-24
2024-07-24 22:00:00 UTC,2024-07-25 02:00:00+00:00,-1,77.54000091552734,77.01124968620906,target,43994.22,299.9999999999969,282.40231199999687,256.0057799999969,10.0,0.4546051268809584,2024-07-25
2024-07-25 02:00:00 UTC,2024-07-25 08:00:00+00:00,-1,76.9000015258789,77.21250657421356,stop,49215.21,-199.9999999999924,-219.6860839999924,-249.2152099999924,10.0,0.40637846831446756,2024-07-25
2024-07-25 14:00:00 UTC,2024-07-25 15:00:00+00:00,1,77.31999969482422,78.04072785362116,target,32184.12,300.0000000000028,287.1263520000028,267.8158800000028,15.0,0.6214245228846299,2024-07-25
2024-07-25 16:00:00 UTC,2024-07-25 22:00:00+00:00,-1,78.1500015258789,78.2699966430664,time,31947.17,-49.05316580800737,-61.83203380800737,-81.00033580800736,10.0,0.6260334483852839,2024-07-25
2024-07-26 04:00:00 UTC,2024-07-26 09:00:00+00:00,-1,78.44000244140625,77.942622887048,target,47311.96,299.9999999999991,281.0752159999991,252.6880399999991,10.0,0.4227261081740234,2024-07-26
2024-07-26 09:00:00 UTC,2024-07-26 12:00:00+00:00,1,77.87999725341797,77.573601762601,stop,50836.26,-200.00000000000364,-220.33450400000365,-250.83626000000365,10.0,0.3934200072195241,2024-07-26
2024-07-26 14:00:00 UTC,2024-07-26 15:00:00+00:00,-1,76.26000213623047,76.64821338906623,stop,39287.89,-200.00000000000466,-215.71515600000467,-239.28789000000467,23.0,0.5090627353278222,2024-07-26
2024-07-26 16:00:00 UTC,2024-07-26 18:00:00+00:00,1,77.41999816894531,76.99827541892165,stop,36716.06,-200.00000000000102,-214.686424000001,-236.71606000000102,10.0,0.5447206923247138,2024-07-26
2024-07-26 18:00:00 UTC,2024-07-28 22:00:00+00:00,-1,76.52999877929688,76.99520864234441,stop,32901.28,-200.0000000000024,-213.1605120000024,-232.90128000000237,15.0,0.6078790937775085,2024-07-28
2024-07-29 04:00:00 UTC,2024-07-29 10:00:00+00:00,-1,77.37999725341797,76.78351727060593,target,38918.32,299.999999999996,284.43267199999605,261.081679999996,10.0,0.513896789854351,2024-07-29
2024-07-29 10:00:00 UTC,2024-07-29 13:00:00+00:00,-1,76.73999786376953,77.13312770864808,stop,39040.54,-199.99999999999588,-215.6162159999959,-239.04053999999587,10.0,0.512288058147258,2024-07-29
2024-07-29 14:00:00 UTC,2024-07-29 20:00:00+00:00,-1,75.91999816894531,75.94000244140625,time,29710.03,-7.828339594058108,-19.71235159405811,-37.53836959405811,33.0,0.6731733440025557,2024-07-29
2024-07-30 02:00:00 UTC,2024-07-30 07:00:00+00:00,-1,75.44999694824219,75.8038704316221,stop,42642.36,-199.9999999999942,-217.0569439999942,-242.6423599999942,10.0,0.4690172268962148,2024-07-30
2024-07-30 14:00:00 UTC,2024-07-30 16:00:00+00:00,-1,74.95999908447266,75.33853795179026,stop,39604.92,-199.9999999999986,-215.84196799999862,-239.6049199999986,18.0,0.5049878227600131,2024-07-30
2024-07-30 16:00:00 UTC,2024-07-30 17:00:00+00:00,1,75.33000183105469,74.91799665783938,stop,36567.5,-199.999999999999,-214.62699999999901,-236.567499999999,15.0,0.5469337092800379,2024-07-30
2024-07-30 18:00:00 UTC,2024-07-30 20:00:00+00:00,-1,74.94000244140625,75.35662946151278,stop,35974.62,-200.00000000000358,-214.38984800000358,-235.9746200000036,10.0,0.5559474333247781,2024-07-30
2024-07-31 02:00:00 UTC,2024-07-31 04:00:00+00:00,-1,75.6500015258789,75.9798775444702,stop,45865.72,-199.9999999999951,-218.34628799999513,-245.86571999999512,10.0,0.4360555346168159,2024-07-31
2024-07-31 10:00:00 UTC,2024-07-31 11:00:00+00:00,-1,76.93000030517578,77.28692914777673,stop,43106.63,-199.9999999999987,-217.24265199999869,-243.1066299999987,10.0,0.46396573662425844,2024-07-31
2024-07-31 18:00:00 UTC,2024-07-31 19:00:00+00:00,-1,78.05000305175781,78.47551818670456,stop,36684.95,-200.00000000000279,-214.67398000000279,-236.6849500000028,10.0,0.545182726853411,2024-07-31
2024-07-31 20:00:00 UTC,2024-08-01 02:00:00+00:00,1,78.63999938964844,78.43000030517578,time,36961.72,-98.70203737388681,-113.48672537388681,-135.66375737388682,18.0,0.5411003043966672,2024-08-01
2024-08-01 08:00:00 UTC,2024-08-01 14:00:00+00:00,1,78.41999816894531,78.0790143725821,stop,45996.32,-200.0000000000018,-218.3985280000018,-245.9963200000018,10.0,0.4348173990371842,2024-08-01
2024-08-01 20:00:00 UTC,2024-08-02 02:00:00+00:00,1,76.93000030517578,76.77999877929688,time,33847.44,-65.99723757882036,-79.53621357882037,-99.84467757882035,10.0,0.5908866535120216,2024-08-02
2024-08-02 08:00:00 UTC,2024-08-02 10:00:00+00:00,1,76.77999877929688,76.39759054257037,stop,40156.04,-199.99999999999866,-216.06241599999868,-240.15603999999865,10.0,0.4980571018576531,2024-08-02
2024-08-02 14:00:00 UTC,2024-08-02 20:00:00+00:00,-1,73.77999877929688,74.13999938964844,time,27144.33,-132.44746792182187,-143.30519992182187,-159.59179792182186,18.0,0.7368022255402537,2024-08-02
2024-08-04 22:00:00 UTC,2024-08-05 00:00:00+00:00,-1,73.87999725341797,73.00817120165715,target,25422.5,299.99999999999795,289.83099999999797,274.57749999999794,10.0,0.7867046419166743,2024-08-05
2024-08-05 00:00:00 UTC,2024-08-05 02:00:00+00:00,-1,73.20999908447266,73.81023214533099,stop,24393.86,-199.99999999999673,-209.75754399999673,-224.39385999999672,18.0,0.8198785252896478,2024-08-05
2024-08-05 08:00:00 UTC,2024-08-05 13:00:00+00:00,-1,72.05999755859375,72.71859800911852,stop,21882.77,-200.0000000000002,-208.7531080000002,-221.8827700000002,18.0,0.913961244571578,2024-08-05
2024-08-05 20:00:00 UTC,2024-08-06 02:00:00+00:00,-1,73.91999816894531,74.12000274658203,time,22432.77,-60.696115174505806,-69.6692231745058,-83.12888517450581,10.0,0.8915528421462577,2024-08-06
2024-08-06 08:00:00 UTC,2024-08-06 11:00:00+00:00,-1,73.08999633789062,73.5932284660055,stop,29048.22,-199.99999999999764,-211.61928799999765,-229.04821999999763,23.0,0.6885102658761512,2024-08-06
2024-08-06 18:00:00 UTC,2024-08-07 00:00:00+00:00,-1,73.22000122070312,72.94999694824219,time,23372.26,86.18696147645034,76.83805747645033,62.81470147645034,15.0,0.8557153653403763,2024-08-07
2024-08-07 00:00:00 UTC,2024-08-07 04:00:00+00:00,-1,72.94999694824219,73.4622089045082,stop,28484.3,-200.0000000000007,-211.3937200000007,-228.4843000000007,15.0,0.7021411620200967,2024-08-07
2024-08-07 10:00:00 UTC,2024-08-07 11:00:00+00:00,-1,74.31999969482422,74.79190873667027,stop,31497.6,-200.00000000000085,-212.59904000000085,-231.49760000000086,15.0,0.6349691116574498,2024-08-07
2024-08-07 12:00:00 UTC,2024-08-07 14:00:00+00:00,-1,74.83000183105469,75.30241314115925,stop,31680.02,-200.00000000000117,-212.67200800000117,-231.68002000000118,35.0,0.6313127068620581,2024-08-07
2024-08-07 14:00:00 UTC,2024-08-07 20:00:00+00:00,1,75.23999786376953,75.47000122070312,time,28602.37,87.43542750885211,75.99447950885212,58.833057508852114,23.0,0.6992427271331879,2024-08-07
2024-08-07 20:00:00 UTC,2024-08-08 02:00:00+00:00,1,75.47000122070312,75.55999755859375,time,29871.93,35.62162350236587,23.672851502365873,5.749693502365872,10.0,0.6695249521378785,2024-08-08
2024-08-08 02:00:00 UTC,2024-08-08 06:00:00+00:00,1,75.55999755859375,75.12177983183004,stop,34485.14,-200.0000000000022,-213.7940560000022,-234.4851400000022,10.0,0.5799599535771363,2024-08-08
2024-08-08 12:00:00 UTC,2024-08-08 13:00:00+00:00,1,75.62000274658203,75.17433468025824,stop,33935.57,-199.99999999999844,-213.57422799999844,-233.93556999999845,10.0,0.5893520895751856,2024-08-08
2024-08-08 14:00:00 UTC,2024-08-08 20:00:00+00:00,1,75.98999786376953,76.08999633789062,time,30631.07,40.30873403307401,28.05630603307401,9.67766403307401,33.0,0.6529317356279588,2024-08-08
2024-08-08 20:00:00 UTC,2024-08-09 02:00:00+00:00,1,76.08999633789062,76.31999969482422,time,33821.58,102.23520937931104,88.70657737931104,68.41362937931103,10.0,0.5913384469354486,2024-08-09
2024-08-09 02:00:00 UTC,2024-08-09 08:00:00+00:00,1,76.31999969482422,75.94484914893089,stop,40687.67,-199.99999999999534,-216.27506799999534,-240.68766999999534,10.0,0.491549459372946,2024-08-09
2024-08-09 14:00:00 UTC,2024-08-09 20:00:00+00:00,1,76.66999816894531,76.9800033569336,time,40434.86,163.49312461698437,147.31918061698437,123.05826461698437,10.0,0.4946226622823291,2024-08-09
2024-08-09 20:00:00 UTC,2024-08-11 22:00:00+00:00,1,76.9800033569336,76.9800033569336,time,40171.3,0.0,-16.06852,-40.1713,10.0,0.49786792645818684,2024-08-11
2024-08-12 04:00:00 UTC,2024-08-12 08:00:00+00:00,1,77.19999694824219,77.69118414413455,target,47151.06,300.000000000003,281.139576000003,252.848940000003,10.0,0.42416857971438443,2024-08-12
2024-08-12 14:00:00 UTC,2024-08-12 16:00:00+00:00,1,78.33000183105469,78.84121916922871,target,45966.75,300.0000000000007,281.61330000000066,254.0332500000007,25.0,0.43509709027934884,2024-08-12
2024-08-12 16:00:00 UTC,2024-08-12 18:00:00+00:00,1,79.08000183105469,79.63589789497242,target,42677.04,300.0000000000012,282.9291840000012,257.3229600000012,33.0,0.46863602347517586,2024-08-12
2024-08-12 18:00:00 UTC,2024-08-13 00:00:00+00:00,1,79.87000274658203,79.58000183105469,time,39155.42,-142.1698575198143,-157.8320255198143,-181.32527751981428,33.0,0.510785002397318,2024-08-13
2024-08-13 12:00:00 UTC,2024-08-13 13:00:00+00:00,1,79.83999633789062,79.50171060739281,stop,47202.7,-199.99999999999832,-218.88107999999832,-247.20269999999832,10.0,0.4237045917013332,2024-08-13
2024-08-13 20:00:00 UTC,2024-08-14 02:00:00+00:00,1,78.66000366210938,78.79000091552734,time,38880.77,64.25620831698673,48.70390031698673,25.37543831698673,10.0,0.5143930773142662,2024-08-14
2024-08-14 02:00:00 UTC,2024-08-14 08:00:00+00:00,1,78.79000091552734,78.95999908447266,time,43943.02,94.81193501704901,77.23472701704901,50.86891501704901,10.0,0.45513488410449754,2024-08-14
2024-08-14 10:00:00 UTC,2024-08-14 13:00:00+00:00,1,78.1500015258789,78.70557961628833,target,42199.29,300.00000000000074,283.12028400000077,257.8007100000007,10.0,0.4739416332367343,2024-08-14
2024-08-14 13:00:00 UTC,2024-08-14 14:00:00+00:00,1,78.27999877929688,77.88821077758092,stop,39960.39,-199.99999999999875,-215.98415599999876,-239.96038999999877,10.0,0.5004956666141038,2024-08-14
2024-08-14 14:00:00 UTC,2024-08-14 18:00:00+00:00,-1,77.56999969482422,76.94286617783803,target,37106.93,300.00000000000045,285.15722800000043,262.8930700000005,15.0,0.5389828709152664,2024-08-14
2024-08-14 20:00:00 UTC,2024-08-15 02:00:00+00:00,1,77.22000122070312,77.26000213623047,time,37002.84,19.167927609411826,4.366791609411829,-17.834912390588173,10.0,0.5404990841558888,2024-08-15
2024-08-15 02:00:00 UTC,2024-08-15 08:00:00+00:00,-1,77.26000213623047,77.2699966430664,time,40823.73,-5.2810389368940935,-21.610530936894094,-46.1047689368941,15.0,0.4899111002549041,2024-08-15
2024-08-15 14:00:00 UTC,2024-08-15 20:00:00+00:00,-1,78.30000305175781,78.08999633789062,time,37317.68,100.08893416298326,85.16186216298327,62.77125416298327,15.0,0.5359389627814438,2024-08-15
2024-08-15 20:00:00 UTC,2024-08-16 02:00:00+00:00,-1,78.08999633789062,78.0,time,40749.44,46.96248611734818,30.662710117348176,6.213046117348178,15.0,0.49080429109808843,2024-08-16
2024-08-16 02:00:00 UTC,2024-08-16 08:00:00+00:00,-1,78.0,77.50207738155265,target,46995.25,300.0000000000046,281.2019000000046,253.0047500000046,10.0,0.425574887561829,2024-08-16
2024-08-16 10:00:00 UTC,2024-08-16 11:00:00+00:00,-1,76.27999877929688,75.72513847338809,target,41242.81,299.99999999999807,283.5028759999981,258.75718999999805,18.0,0.48493297918911127,2024-08-16
2024-08-16 12:00:00 UTC,2024-08-16 13:00:00+00:00,-1,76.4800033569336,76.90272881002406,stop,36184.24,-199.99999999999676,-214.47369599999675,-236.18423999999675,18.0,0.5527267710980658,2024-08-16
2024-08-16 20:00:00 UTC,2024-08-18 22:00:00+00:00,-1,76.5999984741211,76.19000244140625,time,32629.38,174.64641993087258,161.5946679308726,142.01703993087258,10.0,0.6129445692914381,2024-08-18
2024-08-18 22:00:00 UTC,2024-08-19 02:00:00+00:00,-1,76.19000244140625,76.66312376586943,stop,32207.38,-199.99999999999972,-212.8829519999997,-232.20737999999972,10.0,0.6209755995572155,2024-08-19
2024-08-19 08:00:00 UTC,2024-08-19 13:00:00+00:00,-1,76.1500015258789,76.53869614518766,stop,39182.43,-200.00000000000375,-215.67297200000374,-239.18243000000376,10.0,0.5104328450691485,2024-08-19
2024-08-19 16:00:00 UTC,2024-08-19 22:00:00+00:00,-1,74.5999984741211,74.33999633789062,time,29140.02,101.5612367794185,89.9052287794185,72.4212167794185,33.0,0.6863412674550948,2024-08-19
2024-08-19 22:00:00 UTC,2024-08-20 03:00:00+00:00,-1,74.33999633789062,73.69078623787387,target,34352.51,300.0000000000005,286.25899600000054,265.6474900000005,10.0,0.5821990243008751,2024-08-20
2024-08-20 03:00:00 UTC,2024-08-20 09:00:00+00:00,-1,73.69000244140625,73.95999908447266,time,39923.94,-146.27939400995322,-162.2489700099532,-186.2033340099532,15.0,0.5009526020182988,2024-08-20
2024-08-20 16:00:00 UTC,2024-08-21 07:00:00+00:00,-1,74.23999786376953,73.6208435435337,target,35971.64,300.0000000000008,285.61134400000077,264.0283600000008,15.0,0.5559934788539759,2024-08-21
2024-08-21 07:00:00 UTC,2024-08-21 09:00:00+00:00,-1,73.01000213623047,73.44945330244666,stop,33227.81,-200.00000000000324,-213.29112400000324,-233.22781000000325,38.0,0.6019054285140298,2024-08-21
2024-08-21 16:00:00 UTC,2024-08-21 22:00:00+00:00,-1,72.02999877929688,71.94000244140625,time,27550.01,34.42177365589386,23.401769655893858,6.8717636558938615,23.0,0.725952460095976,2024-08-21
2024-08-21 22:00:00 UTC,2024-08-22 04:00:00+00:00,-1,71.94000244140625,71.75,time,30068.05,79.41344106059921,67.38622106059921,49.34539106059921,15.0,0.6651578394915284,2024-08-22
2024-08-22 04:00:00 UTC,2024-08-22 09:00:00+00:00,-1,71.75,72.12351299420483,stop,38419.01,-200.00000000000227,-215.36760400000227,-238.4190100000023,25.0,0.5205756016792,2024-08-22
2024-08-22 14:00:00 UTC,2024-08-22 20:00:00+00:00,1,73.05999755859375,72.9800033569336,time,35574.77,-38.95120978237719,-53.181117782377186,-74.52597978237719,23.0,0.5621961923426991,2024-08-22
2024-08-22 20:00:00 UTC,2024-08-23 02:00:00+00:00,-1,72.9800033569336,72.87000274658203,time,38725.09,58.36918843624542,42.87915243624543,19.64409843624543,25.0,0.5164610295105965,2024-08-23
2024-08-23 02:00:00 UTC,2024-08-23 07:00:00+00:00,-1,72.87000274658203,73.18397286812163,stop,46418.43,-199.99999999999443,-218.56737199999444,-246.41842999999443,15.0,0.43086333155700735,2024-08-23
2024-08-23 14:00:00 UTC,2024-08-23 15:00:00+00:00,-1,74.37000274658203,74.71095624178864,stop,43624.72,-199.99999999999616,-217.44988799999618,-243.62471999999616,15.0,0.45845567112377406,2024-08-23
2024-08-25 22:00:00 UTC,2024-08-26 04:00:00+00:00,1,75.22000122070312,75.33000183105469,time,47129.25,68.92110862089395,50.069408620893945,21.791858620893947,10.0,0.4243649433781446,2024-08-26
2024-08-26 10:00:00 UTC,2024-08-26 12:00:00+00:00,1,76.66000366210938,77.15007431254614,target,46927.93,299.9999999999993,281.22882799999934,253.07206999999931,18.0,0.4261854309293847,2024-08-26
2024-08-26 12:00:00 UTC,2024-08-26 18:00:00+00:00,1,77.19999694824219,77.38999938964844,time,44863.31,110.41629634311312,92.47097234311312,65.55298634311312,18.0,0.4457986184303495,2024-08-26
2024-08-26 18:00:00 UTC,2024-08-26 20:00:00+00:00,1,77.38999938964844,77.03504716718439,stop,43605.87,-200.00000000000165,-217.44234800000166,-243.60587000000166,10.0,0.45865386388867796,2024-08-26
2024-08-27 14:00:00 UTC,2024-08-27 16:00:00+00:00,-1,76.23999786376953,75.71977952568804,target,43966.15,300.0000000000044,282.4135400000044,256.03385000000435,15.0,0.4548953765808888,2024-08-27
2024-08-27 16:00:00 UTC,2024-08-27 22:00:00+00:00,1,75.45999908447266,75.80000305175781,time,40884.34,184.2146663626672,167.8609303626672,143.33032636266722,10.0,0.4891848300202971,2024-08-27
2024-08-27 22:00:00 UTC,2024-08-28 04:00:00+00:00,1,75.80000305175781,75.52999877929688,time,46096.38,-164.19813213462575,-182.63668413462574,-210.29451213462573,10.0,0.4338735711845261,2024-08-28
2024-08-28 10:00:00 UTC,2024-08-28 12:00:00+00:00,1,74.12000274658203,74.64263253523028,target,42546.37,299.99999999999864,282.9814519999986,257.4536299999986,10.0,0.47007534563927017,2024-08-28
2024-08-28 12:00:00 UTC,2024-08-28 13:00:00+00:00,1,74.91000366210938,74.51713115017043,stop,38134.51,-199.99999999999739,-215.2538039999974,-238.1345099999974,10.0,0.5244593415200606,2024-08-28
2024-08-28 14:00:00 UTC,2024-08-28 15:00:00+00:00,1,75.1500015258789,74.6826273854103,stop,32158.39,-200.00000000000185,-212.86335600000186,-232.15839000000184,18.0,0.6219216646424899,2024-08-28
2024-08-28 18:00:00 UTC,2024-08-29 00:00:00+00:00,-1,74.62999725341797,74.56999969482422,time,29660.79,23.845302859419938,11.980986859419938,-5.815487140580064,15.0,0.6742909111072256,2024-08-29
2024-08-29 06:00:00 UTC,2024-08-29 08:00:00+00:00,-1,74.62999725341797,74.12982646250171,target,44762.71,300.00000000000284,282.09491600000285,255.23729000000284,15.0,0.44680049070871036,2024-08-29
2024-08-29 08:00:00 UTC,2024-08-29 10:00:00+00:00,-1,74.13999938964844,74.49741101993574,stop,41487.18,-199.9999999999964,-216.5948719999964,-241.48717999999639,15.0,0.48207665663565025,2024-08-29
2024-08-29 14:00:00 UTC,2024-08-29 15:00:00+00:00,-1,76.30000305175781,75.56368395954671,target,31087.07,300.0000000000021,287.5651720000021,268.9129300000021,30.0,0.6433543580259274,2024-08-29
2024-08-29 16:00:00 UTC,2024-08-29 22:00:00+00:00,-1,75.68000030517578,75.83999633789062,time,28270.39,-59.76678086620729,-71.0749368662073,-88.03717086620729,15.0,0.7074540217336135,2024-08-29
2024-08-30 04:00:00 UTC,2024-08-30 07:00:00+00:00,-1,76.12000274658203,76.47701460088855,stop,42642.84,-199.99999999999483,-217.05713599999484,-242.64283999999483,10.0,0.46901187785698095,2024-08-30
2024-08-30 07:00:00 UTC,2024-08-30 09:00:00+00:00,1,76.30999755859375,75.97244868176861,stop,45214.19,-199.99999999999955,-218.08567599999955,-245.21418999999955,10.0,0.44233899570754986,2024-08-30
2024-08-30 14:00:00 UTC,2024-08-30 20:00:00+00:00,-1,73.87999725341797,73.6500015258789,time,29152.47,90.75451410743331,79.0935261074333,61.60204410743331,18.0,0.6860482448868276,2024-08-30
2024-08-30 20:00:00 UTC,2024-09-01 22:00:00+00:00,-1,73.6500015258789,73.19999694824219,time,32481.94,198.4660186203501,185.4732426203501,165.9840786203501,10.0,0.6157267327893035,2024-09-01
2024-09-01 22:00:00 UTC,2024-09-03 04:00:00+00:00,-1,73.19999694824219,73.65680235718716,stop,32048.66,-199.9999999999976,-212.81946399999762,-232.0486599999976,15.0,0.6240511311332073,2024-09-03
2024-09-03 10:00:00 UTC,2024-09-03 12:00:00+00:00,-1,72.08999633789062,72.58876354264238,stop,28907.27,-200.00000000000068,-211.56290800000068,-228.9072700000007,23.0,0.6918674297249244,2024-09-03
2024-09-03 12:00:00 UTC,2024-09-03 13:00:00+00:00,-1,72.05000305175781,71.21595944314983,target,25915.91,300.0000000000004,289.6336360000004,274.0840900000004,38.0,0.7717266465705679,2024-09-03
2024-09-03 18:00:00 UTC,2024-09-04 00:00:00+00:00,-1,70.2300033569336,70.0,time,24294.17,79.56342633114059,69.84575833114059,55.269256331140596,15.0,0.8232429187871242,2024-09-04
2024-09-04 00:00:00 UTC,2024-09-04 06:00:00+00:00,-1,70.0,69.69999694824219,time,29872.19,128.0249673465009,116.07609134650089,98.1527773465009,35.0,0.6695190744560031,2024-09-04
2024-09-04 06:00:00 UTC,2024-09-04 08:00:00+00:00,-1,69.69999694824219,70.08484281426169,stop,36222.29,-200.0000000000046,-214.4889160000046,-236.2222900000046,35.0,0.5521461734141444,2024-09-04
2024-09-04 14:00:00 UTC,2024-09-04 20:00:00+00:00,-1,69.68000030517578,69.25,time,20773.53,128.1949687959816,119.8855567959816,107.4214387959816,43.0,0.9627635388251611,2024-09-04
2024-09-04 20:00:00 UTC,2024-09-05 02:00:00+00:00,-1,69.25,69.5,time,23367.4,-84.35884100630774,-93.70580100630774,-107.72624100630775,35.0,0.8558932911321433,2024-09-05
2024-09-05 08:00:00 UTC,2024-09-05 09:00:00+00:00,-1,69.66000366210938,70.04896511997215,stop,35818.46,-199.999999999996,-214.327383999996,-235.81845999999598,35.0,0.5583712854071458,2024-09-05
2024-09-05 16:00:00 UTC,2024-09-05 22:00:00+00:00,-1,69.25,69.27999877929688,time,24728.61,-10.712318223669978,-20.60376222366998,-35.44092822366998,35.0,0.8087798735305531,2024-09-05
2024-09-06 04:00:00 UTC,2024-09-06 06:00:00+00:00,-1,69.26000213623047,69.63831862726559,stop,36614.85,-200.00000000000603,-214.64594000000602,-236.61485000000602,25.0,0.5462265078926556,2024-09-06
2024-09-06 12:00:00 UTC,2024-09-06 13:00:00+00:00,-1,69.41000366210938,69.84336528218896,stop,32033.3,-200.0000000000011,-212.8133200000011,-232.0333000000011,25.0,0.6243503777772427,2024-09-06
2024-09-06 14:00:00 UTC,2024-09-06 16:00:00+00:00,-1,68.06999969482422,67.1775145598158,target,22881.05,300.0000000000011,290.8475800000011,277.11895000000106,48.0,0.8740856363641911,2024-09-06
2024-09-06 16:00:00 UTC,2024-09-06 19:00:00+00:00,-1,67.5199966430664,68.13894238538353,stop,21817.74,-200.00000000000017,-208.72709600000016,-221.81774000000019,33.0,0.9166850904763515,2024-09-06
2024-09-08 22:00:00 UTC,2024-09-09 04:00:00+00:00,-1,68.26000213623047,68.58000183105469,time,25833.58,-121.10659783831639,-131.44002983831638,-146.9401778383164,35.0,0.7741862581494715,2024-09-09
2024-09-09 10:00:00 UTC,2024-09-09 11:00:00+00:00,-1,68.25,68.67722797640695,stop,31950.15,-200.00000000000122,-212.7800600000012,-231.95015000000123,35.0,0.6259750570065219,2024-09-09
2024-09-09 18:00:00 UTC,2024-09-10 00:00:00+00:00,-1,68.80000305175781,68.86000061035156,time,26608.77,-23.204380908420056,-33.84788890842006,-49.813150908420056,35.0,0.7516317737239084,2024-09-10
2024-09-10 06:00:00 UTC,2024-09-10 09:00:00+00:00,-1,68.31999969482422,67.81271130188401,target,40403.05,299.9999999999961,283.83877999999606,259.59694999999607,15.0,0.4950120952441483,2024-09-10
2024-09-10 09:00:00 UTC,2024-09-10 10:00:00+00:00,-1,67.7300033569336,68.10689705924523,stop,35941.17,-199.99999999999872,-214.3764679999987,-235.94116999999872,23.0,0.5564649101306343,2024-09-10
2024-09-10 14:00:00 UTC,2024-09-10 15:00:00+00:00,-1,66.26000213623047,65.41870593486561,target,23627.83,300.000000000002,290.548868000002,276.372170000002,38.0,0.8464595776651158,2024-09-10
2024-09-10 16:00:00 UTC,2024-09-10 20:00:00+00:00,-1,65.66999816894531,66.26921309890733,stop,21918.68,-199.99999999999667,-208.76747199999667,-221.91867999999667,23.0,0.9124637531136546,2024-09-10
2024-09-11 00:00:00 UTC,2024-09-11 06:00:00+00:00,-1,66.0999984741211,66.56517464000528,stop,28419.34,-199.9999999999984,-211.36773599999842,-228.4193399999984,35.0,0.7037461068419135,2024-09-11
2024-09-11 12:00:00 UTC,2024-09-11 14:00:00+00:00,-1,67.05000305175781,66.39596260952112,target,30754.98,299.99999999999784,287.69800799999786,269.24501999999785,35.0,0.6503011806793647,2024-09-11
2024-09-11 14:00:00 UTC,2024-09-11 15:00:00+00:00,-1,66.2300033569336,66.74943474269469,stop,25500.96,-199.99999999999577,-210.20038399999578,-225.50095999999576,58.0,0.784284100004846,2024-09-11
2024-09-11 22:00:00 UTC,2024-09-12 04:00:00+00:00,-1,67.3499984741211,67.73999786376953,time,26968.56,-156.1651579730106,-166.95258197301058,-183.1337179730106,35.0,0.7416042123226936,2024-09-12
2024-09-12 10:00:00 UTC,2024-09-12 13:00:00+00:00,-1,68.44999694824219,67.83974494658302,target,33650.03,299.9999999999966,286.5399879999966,266.3499699999966,15.0,0.5943530838728945,2024-09-12
2024-09-12 13:00:00 UTC,2024-09-12 14:00:00+00:00,-1,67.87000274658203,68.29098889977247,stop,32243.34,-200.00000000000037,-212.89733600000037,-232.2433400000004,23.0,0.6202830943772744,2024-09-12
2024-09-12 14:00:00 UTC,2024-09-12 15:00:00+00:00,1,69.02999877929688,69.74923008122255,target,28793.24,300.0000000000005,288.4827040000005,271.2067600000005,10.0,0.6946074794961765,2024-09-12
2024-09-12 16:00:00 UTC,2024-09-12 22:00:00+00:00,1,69.33999633789062,69.31999969482422,time,27608.29,-7.961827236813214,-19.005143236813215,-35.57011723681322,18.0,0.7244201574302314,2024-09-12
2024-09-13 04:00:00 UTC,2024-09-13 10:00:00+00:00,1,69.44000244140625,69.72000122070312,time,40783.66,164.44952485248348,148.13606085248347,123.66586485248348,10.0,0.4903924589767692,2024-09-13
2024-09-13 12:00:00 UTC,2024-09-13 13:00:00+00:00,1,70.0199966430664,69.68262099476974,stop,41508.63,-200.00000000000009,-216.6034520000001,-241.5086300000001,10.0,0.4818275699390211,2024-09-13
2024-09-13 20:00:00 UTC,2024-09-15 22:00:00+00:00,1,69.23999786376953,68.94000244140625,time,34603.97,-149.92827248090722,-163.76986048090723,-184.53224248090723,10.0,0.5779683287158978,2024-09-15
2024-09-16 08:00:00 UTC,2024-09-16 09:00:00+00:00,1,69.43000030517578,69.09814481784572,stop,41843.51,-200.0000000000042,-216.7374040000042,-241.84351000000422,18.0,0.47797131768889556,2024-09-16
2024-09-16 16:00:00 UTC,2024-09-16 19:00:00+00:00,1,69.81999969482422,70.51141440793555,target,30294.41,300.0000000000023,287.88223600000225,269.7055900000023,10.0,0.6601878316942833,2024-09-16
2024-09-16 19:00:00 UTC,2024-09-17 01:00:00+00:00,1,70.45999908447266,70.54000091552734,time,31566.02,35.840757427033516,23.21434942703352,4.274737427033514,10.0,0.6335926206696102,2024-09-17
2024-09-17 01:00:00 UTC,2024-09-17 07:00:00+00:00,1,70.54000091552734,70.18699193638271,stop,39964.99,-200.00000000000358,-215.98599600000358,-239.96499000000358,10.0,0.5004380132732914,2024-09-17
2024-09-17 14:00:00 UTC,2024-09-17 16:00:00+00:00,1,70.94999694824219,71.56683868494729,target,34506.42,299.99999999999864,286.1974319999986,265.49357999999864,18.0,0.5796023145287188,2024-09-17
2024-09-17 16:00:00 UTC,2024-09-17 18:00:00+00:00,1,71.70999908447266,71.27297122620129,stop,32817.13,-199.99999999999937,-213.12685199999936,-232.81712999999937,18.0,0.6094378243633177,2024-09-17
2024-09-18 00:00:00 UTC,2024-09-18 04:00:00+00:00,1,71.11000061035156,70.75380493145832,stop,39927.49,-200.00000000000463,-215.97099600000462,-239.92749000000464,10.0,0.500907995831719,2024-09-18
2024-09-18 10:00:00 UTC,2024-09-18 12:00:00+00:00,1,70.22000122070312,70.76651245177281,target,38546.33,300.00000000000495,284.5814680000049,261.45367000000493,10.0,0.5188561868120546,2024-09-18
2024-09-18 12:00:00 UTC,2024-09-18 15:00:00+00:00,1,70.7300033569336,70.3483526374321,stop,37065.31,-200.00000000000477,-214.82612400000477,-237.06531000000479,10.0,0.5395881540900163,2024-09-18
2024-09-18 22:00:00 UTC,2024-09-19 04:00:00+00:00,1,70.30999755859375,70.87000274658203,time,29524.16,235.15405403820446,223.34439003820447,205.62989403820447,10.0,0.6774113872923119,2024-09-19
2024-09-19 04:00:00 UTC,2024-09-19 07:00:00+00:00,1,70.87000274658203,71.49696661087843,target,33911.05,299.9999999999998,286.4355799999998,266.0889499999998,10.0,0.5897783171048231,2024-09-19
2024-09-19 07:00:00 UTC,2024-09-19 10:00:00+00:00,1,71.73999786376953,71.3303831570471,stop,35028.04,-199.99999999999713,-214.01121599999712,-235.02803999999713,18.0,0.5709711721768923,2024-09-19
2024-09-19 16:00:00 UTC,2024-09-19 22:00:00+00:00,1,72.16999816894531,72.0,time,30430.77,-71.68041498361272,-83.85272298361272,-102.11118498361273,10.0,0.6572294778560003,2024-09-19
2024-09-20 20:00:00 UTC,2024-09-22 22:00:00+00:00,-1,71.25,71.01000213623047,time,39817.29,134.12019785455507,118.19328185455507,94.30290785455507,15.0,0.5022943783757864,2024-09-22
2024-09-22 22:00:00 UTC,2024-09-23 01:00:00+00:00,1,71.01000213623047,71.55241342285353,target,39274.63,299.9999999999957,284.29014799999567,260.7253699999957,10.0,0.5092346339064301,2024-09-23
2024-09-23 01:00:00 UTC,2024-09-23 07:00:00+00:00,1,71.56999969482422,71.21995851582324,stop,40892.33,-200.00000000000102,-216.35693200000102,-240.89233000000104,10.0,0.48908925596417807,2024-09-23
2024-09-23 14:00:00 UTC,2024-09-23 15:00:00+00:00,-1,71.22000122070312,70.59382476910564,target,34121.37,299.9999999999999,286.3514519999999,265.8786299999999,15.0,0.586142882022738,2024-09-23
2024-09-23 16:00:00 UTC,2024-09-23 20:00:00+00:00,1,70.0,70.74394884993029,target,28227.75,299.99999999999955,288.7088999999995,271.77224999999953,10.0,0.708522714219326,2024-09-23
2024-09-23 20:00:00 UTC,2024-09-24 02:00:00+00:00,-1,70.7300033569336,70.98999786376953,time,31846.25,-117.06278658220953,-129.8012865822095,-148.90903658220952,10.0,0.6280173345984926,2024-09-24
2024-09-24 08:00:00 UTC,2024-09-24 14:00:00+00:00,1,71.9000015258789,71.54554196803974,stop,40568.8,-200.00000000000196,-216.22752000000196,-240.56880000000197,15.0,0.49298963882717,2024-09-24
2024-09-24 20:00:00 UTC,2024-09-25 02:00:00+00:00,1,71.54000091552734,71.27999877929688,time,38361.91,-139.42101507079192,-154.76577907079192,-177.78292507079192,10.0,0.521350422932257,2024-09-25
2024-09-25 12:00:00 UTC,2024-09-25 13:00:00+00:00,-1,70.29000091552734,70.66082528416702,stop,37910.13,-199.99999999999912,-215.16405199999912,-237.91012999999913,18.0,0.5275634710622962,2024-09-25
2024-09-25 16:00:00 UTC,2024-09-25 22:00:00+00:00,-1,69.8499984741211,69.52999877929688,time,27937.22,127.98716268601332,116.81227468601332,100.04994268601332,25.0,0.7158907442034347,2024-09-25
2024-09-25 22:00:00 UTC,2024-09-26 01:00:00+00:00,-1,69.52999877929688,69.96218408656924,stop,32176.01,-200.00000000000074,-212.87040400000075,-232.17601000000073,10.0,0.6215810655257021,2024-09-26
2024-09-26 06:00:00 UTC,2024-09-26 09:00:00+00:00,-1,68.08999633789062,68.59629051488575,stop,26897.4,-200.0000000000032,-210.7589600000032,-226.89740000000322,23.0,0.743566168637575,2024-09-26
2024-09-26 16:00:00 UTC,2024-09-26 22:00:00+00:00,-1,67.6500015258789,67.56999969482422,time,20295.61,24.001273104261593,15.883029104261592,3.7056631042615926,15.0,0.9854346599828059,2024-09-26
2024-09-26 22:00:00 UTC,2024-09-27 04:00:00+00:00,-1,67.56999969482422,67.55999755859375,time,24316.01,3.5994091009851474,-6.126994899014852,-20.71660089901485,15.0,0.8225032708431689,2024-09-27
2024-09-27 10:00:00 UTC,2024-09-27 15:00:00+00:00,-1,67.7699966430664,68.20677020662008,stop,31032.1,-199.99999999999991,-212.4128399999999,-231.0320999999999,15.0,0.6444940020494432,2024-09-27
2024-09-29 22:00:00 UTC,2024-09-30 01:00:00+00:00,-1,67.9800033569336,68.5294143894397,stop,24746.5,-199.99999999999932,-209.8985999999993,-224.74649999999932,15.0,0.8081950652773321,2024-09-30
2024-09-30 08:00:00 UTC,2024-09-30 11:00:00+00:00,-1,68.5,67.68408866516047,target,25186.56,299.99999999999886,289.9253759999989,274.8134399999989,15.0,0.7940742918146275,2024-09-30
2024-09-30 11:00:00 UTC,2024-09-30 13:00:00+00:00,-1,67.93000030517578,68.46388119912542,stop,25447.62,-200.0000000000016,-210.1790480000016,-225.4476200000016,15.0,0.7859280016946517,2024-09-30
2024-09-30 20:00:00 UTC,2024-10-01 02:00:00+00:00,-1,68.29000091552734,68.33999633789062,time,25865.39,-18.93617040999782,-29.28232640999782,-44.80156040999782,15.0,0.7732340415700595,2024-10-01
2024-10-01 08:00:00 UTC,2024-10-01 09:00:00+00:00,-1,66.66000366210938,67.0658258894686,stop,32851.82,-199.99999999999818,-213.14072799999818,-232.85181999999818,23.0,0.6087941870154789,2024-10-01
2024-10-01 14:00:00 UTC,2024-10-01 17:00:00+00:00,1,70.58000183105469,71.62657137589777,target,20231.81,299.9999999999984,291.90727599999843,279.7681899999984,23.0,0.9885420966203519,2024-10-01
2024-10-01 17:00:00 UTC,2024-10-01 20:00:00+00:00,-1,70.08000183105469,70.78080184936523,stop,20000.0,-199.99999999999952,-207.99999999999952,-219.99999999999952,20.0,1.0,2024-10-01
2024-10-01 20:00:00 UTC,2024-10-02 02:00:00+00:00,1,70.76000213623047,70.86000061035156,time,20000.0,28.264124110276878,20.264124110276878,8.264124110276878,10.0,1.0,2024-10-02
2024-10-02 02:00:00 UTC,2024-10-02 07:00:00+00:00,1,70.86000061035156,71.80215316401438,target,22563.23,300.0000000000026,290.97470800000264,277.43677000000264,10.0,0.8863981047583002,2024-10-02
2024-10-02 07:00:00 UTC,2024-10-02 10:00:00+00:00,1,71.54000091552734,72.39215593085218,target,25185.56,300.0000000000001,289.9257760000001,274.8144400000001,10.0,0.7941058656410913,2024-10-02
2024-10-02 10:00:00 UTC,2024-10-02 12:00:00+00:00,1,72.2300033569336,71.66687173021405,stop,25652.97,-199.9999999999977,-210.2611879999977,-225.6529699999977,18.0,0.7796367168041789,2024-10-02
2024-10-02 18:00:00 UTC,2024-10-03 00:00:00+00:00,1,70.4000015258789,70.79000091552734,time,22240.0,123.20433678494638,114.30833678494638,100.96433678494638,10.0,0.8992806717680308,2024-10-03
2024-10-03 00:00:00 UTC,2024-10-03 06:00:00+00:00,1,70.79000091552734,71.19999694824219,time,27315.99,158.20665246564383,147.28025646564382,130.89066246564383,10.0,0.732171788177455,2024-10-03
2024-10-03 06:00:00 UTC,2024-10-03 07:00:00+00:00,1,71.19999694824219,70.78736830603607,stop,34510.45,-200.0000000000012,-213.8041800000012,-234.51045000000119,10.0,0.579534634679925,2024-10-03
2024-10-03 12:00:00 UTC,2024-10-03 14:00:00+00:00,1,71.75,72.59577164463055,target,25450.13,300.0000000000017,289.8199480000017,274.5498700000017,18.0,0.7858505408878426,2024-10-03
2024-10-03 14:00:00 UTC,2024-10-03 18:00:00+00:00,1,72.87999725341797,73.8993099870428,target,21449.75,300.00000000000193,291.4201000000019,278.55025000000194,33.0,0.9324119758864001,2024-10-03
2024-10-03 18:00:00 UTC,2024-10-04 00:00:00+00:00,1,73.80000305175781,73.9000015258789,time,21305.3,28.86852397805572,20.34640397805572,7.563223978055721,18.0,0.9387337012922828,2024-10-04
2024-10-04 00:00:00 UTC,2024-10-04 06:00:00+00:00,1,73.9000015258789,73.6500015258789,time,26260.17,-88.83682489658916,-99.34089289658917,-115.09699489658917,10.0,0.7616098090917066,2024-10-04
2024-10-04 08:00:00 UTC,2024-10-04 12:00:00+00:00,1,74.5199966430664,74.05901022660005,stop,32330.67,-199.99999999999912,-212.9322679999991,-232.33066999999912,18.0,0.6186076720781073,2024-10-04
2024-10-04 18:00:00 UTC,2024-10-06 22:00:00+00:00,1,74.36000061035156,73.76142557929164,stop,24845.67,-200.0000000000014,-209.9382680000014,-224.8456700000014,10.0,0.8049691045545686,2024-10-06
2024-10-07 04:00:00 UTC,2024-10-07 07:00:00+00:00,1,74.1500015258789,74.8297957407709,target,32723.14,299.9999999999986,286.9107439999986,267.2768599999986,10.0,0.6111883127920985,2024-10-07
2024-10-07 07:00:00 UTC,2024-10-07 08:00:00+00:00,1,75.08000183105469,75.79407634032643,target,31542.93,299.9999999999977,287.38282799999774,268.4570699999977,18.0,0.6340565546589075,2024-10-07
2024-10-07 08:00:00 UTC,2024-10-07 12:00:00+00:00,1,75.94999694824219,75.44295110683248,stop,29957.84,-199.9999999999995,-211.9831359999995,-229.9578399999995,18.0,0.6676048213079522,2024-10-07
2024-10-07 18:00:00 UTC,2024-10-07 22:00:00+00:00,1,77.36000061035156,78.28767759229277,target,25017.33,299.9999999999974,289.9930679999974,274.98266999999737,18.0,0.799445858860795,2024-10-07
2024-10-07 22:00:00 UTC,2024-10-08 00:00:00+00:00,1,77.66999816894531,77.05220055779905,stop,25144.16,-199.99999999999918,-210.05766399999916,-225.14415999999918,10.0,0.7954134488357362,2024-10-08
2024-10-08 06:00:00 UTC,2024-10-08 08:00:00+00:00,1,75.9800033569336,75.39639188607417,stop,26037.87,-199.99999999999872,-210.4151479999987,-226.03786999999872,10.0,0.7681119308692025,2024-10-08
2024-10-08 14:00:00 UTC,2024-10-08 16:00:00+00:00,1,73.66999816894531,72.98159365049307,stop,21403.11,-199.99999999999966,-208.56124399999965,-221.40310999999966,10.0,0.9344435123692383,2024-10-08
2024-10-08 20:00:00 UTC,2024-10-09 02:00:00+00:00,1,73.9000015258789,73.68000030517578,time,20000.0,-59.540247946025595,-67.5402479460256,-79.5402479460256,18.0,1.0,2024-10-09
2024-10-09 06:00:00 UTC,2024-10-09 11:00:00+00:00,-1,73.88999938964844,73.0402203824569,target,26085.61,300.0000000000014,289.56575600000144,273.91439000000145,10.0,0.7667063781395278,2024-10-09
2024-10-09 11:00:00 UTC,2024-10-09 13:00:00+00:00,-1,73.30999755859375,72.39984639252673,target,24164.12,300.00000000000205,290.33435200000207,275.835880000002,10.0,0.827673529193223,2024-10-09
2024-10-09 13:00:00 UTC,2024-10-09 15:00:00+00:00,-1,72.08999633789062,72.76940281887305,stop,21221.46,-200.00000000000276,-208.48858400000276,-221.22146000000276,33.0,0.9424421077759376,2024-10-09
2024-10-09 22:00:00 UTC,2024-10-10 04:00:00+00:00,-1,73.37999725341797,73.8499984741211,time,22854.46,-146.38354622061016,-155.52533022061016,-169.23800622061015,10.0,0.8751027053151119,2024-10-10
2024-10-10 10:00:00 UTC,2024-10-10 12:00:00+00:00,-1,74.41999816894531,74.89071151078895,stop,31620.09,-199.99999999999798,-212.64803599999797,-231.620089999998,10.0,0.6325092091174798,2024-10-10
2024-10-10 18:00:00 UTC,2024-10-11 00:00:00+00:00,-1,75.87999725341797,75.56999969482422,time,25110.46,102.58541804645611,92.54123404645611,77.47495804645612,10.0,0.796480834789627,2024-10-11
2024-10-11 00:00:00 UTC,2024-10-11 06:00:00+00:00,1,75.56999969482422,75.04941989318857,stop,29033.01,-199.99999999999682,-211.6132039999968,-229.0330099999968,10.0,0.688870985494143,2024-10-11
2024-10-11 12:00:00 UTC,2024-10-11 14:00:00+00:00,1,75.18000030517578,75.9055911774102,target,31083.63,299.99999999999835,287.56654799999836,268.9163699999983,10.0,0.6434254405329931,2024-10-11
2024-10-11 14:00:00 UTC,2024-10-11 15:00:00+00:00,1,76.01000213623047,75.46785971427109,stop,28040.6,-200.00000000000145,-211.21624000000145,-228.04060000000146,18.0,0.7132514231320681,2024-10-11
2024-10-13 22:00:00 UTC,2024-10-14 04:00:00+00:00,1,74.3499984741211,74.63999938964844,time,27073.45,105.59955420991638,94.77017420991638,78.52610420991638,10.0,0.7387309860258554,2024-10-14
2024-10-14 04:00:00 UTC,2024-10-14 07:00:00+00:00,1,74.63999938964844,74.16820535982131,stop,31640.93,-199.99999999999824,-212.65637199999824,-231.64092999999824,10.0,0.6320927568128554,2024-10-14
2024-10-14 14:00:00 UTC,2024-10-14 15:00:00+00:00,1,74.30999755859375,73.77489080583346,stop,27773.9,-200.0000000000007,-211.1095600000007,-227.7739000000007,10.0,0.7201006194871009,2024-10-14
2024-10-14 16:00:00 UTC,2024-10-14 20:00:00+00:00,-1,74.01000213623047,73.18413729113014,target,26884.55,300.00000000000125,289.24618000000123,273.11545000000126,10.0,0.7439218315205117,2024-10-14
2024-10-14 20:00:00 UTC,2024-10-15 02:00:00+00:00,-1,71.86000061035156,71.5999984741211,time,22585.94,81.7199224573723,72.68554645737231,59.133982457372305,18.0,0.8855064919076299,2024-10-15
2024-10-15 02:00:00 UTC,2024-10-15 08:00:00+00:00,-1,71.5999984741211,70.73335945031086,target,24785.41,299.9999999999987,290.0858359999987,275.2145899999987,10.0,0.8069264825692011,2024-10-15
2024-10-15 08:00:00 UTC,2024-10-15 12:00:00+00:00,-1,70.48999786376953,71.01898866059577,stop,26650.75,-200.0000000000007,-210.66030000000072,-226.6507500000007,18.0,0.7504480250496992,2024-10-15
2024-10-15 18:00:00 UTC,2024-10-16 00:00:00+00:00,-1,70.97000122070312,70.87000274658203,time,23067.68,32.50292673547838,23.275854735478383,9.435246735478383,10.0,0.8670139539749288,2024-10-16
2024-10-16 00:00:00 UTC,2024-10-16 06:00:00+00:00,-1,70.87000274658203,70.81999969482422,time,28969.41,20.439664813545757,8.851900813545758,-8.529745186454239,15.0,0.6903833154876414,2024-10-16
2024-10-16 12:00:00 UTC,2024-10-16 15:00:00+00:00,-1,70.8499984741211,70.17119813668008,target,31312.59,300.0000000000005,287.4749640000005,268.6874100000005,15.0,0.6387206323784258,2024-10-16
2024-10-16 15:00:00 UTC,2024-10-16 22:00:00+00:00,-1,70.4000015258789,70.69000244140625,time,28333.98,-116.71703516161588,-128.0506271616159,-145.05101516161588,15.0,0.7058663016036851,2024-10-16
2024-10-17 16:00:00 UTC,2024-10-17 17:00:00+00:00,-1,70.30999755859375,69.64084906591916,target,31522.15,300.0000000000025,287.3911400000025,268.4778500000025,15.0,0.6344744852887103,2024-10-17
2024-10-17 18:00:00 UTC,2024-10-18 00:00:00+00:00,-1,70.62000274658203,70.9000015258789,time,29506.33,-116.98860747579405,-128.79113947579407,-146.49493747579407,15.0,0.6778207067139908,2024-10-18
2024-10-18 14:00:00 UTC,2024-10-18 16:00:00+00:00,-1,69.13999938964844,69.60726947597803,stop,29593.16,-200.00000000000108,-211.83726400000108,-229.5931600000011,23.0,0.6758317767638687,2024-10-18
2024-10-20 22:00:00 UTC,2024-10-21 04:00:00+00:00,-1,69.26000213623047,69.69999694824219,time,29773.24,-189.14341054607854,-201.05270654607855,-218.91665054607853,15.0,0.6717440603440676,2024-10-21
2024-10-21 14:00:00 UTC,2024-10-21 15:00:00+00:00,-1,69.94999694824219,70.3517377257677,stop,34823.45,-199.99999999999787,-213.92937999999788,-234.82344999999788,23.0,0.5743256541137245,2024-10-21
2024-10-23 07:00:00 UTC,2024-10-23 10:00:00+00:00,-1,71.20999908447266,70.55137280489063,target,32435.69,299.9999999999985,287.02572399999855,267.5643099999985,23.0,0.616604679164727,2024-10-23
2024-10-23 10:00:00 UTC,2024-10-23 13:00:00+00:00,-1,70.30000305175781,70.74566184264852,stop,31548.8,-200.000000000001,-212.619520000001,-231.548800000001,23.0,0.6339385085980566,2024-10-23
2024-10-23 13:00:00 UTC,2024-10-23 14:00:00+00:00,1,71.22000122070312,70.74880870863562,stop,30229.68,-200.00000000000117,-212.09187200000116,-230.22968000000117,25.0,0.6616013816221734,2024-10-23
2024-10-23 14:00:00 UTC,2024-10-23 20:00:00+00:00,-1,70.76000213623047,71.05000305175781,time,28281.78,-115.90929610650117,-127.22200810650118,-144.19107610650116,15.0,0.707169072397774,2024-10-23
2024-10-23 20:00:00 UTC,2024-10-24 02:00:00+00:00,1,71.05000305175781,71.71217321392382,target,32189.61,300.00000000000097,287.124156000001,267.81039000000095,10.0,0.6213184459059846,2024-10-24
2024-10-24 12:00:00 UTC,2024-10-24 14:00:00+00:00,1,71.18000030517578,70.78209348967509,stop,35777.22,-199.99999999999645,-214.31088799999645,-235.77721999999645,10.0,0.559014911203595,2024-10-24
2024-10-24 14:00:00 UTC,2024-10-24 20:00:00+00:00,-1,70.20999908447266,70.33000183105469,time,29678.06,-50.725657928481795,-62.59688192848179,-80.4037179284818,28.0,0.6738985559505435,2024-10-24
2024-10-24 20:00:00 UTC,2024-10-25 02:00:00+00:00,1,70.33000183105469,70.45999908447266,time,32875.78,60.76726210805346,47.61695010805346,27.89148210805346,10.0,0.6083505066592422,2024-10-25
2024-10-25 16:00:00 UTC,2024-10-27 22:00:00+00:00,-1,71.69999694824219,71.05291964142891,target,33241.78,299.9999999999981,286.7032879999981,266.7582199999981,10.0,0.6016525656482992,2024-10-27
2024-10-27 22:00:00 UTC,2024-10-28 04:00:00+00:00,1,68.56999969482422,68.51000213623047,time,21475.51,-18.790698856007594,-27.380902856007594,-40.266208856007594,10.0,0.9312933335398255,2024-10-28
2024-10-28 04:00:00 UTC,2024-10-28 09:00:00+00:00,-1,68.51000213623047,67.75284059033393,target,27144.8,300.00000000000256,289.1420800000026,272.8552000000026,10.0,0.7367892981922388,2024-10-28
2024-10-28 09:00:00 UTC,2024-10-28 13:00:00+00:00,-1,67.22000122070312,67.72321430689844,stop,26716.32,-200.00000000000375,-210.68652800000376,-226.71632000000375,18.0,0.7486061842562449,2024-10-28
2024-10-28 20:00:00 UTC,2024-10-29 02:00:00+00:00,-1,68.01000213623047,67.6500015258789,time,27835.48,147.34288280724655,136.20869080724654,119.50740280724655,10.0,0.7185074598978356,2024-10-29
2024-10-29 02:00:00 UTC,2024-10-29 08:00:00+00:00,-1,67.6500015258789,67.79000091552734,time,34804.17,-72.02605863048412,-85.94772663048411,-106.8302286304841,10.0,0.5746437360817083,2024-10-29
2024-10-29 14:00:00 UTC,2024-10-29 15:00:00+00:00,-1,67.54000091552734,66.94035558474569,target,33789.97,299.9999999999995,286.4840119999995,266.2100299999995,10.0,0.5918915434342739,2024-10-29
2024-10-29 16:00:00 UTC,2024-10-29 22:00:00+00:00,-1,67.2300033569336,67.47000122070312,time,30961.17,-110.52528244975116,-122.90975044975116,-141.48645244975114,18.0,0.6459703812207409,2024-10-29
2024-10-30 12:00:00 UTC,2024-10-30 15:00:00+00:00,-1,68.3499984741211,68.71536999463765,stop,37413.97,-199.99999999999733,-214.96558799999733,-237.41396999999733,10.0,0.5345596615556679,2024-10-30
2024-10-30 15:00:00 UTC,2024-10-30 16:00:00+00:00,1,68.9000015258789,68.48789112732237,stop,33437.64,-200.0000000000037,-213.3750560000037,-233.43764000000368,23.0,0.5981282865454493,2024-10-30
2024-10-30 16:00:00 UTC,2024-10-30 20:00:00+00:00,-1,68.58999633789062,69.01338454332328,stop,32400.52,-200.00000000000344,-212.96020800000343,-232.40052000000344,10.0,0.6172739875169846,2024-10-30
2024-10-31 10:00:00 UTC,2024-10-31 12:00:00+00:00,1,68.79000091552734,69.29501774721459,target,40863.99,300.0000000000049,283.6544040000049,259.1360100000049,10.0,0.48942852640011325,2024-10-31
2024-10-31 12:00:00 UTC,2024-10-31 17:00:00+00:00,1,69.27999877929688,68.93403689893005,stop,40050.65,-199.99999999999739,-216.0202599999974,-240.05064999999738,10.0,0.4993676190280453,2024-10-31
2024-10-31 18:00:00 UTC,2024-11-01 00:00:00+00:00,1,70.48999786376953,70.47000122070312,time,30830.04,-8.745884765225568,-21.07790076522557,-39.57592476522557,33.0,0.6487178410723304,2024-11-01
2024-11-01 06:00:00 UTC,2024-11-01 08:00:00+00:00,1,70.54000091552734,71.0472366445734,target,41720.25,299.99999999999727,283.31189999999725,258.27974999999725,10.0,0.4793835388552426,2024-11-01
2024-11-01 08:00:00 UTC,2024-11-01 10:00:00+00:00,1,71.06999969482422,70.70842579822923,stop,39311.47,-200.0000000000046,-215.72458800000462,-239.3114700000046,10.0,0.5087574196532803,2024-11-01
2024-11-01 14:00:00 UTC,2024-11-01 16:00:00+00:00,-1,70.3499984741211,69.67054767815843,target,31061.85,300.0000000000029,287.5752600000029,268.9381500000029,15.0,0.643876627055035,2024-11-01
2024-11-01 16:00:00 UTC,2024-11-01 18:00:00+00:00,1,70.0199966430664,69.51973465565025,stop,27993.33,-199.9999999999999,-211.19733199999988,-227.9933299999999,10.0,0.7144558860325083,2024-11-01
2024-11-03 23:00:00 UTC,2024-11-04 05:00:00+00:00,1,70.52999877929688,70.79000091552734,time,26153.18,96.41119574337226,85.94992374337227,70.25801574337225,18.0,0.764725489815526,2024-11-04
2024-11-04 05:00:00 UTC,2024-11-04 09:00:00+00:00,1,70.79000091552734,71.4406755334106,target,32638.43,299.999999999997,286.944627999997,267.36156999999696,10.0,0.6127745062561413,2024-11-04
2024-11-04 09:00:00 UTC,2024-11-04 15:00:00+00:00,1,71.45999908447266,71.04907116209851,stop,34779.82,-199.99999999999739,-213.91192799999737,-234.7798199999974,10.0,0.5750460784198879,2024-11-04
2024-11-04 23:00:00 UTC,2024-11-05 05:00:00+00:00,1,71.45999908447266,71.44000244140625,time,36361.86,-10.175134371890245,-24.719878371890246,-46.536994371890245,10.0,0.5500269011515526,2024-11-05
2024-11-05 14:00:00 UTC,2024-11-05 16:00:00+00:00,1,72.13999938964844,72.63468612100273,target,43748.9,300.00000000000034,282.50044000000037,256.25110000000035,15.0,0.45715436238763973,2024-11-05
2024-11-05 16:00:00 UTC,2024-11-05 17:00:00+00:00,1,72.5199966430664,72.18354391516863,stop,43108.58,-199.99999999999923,-217.24343199999925,-243.10857999999922,15.0,0.4639447648539684,2024-11-05
2024-11-05 23:00:00 UTC,2024-11-06 00:00:00+00:00,1,72.06999969482422,71.70118554193387,stop,39082.01,-199.99999999999758,-215.63280399999758,-239.08200999999758,15.0,0.5117443519523737,2024-11-06
2024-11-06 06:00:00 UTC,2024-11-06 09:00:00+00:00,1,70.83999633789062,70.43904484785152,stop,35335.94,-199.9999999999992,-214.1343759999992,-235.3359399999992,15.0,0.5659959214659749,2024-11-06
2024-11-06 16:00:00 UTC,2024-11-06 23:00:00+00:00,1,71.91000366210938,71.7300033569336,time,21724.95,-54.380437330867906,-63.070417330867905,-76.1053873308679,23.0,0.9206005506322541,2024-11-06
2024-11-07 06:00:00 UTC,2024-11-07 08:00:00+00:00,1,71.87999725341797,71.46275432556573,stop,34454.75,-199.99999999999739,-213.7818999999974,-234.45474999999738,15.0,0.5804715411733102,2024-11-07
2024-11-07 14:00:00 UTC,2024-11-07 16:00:00+00:00,1,71.26000213623047,71.94722347509905,target,31107.88,299.99999999999505,287.55684799999506,268.89211999999503,15.0,0.6429238640350737,2024-11-07
2024-11-07 16:00:00 UTC,2024-11-07 18:00:00+00:00,1,71.8499984741211,72.59630136413811,target,28882.37,299.99999999999926,288.44705199999925,271.1176299999993,23.0,0.6924638421398853,2024-11-07
2024-11-07 18:00:00 UTC,2024-11-07 20:00:00+00:00,1,72.5999984741211,72.0941652130425,stop,28705.11,-199.99999999999952,-211.48204399999952,-228.7051099999995,23.0,0.6967400436776903,2024-11-07
2024-11-08 02:00:00 UTC,2024-11-08 08:00:00+00:00,1,71.91000366210938,71.51346986120299,stop,36269.29,-199.9999999999967,-214.5077159999967,-236.26928999999672,10.0,0.5514306504135665,2024-11-08
2024-11-08 14:00:00 UTC,2024-11-08 15:00:00+00:00,1,70.83000183105469,70.41192432020725,stop,33883.67,-199.99999999999775,-213.55346799999776,-233.88366999999775,10.0,0.5902548355775168,2024-11-08
2024-11-08 16:00:00 UTC,2024-11-08 17:00:00+00:00,-1,70.05999755859375,70.50175842673643,stop,31718.52,-199.999999999998,-212.68740799999802,-231.71851999999802,18.0,0.6305465080457981,2024-11-08
2024-11-10 23:00:00 UTC,2024-11-11 05:00:00+00:00,-1,70.23999786376953,70.06999969482422,time,35546.1,86.03035774231837,71.81191774231837,50.48425774231837,15.0,0.5626496081371809,2024-11-11
2024-11-11 05:00:00 UTC,2024-11-11 08:00:00+00:00,-1,70.06999969482422,70.3983152864026,stop,42684.54,-200.0000000000028,-217.0738160000028,-242.6845400000028,15.0,0.4685537220041327,2024-11-11
2024-11-11 10:00:00 UTC,2024-11-11 13:00:00+00:00,-1,69.19000244140625,68.62314992814582,target,36617.99,299.9999999999991,285.3528039999991,263.38200999999907,23.0,0.5461795955665427,2024-11-11
2024-11-11 13:00:00 UTC,2024-11-11 16:00:00+00:00,-1,68.6500015258789,68.04584695637564,target,34088.96,300.00000000000347,286.3644160000035,265.9110400000035,23.0,0.5867002243988889,2024-11-11
2024-11-11 16:00:00 UTC,2024-11-11 23:00:00+00:00,-1,68.05999755859375,68.18000030517578,time,32665.94,-57.59628360933421,-70.66265960933421,-90.2622236093342,23.0,0.6122584547760773,2024-11-11
2024-11-12 12:00:00 UTC,2024-11-12 14:00:00+00:00,-1,68.58999633789062,68.92300712642236,stop,41193.86,-199.99999999999935,-216.47754399999934,-241.19385999999935,15.0,0.48550926711126835,2024-11-12
2024-11-12 18:00:00 UTC,2024-11-13 00:00:00+00:00,-1,68.05999755859375,68.0199966430664,time,31799.87,18.689742205415317,5.969794205415317,-13.110127794584685,23.0,0.6289334405279284,2024-11-13
2024-11-13 10:00:00 UTC,2024-11-13 11:00:00+00:00,-1,68.70999908447266,68.24445820985424,target,44277.53,299.99999999999574,282.28898799999575,255.72246999999572,15.0,0.45169638657306044,2024-11-13
2024-11-13 12:00:00 UTC,2024-11-13 13:00:00+00:00,-1,68.36000061035156,67.846702999016,target,39953.43,300.0000000000045,284.01862800000447,260.0465700000045,15.0,0.5005828035425975,2024-11-13
2024-11-13 14:00:00 UTC,2024-11-13 15:00:00+00:00,-1,67.01000213623047,67.4269483299694,stop,32143.24,-200.00000000000554,-212.85729600000553,-232.14324000000556,38.0,0.6222148641202538,2024-11-13
2024-11-13 16:00:00 UTC,2024-11-13 23:00:00+00:00,1,68.22000122070312,68.02999877929688,time,28151.58,-78.40616328061421,-89.66679528061421,-106.55774328061422,15.0,0.710439748005376,2024-11-13
2024-11-13 23:00:00 UTC,2024-11-14 05:00:00+00:00,-1,68.02999877929688,67.97000122070312,time,31533.14,27.809958309502843,15.196702309502843,-3.72318169049716,15.0,0.6342533550693485,2024-11-14
2024-11-14 12:00:00 UTC,2024-11-14 13:00:00+00:00,-1,68.86000061035156,69.22725772774272,stop,37499.61,-199.99999999999966,-214.99984399999965,-237.49960999999965,15.0,0.5333388238976486,2024-11-14
2024-11-14 20:00:00 UTC,2024-11-15 02:00:00+00:00,-1,68.55999755859375,68.29000091552734,time,32743.76,128.94846298165464,115.85095898165464,96.20470298165465,15.0,0.6108033310558313,2024-11-15
2024-11-15 02:00:00 UTC,2024-11-15 07:00:00+00:00,-1,68.29000091552734,67.77843932981877,target,40047.96,300.0000000000015,283.9808160000015,259.9520400000015,15.0,0.4994011605899774,2024-11-15
2024-11-15 07:00:00 UTC,2024-11-15 08:00:00+00:00,-1,67.55000305175781,67.86161678616634,stop,43354.96,-199.9999999999947,-217.3419839999947,-243.35495999999472,23.0,0.4613082462331938,2024-11-15
2024-11-15 14:00:00 UTC,2024-11-15 16:00:00+00:00,-1,68.19000244140625,68.57166686567923,stop,35732.96,-199.99999999999812,-214.29318399999812,-235.73295999999812,15.0,0.55970730401563,2024-11-15
2024-11-15 16:00:00 UTC,2024-11-15 18:00:00+00:00,-1,67.5999984741211,66.91840665495968,target,29753.88,299.999999999996,288.09844799999604,270.24611999999604,23.0,0.6721812963968734,2024-11-15
2024-11-15 18:00:00 UTC,2024-11-17 23:00:00+00:00,-1,66.94000244140625,66.7699966430664,time,29029.41,73.72525113199615,62.113487131996145,44.69584113199615,23.0,0.6889564101320057,2024-11-17
2024-11-17 23:00:00 UTC,2024-11-18 03:00:00+00:00,-1,66.7699966430664,67.1751319471094,stop,32961.83,-199.9999999999998,-213.1847319999998,-232.9618299999998,15.0,0.6067625047350831,2024-11-18
2024-11-18 10:00:00 UTC,2024-11-18 14:00:00+00:00,-1,67.48999786376953,67.86644846639902,stop,35855.96,-199.9999999999987,-214.3423839999987,-235.85595999999867,15.0,0.5577872492889513,2024-11-18
2024-11-18 20:00:00 UTC,2024-11-19 02:00:00+00:00,-1,69.06999969482422,69.08999633789062,time,33355.84,-9.656940632296502,-22.9992766322965,-43.0127806322965,15.0,0.5995950995371641,2024-11-19
2024-11-19 02:00:00 UTC,2024-11-19 08:00:00+00:00,1,69.08999633789062,68.74252394390513,stop,39767.19,-200.00000000000486,-215.90687600000487,-239.76719000000486,10.0,0.5029272143627651,2024-11-19
2024-11-19 14:00:00 UTC,2024-11-19 15:00:00+00:00,1,69.48999786376953,69.12394679350206,stop,37967.38,-199.9999999999959,-215.1869519999959,-237.9673799999959,18.0,0.5267679975830482,2024-11-19
2024-11-20 00:00:00 UTC,2024-11-20 07:00:00+00:00,1,69.52999877929688,69.72000122070312,time,35876.17,98.0376908350477,83.68722283504769,62.1615208350477,10.0,0.557473056198611,2024-11-20
2024-11-20 07:00:00 UTC,2024-11-20 13:00:00+00:00,1,69.72000122070312,70.0999984741211,time,41270.33,224.93708037386057,208.42894837386058,183.66675037386057,10.0,0.48460960027591854,2024-11-20
2024-11-20 14:00:00 UTC,2024-11-20 15:00:00+00:00,1,69.7699966430664,69.46377695592587,stop,45568.59,-200.0000000000005,-218.22743600000052,-245.5685900000005,10.0,0.4388988130630377,2024-11-20
2024-11-21 08:00:00 UTC,2024-11-21 11:00:00+00:00,1,69.66000366210938,70.20908412906334,target,38060.0,300.0000000000005,284.7760000000005,261.9400000000005,25.0,0.5254861116739897,2024-11-21
2024-11-21 11:00:00 UTC,2024-11-21 14:00:00+00:00,1,70.2699966430664,69.8972892729771,stop,37707.87,-199.9999999999981,-215.0831479999981,-237.70786999999808,33.0,0.5303933227469144,2024-11-21
2024-11-21 20:00:00 UTC,2024-11-22 02:00:00+00:00,1,70.20999908447266,70.48999786376953,time,37060.56,147.79820247557532,132.97397847557534,110.73764247557533,10.0,0.5396572476621982,2024-11-22
2024-11-22 02:00:00 UTC,2024-11-22 05:00:00+00:00,1,70.48999786376953,70.16657487695039,stop,43589.97,-200.00000000000168,-217.4359880000017,-243.58997000000167,10.0,0.4588211045830794,2024-11-22
2024-11-22 12:00:00 UTC,2024-11-22 14:00:00+00:00,1,69.68000030517578,70.2196454260126,target,38736.57,300.00000000000074,284.50537200000076,261.26343000000077,10.0,0.5163079970085644,2024-11-22
2024-11-22 14:00:00 UTC,2024-11-22 18:00:00+00:00,1,70.63999938964844,71.25599391049904,target,34402.9,300.0000000000023,286.23884000000226,265.5971000000023,25.0,0.5813462874414735,2024-11-22
2024-11-22 18:00:00 UTC,2024-11-24 23:00:00+00:00,1,71.33999633789062,71.27999877929688,time,34735.67,-29.21300310250835,-43.10727110250835,-63.94867310250834,10.0,0.5757769656787275,2024-11-24
2024-11-25 06:00:00 UTC,2024-11-25 08:00:00+00:00,1,70.79000091552734,70.45397218442238,stop,42133.3,-199.99999999999847,-216.85331999999846,-242.13329999999846,10.0,0.47468389145232676,2024-11-25
2024-11-25 14:00:00 UTC,2024-11-25 15:00:00+00:00,-1,69.80999755859375,69.14268360025679,target,31384.03,299.99999999999955,287.44638799999956,268.61596999999955,23.0,0.6372668497105208,2024-11-25
2024-11-25 16:00:00 UTC,2024-11-25 23:00:00+00:00,1,69.05999755859375,68.63999938964844,time,28066.78,-170.69209269924477,-181.91880469924476,-198.75887269924476,10.0,0.7125862387108586,2024-11-25
2024-11-26 02:00:00 UTC,2024-11-26 08:00:00+00:00,-1,69.05999755859375,69.43830835892628,stop,36509.66,-199.99999999999267,-214.60386399999265,-236.50965999999266,15.0,0.5478001936092821,2024-11-26
2024-11-26 14:00:00 UTC,2024-11-26 17:00:00+00:00,-1,69.61000061035156,69.0050421796509,target,34519.73,299.9999999999984,286.1921079999984,265.4802699999984,15.0,0.5793788492039401,2024-11-26
2024-11-26 17:00:00 UTC,2024-11-26 18:00:00+00:00,-1,68.26000213623047,68.72155219877718,stop,29578.59,-200.0,-211.831436,-229.57859,38.0,0.6761647349872096,2024-11-26
2024-11-27 00:00:00 UTC,2024-11-27 06:00:00+00:00,-1,68.8499984741211,68.94999694824219,time,33426.45,-48.54893135974202,-61.91951135974202,-81.97538135974202,15.0,0.598328595141426,2024-11-27
2024-11-27 12:00:00 UTC,2024-11-27 14:00:00+00:00,-1,69.20999908447266,68.66432627980028,target,38050.27,300.0000000000012,284.7798920000012,261.9497300000012,15.0,0.525620393864734,2024-11-27
2024-11-27 14:00:00 UTC,2024-11-27 16:00:00+00:00,-1,69.12999725341797,68.55066624585639,target,35798.19,299.9999999999985,285.6807239999985,264.20180999999855,15.0,0.5586875264755268,2024-11-27
2024-11-27 16:00:00 UTC,2024-11-27 23:00:00+00:00,-1,68.43000030517578,68.77999877929688,time,32326.04,-165.33781049763851,-178.26822649763852,-197.66385049763852,23.0,0.6186961628852653,2024-11-27
2024-11-29 14:30:00 UTC,2024-11-29 16:30:00+00:00,1,69.4800033569336,69.13229012763192,stop,39963.97,-200.0000000000054,-215.9855880000054,-239.96397000000542,23.0,0.5004507951955453,2024-11-29
2024-11-29 16:30:00 UTC,2024-12-01 23:00:00+00:00,-1,68.81999969482422,68.22242126709583,target,34549.44,300.00000000000153,286.18022400000154,265.45056000000153,30.0,0.5788805874051104,2024-12-01
2024-12-01 23:00:00 UTC,2024-12-02 05:00:00+00:00,-1,68.29000091552734,68.37999725341797,time,32563.7,-42.914243952961165,-55.93972395296117,-75.47794395296117,23.0,0.6141808187397799,2024-12-02
2024-12-02 12:00:00 UTC,2024-12-02 13:00:00+00:00,-1,68.77999877929688,69.08955571280008,stop,44437.71,-199.9999999999984,-217.7750839999984,-244.4377099999984,15.0,0.4500682451253301,2024-12-02
2024-12-02 14:00:00 UTC,2024-12-02 15:00:00+00:00,-1,68.2699966430664,68.63053269832356,stop,37871.38,-200.00000000000585,-215.14855200000585,-237.87138000000584,30.0,0.5281032268715701,2024-12-02
2024-12-02 16:00:00 UTC,2024-12-02 19:00:00+00:00,-1,67.7699966430664,68.17693892226154,stop,33306.93,-200.00000000000352,-213.3227720000035,-233.30693000000352,38.0,0.6004755782096718,2024-12-02
2024-12-03 02:00:00 UTC,2024-12-03 06:00:00+00:00,-1,67.94999694824219,68.2527492602381,stop,44888.18,-200.000000000003,-217.95527200000302,-244.88818000000302,15.0,0.44555161971018226,2024-12-03
2024-12-03 14:00:00 UTC,2024-12-03 15:00:00+00:00,-1,68.97000122070312,69.28976922589639,stop,43137.52,-200.00000000000097,-217.25500800000097,-243.13752000000096,30.0,0.46363346314872866,2024-12-03
2024-12-03 16:00:00 UTC,2024-12-03 23:00:00+00:00,1,70.05999755859375,70.02999877929688,time,37595.12,-16.097739107120596,-31.1357871071206,-53.6928591071206,23.0,0.5319840067256391,2024-12-03
2024-12-04 14:00:00 UTC,2024-12-04 15:00:00+00:00,1,70.05999755859375,69.76741169110706,stop,47890.21,-199.99999999999753,-219.15608399999752,-247.89020999999752,10.0,0.4176218636633499,2024-12-04
2024-12-04 23:00:00 UTC,2024-12-05 05:00:00+00:00,1,68.76000213623047,68.51000213623047,time,40294.88,-146.50553330049092,-162.62348530049093,-186.80041330049093,10.0,0.4963409357723185,2024-12-05
2024-12-05 12:00:00 UTC,2024-12-05 13:00:00+00:00,-1,68.5199966430664,68.89252046245078,stop,36786.91,-199.9999999999957,-214.7147639999957,-236.78690999999571,15.0,0.5436716836472194,2024-12-05
2024-12-05 20:00:00 UTC,2024-12-06 02:00:00+00:00,-1,68.45999908447266,68.22000122070312,time,33108.17,116.06617112708258,102.82290312708258,82.95800112708258,15.0,0.604080511315627,2024-12-06
2024-12-06 02:00:00 UTC,2024-12-06 08:00:00+00:00,-1,68.22000122070312,68.06999969482422,time,38574.25,84.81672021993465,69.38702021993466,46.24247021993465,15.0,0.518480557022172,2024-12-06
2024-12-06 08:00:00 UTC,2024-12-06 11:00:00+00:00,-1,68.06999969482422,67.62573078074135,target,45965.4,300.00000000000165,281.61384000000163,254.03460000000166,15.0,0.4351098536551996,2024-12-06
2024-12-06 11:00:00 UTC,2024-12-06 15:00:00+00:00,-1,67.58000183105469,67.13435578529943,target,45493.5,300.0000000000028,281.80260000000277,254.5065000000028,15.0,0.4396231958968511,2024-12-06
2024-12-06 15:00:00 UTC,2024-12-06 18:00:00+00:00,-1,67.33000183105469,67.6606588235673,stop,40724.98,-200.00000000000324,-216.28999200000325,-240.72498000000326,15.0,0.4910990398341276,2024-12-06
2024-12-08 23:00:00 UTC,2024-12-09 05:00:00+00:00,-1,67.33000183105469,67.63047628116189,stop,44815.79,-200.00000000000085,-217.92631600000084,-244.81579000000085,15.0,0.4462712638285019,2024-12-09
2024-12-09 12:00:00 UTC,2024-12-09 13:00:00+00:00,-1,68.02999877929688,68.30478268805027,stop,49515.27,-199.99999999999451,-219.8061079999945,-249.5152699999945,15.0,0.40391579256800253,2024-12-09
2024-12-09 20:00:00 UTC,2024-12-10 02:00:00+00:00,-1,68.12000274658203,68.08999633789062,time,46412.05,20.44420109008769,1.8793810900876906,-25.96784890991231,15.0,0.43092254385369905,2024-12-10
2024-12-10 16:00:00 UTC,2024-12-10 19:00:00+00:00,-1,69.01000213623047,68.57459049066443,target,47548.11,299.99999999999574,280.9807559999957,252.45188999999573,15.0,0.4206266068566973,2024-12-10
2024-12-10 19:00:00 UTC,2024-12-11 01:00:00+00:00,-1,68.37999725341797,68.68473163847774,stop,44878.43,-200.0000000000042,-217.9513720000042,-244.87843000000422,20.0,0.44564843126625836,2024-12-11
2024-12-11 12:00:00 UTC,2024-12-11 15:00:00+00:00,1,69.41000366210938,69.14047737513991,stop,51505.18,-200.00000000000188,-220.60207200000187,-251.50518000000187,10.0,0.3883104347343474,2024-12-11
2024-12-11 16:00:00 UTC,2024-12-11 19:00:00+00:00,1,69.93000030517578,70.41227052599828,target,43500.51,300.0000000000004,282.5997960000004,256.4994900000004,25.0,0.45976473494243103,2024-12-11
2024-12-11 19:00:00 UTC,2024-12-12 01:00:00+00:00,1,70.45999908447266,70.20999908447266,time,43753.16,-155.24114062791503,-172.74240462791502,-198.99430062791504,33.0,0.4571098145700717,2024-12-12
2024-12-12 14:00:00 UTC,2024-12-12 16:00:00+00:00,-1,69.61000061035156,69.15774238864624,target,46174.95,299.9999999999958,281.5300199999958,253.8250499999958,15.0,0.4331352944882015,2024-12-12
2024-12-12 16:00:00 UTC,2024-12-12 17:00:00+00:00,1,69.75,70.25016196302981,target,41836.45,300.00000000000637,283.2654200000064,258.16355000000635,10.0,0.4780520554645642,2024-12-12
2024-12-12 18:00:00 UTC,2024-12-13 00:00:00+00:00,1,70.1500015258789,69.94999694824219,time,38070.31,-108.54221206489669,-123.77033606489668,-146.6125220648967,10.0,0.5253437604350667,2024-12-13
2024-12-13 10:00:00 UTC,2024-12-13 12:00:00+00:00,1,70.81999969482422,70.53109495458128,stop,49026.54,-200.00000000000333,-219.61061600000332,-249.02654000000334,10.0,0.40794230653470426,2024-12-13
2024-12-13 18:00:00 UTC,2024-12-15 23:00:00+00:00,1,71.23999786376953,71.11000061035156,time,43676.06,-79.69915403058047,-97.16957803058047,-123.37521403058048,10.0,0.4579167849976755,2024-12-15
2024-12-16 14:00:00 UTC,2024-12-16 16:00:00+00:00,1,70.83999633789062,70.58153247918813,stop,54816.17,-199.9999999999991,-221.9264679999991,-254.8161699999991,10.0,0.3648558329530197,2024-12-16
2024-12-16 23:00:00 UTC,2024-12-17 05:00:00+00:00,1,70.58000183105469,70.80999755859375,time,51633.61,168.25602200676096,147.60257800676095,116.62241200676095,10.0,0.3873445787651707,2024-12-17
2024-12-17 08:00:00 UTC,2024-12-17 12:00:00+00:00,1,70.04000091552734,69.77833895132613,stop,53534.72,-199.99999999999895,-221.41388799999896,-253.53471999999894,10.0,0.37358932150328195,2024-12-17
2024-12-17 16:00:00 UTC,2024-12-17 17:00:00+00:00,-1,69.58999633789062,69.91325440899504,stop,43055.38,-199.99999999999724,-217.22215199999724,-243.05537999999723,10.0,0.46451801712254864,2024-12-17
2024-12-17 23:00:00 UTC,2024-12-18 05:00:00+00:00,-1,70.16999816894531,70.13999938964844,time,48054.57,20.544087510446207,1.3222595104462087,-27.51048248955379,10.0,0.41619346528637086,2024-12-18
2024-12-18 14:00:00 UTC,2024-12-18 15:00:00+00:00,-1,70.76000213623047,71.02126798963837,stop,54167.05,-199.99999999999974,-221.66681999999975,-254.16704999999973,10.0,0.36922815929952213,2024-12-18
2024-12-18 16:00:00 UTC,2024-12-18 17:00:00+00:00,1,71.12999725341797,70.84487549873266,stop,49894.47,-199.99999999999957,-219.95778799999957,-249.89446999999956,10.0,0.40084600828746164,2024-12-18
2024-12-19 00:00:00 UTC,2024-12-19 07:00:00+00:00,1,70.12000274658203,70.19999694824219,time,46696.79,53.272569212273346,34.593853212273345,6.575779212273346,10.0,0.42829493397848795,2024-12-19
2024-12-19 07:00:00 UTC,2024-12-19 11:00:00+00:00,1,70.19999694824219,70.60472216307343,target,52035.3,300.0000000000068,279.1858800000068,247.96470000000681,10.0,0.3843544467479452,2024-12-19
2024-12-19 11:00:00 UTC,2024-12-19 13:00:00+00:00,1,70.41999816894531,70.80577717844544,target,54761.92,299.99999999999415,278.09523199999416,245.23807999999414,10.0,0.3652172863117734,2024-12-19
2024-12-19 13:00:00 UTC,2024-12-19 15:00:00+00:00,1,71.12000274658203,70.83600069810745,stop,50084.15,-200.00000000000267,-220.03366000000267,-250.08415000000267,10.0,0.39932794925014475,2024-12-19
2024-12-19 18:00:00 UTC,2024-12-19 19:00:00+00:00,-1,70.19999694824219,69.75435478017084,target,47257.64,300.0000000000044,281.0969440000044,252.74236000000437,18.0,0.4232119538883608,2024-12-19
2024-12-20 08:00:00 UTC,2024-12-20 14:00:00+00:00,-1,68.88999938964844,68.55000305175781,time,38278.14,188.91606399179926,173.60480799179925,150.63792399179925,18.0,0.5224914227324516,2024-12-20
2024-12-20 14:00:00 UTC,2024-12-20 15:00:00+00:00,-1,68.55000305175781,68.9302359265555,stop,36056.85,-200.00000000000674,-214.42274000000674,-236.05685000000673,10.0,0.5546795884320845,2024-12-20
2024-12-20 16:00:00 UTC,2024-12-22 23:00:00+00:00,1,69.33999633789062,69.58999633789062,time,34320.12,123.73853128620523,110.01048328620523,89.41841128620523,15.0,0.5827485922877691,2024-12-22
2024-12-22 23:00:00 UTC,2024-12-23 05:00:00+00:00,-1,69.58999633789062,69.77999877929688,time,39914.25,-108.97838813279499,-124.94408813279499,-148.89263813279499,10.0,0.5010741325643174,2024-12-23
2024-12-23 12:00:00 UTC,2024-12-23 14:00:00+00:00,-1,69.05999755859375,69.34672922584497,stop,48170.47,-200.00000000000267,-219.26818800000268,-248.17047000000267,18.0,0.41519211900918035,2024-12-23
2024-12-23 20:00:00 UTC,2024-12-24 02:00:00+00:00,-1,69.4800033569336,69.48999786376953,time,42998.13,-6.185162807455207,-23.384414807455205,-49.1832928074552,10.0,0.4651364763521307,2024-12-24
2024-12-24 14:30:00 UTC,2024-12-24 15:30:00+00:00,-1,70.06999969482422,70.36187472668232,stop,48013.7,-200.00000000000827,-219.20548000000827,-248.01370000000827,15.0,0.4165477852565841,2024-12-24
2024-12-26 05:00:00 UTC,2024-12-26 09:00:00+00:00,-1,70.19000244140625,70.48222050738347,stop,48039.47,-199.99999999999568,-219.21578799999568,-248.03946999999567,10.0,0.4163243422325995,2024-12-26
2024-12-26 12:00:00 UTC,2024-12-26 15:00:00+00:00,1,70.55000305175781,70.30993937298167,stop,58776.07,-199.9999999999943,-223.51042799999428,-258.77606999999426,10.0,0.34027451224917277,2024-12-26
2024-12-26 23:00:00 UTC,2024-12-27 05:00:00+00:00,1,69.66999816894531,69.61000061035156,time,55388.27,-47.69859421398494,-69.85390221398494,-103.08686421398494,10.0,0.3610872847111768,2024-12-27
2024-12-27 16:00:00 UTC,2024-12-27 19:00:00+00:00,1,70.33000183105469,70.69227942021915,target,58239.87,299.9999999999948,276.7040519999948,241.76012999999483,10.0,0.3434073460661694,2024-12-27
2024-12-27 19:00:00 UTC,2024-12-29 23:00:00+00:00,-1,70.43000030517578,70.44000244140625,time,54017.45,-7.671303184951455,-29.278283184951455,-61.68875318495145,15.0,0.3702507300613933,2024-12-29
2024-12-29 23:00:00 UTC,2024-12-30 05:00:00+00:00,1,70.44000244140625,70.62999725341797,time,53802.53,145.1192754598163,123.5982634598163,91.31674545981629,10.0,0.37172971112168646,2024-12-30
2024-12-30 10:00:00 UTC,2024-12-30 12:00:00+00:00,1,70.47000122070312,70.84270667532229,target,56723.08,300.00000000000324,277.31076800000324,243.27692000000323,10.0,0.3525901784807173,2024-12-30
2024-12-30 12:00:00 UTC,2024-12-30 14:00:00+00:00,1,70.83000183105469,71.22154300611014,target,54270.16,299.99999999999886,278.2919359999989,245.72983999999886,10.0,0.36852667413390294,2024-12-30
2024-12-30 14:00:00 UTC,2024-12-30 16:00:00+00:00,1,71.19999694824219,70.92671328570381,stop,52107.03,-199.99999999999858,-220.8428119999986,-252.1070299999986,18.0,0.38382538518511033,2024-12-30
2024-12-30 23:00:00 UTC,2024-12-31 04:00:00+00:00,1,71.20999908447266,71.63120765149753,target,50718.34,299.99999999999767,279.7126639999977,249.28165999999766,10.0,0.39433466501918524,2024-12-31
2024-12-31 04:00:00 UTC,2024-12-31 09:00:00+00:00,1,71.6500015258789,71.39020277058417,stop,55158.08,-200.00000000000523,-222.06323200000523,-255.15808000000524,10.0,0.362594207623145,2024-12-31
2024-12-31 16:00:00 UTC,2025-01-02 05:00:00+00:00,1,71.72000122070312,71.91999816894531,time,48638.98,135.63367046015264,116.17807846015265,86.99469046015264,18.0,0.41119285684736717,2025-01-02
2025-01-02 05:00:00 UTC,2025-01-02 09:00:00+00:00,1,71.91999816894531,72.30940829897038,target,55406.88,299.9999999999958,277.8372479999958,244.5931199999958,15.0,0.3609660177412893,2025-01-02
2025-01-02 09:00:00 UTC,2025-01-02 11:00:00+00:00,1,72.41999816894531,72.82208109074239,target,54033.63,300.0000000000018,278.3865480000018,245.96637000000183,15.0,0.37013986188278264,2025-01-02
2025-01-02 11:00:00 UTC,2025-01-02 13:00:00+00:00,1,72.80999755859375,72.53437838001233,stop,52833.77,-199.99999999999437,-221.13350799999438,-252.83376999999436,23.0,0.3785457874238025,2025-01-02
2025-01-02 14:00:00 UTC,2025-01-02 19:00:00+00:00,1,73.37000274658203,73.06848095742566,stop,48666.47,-200.00000000000009,-219.4665880000001,-248.6664700000001,30.0,0.4109605804402322,2025-01-02
2025-01-03 02:00:00 UTC,2025-01-03 08:00:00+00:00,1,73.29000091552734,73.0239178491757,stop,55088.06,-200.0000000000063,-222.0352240000063,-255.0880600000063,15.0,0.3630550730355626,2025-01-03
2025-01-03 14:00:00 UTC,2025-01-03 16:00:00+00:00,1,73.56999969482422,73.97561889285976,target,54413.1,300.00000000000665,278.23476000000664,245.58690000000666,23.0,0.367558515443866,2025-01-03
2025-01-03 16:00:00 UTC,2025-01-05 23:00:00+00:00,1,74.04000091552734,74.18000030517578,time,52579.39,99.42035202076866,78.38859602076866,46.84096202076866,23.0,0.3803771551309431,2025-01-05
2025-01-05 23:00:00 UTC,2025-01-06 03:00:00+00:00,1,74.18000030517578,73.90626205302732,stop,54197.76,-200.00000000000466,-221.67910400000466,-254.19776000000465,35.0,0.36901894179333933,2025-01-06
2025-01-06 10:00:00 UTC,2025-01-06 12:00:00+00:00,1,73.94000244140625,74.32654475894307,target,57385.7,299.9999999999989,277.04571999999894,242.61429999999893,35.0,0.34851889349353565,2025-01-06
2025-01-06 12:00:00 UTC,2025-01-06 13:00:00+00:00,1,74.47000122070312,74.18918276637932,stop,53037.83,-200.0000000000028,-221.21513200000282,-253.03783000000283,43.0,0.37708936446980185,2025-01-06
2025-01-06 14:00:00 UTC,2025-01-06 15:00:00+00:00,1,74.87000274658203,74.54669513471848,stop,46315.03,-200.00000000000384,-218.52601200000385,-246.31503000000384,58.0,0.4318252971859396,2025-01-06
2025-01-06 23:00:00 UTC,2025-01-07 05:00:00+00:00,1,73.33000183105469,73.5,time,42072.31,97.53464906349078,80.70572506349077,55.46233906349078,35.0,0.47537202198035206,2025-01-07
2025-01-07 05:00:00 UTC,2025-01-07 08:00:00+00:00,1,73.5,73.22878593848071,stop,54200.73,-200.00000000000372,-221.68029200000373,-254.20073000000372,15.0,0.36899872315548693,2025-01-07
2025-01-07 12:00:00 UTC,2025-01-07 18:00:00+00:00,1,74.04000091552734,74.4775859141627,target,50760.42,299.9999999999947,279.6958319999947,249.2395799999947,23.0,0.39400773746127626,2025-01-07
2025-01-07 18:00:00 UTC,2025-01-07 23:00:00+00:00,1,74.25,74.73742165096212,target,45699.65,300.0000000000009,281.7201400000009,254.30035000000092,15.0,0.43764009065061077,2025-01-07
2025-01-07 23:00:00 UTC,2025-01-08 05:00:00+00:00,1,74.69000244140625,74.86000061035156,time,45474.37,103.50193363933226,85.31218563933226,58.027563639332264,15.0,0.43980817965462565,2025-01-08
2025-01-08 05:00:00 UTC,2025-01-08 07:00:00+00:00,1,74.86000061035156,74.58012408956361,stop,53495.02,-200.00000000000432,-221.39800800000432,-253.49502000000433,15.0,0.3738665756158759,2025-01-08
2025-01-08 14:00:00 UTC,2025-01-08 15:00:00+00:00,1,74.43000030517578,74.06533084412317,stop,40820.53,-199.99999999999426,-216.32821199999427,-240.82052999999425,15.0,0.48994956275348256,2025-01-08
2025-01-08 23:00:00 UTC,2025-01-09 01:00:00+00:00,1,73.2300033569336,72.89728899362088,stop,44019.74,-199.99999999999665,-217.60789599999666,-244.01973999999666,15.0,0.4543415923266119,2025-01-09
2025-01-09 06:00:00 UTC,2025-01-09 09:00:00+00:00,-1,73.41999816894531,73.00015122503532,target,52461.97,299.9999999999976,279.01521199999763,247.5380299999976,10.0,0.3812285066564471,2025-01-09
2025-01-09 09:00:00 UTC,2025-01-09 12:00:00+00:00,-1,73.25,73.54153980194859,stop,50250.43,-199.9999999999954,-220.10017199999538,-250.2504299999954,10.0,0.39800655556122105,2025-01-09
2025-01-09 18:00:00 UTC,2025-01-10 00:00:00+00:00,-1,74.05000305175781,74.25,time,48341.05,-130.5612770715294,-149.8976970715294,-178.90232707152938,10.0,0.4137270287834143,2025-01-10
2025-01-10 06:00:00 UTC,2025-01-10 08:00:00+00:00,1,74.33999633789062,74.6945051867634,target,62909.57,299.99999999999505,274.83617199999503,237.09042999999505,15.0,0.3179166588973707,2025-01-10
2025-01-10 08:00:00 UTC,2025-01-10 09:00:00+00:00,1,74.93000030517578,75.33187331253622,target,55935.58,299.9999999999914,277.6257679999914,244.0644199999914,15.0,0.35755416675447693,2025-01-10
2025-01-10 10:00:00 UTC,2025-01-10 11:00:00+00:00,1,75.77999877929688,76.24329757693182,target,49069.84,300.0000000000031,280.37206400000315,250.93016000000313,23.0,0.4075823041242178,2025-01-10
2025-01-10 12:00:00 UTC,2025-01-10 14:00:00+00:00,1,76.58000183105469,77.12756528662115,target,41956.78,299.999999999999,283.217287999999,258.043219999999,23.0,0.4766809806511961,2025-01-10
2025-01-10 14:00:00 UTC,2025-01-10 15:00:00+00:00,1,77.0999984741211,76.66202855026054,stop,35207.9,-199.99999999999744,-214.08315999999743,-235.20789999999744,23.0,0.5680543871963389,2025-01-10
2025-01-10 16:00:00 UTC,2025-01-12 23:00:00+00:00,1,76.12999725341797,76.92512705057781,target,28723.61,299.99999999999784,288.51055599999785,271.27638999999783,30.0,0.6962912788179583,2025-01-12
2025-01-12 23:00:00 UTC,2025-01-13 05:00:00+00:00,1,78.05999755859375,78.1500015258789,time,27585.6,31.806475423070534,20.772235423070533,4.2208754230705345,43.0,0.7250159638037088,2025-01-13
2025-01-13 05:00:00 UTC,2025-01-13 07:00:00+00:00,1,78.1500015258789,77.6756724999516,stop,32951.81,-199.99999999999838,-213.18072399999838,-232.95180999999837,35.0,0.6069469183186599,2025-01-13
2025-01-13 14:00:00 UTC,2025-01-13 16:00:00+00:00,1,77.76000213623047,78.5575689796937,target,29248.96,300.0000000000023,288.30041600000226,270.75104000000226,35.0,0.6837849979015675,2025-01-13
2025-01-13 16:00:00 UTC,2025-01-13 23:00:00+00:00,1,78.94999694824219,78.83999633789062,time,28081.49,-39.125787026368634,-50.358383026368635,-67.20727702636864,35.0,0.7122129833283213,2025-01-13
2025-01-14 06:00:00 UTC,2025-01-14 09:00:00+00:00,1,78.37000274658203,78.94578020069741,target,40833.49,300.00000000000347,283.6666040000035,259.1665100000035,35.0,0.489794082715734,2025-01-14
2025-01-14 09:00:00 UTC,2025-01-14 10:00:00+00:00,1,79.0199966430664,78.625237120104,stop,40034.5,-199.99999999999943,-216.01379999999943,-240.03449999999944,35.0,0.4995691467129947,2025-01-14
2025-01-14 16:00:00 UTC,2025-01-14 23:00:00+00:00,1,77.7699966430664,77.94000244140625,time,31794.33,69.5026345996982,56.7849025996982,37.708304599698195,35.0,0.629043069659381,2025-01-14
2025-01-14 23:00:00 UTC,2025-01-15 02:00:00+00:00,1,77.94000244140625,77.48799975786149,stop,34486.52,-200.0000000000042,-213.79460800000422,-234.4865200000042,35.0,0.5799367069362866,2025-01-15
2025-01-15 08:00:00 UTC,2025-01-15 13:00:00+00:00,1,77.5999984741211,78.1966766716492,target,39016.01,299.9999999999988,284.3935959999988,260.9839899999988,15.0,0.512610145413079,2025-01-15
2025-01-15 13:00:00 UTC,2025-01-15 14:00:00+00:00,1,78.25,78.84381384236391,target,39532.59,299.9999999999967,284.1869639999967,260.4674099999967,15.0,0.5059116867850233,2025-01-15
2025-01-15 14:00:00 UTC,2025-01-15 16:00:00+00:00,1,78.93000030517578,79.57247013816946,target,36856.21,299.99999999999966,285.25751599999967,263.1437899999997,23.0,0.5426494619786577,2025-01-15
2025-01-15 16:00:00 UTC,2025-01-15 19:00:00+00:00,1,79.4800033569336,80.2064690572612,target,32821.92,300.00000000000074,286.87123200000076,267.17808000000076,23.0,0.6093488254021587,2025-01-15
2025-01-15 19:00:00 UTC,2025-01-16 01:00:00+00:00,1,80.47000122070312,80.16999816894531,time,31678.87,-118.10312484488612,-130.7746728448861,-149.78199484488613,38.0,0.6313355891510605,2025-01-16
2025-01-16 08:00:00 UTC,2025-01-16 11:00:00+00:00,1,79.95999908447266,79.57370680966773,stop,41398.7,-200.0000000000021,-216.5594800000021,-241.3987000000021,35.0,0.4831069024861202,2025-01-16
2025-01-16 18:00:00 UTC,2025-01-17 00:00:00+00:00,1,78.4000015258789,78.91999816894531,time,27542.32,182.67747429077565,171.66054629077564,155.13515429077566,35.0,0.7261552241025372,2025-01-17
2025-01-17 00:00:00 UTC,2025-01-17 06:00:00+00:00,1,78.91999816894531,79.16000366210938,time,33265.12,101.16335741620792,87.85730941620791,67.8982374162079,15.0,0.6012303238193033,2025-01-17
2025-01-17 06:00:00 UTC,2025-01-17 09:00:00+00:00,1,79.16000366210938,78.79804347228978,stop,43739.62,-199.99999999999974,-217.49584799999974,-243.73961999999975,15.0,0.4572513555767482,2025-01-17
2025-01-17 16:00:00 UTC,2025-01-17 19:00:00+00:00,1,78.3499984741211,77.87872748579504,stop,33250.51,-199.99999999999648,-213.30020399999648,-233.2505099999965,15.0,0.6014945724366836,2025-01-17
2025-01-17 20:00:00 UTC,2025-01-19 23:00:00+00:00,-1,77.9800033569336,78.29000091552734,time,34561.2,-137.3927470342998,-151.21722703429978,-171.9539470342998,10.0,0.5786836508764409,2025-01-19
2025-01-21 05:00:00 UTC,2025-01-21 08:00:00+00:00,-1,77.23999786376953,76.64547533332275,target,38975.81,299.99999999999727,284.40967599999726,261.02418999999725,18.0,0.5131387423524303,2025-01-21
2025-01-21 08:00:00 UTC,2025-01-21 11:00:00+00:00,-1,76.61000061035156,76.03186663990753,target,39753.76,300.0000000000049,284.0984960000049,260.2462400000049,18.0,0.5030970420206483,2025-01-21
2025-01-21 11:00:00 UTC,2025-01-21 14:00:00+00:00,-1,75.91000366210938,76.28026734691423,stop,41003.21,-200.0000000000032,-216.40128400000322,-241.0032100000032,18.0,0.4877666538562771,2025-01-21
2025-01-22 08:00:00 UTC,2025-01-22 09:00:00+00:00,-1,75.79000091552734,76.20329215797689,stop,36676.32,-200.00000000000412,-214.6705280000041,-236.67632000000413,10.0,0.5453110403180705,2025-01-22
2025-01-22 14:00:00 UTC,2025-01-22 15:00:00+00:00,-1,75.37999725341797,75.82825374239879,stop,33632.53,-200.0000000000023,-213.4530120000023,-233.6325300000023,33.0,0.594662384337626,2025-01-22
2025-01-22 23:00:00 UTC,2025-01-23 05:00:00+00:00,-1,75.22000122070312,75.19999694824219,time,38457.86,10.227618442535567,-5.155525557464433,-28.23024155746443,10.0,0.5200497632255213,2025-01-23
2025-01-23 12:00:00 UTC,2025-01-23 16:00:00+00:00,-1,75.76000213623047,75.29726350229005,target,49116.28,299.99999999999443,280.3534879999944,250.88371999999444,10.0,0.4071969560827426,2025-01-23
2025-01-23 16:00:00 UTC,2025-01-23 17:00:00+00:00,-1,74.79000091552734,75.21389857795764,stop,35286.82,-200.0000000000034,-214.11472800000342,-235.28682000000342,33.0,0.566783871160882,2025-01-23
2025-01-23 23:00:00 UTC,2025-01-24 05:00:00+00:00,-1,74.26000213623047,74.58000183105469,time,37574.45,-161.91506203789984,-176.94484203789983,-199.48951203789983,10.0,0.5322765727330923,2025-01-24
2025-01-24 12:00:00 UTC,2025-01-24 14:00:00+00:00,-1,75.0,74.5373247809539,target,48630.22,299.99999999999983,280.5479119999998,251.36977999999982,10.0,0.4112668613743156,2025-01-24
2025-01-24 14:00:00 UTC,2025-01-24 18:00:00+00:00,-1,74.43000030517578,74.78233726674102,stop,42249.33,-199.99999999999557,-216.89973199999557,-242.24932999999558,10.0,0.4733803038030479,2025-01-24
2025-01-26 23:00:00 UTC,2025-01-27 05:00:00+00:00,-1,74.16000366210938,74.0,time,41444.09,89.41755747552617,72.83992147552617,47.97346747552617,10.0,0.48257783788626696,2025-01-27
2025-01-27 05:00:00 UTC,2025-01-27 07:00:00+00:00,-1,74.0,74.32203784189196,stop,45957.33,-199.99999999999986,-218.38293199999987,-245.95732999999987,10.0,0.43518627282696676,2025-01-27
2025-01-27 14:00:00 UTC,2025-01-27 15:00:00+00:00,-1,74.47000122070312,73.93947306825093,target,42110.87,299.99999999999704,283.155651999997,257.88912999999707,10.0,0.4749367922258131,2025-01-27
2025-01-27 16:00:00 UTC,2025-01-27 19:00:00+00:00,-1,72.69000244140625,73.13557782422795,stop,32627.48,-200.00000000000398,-213.050992000004,-232.62748000000397,18.0,0.6129802831976249,2025-01-27
2025-01-28 02:00:00 UTC,2025-01-28 07:00:00+00:00,-1,73.25,73.59234343199043,stop,42793.28,-199.99999999999952,-217.11731199999952,-242.79327999999953,10.0,0.46736304708591087,2025-01-28
2025-01-28 14:00:00 UTC,2025-01-28 18:00:00+00:00,-1,73.44999694824219,73.84433698575286,stop,37252.11,-199.9999999999964,-214.9008439999964,-237.25210999999638,10.0,0.5368823061879213,2025-01-28
2025-01-29 00:00:00 UTC,2025-01-29 06:00:00+00:00,-1,73.91000366210938,73.70999908447266,time,40179.58,108.72818311860127,92.65635111860126,68.54860311860126,10.0,0.4977652527247026,2025-01-29
2025-01-29 08:00:00 UTC,2025-01-29 09:00:00+00:00,-1,73.5,73.02713427693567,target,46630.57,300.00000000000097,281.347772000001,253.36943000000096,10.0,0.42890315017172714,2025-01-29
2025-01-29 10:00:00 UTC,2025-01-29 11:00:00+00:00,-1,73.0199966430664,73.3496200295024,stop,44305.11,-200.0000000000003,-217.72204400000032,-244.3051100000003,10.0,0.4514152308815485,2025-01-29
2025-01-29 18:00:00 UTC,2025-01-30 00:00:00+00:00,-1,72.9000015258789,72.87000274658203,time,34042.92,14.008861696025583,0.3916936960255839,-20.034058303974412,10.0,0.5874936724509012,2025-01-30
2025-01-30 10:00:00 UTC,2025-01-30 14:00:00+00:00,-1,72.4800033569336,72.78621831133187,stop,47339.3,-199.99999999999758,-218.9357199999976,-247.3392999999976,10.0,0.4224819815339893,2025-01-30
2025-01-30 20:00:00 UTC,2025-01-31 01:00:00+00:00,-1,72.8499984741211,73.28759515474556,stop,33295.5,-199.99999999999685,-213.31819999999684,-233.29549999999685,10.0,0.6006817979274536,2025-01-31
2025-01-31 08:00:00 UTC,2025-01-31 09:00:00+00:00,-1,73.01000213623047,72.52435605505119,target,45100.75,300.0000000000045,281.9597000000045,254.89925000000449,10.0,0.44345164312610325,2025-01-31
2025-01-31 10:00:00 UTC,2025-01-31 13:00:00+00:00,-1,72.58000183105469,72.91727789879478,stop,43038.93,-199.9999999999962,-217.2155719999962,-243.03892999999618,10.0,0.46469559001276933,2025-01-31
2025-01-31 18:00:00 UTC,2025-01-31 19:00:00+00:00,1,73.12000274658203,72.60463234249569,stop,28375.71,-199.9999999999991,-211.35028399999908,-228.3757099999991,23.0,0.7048282066844335,2025-01-31
2025-01-31 20:00:00 UTC,2025-01-31 21:00:00+00:00,-1,73.12000274658203,73.69014301701543,stop,25649.83,-200.0000000000007,-210.2599320000007,-225.64983000000072,10.0,0.7797322880435035,2025-01-31
2025-02-02 23:00:00 UTC,2025-02-03 05:00:00+00:00,-1,74.0,73.9000015258789,time,23081.99,31.19140522845185,21.95860922845185,8.109415228451848,10.0,0.8664763395356674,2025-02-03
2025-02-03 05:00:00 UTC,2025-02-03 11:00:00+00:00,-1,73.9000015258789,74.4134147762394,stop,28787.73,-199.9999999999988,-211.51509199999882,-228.78772999999882,10.0,0.6947405138830911,2025-02-03
2025-02-03 11:00:00 UTC,2025-02-03 13:00:00+00:00,1,74.55000305175781,74.06280209761061,stop,30603.39,-199.9999999999992,-212.2413559999992,-230.6033899999992,10.0,0.6535223798836752,2025-02-03
2025-02-03 14:00:00 UTC,2025-02-03 15:00:00+00:00,-1,73.08000183105469,72.2086943895853,target,25162.19,300.00000000000193,289.9351240000019,274.8378100000019,23.0,0.7948434771377029,2025-02-03
2025-02-03 20:00:00 UTC,2025-02-03 21:00:00+00:00,1,72.87999725341797,72.3022625105096,stop,25229.57,-199.9999999999989,-210.09182799999888,-225.2295699999989,10.0,0.7927205882012711,2025-02-03
2025-02-04 04:00:00 UTC,2025-02-04 08:00:00+00:00,-1,72.20999908447266,71.54776185131874,target,32711.84,299.99999999999926,286.91526399999924,267.28815999999927,10.0,0.6113993828649875,2025-02-04
2025-02-04 08:00:00 UTC,2025-02-04 09:00:00+00:00,-1,71.55000305175781,71.97504701725052,stop,33667.11,-200.00000000000566,-213.46684400000566,-233.66711000000566,10.0,0.5940516385236557,2025-02-04
2025-02-04 14:00:00 UTC,2025-02-04 20:00:00+00:00,1,72.69000244140625,72.55999755859375,time,25685.66,-45.93838457523014,-56.21264857523014,-71.62404457523014,15.0,0.7786445662184764,2025-02-04
2025-02-04 20:00:00 UTC,2025-02-05 02:00:00+00:00,-1,72.55999755859375,72.44000244140625,time,24904.06,41.184758709151424,31.223134709151424,16.280698709151423,10.0,0.8030818014482506,2025-02-05
2025-02-05 02:00:00 UTC,2025-02-05 08:00:00+00:00,-1,72.44000244140625,72.23999786376953,time,29906.6,82.57117691853001,70.60853691853002,52.66457691853002,10.0,0.6687487762989516,2025-02-05
2025-02-05 08:00:00 UTC,2025-02-05 14:00:00+00:00,-1,72.23999786376953,71.64776525527286,target,36593.73,300.00000000000347,285.36250800000346,263.4062700000035,10.0,0.5465417368122485,2025-02-05
2025-02-05 14:00:00 UTC,2025-02-05 15:00:00+00:00,-1,72.0199966430664,71.42271824530675,target,36174.08,300.0000000000005,285.5303680000005,263.8259200000005,10.0,0.5528820009251814,2025-02-05
2025-02-05 16:00:00 UTC,2025-02-05 23:00:00+00:00,-1,71.11000061035156,71.2300033569336,time,32792.97,-55.340272023634974,-68.45746002363498,-88.13324202363498,10.0,0.6098867662982824,2025-02-05
2025-02-06 14:00:00 UTC,2025-02-06 15:00:00+00:00,-1,70.75,71.09834360416805,stop,40620.81,-199.99999999999503,-216.24832399999502,-240.62080999999503,33.0,0.4923584511209317,2025-02-06
2025-02-06 23:00:00 UTC,2025-02-07 02:00:00+00:00,-1,70.54000091552734,70.8941855466902,stop,39832.33,-199.99999999999932,-215.9329319999993,-239.83232999999933,10.0,0.5021046591521797,2025-02-07
2025-02-07 14:00:00 UTC,2025-02-07 16:00:00+00:00,-1,71.22000122070312,70.77238831532857,target,47733.21,300.00000000000216,280.9067160000022,252.26679000000217,10.0,0.418995504729491,2025-02-07
2025-02-07 16:00:00 UTC,2025-02-07 18:00:00+00:00,-1,70.63999938964844,70.96250456637219,stop,43807.05,-200.00000000000364,-217.52282000000363,-243.80705000000364,10.0,0.4565475361130957,2025-02-07
2025-02-09 23:00:00 UTC,2025-02-10 02:00:00+00:00,-1,71.1500015258789,71.44950568577707,stop,47511.86,-199.99999999999974,-219.00474399999973,-247.51185999999973,10.0,0.42094751015462273,2025-02-10
2025-02-10 16:00:00 UTC,2025-02-10 23:00:00+00:00,1,72.3499984741211,72.41999816894531,time,48052.69,46.4916842898972,27.2706082898972,-1.5610057101028048,10.0,0.4162098327785653,2025-02-10
2025-02-12 16:00:00 UTC,2025-02-12 17:00:00+00:00,1,72.0,71.72101414400562,stop,51615.52,-200.00000000000105,-220.64620800000105,-251.61552000000106,10.0,0.38748035554774535,2025-02-12
2025-02-12 23:00:00 UTC,2025-02-13 01:00:00+00:00,1,71.20999908447266,70.92698952939355,stop,50323.39,-199.99999999999696,-220.12935599999696,-250.32338999999695,10.0,0.3974295165253258,2025-02-13
2025-02-13 02:00:00 UTC,2025-02-13 08:00:00+00:00,-1,70.70999908447266,70.91000366210938,time,50259.66,-142.1603936936764,-162.26425769367643,-192.4200536936764,10.0,0.39793348218352864,2025-02-13
2025-02-13 14:00:00 UTC,2025-02-13 18:00:00+00:00,-1,71.13999938964844,71.47299137913978,stop,42727.75,-200.00000000000145,-217.09110000000146,-242.72775000000144,10.0,0.4680798318080932,2025-02-13
2025-02-14 00:00:00 UTC,2025-02-14 06:00:00+00:00,-1,71.27999877929688,71.44000244140625,time,49692.59,-111.54596314960115,-131.42299914960114,-161.23855314960116,10.0,0.4024745069727129,2025-02-14
2025-02-14 12:00:00 UTC,2025-02-14 13:00:00+00:00,-1,71.88999938964844,71.4616968457828,target,50354.59,299.9999999999981,279.8581639999981,249.64540999999812,10.0,0.3971832406008855,2025-02-14
2025-02-14 14:00:00 UTC,2025-02-14 15:00:00+00:00,-1,71.62000274658203,71.160930921438,target,46803.14,300.00000000000057,281.2787440000006,253.19686000000058,10.0,0.42732179795114955,2025-02-14
2025-02-14 16:00:00 UTC,2025-02-16 23:00:00+00:00,-1,70.95999908447266,70.43490712991702,target,40541.47,300.0000000000041,283.7834120000041,259.4585300000041,18.0,0.49332202304619893,2025-02-16
2025-02-16 23:00:00 UTC,2025-02-17 02:00:00+00:00,-1,70.30000305175781,70.63617969951609,stop,41823.25,-200.00000000000287,-216.72930000000287,-241.82325000000287,10.0,0.47820289212614525,2025-02-17
2025-02-18 05:00:00 UTC,2025-02-18 09:00:00+00:00,-1,71.44999694824219,71.77562051024454,stop,43885.03,-200.0000000000041,-217.5540120000041,-243.8850300000041,10.0,0.4557362853888173,2025-02-18
2025-02-18 16:00:00 UTC,2025-02-18 23:00:00+00:00,-1,71.63999938964844,71.76000213623047,time,38486.2,-64.46747095862477,-79.86195095862477,-102.95367095862477,10.0,0.5196668037618976,2025-02-18
2025-02-19 02:00:00 UTC,2025-02-19 08:00:00+00:00,1,71.94000244140625,72.38165589127392,target,48866.37,300.0000000000006,280.45345200000065,251.1336300000006,10.0,0.4092794318222696,2025-02-19
2025-02-19 14:00:00 UTC,2025-02-19 15:00:00+00:00,1,72.9800033569336,72.71505812125821,stop,55090.63,-199.9999999999991,-222.03625199999908,-255.09062999999907,10.0,0.36303812481287545,2025-02-19
2025-02-20 18:00:00 UTC,2025-02-20 19:00:00+00:00,1,73.0199966430664,72.75935568019048,stop,56031.1,-200.00000000000668,-222.41244000000668,-256.0311000000067,10.0,0.3569446382611764,2025-02-20
2025-02-21 08:00:00 UTC,2025-02-21 13:00:00+00:00,-1,71.91999816894531,72.23830545216566,stop,45189.04,-199.99999999999986,-218.07561599999985,-245.18903999999986,23.0,0.44258522152993185,2025-02-21
2025-02-21 13:00:00 UTC,2025-02-21 14:00:00+00:00,1,72.06999969482422,71.74880613613117,stop,44876.37,-200.00000000000242,-217.9505480000024,-244.87637000000242,10.0,0.4456688775539382,2025-02-21
2025-02-21 14:00:00 UTC,2025-02-21 18:00:00+00:00,-1,71.33999633789062,70.80690498273695,target,40146.96,300.0000000000024,283.9412160000024,259.8530400000024,15.0,0.49816968743009676,2025-02-21
2025-02-21 18:00:00 UTC,2025-02-23 23:00:00+00:00,-1,70.5,69.96012316385972,target,39175.6,299.99999999999903,284.32975999999906,260.82439999999906,23.0,0.5105218308655148,2025-02-23
2025-02-23 23:00:00 UTC,2025-02-24 05:00:00+00:00,-1,70.37999725341797,70.2300033569336,time,40240.67,85.76095019153249,69.66468219153249,45.52028019153249,15.0,0.49700957222047315,2025-02-24
2025-02-24 05:00:00 UTC,2025-02-24 10:00:00+00:00,-1,70.2300033569336,70.51960293302388,stop,48501.45,-200.00000000000549,-219.40058000000548,-248.5014500000055,15.0,0.4123587672613757,2025-02-24
2025-02-24 16:00:00 UTC,2025-02-24 23:00:00+00:00,1,70.72000122070312,70.83999633789062,time,44653.39,75.76624281347435,57.90488681347435,31.112852813474348,15.0,0.447894324067342,2025-02-24
2025-02-24 23:00:00 UTC,2025-02-25 02:00:00+00:00,-1,70.83999633789062,71.12053391090595,stop,50503.04,-199.9999999999963,-220.2012159999963,-250.5030399999963,15.0,0.39601579265649306,2025-02-25
2025-02-25 08:00:00 UTC,2025-02-25 12:00:00+00:00,-1,70.73999786376953,70.36971127807804,target,57312.36,299.9999999999956,277.07505599999564,242.6876399999956,15.0,0.34896484485301454,2025-02-25
2025-02-25 12:00:00 UTC,2025-02-25 14:00:00+00:00,-1,70.13999938964844,70.40322716145862,stop,53292.25,-200.00000000001012,-221.31690000001012,-253.2922500000101,15.0,0.3752890990886064,2025-02-25
2025-02-25 16:00:00 UTC,2025-02-25 23:00:00+00:00,-1,68.88999938964844,69.08999633789062,time,40132.35,-116.50960712957685,-132.56254712957684,-156.64195712957684,23.0,0.4983511281573455,2025-02-25
2025-02-26 06:00:00 UTC,2025-02-26 12:00:00+00:00,-1,69.13999938964844,68.78020529493084,target,57649.64,300.0000000000059,276.9401440000059,242.3503600000059,15.0,0.3469232454862308,2025-02-26
2025-02-26 12:00:00 UTC,2025-02-26 14:00:00+00:00,-1,68.75,69.0049415172236,stop,53933.94,-200.000000000002,-221.573576000002,-253.933940000002,15.0,0.3708240250525048,2025-02-26
2025-02-26 20:00:00 UTC,2025-02-27 02:00:00+00:00,-1,68.77999877929688,68.83000183105469,time,41282.74,-30.012550396093612,-46.52564639609361,-71.2952903960936,15.0,0.4844639215754895,2025-02-27
2025-02-27 08:00:00 UTC,2025-02-27 09:00:00+00:00,-1,69.0,69.23303190011855,stop,59219.36,-200.00000000000253,-223.68774400000254,-259.21936000000255,15.0,0.33772739147615116,2025-02-27
2025-02-27 10:00:00 UTC,2025-02-27 13:00:00+00:00,-1,69.30000305175781,69.5375663122405,stop,58342.36,-199.99999999999827,-223.33694399999825,-258.3423599999983,35.0,0.3428041125846153,2025-02-27
2025-02-27 14:00:00 UTC,2025-02-27 15:00:00+00:00,1,69.62000274658203,70.0616802383437,target,47287.9,299.9999999999963,281.0848399999963,252.7120999999963,15.0,0.42294118006035825,2025-02-27
2025-02-27 20:00:00 UTC,2025-02-28 02:00:00+00:00,-1,70.1500015258789,70.0999984741211,time,43545.28,31.039156380504195,13.621044380504195,-12.506123619495803,15.0,0.45929203357651593,2025-02-28
2025-02-28 04:00:00 UTC,2025-02-28 07:00:00+00:00,1,70.01000213623047,69.76605725054047,stop,57398.21,-199.99999999999656,-222.95928399999656,-257.39820999999654,10.0,0.34844290565127745,2025-02-28
2025-02-28 14:00:00 UTC,2025-02-28 15:00:00+00:00,1,69.26000213623047,69.65411777458573,target,52720.57,299.99999999999903,278.911771999999,247.27942999999902,10.0,0.37935857753325686,2025-02-28
2025-02-28 16:00:00 UTC,2025-02-28 18:00:00+00:00,1,69.73999786376953,70.20349544278503,target,45139.39,299.99999999999847,281.9442439999985,254.86060999999847,10.0,0.4430719751582598,2025-02-28
2025-02-28 18:00:00 UTC,2025-02-28 19:00:00+00:00,1,70.04000091552734,69.70464020708663,stop,41769.95,-200.00000000000057,-216.70798000000056,-241.76995000000056,18.0,0.47881311258859427,2025-02-28
2025-03-02 23:00:00 UTC,2025-03-03 05:00:00+00:00,1,70.19000244140625,70.0,time,41516.83,-112.38493241965215,-128.99166441965215,-153.90176241965216,10.0,0.4817323711790972,2025-03-03
2025-03-03 12:00:00 UTC,2025-03-03 14:00:00+00:00,1,70.16000366210938,69.84018264415617,stop,43874.54,-200.000000000002,-217.54981600000198,-243.87454000000199,18.0,0.45584521274180323,2025-03-03
2025-03-03 18:00:00 UTC,2025-03-04 00:00:00+00:00,-1,68.2699966430664,68.29000091552734,time,29971.73,-8.782227741703034,-20.770919741703032,-38.75395774170303,28.0,0.6672954754330223,2025-03-04
2025-03-04 06:00:00 UTC,2025-03-04 09:00:00+00:00,-1,68.0199966430664,67.50465331474769,target,39596.9,300.000000000001,284.16124000000104,260.403100000001,15.0,0.5050900262197634,2025-03-04
2025-03-04 09:00:00 UTC,2025-03-04 10:00:00+00:00,-1,67.5199966430664,67.85062220930702,stop,40843.78,-199.99999999999872,-216.33751199999872,-240.84377999999873,15.0,0.4896705904599107,2025-03-04
2025-03-04 14:00:00 UTC,2025-03-04 15:00:00+00:00,-1,66.8499984741211,67.27053449574748,stop,31792.76,-199.9999999999995,-212.7171039999995,-231.79275999999948,38.0,0.6290740930819743,2025-03-04
2025-03-04 23:00:00 UTC,2025-03-05 05:00:00+00:00,-1,67.88999938964844,67.68000030517578,time,30942.2,95.71119308142808,83.33431308142808,64.76899308142808,15.0,0.6463665337273052,2025-03-05
2025-03-05 05:00:00 UTC,2025-03-05 07:00:00+00:00,-1,67.68000030517578,68.0297505841636,stop,38701.9,-200.00000000000054,-215.48076000000054,-238.70190000000053,15.0,0.5167705044485126,2025-03-05
2025-03-05 10:00:00 UTC,2025-03-05 14:00:00+00:00,-1,67.06999969482422,66.53215146358052,target,37410.18,299.99999999999824,285.03592799999825,262.5898199999982,23.0,0.5346138200794901,2025-03-05
2025-03-05 14:00:00 UTC,2025-03-05 15:00:00+00:00,-1,65.95999908447266,66.35930448878783,stop,33037.37,-200.0000000000002,-213.2149480000002,-233.0373700000002,23.0,0.60537509074825,2025-03-05
2025-03-05 23:00:00 UTC,2025-03-06 05:00:00+00:00,-1,66.47000122070312,66.4800033569336,time,31973.15,-4.811190132920501,-17.6004501329205,-36.784340132920505,15.0,0.6255248309938286,2025-03-06
2025-03-06 05:00:00 UTC,2025-03-06 07:00:00+00:00,-1,66.4800033569336,66.82318577696424,stop,38743.25,-199.9999999999999,-215.49729999999988,-238.74324999999988,35.0,0.5162190173007134,2025-03-06
2025-03-06 14:00:00 UTC,2025-03-06 15:00:00+00:00,-1,66.7699966430664,66.18139052542922,target,34031.24,299.9999999999993,286.3875039999993,265.9687599999993,35.0,0.5876952196395513,2025-03-06
2025-03-06 16:00:00 UTC,2025-03-06 17:00:00+00:00,-1,65.62999725341797,66.09349810016685,stop,28319.26,-200.00000000000105,-211.32770400000106,-228.31926000000104,43.0,0.7062332258816979,2025-03-06
2025-03-06 23:00:00 UTC,2025-03-07 05:00:00+00:00,-1,66.33000183105469,66.37000274658203,time,31767.99,-19.157975304010456,-31.86517130401046,-50.92596530401046,35.0,0.6295646127117711,2025-03-07
2025-03-07 12:00:00 UTC,2025-03-07 14:00:00+00:00,-1,67.45999908447266,67.82535253713282,stop,36928.62,-199.99999999999616,-214.77144799999616,-236.92861999999616,15.0,0.5415853211066227,2025-03-07
2025-03-07 18:00:00 UTC,2025-03-09 22:00:00+00:00,-1,67.0,66.69000244140625,time,27379.13,126.67856847848718,115.72691647848718,99.29943847848718,23.0,0.7304833466804252,2025-03-09
2025-03-09 22:00:00 UTC,2025-03-10 04:00:00+00:00,-1,66.69000244140625,66.66000366210938,time,29261.98,13.162745857752967,1.4579538577529672,-16.09923414224703,15.0,0.6834808471714814,2025-03-10
2025-03-10 10:00:00 UTC,2025-03-10 12:00:00+00:00,-1,67.18000030517578,67.54609969467478,stop,36700.42,-200.00000000000168,-214.6801680000017,-236.70042000000166,15.0,0.5449529440844464,2025-03-10
2025-03-10 14:00:00 UTC,2025-03-10 19:00:00+00:00,-1,66.44999694824219,65.84139555413981,target,32755.43,300.00000000000085,286.89782800000086,267.24457000000086,23.0,0.6105858259872371,2025-03-10
2025-03-10 19:00:00 UTC,2025-03-11 01:00:00+00:00,-1,65.9800033569336,65.38777528589539,target,33422.94,300.00000000000176,286.6308240000018,266.5770600000018,15.0,0.5983914730795158,2025-03-11
2025-03-11 01:00:00 UTC,2025-03-11 06:00:00+00:00,-1,65.75,66.10702634440244,stop,36832.02,-200.00000000000125,-214.73280800000126,-236.83202000000125,15.0,0.5430058469999084,2025-03-11
2025-03-11 12:00:00 UTC,2025-03-11 13:00:00+00:00,-1,66.62000274658203,66.93619978317233,stop,42138.28,-200.0000000000074,-216.8553120000074,-242.1382800000074,15.0,0.47462777477370627,2025-03-11
2025-03-11 20:00:00 UTC,2025-03-12 02:00:00+00:00,-1,66.62000274658203,66.69999694824219,time,37442.38,-44.95906557879744,-59.93601757879744,-82.40144557879745,15.0,0.5341541188307591,2025-03-12
2025-03-12 04:00:00 UTC,2025-03-12 06:00:00+00:00,1,66.75,66.46928783485042,stop,47557.61,-200.00000000000202,-219.02304400000202,-247.557610000002,10.0,0.42054256951247593,2025-03-12
2025-03-12 08:00:00 UTC,2025-03-12 10:00:00+00:00,-1,66.54000091552734,66.83262813508308,stop,45477.66,-200.00000000000549,-218.1910640000055,-245.47766000000547,15.0,0.43977639845124594,2025-03-12
2025-03-12 12:00:00 UTC,2025-03-12 14:00:00+00:00,1,67.12999725341797,67.5761550655258,target,45138.73,300.00000000000097,281.94450800000095,254.86127000000096,10.0,0.4430784352371967,2025-03-12
2025-03-12 14:00:00 UTC,2025-03-12 15:00:00+00:00,1,67.66999816894531,67.34052326823863,stop,41077.48,-200.00000000000506,-216.43099200000506,-241.07748000000507,18.0,0.486884748960844,2025-03-12
2025-03-12 22:00:00 UTC,2025-03-13 04:00:00+00:00,1,67.70999908447266,67.61000061035156,time,47888.67,-70.72506752470916,-89.88053552470916,-118.61373752470917,10.0,0.41763529083617934,2025-03-13
2025-03-13 10:00:00 UTC,2025-03-13 13:00:00+00:00,1,67.37000274658203,67.09914710206736,stop,49746.06,-199.99999999999844,-219.89842399999844,-249.74605999999844,10.0,0.40204190807816487,2025-03-13
2025-03-13 20:00:00 UTC,2025-03-14 02:00:00+00:00,1,66.76000213623047,67.0,time,41486.41,149.14093389381821,132.54636989381822,107.65452389381821,10.0,0.4820856137326913,2025-03-14
2025-03-14 02:00:00 UTC,2025-03-14 08:00:00+00:00,1,67.0,67.41324066119428,target,48639.94,300.0000000000078,280.54402400000777,251.3600600000078,10.0,0.4111847375067355,2025-03-14
2025-03-14 12:00:00 UTC,2025-03-14 13:00:00+00:00,1,67.16000366210938,66.90051659565948,stop,51763.66,-199.99999999999432,-220.70546399999432,-251.76365999999433,10.0,0.3863714298697971,2025-03-14
2025-03-14 20:00:00 UTC,2025-03-16 22:00:00+00:00,1,67.19000244140625,67.57361355922998,target,52545.4,300.0000000000022,278.9818400000022,247.45460000000222,10.0,0.3806232116732569,2025-03-16
2025-03-16 22:00:00 UTC,2025-03-17 01:00:00+00:00,1,67.58999633789062,68.01263470985421,target,47977.18,300.0000000000052,280.80912800000516,252.02282000000517,10.0,0.4168648171451865,2025-03-17
2025-03-17 01:00:00 UTC,2025-03-17 03:00:00+00:00,1,67.9800033569336,67.68478685301555,stop,46054.34,-200.00000000000125,-218.42173600000126,-246.05434000000125,18.0,0.4342696224476269,2025-03-17
2025-03-17 10:00:00 UTC,2025-03-17 13:00:00+00:00,1,68.05000305175781,67.7888267966171,stop,52110.41,-200.00000000000287,-220.84416400000288,-252.11041000000287,10.0,0.38380050467016225,2025-03-17
2025-03-17 20:00:00 UTC,2025-03-18 02:00:00+00:00,1,67.4800033569336,67.8499984741211,time,48435.66,265.5743276944858,246.2000636944858,217.1386676944858,10.0,0.41291893843388594,2025-03-18
2025-03-18 14:00:00 UTC,2025-03-18 15:00:00+00:00,1,67.69999694824219,67.43448950916236,stop,50996.69,-200.00000000000182,-220.3986760000018,-250.99669000000182,10.0,0.3921823501451688,2025-03-18
2025-03-18 22:00:00 UTC,2025-03-19 04:00:00+00:00,1,66.79000091552734,66.66000366210938,time,43570.12,-84.80305336399202,-102.23110136399202,-128.373173363992,10.0,0.4590301728555934,2025-03-19
2025-03-19 08:00:00 UTC,2025-03-19 10:00:00+00:00,-1,66.26000213623047,66.5164281949504,stop,51679.62,-199.99999999999486,-220.67184799999487,-251.67961999999486,15.0,0.3869997743023299,2025-03-19
2025-03-19 16:00:00 UTC,2025-03-19 18:00:00+00:00,-1,67.5,67.04247988469976,target,44260.35,300.00000000000017,282.2958600000002,255.73965000000015,15.0,0.45187171881505267,2025-03-19
2025-03-19 18:00:00 UTC,2025-03-20 01:00:00+00:00,-1,67.16999816894531,67.4000015258789,time,43032.93,-147.3532744606725,-164.56644646067252,-190.3862044606725,15.0,0.46476032073734935,2025-03-20
2025-03-20 14:00:00 UTC,2025-03-21 07:00:00+00:00,1,68.1500015258789,68.20999908447266,time,49477.67,43.55890209393923,23.767834093939232,-5.918767906060765,18.0,0.40422277530357786,2025-03-21
2025-03-21 14:00:00 UTC,2025-03-21 15:00:00+00:00,1,68.31999969482422,68.04080189095652,stop,48940.21,-199.99999999999582,-219.57608399999583,-248.94020999999583,25.0,0.40866189273250286,2025-03-21
2025-03-23 22:00:00 UTC,2025-03-24 01:00:00+00:00,1,68.33000183105469,68.05799667896248,stop,50241.7,-199.99999999999395,-220.09667999999394,-250.24169999999395,10.0,0.3980757277963259,2025-03-24
2025-03-24 08:00:00 UTC,2025-03-24 10:00:00+00:00,1,68.22000122070312,68.60081376695204,target,53742.98,300.0000000000053,278.5028080000053,246.2570200000053,10.0,0.3721416392404916,2025-03-24
2025-03-24 10:00:00 UTC,2025-03-24 12:00:00+00:00,1,68.87000274658203,68.59502887885509,stop,50092.03,-200.0,-220.036812,-250.09203,10.0,0.3992650744312461,2025-03-24
2025-03-24 12:00:00 UTC,2025-03-24 13:00:00+00:00,-1,68.4000015258789,68.68102472031381,stop,48679.26,-200.00000000000495,-219.47170400000493,-248.67926000000494,15.0,0.41085261427746794,2025-03-24
2025-03-24 14:00:00 UTC,2025-03-24 20:00:00+00:00,1,69.0,69.16000366210938,time,43518.45,100.91466160483698,83.50728160483698,57.39621160483698,25.0,0.45957517309812,2025-03-24
2025-03-24 20:00:00 UTC,2025-03-25 02:00:00+00:00,1,69.16000366210938,69.05999755859375,time,47641.67,-68.8903581346688,-87.9470261346688,-116.53202813466879,10.0,0.4198005971357872,2025-03-25
2025-03-25 16:00:00 UTC,2025-03-25 20:00:00+00:00,1,68.80000305175781,69.19673109111325,target,52025.57,300.0000000000074,279.1897720000074,247.97443000000737,10.0,0.38442637767227206,2025-03-25
2025-03-25 20:00:00 UTC,2025-03-26 02:00:00+00:00,1,69.19999694824219,69.30000305175781,time,54966.39,79.43605188852597,57.449495888525966,24.469661888525962,10.0,0.3638587104143103,2025-03-26
2025-03-26 14:00:00 UTC,2025-03-26 15:00:00+00:00,1,69.9800033569336,69.74183577258577,stop,58765.35,-199.999999999997,-223.50613999999698,-258.765349999997,10.0,0.34033662892676414,2025-03-26
2025-03-26 22:00:00 UTC,2025-03-27 04:00:00+00:00,1,69.72000122070312,69.76000213623047,time,53142.8,30.489966701332527,9.232846701332527,-22.652833298667474,10.0,0.37634451513343764,2025-03-27
2025-03-27 14:00:00 UTC,2025-03-27 15:00:00+00:00,1,69.91000366210938,69.63915899900499,stop,51623.69,-199.99999999999622,-220.6494759999962,-251.62368999999623,10.0,0.3874190372145335,2025-03-27
2025-03-27 22:00:00 UTC,2025-03-28 04:00:00+00:00,1,69.9000015258789,69.80999755859375,time,55990.48,-72.09392466751687,-94.49011666751687,-128.08440466751688,10.0,0.3572035736664663,2025-03-28
2025-03-28 10:00:00 UTC,2025-03-28 14:00:00+00:00,1,69.7699966430664,69.53615624333841,stop,59673.18,-200.00000000000165,-223.86927200000164,-259.67318000000165,10.0,0.33515896657454125,2025-03-28
2025-03-28 14:00:00 UTC,2025-03-28 16:00:00+00:00,-1,69.43000030517578,69.03078885511005,target,52175.36,299.99999999999727,279.1298559999973,247.82463999999726,15.0,0.3833227215046585,2025-03-28
2025-03-28 20:00:00 UTC,2025-03-30 22:00:00+00:00,1,69.04000091552734,69.44715421794645,target,50870.27,299.99999999999375,279.6518919999937,249.12972999999374,10.0,0.3931569109887255,2025-03-30
2025-03-30 22:00:00 UTC,2025-03-31 00:00:00+00:00,1,69.48999786376953,69.18937913094989,stop,46231.32,-200.000000000002,-218.49252800000198,-246.231320000002,10.0,0.4326071982459736,2025-03-31
2025-03-31 02:00:00 UTC,2025-03-31 06:00:00+00:00,-1,69.04000091552734,69.35969444320844,stop,43191.37,-200.00000000000426,-217.27654800000425,-243.19137000000427,10.0,0.4630555090406859,2025-03-31
2025-03-31 12:00:00 UTC,2025-03-31 13:00:00+00:00,-1,69.80999755859375,70.15660897060782,stop,40281.42,-199.99999999999758,-216.1125679999976,-240.28141999999758,10.0,0.49650683875637214,2025-03-31
2025-03-31 14:00:00 UTC,2025-03-31 16:00:00+00:00,1,70.97000122070312,71.58191993975592,target,34793.84,300.0000000000005,286.0824640000005,265.2061600000005,23.0,0.574814436642363,2025-03-31
2025-03-31 16:00:00 UTC,2025-03-31 22:00:00+00:00,1,71.72000122070312,71.30238473728517,stop,34347.3,-200.0000000000005,-213.73892000000052,-234.3473000000005,18.0,0.5822873345091439,2025-03-31
2025-04-01 04:00:00 UTC,2025-04-01 07:00:00+00:00,1,71.66999816894531,71.3935206110344,stop,51845.07,-199.9999999999943,-220.7380279999943,-251.84506999999428,10.0,0.38576470625712167,2025-04-01
2025-04-01 14:00:00 UTC,2025-04-01 16:00:00+00:00,1,71.54000091552734,71.20882285988993,stop,43203.35,-200.0000000000002,-217.2813400000002,-243.2033500000002,10.0,0.46292710567400663,2025-04-01
2025-04-01 22:00:00 UTC,2025-04-02 04:00:00+00:00,1,71.22000122070312,71.23999786376953,time,50081.96,14.061656106497173,-5.9711278935028265,-36.02030389350282,10.0,0.3993453583860662,2025-04-02
2025-04-02 10:00:00 UTC,2025-04-02 13:00:00+00:00,1,70.75,71.14102717744001,target,54280.11,299.99999999999284,278.28795599999285,245.71988999999283,10.0,0.36845906001415124,2025-04-02
2025-04-02 13:00:00 UTC,2025-04-02 16:00:00+00:00,1,71.16999816894531,71.58904368842802,target,50951.5,300.00000000000426,279.61940000000425,249.04850000000425,10.0,0.3925301206162371,2025-04-02
2025-04-02 16:00:00 UTC,2025-04-02 20:00:00+00:00,1,71.72000122070312,71.39589686598151,stop,44257.35,-199.99999999999838,-217.70293999999836,-244.25734999999838,18.0,0.451902327391563,2025-04-02
2025-04-03 02:00:00 UTC,2025-04-03 06:00:00+00:00,1,69.97000122070312,69.49828862604257,stop,29666.37,-199.9999999999971,-211.8665479999971,-229.6663699999971,10.0,0.6741640509232877,2025-04-03
2025-04-03 08:00:00 UTC,2025-04-03 10:00:00+00:00,-1,69.04000091552734,68.38164591034152,target,31460.23,300.00000000000193,287.41590800000193,268.5397700000019,18.0,0.6357232487982724,2025-04-03
2025-04-03 10:00:00 UTC,2025-04-03 11:00:00+00:00,-1,68.31999969482422,67.64343283814755,target,30294.12,299.9999999999984,287.88235199999843,269.7058799999984,18.0,0.6601940473251405,2025-04-03
2025-04-03 12:00:00 UTC,2025-04-03 14:00:00+00:00,-1,66.95999908447266,66.1467352650904,target,24700.47,300.0000000000025,290.1198120000025,275.2995300000025,33.0,0.8097011454617716,2025-04-03
2025-04-03 14:00:00 UTC,2025-04-03 15:00:00+00:00,-1,66.08000183105469,66.6577967427431,stop,22873.17,-199.99999999999875,-209.14926799999876,-222.87316999999874,18.0,0.8743869486651253,2025-04-03
2025-04-03 22:00:00 UTC,2025-04-04 04:00:00+00:00,-1,66.5999984741211,66.11000061035156,time,26835.26,197.43574492523146,186.70164092523146,170.60048492523146,10.0,0.7452880888590239,2025-04-04
2025-04-04 04:00:00 UTC,2025-04-04 07:00:00+00:00,-1,66.11000061035156,65.48880196316493,target,31926.99,300.00000000000136,287.22920400000135,268.0730100000014,15.0,0.6264293263263213,2025-04-04
2025-04-04 07:00:00 UTC,2025-04-04 08:00:00+00:00,-1,65.31999969482422,64.66595222445993,target,29961.13,300.000000000004,288.015548000004,270.03887000000395,23.0,0.6675316119820357,2025-04-04
2025-04-04 08:00:00 UTC,2025-04-04 10:00:00+00:00,-1,64.36000061035156,64.83988735760741,stop,26823.0,-199.99999999999818,-210.72919999999817,-226.8229999999982,23.0,0.7456288730654038,2025-04-04
2025-04-04 10:00:00 UTC,2025-04-04 11:00:00+00:00,-1,62.59000015258789,61.651150150299074,target,20000.0,299.99999999999943,291.99999999999943,279.99999999999943,38.0,1.0,2025-04-04
2025-04-04 16:00:00 UTC,2025-04-04 19:00:00+00:00,-1,61.91999816894531,62.53919815063477,stop,20000.0,-200.00000000000065,-208.00000000000065,-220.00000000000065,15.0,1.0,2025-04-04
2025-04-06 22:00:00 UTC,2025-04-07 01:00:00+00:00,-1,59.84000015258789,60.43840015411377,stop,20000.0,-200.00000000000085,-208.00000000000085,-220.00000000000085,43.0,1.0,2025-04-07
2025-04-07 08:00:00 UTC,2025-04-07 10:00:00+00:00,-1,59.45000076293945,60.044500770568845,stop,20000.0,-199.99999999999926,-207.99999999999926,-219.99999999999926,43.0,1.0,2025-04-07
2025-04-07 16:00:00 UTC,2025-04-07 17:00:00+00:00,-1,60.75,61.3575,stop,20000.0,-200.00000000000057,-208.00000000000057,-220.00000000000057,35.0,1.0,2025-04-07
2025-04-08 00:00:00 UTC,2025-04-08 06:00:00+00:00,-1,61.2599983215332,61.43000030517578,time,20000.0,-55.50179180557422,-63.50179180557422,-75.50179180557421,25.0,1.0,2025-04-08
2025-04-08 08:00:00 UTC,2025-04-08 13:00:00+00:00,-1,60.93000030517578,61.53930030822754,stop,20000.0,-199.9999999999998,-207.9999999999998,-219.9999999999998,33.0,1.0,2025-04-08
2025-04-08 20:00:00 UTC,2025-04-08 23:00:00+00:00,-1,58.22999954223633,57.35654954910278,target,20000.0,300.00000000000097,292.00000000000097,280.00000000000097,33.0,1.0,2025-04-08
2025-04-08 23:00:00 UTC,2025-04-09 00:00:00+00:00,-1,57.599998474121094,56.73599849700928,target,20000.0,300.00000000000017,292.00000000000017,280.00000000000017,33.0,1.0,2025-04-09
2025-04-09 00:00:00 UTC,2025-04-09 01:00:00+00:00,-1,56.79999923706055,57.367999229431156,stop,20000.0,-200.0000000000013,-208.0000000000013,-220.0000000000013,23.0,1.0,2025-04-09
2025-04-09 08:00:00 UTC,2025-04-09 10:00:00+00:00,-1,57.70000076293945,56.83450075149536,target,20000.0,299.9999999999997,291.9999999999997,279.9999999999997,15.0,1.0,2025-04-09
2025-04-09 10:00:00 UTC,2025-04-09 11:00:00+00:00,-1,57.290000915527344,56.43065090179443,target,20000.0,300.0000000000015,292.0000000000015,280.0000000000015,23.0,1.0,2025-04-09
2025-04-09 12:00:00 UTC,2025-04-09 13:00:00+00:00,-1,56.130001068115234,56.691301078796386,stop,20000.0,-199.99999999999957,-207.99999999999957,-219.99999999999957,23.0,1.0,2025-04-09
2025-04-09 20:00:00 UTC,2025-04-09 22:00:00+00:00,-1,62.709999084472656,63.33709907531738,stop,20000.0,-200.0,-208.0,-220.0,15.0,1.0,2025-04-09
2025-04-10 02:00:00 UTC,2025-04-10 07:00:00+00:00,-1,61.790000915527344,60.863150901794434,target,20000.0,299.9999999999999,291.9999999999999,279.9999999999999,23.0,1.0,2025-04-10
2025-04-10 07:00:00 UTC,2025-04-10 13:00:00+00:00,-1,60.72999954223633,59.81904954910278,target,20000.0,300.0000000000014,292.0000000000014,280.0000000000014,23.0,1.0,2025-04-10
2025-04-10 13:00:00 UTC,2025-04-10 15:00:00+00:00,1,59.22999954223633,60.11844953536987,target,20000.0,299.99999999999875,291.99999999999875,279.99999999999875,10.0,1.0,2025-04-10
2025-04-10 15:00:00 UTC,2025-04-10 16:00:00+00:00,1,59.56999969482422,58.97429969787598,stop,20000.0,-199.9999999999996,-207.9999999999996,-219.9999999999996,10.0,1.0,2025-04-10
2025-04-10 18:00:00 UTC,2025-04-11 00:00:00+00:00,1,60.369998931884766,59.76629894256592,stop,20000.0,-200.00000000000009,-208.00000000000009,-220.00000000000009,18.0,1.0,2025-04-11
2025-04-11 04:00:00 UTC,2025-04-11 05:00:00+00:00,-1,59.900001525878906,60.499001541137694,stop,20000.0,-199.99999999999972,-207.99999999999972,-219.99999999999972,15.0,1.0,2025-04-11
2025-04-11 10:00:00 UTC,2025-04-11 13:00:00+00:00,1,60.15999984741211,59.55839984893799,stop,20000.0,-200.00000000000009,-208.00000000000009,-220.00000000000009,10.0,1.0,2025-04-11
2025-04-11 16:00:00 UTC,2025-04-13 22:00:00+00:00,1,61.04999923706055,61.96574922561645,target,20000.0,299.99999999999795,291.99999999999795,279.99999999999795,18.0,1.0,2025-04-13
2025-04-13 22:00:00 UTC,2025-04-14 04:00:00+00:00,1,61.220001220703125,61.31999969482422,time,20039.19,32.73257452532247,24.71689852532247,12.693384525322472,10.0,0.998044416912752,2025-04-14
2025-04-14 04:00:00 UTC,2025-04-14 09:00:00+00:00,1,61.31999969482422,62.05535023449858,target,25016.64,300.00000000000125,289.99334400000123,274.98336000000126,10.0,0.7994678662035601,2025-04-14
2025-04-14 09:00:00 UTC,2025-04-14 13:00:00+00:00,1,62.04999923706055,61.57263285589628,stop,25996.8,-199.99999999999793,-210.39871999999792,-225.99679999999793,10.0,0.7693253618594005,2025-04-14
2025-04-14 20:00:00 UTC,2025-04-15 02:00:00+00:00,1,61.560001373291016,61.63999938964844,time,27223.09,35.376754303995504,24.487518303995504,8.153664303995502,18.0,0.7346705105413709,2025-04-15
2025-04-15 02:00:00 UTC,2025-04-15 08:00:00+00:00,1,61.63999938964844,61.27604122963103,stop,33872.02,-199.9999999999996,-213.5488079999996,-233.8720199999996,10.0,0.5904577605796122,2025-04-15
2025-04-15 14:00:00 UTC,2025-04-15 15:00:00+00:00,1,61.400001525878906,60.98897756643972,stop,29876.6,-199.99999999999915,-211.95063999999914,-229.87659999999914,10.0,0.6694201127437227,2025-04-15
2025-04-15 22:00:00 UTC,2025-04-16 03:00:00+00:00,1,61.439998626708984,61.092430316851136,stop,35354.2,-200.00000000000293,-214.14168000000294,-235.35420000000292,10.0,0.5657036419703789,2025-04-16
2025-04-16 10:00:00 UTC,2025-04-16 13:00:00+00:00,1,61.869998931884766,62.458940360926064,target,31515.87,299.99999999999955,287.3936519999995,268.48412999999954,18.0,0.6346009796979732,2025-04-16
2025-04-16 13:00:00 UTC,2025-04-16 14:00:00+00:00,1,62.2400016784668,62.839533333817585,target,31144.31,299.99999999999767,287.5422759999977,268.85568999999765,10.0,0.6421718500244542,2025-04-16
2025-04-16 14:00:00 UTC,2025-04-16 20:00:00+00:00,1,62.5099983215332,62.599998474121094,time,29991.4,43.180774623742955,31.184214623742953,13.189374623742957,33.0,0.6668579380888182,2025-04-16
2025-04-16 20:00:00 UTC,2025-04-17 02:00:00+00:00,1,62.599998474121094,63.130001068115234,time,28530.87,241.55644489860455,230.14409689860454,213.02557489860456,10.0,0.7009951915505898,2025-04-17
2025-04-17 02:00:00 UTC,2025-04-17 08:00:00+00:00,1,63.130001068115234,63.119998931884766,time,32147.35,-5.093334679139878,-17.952274679139876,-37.24068467913988,10.0,0.6221351655968937,2025-04-17
2025-04-17 14:00:00 UTC,2025-04-17 15:00:00+00:00,1,63.52000045776367,64.06366500251052,target,35051.03,300.00000000000045,285.97958800000043,264.9489700000005,10.0,0.5705967053199718,2025-04-17
2025-04-17 16:00:00 UTC,2025-04-17 17:00:00+00:00,1,64.79000091552734,64.38008828282959,stop,31611.61,-199.9999999999955,-212.6446439999955,-231.6116099999955,18.0,0.6326788499852066,2025-04-17
2025-04-20 22:00:00 UTC,2025-04-21 01:00:00+00:00,1,63.81999969482422,63.40781605030067,stop,30966.78,-199.99999999999935,-212.38671199999933,-230.96677999999935,10.0,0.6458534103643703,2025-04-21
2025-04-21 14:00:00 UTC,2025-04-21 20:00:00+00:00,1,63.02000045776367,63.380001068115234,time,32649.98,186.51240325848661,173.45241125848662,153.86242325848661,10.0,0.6125578540395571,2025-04-21
2025-04-21 20:00:00 UTC,2025-04-22 05:00:00+00:00,1,63.380001068115234,63.470001220703125,time,35071.07,49.801229004947245,35.77280100494725,14.730159004947247,10.0,0.5702705427514031,2025-04-22
2025-04-23 07:00:00 UTC,2025-04-23 11:00:00+00:00,1,64.61000061035156,64.24747253940825,stop,35644.14,-200.00000000000327,-214.25765600000327,-235.64414000000326,25.0,0.561102101096752,2025-04-23
2025-04-23 11:00:00 UTC,2025-04-23 12:00:00+00:00,-1,63.65999984741211,63.067869551971235,target,32253.04,299.9999999999993,287.09878399999934,267.7469599999993,28.0,0.6200966560479259,2025-04-23
2025-04-23 12:00:00 UTC,2025-04-23 13:00:00+00:00,-1,63.22999954223633,63.675842149677216,stop,28364.27,-199.9999999999975,-211.3457079999975,-228.3642699999975,28.0,0.7051124634961915,2025-04-23
2025-04-23 16:00:00 UTC,2025-04-23 22:00:00+00:00,1,62.04999923706055,62.220001220703125,time,20000.0,54.795160590764745,46.795160590764745,34.795160590764745,10.0,1.0,2025-04-23
2025-04-23 22:00:00 UTC,2025-04-24 04:00:00+00:00,1,62.220001220703125,62.36000061035156,time,23231.09,52.27159328998391,42.97915728998391,29.040503289983914,10.0,0.8609152178752006,2025-04-24
2025-04-24 04:00:00 UTC,2025-04-24 07:00:00+00:00,-1,62.36000061035156,62.7729436163076,stop,30202.72,-200.0000000000016,-212.08108800000159,-230.2027200000016,15.0,0.6621921133969444,2025-04-24
2025-04-24 14:00:00 UTC,2025-04-24 20:00:00+00:00,-1,62.66999816894531,62.77000045776367,time,26833.62,-42.81830593180231,-53.55175393180231,-69.65192593180231,15.0,0.7453337253686254,2025-04-24
2025-04-25 10:00:00 UTC,2025-04-25 13:00:00+00:00,-1,61.849998474121094,62.267026159319414,stop,29662.3,-200.00000000000327,-211.86492000000328,-229.66230000000326,23.0,0.674256581223367,2025-04-25
2025-04-25 20:00:00 UTC,2025-04-27 22:00:00+00:00,-1,63.16999816894531,63.576959749132,stop,31044.7,-200.0000000000036,-212.4178800000036,-231.04470000000362,15.0,0.6442323761008842,2025-04-27
2025-04-28 04:00:00 UTC,2025-04-28 10:00:00+00:00,-1,63.310001373291016,62.73411647739711,target,32980.55,299.99999999999966,286.80777999999964,267.01944999999967,15.0,0.6064180312768715,2025-04-28
2025-04-28 14:00:00 UTC,2025-04-28 16:00:00+00:00,-1,62.130001068115234,61.54989854567486,target,32130.53,300.0000000000013,287.1477880000013,267.8694700000013,15.0,0.6224609823139373,2025-04-28
2025-04-28 16:00:00 UTC,2025-04-28 18:00:00+00:00,-1,61.61000061035156,62.00846095135227,stop,30924.03,-199.9999999999964,-212.36961199999638,-230.92402999999638,23.0,0.646746205247993,2025-04-28
2025-04-29 08:00:00 UTC,2025-04-29 09:00:00+00:00,-1,60.91999816894531,61.26101478566582,stop,35728.46,-200.00000000000065,-214.29138400000065,-235.72846000000067,15.0,0.5597777855718079,2025-04-29
2025-04-29 16:00:00 UTC,2025-04-29 22:00:00+00:00,-1,60.33000183105469,60.2400016784668,time,30771.75,45.905218855089196,33.596518855089194,15.133468855089195,15.0,0.649946846111581,2025-04-29
2025-04-29 22:00:00 UTC,2025-04-30 03:00:00+00:00,-1,60.2400016784668,59.718424460068874,target,34648.75,299.9999999999994,286.14049999999935,265.35124999999937,15.0,0.577221341152303,2025-04-30
2025-04-30 03:00:00 UTC,2025-04-30 08:00:00+00:00,-1,59.720001220703125,59.24113725003598,target,37413.55,300.00000000000057,285.0345800000006,262.5864500000006,15.0,0.534565707612135,2025-04-30
2025-04-30 10:00:00 UTC,2025-04-30 12:00:00+00:00,-1,59.97999954223633,59.47808524198617,target,35850.74,300.0000000000014,285.6597040000014,264.14926000000145,15.0,0.5578685162617908,2025-04-30
2025-04-30 12:00:00 UTC,2025-04-30 13:00:00+00:00,-1,59.58000183105469,59.931782605344985,stop,33873.37,-200.00000000000392,-213.54934800000393,-233.87337000000392,15.0,0.5904343126537686,2025-04-30
2025-04-30 16:00:00 UTC,2025-04-30 18:00:00+00:00,-1,58.0099983215332,58.57232908141056,stop,20631.98,-199.9999999999984,-208.2527919999984,-220.6319799999984,23.0,0.9693686884121551,2025-04-30
2025-05-01 00:00:00 UTC,2025-05-01 06:00:00+00:00,-1,58.25,57.84000015258789,time,24213.03,170.42640124822034,160.74118924822034,146.21337124822034,15.0,0.8260015981509738,2025-05-01
2025-05-01 06:00:00 UTC,2025-05-01 08:00:00+00:00,-1,57.84000015258789,57.25449710279568,target,29636.05,300.0000000000009,288.1455800000009,270.3639500000009,15.0,0.6748536747897527,2025-05-01
2025-05-01 08:00:00 UTC,2025-05-01 10:00:00+00:00,-1,57.20000076293945,56.5781385491639,target,27594.54,300.00000000000045,288.96218400000043,272.40546000000046,23.0,0.7247811252693328,2025-05-01
2025-05-01 10:00:00 UTC,2025-05-01 11:00:00+00:00,-1,56.529998779296875,56.95363709378933,stop,26687.86,-200.00000000000335,-210.67514400000334,-226.68786000000335,23.0,0.749404428870429,2025-05-01
2025-05-01 18:00:00 UTC,2025-05-02 00:00:00+00:00,1,59.08000183105469,59.47999954223633,time,20062.13,135.82950657064384,127.80465457064385,115.76737657064385,15.0,0.9969029446149749,2025-05-02
2025-05-02 00:00:00 UTC,2025-05-02 06:00:00+00:00,-1,59.47999954223633,59.34000015258789,time,24044.69,56.59451082116542,46.97663482116542,32.549820821165426,15.0,0.8317845916544001,2025-05-02
2025-05-02 06:00:00 UTC,2025-05-02 09:00:00+00:00,-1,59.34000015258789,58.7264116914951,target,29012.93,300.0000000000001,288.39482800000013,270.98707000000013,15.0,0.6893477806032994,2025-05-02
2025-05-02 09:00:00 UTC,2025-05-02 13:00:00+00:00,-1,58.880001068115234,59.295045739311696,stop,28372.85,-200.00000000000028,-211.3491400000003,-228.37285000000028,23.0,0.7048992249784738,2025-05-02
2025-05-02 20:00:00 UTC,2025-05-04 22:00:00+00:00,-1,58.380001068115234,57.56154400012463,target,21398.8,300.0000000000006,291.4404800000006,278.60120000000063,15.0,0.9346317837343713,2025-05-04
2025-05-04 22:00:00 UTC,2025-05-05 04:00:00+00:00,-1,56.2400016784668,55.970001220703125,time,20000.0,96.01722962503032,88.01722962503032,76.01722962503032,23.0,1.0,2025-05-05
2025-05-05 04:00:00 UTC,2025-05-05 06:00:00+00:00,-1,55.970001220703125,56.529701232910156,stop,20000.0,-200.0,-208.0,-220.0,15.0,1.0,2025-05-05
2025-05-05 12:00:00 UTC,2025-05-05 15:00:00+00:00,-1,57.279998779296875,56.480665914963566,target,21497.93,299.99999999999983,291.4008279999998,278.50206999999983,15.0,0.9303222548510456,2025-05-05
2025-05-05 15:00:00 UTC,2025-05-05 22:00:00+00:00,-1,56.869998931884766,57.18000030517578,time,20954.68,-114.22507327887031,-122.60694527887031,-135.17975327887032,15.0,0.9544406942652865,2025-05-05
2025-05-06 04:00:00 UTC,2025-05-06 07:00:00+00:00,-1,58.06999969482422,58.4560630554536,stop,30083.14,-200.00000000000387,-212.03325600000386,-230.08314000000388,15.0,0.6648241134118367,2025-05-06
2025-05-06 14:00:00 UTC,2025-05-06 16:00:00+00:00,-1,59.31999969482422,59.73565555456337,stop,28542.84,-200.00000000000054,-211.41713600000054,-228.54284000000055,15.0,0.7007010483437669,2025-05-06
2025-05-06 16:00:00 UTC,2025-05-06 22:00:00+00:00,1,59.099998474121094,59.470001220703125,time,26911.76,168.48434758247058,157.71964358247058,141.5725875824706,10.0,0.7431695609769913,2025-05-06
2025-05-06 22:00:00 UTC,2025-05-07 04:00:00+00:00,1,59.470001220703125,59.72999954223633,time,27603.05,120.67841363214922,109.63719363214922,93.07536363214922,10.0,0.7245577398224008,2025-05-07
2025-05-07 04:00:00 UTC,2025-05-07 08:00:00+00:00,1,59.72999954223633,60.25811084008285,target,33930.35,300.0000000000003,286.4278600000003,266.0696500000003,10.0,0.5894428281644108,2025-05-07
2025-05-07 08:00:00 UTC,2025-05-07 09:00:00+00:00,1,59.77000045776367,59.42306681945863,stop,34456.16,-199.9999999999998,-213.7824639999998,-234.4561599999998,10.0,0.5804477758875025,2025-05-07
2025-05-07 16:00:00 UTC,2025-05-07 18:00:00+00:00,1,58.43000030517578,58.014699121688686,stop,28138.61,-199.99999999999918,-211.2554439999992,-228.13860999999918,10.0,0.7107670397364506,2025-05-07
2025-05-08 00:00:00 UTC,2025-05-08 06:00:00+00:00,1,58.16999816894531,58.310001373291016,time,32223.21,77.55463157552515,64.66534757552515,45.331421575525155,10.0,0.6206706115624372,2025-05-08
2025-05-08 06:00:00 UTC,2025-05-08 09:00:00+00:00,1,58.310001373291016,58.80577963443537,target,35283.92,299.999999999998,285.886431999998,264.716079999998,10.0,0.5668304458560657,2025-05-08
2025-05-08 09:00:00 UTC,2025-05-08 13:00:00+00:00,1,58.810001373291016,59.30337787562461,target,35759.71,300.0000000000001,285.69611600000013,264.24029000000013,10.0,0.5592886593125942,2025-05-08
2025-05-08 13:00:00 UTC,2025-05-08 19:00:00+00:00,1,59.5099983215332,60.0,time,31751.33,261.43854400023014,248.73801200023013,229.68721400023014,18.0,0.6298947797228333,2025-05-08
2025-05-08 19:00:00 UTC,2025-05-09 01:00:00+00:00,1,60.0,59.970001220703125,time,33802.1,-16.90036036966602,-30.42120036966602,-50.70246036966603,10.0,0.5916792825853773,2025-05-09
2025-05-09 14:00:00 UTC,2025-05-09 20:00:00+00:00,1,60.619998931884766,61.060001373291016,time,35355.32,256.62204554736616,242.47991754736614,221.26672554736615,10.0,0.5656856931613452,2025-05-09
2025-05-09 20:00:00 UTC,2025-05-11 22:00:00+00:00,1,61.060001373291016,61.36000061035156,time,38969.99,191.46684792935932,175.8788519293593,152.49685792935932,10.0,0.5132154812947622,2025-05-11
2025-05-11 22:00:00 UTC,2025-05-12 01:00:00+00:00,1,61.36000061035156,61.03615768010032,stop,37894.91,-200.00000000000048,-215.15796400000048,-237.8949100000005,10.0,0.5277753048076275,2025-05-12
2025-05-12 08:00:00 UTC,2025-05-12 09:00:00+00:00,-1,62.68000030517578,63.08088948592128,stop,31270.49,-200.0000000000011,-212.5081960000011,-231.2704900000011,25.0,0.6395806936720707,2025-05-12
2025-05-12 10:00:00 UTC,2025-05-12 13:00:00+00:00,1,63.279998779296875,62.86581360205531,stop,30556.38,-199.99999999999864,-212.22255199999864,-230.55637999999863,18.0,0.6545277895565857,2025-05-12
2025-05-12 20:00:00 UTC,2025-05-13 02:00:00+00:00,1,61.959999084472656,61.7400016784668,time,31565.51,-112.07765467761146,-124.70385867761146,-143.64316467761145,10.0,0.633602845051381,2025-05-13
2025-05-13 08:00:00 UTC,2025-05-13 12:00:00+00:00,1,62.29999923706055,62.785605078703654,target,38488.0,299.99999999999795,284.60479999999797,261.51199999999795,10.0,0.5196424265274968,2025-05-13
2025-05-13 14:00:00 UTC,2025-05-13 15:00:00+00:00,1,62.959999084472656,63.48894995658824,target,35708.42,299.99999999999704,285.71663199999705,264.29157999999705,10.0,0.5600919947133473,2025-05-13
2025-05-13 16:00:00 UTC,2025-05-13 22:00:00+00:00,1,63.849998474121094,63.59000015258789,time,33852.91,-137.84962956949022,-151.39079356949023,-171.70253956949023,18.0,0.5907912375469085,2025-05-13
2025-05-14 14:00:00 UTC,2025-05-14 15:00:00+00:00,1,63.40999984741211,63.078414329067535,stop,38246.54,-200.00000000000097,-215.29861600000098,-238.24654000000098,10.0,0.522923070718326,2025-05-14
2025-05-14 22:00:00 UTC,2025-05-15 02:00:00+00:00,1,62.119998931884766,61.765121176600374,stop,35009.24,-199.99999999999653,-214.00369599999652,-235.00923999999654,10.0,0.5712777871640419,2025-05-15
2025-05-15 08:00:00 UTC,2025-05-15 12:00:00+00:00,1,60.630001068115234,61.28033211889565,target,27968.83,299.99999999999966,288.8124679999997,272.03116999999963,10.0,0.7150816859899632,2025-05-15
2025-05-15 12:00:00 UTC,2025-05-15 13:00:00+00:00,-1,61.400001525878906,61.83172396722282,stop,28444.2,-199.99999999999696,-211.37767999999696,-228.44419999999695,10.0,0.7031309944869608,2025-05-15
2025-05-15 20:00:00 UTC,2025-05-16 02:00:00+00:00,-1,61.689998626708984,61.68000030517578,time,29953.75,4.854712560180803,-7.126787439819197,-25.099037439819195,10.0,0.6676960591487153,2025-05-16
2025-05-16 08:00:00 UTC,2025-05-16 09:00:00+00:00,-1,61.38999938964844,61.754457511060146,stop,33688.37,-199.99999999999923,-213.47534799999923,-233.68836999999922,10.0,0.5936766982166877,2025-05-16
2025-05-16 16:00:00 UTC,2025-05-18 22:00:00+00:00,-1,62.5099983215332,62.89415593275403,stop,32543.93,-199.9999999999955,-213.0175719999955,-232.5439299999955,10.0,0.6145538658389376,2025-05-18
2025-05-19 04:00:00 UTC,2025-05-19 10:00:00+00:00,-1,62.189998626708984,61.70047164628695,target,38112.3,299.99999999999875,284.75507999999877,261.88769999999874,10.0,0.5247649581731916,2025-05-19
2025-05-19 10:00:00 UTC,2025-05-19 11:00:00+00:00,-1,61.63999938964844,61.95483650713164,stop,39156.76,-199.99999999999903,-215.66270399999902,-239.15675999999905,10.0,0.5107675545111616,2025-05-19
2025-05-19 18:00:00 UTC,2025-05-20 00:00:00+00:00,-1,62.41999816894531,62.85162080202918,stop,28923.41,-200.00000000000185,-211.56936400000185,-228.92341000000184,10.0,0.6914813292939221,2025-05-20
2025-05-20 00:00:00 UTC,2025-05-20 07:00:00+00:00,1,62.849998474121094,62.51249579941104,stop,37244.15,-199.99999999999866,-214.89765999999867,-237.24414999999865,10.0,0.5369971088368812,2025-05-20
2025-05-20 14:00:00 UTC,2025-05-20 17:00:00+00:00,1,62.349998474121094,62.861199331748345,target,36590.31,300.0000000000045,285.3638760000045,263.4096900000045,10.0,0.54659275074874,2025-05-20
2025-05-20 17:00:00 UTC,2025-05-21 07:00:00+00:00,1,62.560001373291016,62.91999816894531,time,35145.19,202.2403258754796,188.1822498754796,167.09513587547963,10.0,0.5690679474270042,2025-05-21
2025-05-21 07:00:00 UTC,2025-05-21 10:00:00+00:00,1,62.91999816894531,62.57144950159312,stop,36104.0,-199.99999999999733,-214.44159999999732,-236.1039999999973,33.0,0.5539553043474565,2025-05-21
2025-05-21 10:00:00 UTC,2025-05-21 12:00:00+00:00,-1,62.54999923706055,62.90028045789706,stop,35714.16,-199.99999999999545,-214.28566399999545,-235.71415999999545,15.0,0.560001958607511,2025-05-21
2025-05-21 12:00:00 UTC,2025-05-21 13:00:00+00:00,1,62.81999969482422,62.473277669245064,stop,36236.52,-199.99999999999943,-214.49460799999943,-236.23651999999942,10.0,0.5519293652714269,2025-05-21
2025-05-21 14:00:00 UTC,2025-05-21 16:00:00+00:00,-1,61.95000076293945,61.384010674735265,target,32836.26,299.9999999999995,286.8654959999995,267.1637399999995,15.0,0.6090826809080345,2025-05-21
2025-05-21 20:00:00 UTC,2025-05-22 02:00:00+00:00,1,61.34000015258789,61.5099983215332,time,31797.07,88.12266727021253,75.40383927021253,56.325597270212526,10.0,0.6289886848036969,2025-05-22
2025-05-22 02:00:00 UTC,2025-05-22 06:00:00+00:00,-1,61.5099983215332,61.02380392742781,target,37953.95,299.99999999999835,284.81841999999835,262.04604999999833,10.0,0.5269543243619241,2025-05-22
2025-05-22 06:00:00 UTC,2025-05-22 07:00:00+00:00,-1,60.56999969482422,60.92547569102894,stop,34078.25,-200.00000000000128,-213.6313000000013,-234.07825000000128,33.0,0.5868845930258406,2025-05-22
2025-05-22 14:00:00 UTC,2025-05-22 20:00:00+00:00,1,60.84000015258789,60.810001373291016,time,29953.31,-14.76927805535577,-26.75060205535577,-44.72258805535577,15.0,0.6677057330820894,2025-05-22
2025-05-22 20:00:00 UTC,2025-05-23 02:00:00+00:00,-1,60.810001373291016,60.70000076293945,time,30810.41,55.733664574565246,43.40950057456524,24.92325457456525,10.0,0.649131191251055,2025-05-23
2025-05-23 02:00:00 UTC,2025-05-23 08:00:00+00:00,-1,60.70000076293945,60.75,time,37747.91,-31.093358174692522,-46.19252217469253,-68.84126817469253,10.0,0.5298306120522289,2025-05-23
2025-05-23 14:00:00 UTC,2025-05-23 20:00:00+00:00,1,61.459999084472656,61.7599983215332,time,27517.19,134.31719924426463,123.31032324426462,106.80000924426463,15.0,0.7268184933309767,2025-05-23
2025-05-23 20:00:00 UTC,2025-05-25 22:00:00+00:00,-1,61.7599983215332,61.970001220703125,time,30503.03,-103.71963047582923,-115.92084247582923,-134.22266047582923,10.0,0.6556726217953589,2025-05-25
2025-05-26 04:00:00 UTC,2025-05-26 10:00:00+00:00,-1,61.7599983215332,61.310001373291016,time,35971.55,262.09661089700586,247.70799089700586,226.12506089700585,10.0,0.5559949966508662,2025-05-26
2025-05-26 10:00:00 UTC,2025-05-26 15:00:00+00:00,-1,61.310001373291016,61.62707141493454,stop,38672.84,-199.99999999999926,-215.46913599999925,-238.67283999999927,10.0,0.5171587580189718,2025-05-26
2025-05-26 15:00:00 UTC,2025-05-26 22:00:00+00:00,1,61.630001068115234,61.459999084472656,time,42556.2,-117.38825786164868,-134.41073786164867,-159.9444578616487,10.0,0.4699667706787668,2025-05-26
2025-05-27 10:00:00 UTC,2025-05-27 13:00:00+00:00,-1,61.380001068115234,60.95909617094245,target,43748.6,299.99999999999926,282.50055999999927,256.25139999999925,10.0,0.45715747784113225,2025-05-27
2025-05-27 13:00:00 UTC,2025-05-27 14:00:00+00:00,-1,61.119998931884766,60.63045094962459,target,37454.96,299.9999999999996,285.0180159999996,262.54503999999963,10.0,0.5339746845717444,2025-05-27
2025-05-27 14:00:00 UTC,2025-05-27 18:00:00+00:00,-1,60.529998779296875,60.88376651244398,stop,34220.19,-200.00000000000216,-213.68807600000216,-234.22019000000216,33.0,0.5844502565364287,2025-05-27
2025-05-28 00:00:00 UTC,2025-05-28 06:00:00+00:00,-1,61.36000061035156,60.92781752558856,target,42593.06,299.999999999999,282.962775999999,257.406939999999,10.0,0.46956006134729966,2025-05-28
2025-05-28 08:00:00 UTC,2025-05-28 09:00:00+00:00,-1,61.029998779296875,61.31521447377906,stop,42795.68,-199.99999999999912,-217.1182719999991,-242.79567999999912,10.0,0.46733688380629207,2025-05-28
2025-05-28 14:00:00 UTC,2025-05-28 15:00:00+00:00,1,61.66999816894531,62.132054043158185,target,40040.61,299.9999999999979,283.9837559999979,259.9593899999979,10.0,0.4994928792301574,2025-05-28
2025-05-28 16:00:00 UTC,2025-05-28 17:00:00+00:00,1,62.209999084472656,61.84755866913366,stop,34328.4,-200.0000000000023,-213.7313600000023,-234.32840000000232,10.0,0.5826079740763956,2025-05-28
2025-05-28 18:00:00 UTC,2025-05-28 22:00:00+00:00,-1,61.59000015258789,61.970369398551505,stop,32384.32,-199.99999999999787,-212.95372799999788,-232.38431999999787,15.0,0.6175827975665877,2025-05-28
2025-05-28 22:00:00 UTC,2025-05-29 01:00:00+00:00,1,62.040000915527344,62.57486280158478,target,34797.77,299.9999999999994,286.0808919999994,265.20222999999936,10.0,0.5747494929770608,2025-05-29
2025-05-29 01:00:00 UTC,2025-05-29 07:00:00+00:00,1,62.65999984741211,63.029998779296875,time,34405.54,203.1601417274747,189.3979257274747,168.7546017274747,18.0,0.581301668349825,2025-05-29
2025-05-29 07:00:00 UTC,2025-05-29 08:00:00+00:00,1,63.029998779296875,62.721715364787755,stop,40890.94,-199.9999999999987,-216.3563759999987,-240.8909399999987,10.0,0.4891058551160594,2025-05-29
2025-05-29 14:00:00 UTC,2025-05-29 20:00:00+00:00,1,61.13999938964844,60.91999816894531,time,28679.01,-103.19621381277537,-114.66781781277537,-131.87522381277537,10.0,0.6973742261682976,2025-05-29
2025-05-30 02:00:00 UTC,2025-05-30 07:00:00+00:00,-1,60.70000076293945,61.0050856601374,stop,39792.2,-200.00000000000495,-215.91688000000494,-239.79220000000495,15.0,0.5026110269576903,2025-05-30
2025-05-30 12:00:00 UTC,2025-05-30 13:00:00+00:00,-1,60.25,60.629609649932675,stop,31743.13,-200.0000000000011,-212.6972520000011,-231.74313000000112,23.0,0.6300575102616979,2025-05-30
2025-05-30 20:00:00 UTC,2025-06-01 22:00:00+00:00,-1,60.790000915527344,61.224998239816664,stop,27949.6,-200.00000000000213,-211.17984000000212,-227.94960000000214,15.0,0.715573807761213,2025-06-01
2025-06-02 04:00:00 UTC,2025-06-02 08:00:00+00:00,-1,62.439998626708984,62.879682909744695,stop,28402.2,-200.00000000000054,-211.36088000000055,-228.40220000000053,15.0,0.7041708723671113,2025-06-02
2025-06-02 08:00:00 UTC,2025-06-02 12:00:00+00:00,1,62.869998931884766,63.492634729928525,target,30292.19,300.00000000000085,287.88312400000086,269.70781000000085,10.0,0.6602362638480295,2025-06-02
2025-06-02 12:00:00 UTC,2025-06-02 13:00:00+00:00,1,63.56999969482422,63.159026580446344,stop,30936.33,-200.00000000000202,-212.374532000002,-230.93633000000202,18.0,0.646489092890984,2025-06-02
2025-06-02 20:00:00 UTC,2025-06-03 02:00:00+00:00,1,63.040000915527344,62.95000076293945,time,27686.87,-39.52763421683238,-50.60238221683238,-67.21450421683238,10.0,0.7223641903519578,2025-06-03
2025-06-03 08:00:00 UTC,2025-06-03 12:00:00+00:00,1,62.709999084472656,63.23912013051897,target,35555.19,299.99999999999903,285.777923999999,264.44480999999905,10.0,0.5625057712976732,2025-06-03
2025-06-03 12:00:00 UTC,2025-06-03 14:00:00+00:00,1,63.15999984741211,63.69597872849239,target,35352.14,300.00000000000244,285.85914400000246,264.6478600000024,10.0,0.5657366290639083,2025-06-03
2025-06-03 14:00:00 UTC,2025-06-03 17:00:00+00:00,1,63.72999954223633,63.34190273961537,stop,32842.32,-200.0000000000008,-213.1369280000008,-232.8423200000008,18.0,0.6089703521239616,2025-06-03
2025-06-04 00:00:00 UTC,2025-06-04 06:00:00+00:00,1,63.2400016784668,63.20000076293945,time,40120.03,-25.376945285926833,-41.42495728592684,-65.49697528592684,10.0,0.4985040729358032,2025-06-04
2025-06-04 12:00:00 UTC,2025-06-04 13:00:00+00:00,1,63.040000915527344,63.50285846631564,target,40859.22,299.9999999999974,283.6563119999974,259.1407799999974,10.0,0.4894855584456807,2025-06-04
2025-06-04 14:00:00 UTC,2025-06-04 15:00:00+00:00,-1,63.27000045776367,62.70291948833931,target,33471.41,299.99999999999875,286.6114359999988,266.52858999999876,15.0,0.5975248567741267,2025-06-04
2025-06-04 16:00:00 UTC,2025-06-04 22:00:00+00:00,1,62.63999938964844,62.65999984741211,time,28518.65,9.105780443624345,-2.301679556375655,-19.412869556375654,10.0,0.7012954353127843,2025-06-04
2025-06-05 04:00:00 UTC,2025-06-05 07:00:00+00:00,1,62.61000061035156,63.04427415666849,target,43251.54,299.99999999999864,282.69938399999864,256.74845999999866,10.0,0.46241126772446456,2025-06-05
2025-06-05 12:00:00 UTC,2025-06-05 16:00:00+00:00,1,63.65999984741211,63.356161519073375,stop,41903.86,-200.00000000000279,-216.7615440000028,-241.9038600000028,10.0,0.4772829548649174,2025-06-05
2025-06-06 14:00:00 UTC,2025-06-06 20:00:00+00:00,1,64.5199966430664,64.7699966430664,time,37551.26,145.50241308403247,130.48190908403248,107.95115308403246,18.0,0.5326052858398984,2025-06-06
2025-06-06 20:00:00 UTC,2025-06-08 22:00:00+00:00,1,64.7699966430664,64.63999938964844,time,41041.57,-82.37288227922703,-98.78951027922703,-123.41445227922702,10.0,0.4873107985907382,2025-06-08
2025-06-09 14:00:00 UTC,2025-06-09 16:00:00+00:00,1,65.05000305175781,64.7574107154688,stop,44464.6,-199.99999999999602,-217.78583999999603,-244.464599999996,10.0,0.4497960377591682,2025-06-09
2025-06-09 18:00:00 UTC,2025-06-10 00:00:00+00:00,1,65.3499984741211,65.4000015258789,time,42417.94,32.456413425658305,15.489237425658303,-9.961526574341697,25.0,0.47149858955969765,2025-06-10
2025-06-10 14:00:00 UTC,2025-06-10 16:00:00+00:00,1,65.97000122070312,65.68378810104203,stop,46098.52,-199.99999999999667,-218.43940799999666,-246.09851999999665,10.0,0.4338534399955148,2025-06-10
2025-06-10 18:00:00 UTC,2025-06-11 00:00:00+00:00,-1,64.72000122070312,64.72000122070312,time,36520.66,-0.0,-14.608264000000002,-36.52066000000001,23.0,0.5476352253881303,2025-06-11
2025-06-11 00:00:00 UTC,2025-06-11 06:00:00+00:00,1,64.72000122070312,64.9000015258789,time,42478.48,118.14182611598217,101.15043411598216,75.66334611598216,15.0,0.4708266540929791,2025-06-11
2025-06-11 10:00:00 UTC,2025-06-11 12:00:00+00:00,1,65.9800033569336,66.46423971259071,target,40876.73,300.0000000000063,283.64930800000633,259.1232700000063,23.0,0.48927587250692917,2025-06-11
2025-06-11 12:00:00 UTC,2025-06-11 15:00:00+00:00,1,66.33999633789062,65.99684633875559,stop,38665.3,-200.00000000000486,-215.46612000000485,-238.66530000000486,23.0,0.5172595991523068,2025-06-11
2025-06-11 18:00:00 UTC,2025-06-11 22:00:00+00:00,1,68.06999969482422,68.76196327669088,target,29511.67,300.0000000000009,288.1953320000009,270.48833000000093,38.0,0.6776980412016185,2025-06-11
2025-06-11 22:00:00 UTC,2025-06-11 23:00:00+00:00,1,68.95999908447266,68.45976729495213,stop,27571.22,-199.99999999999702,-211.02848799999703,-227.57121999999703,23.0,0.7253941359653651,2025-06-11
2025-06-12 06:00:00 UTC,2025-06-12 07:00:00+00:00,1,67.76000213623047,67.33244858074634,stop,31696.61,-199.99999999999716,-212.67864399999715,-231.69660999999715,15.0,0.6309822048478395,2025-06-12
2025-06-12 14:00:00 UTC,2025-06-12 15:00:00+00:00,1,67.6500015258789,68.30982282143046,target,30758.33,299.99999999999665,287.69666799999663,269.24166999999665,15.0,0.6502303825266983,2025-06-12
2025-06-12 16:00:00 UTC,2025-06-12 22:00:00+00:00,1,68.19999694824219,68.52999877929688,time,27434.0,132.74589495446762,121.77229495446761,105.31189495446762,23.0,0.7290224294932955,2025-06-12
2025-06-12 22:00:00 UTC,2025-06-12 23:00:00+00:00,1,68.52999877929688,69.24673184811289,target,28684.32,299.99999999999727,288.5262719999973,271.31567999999726,15.0,0.697245081553536,2025-06-12
2025-06-13 00:00:00 UTC,2025-06-13 02:00:00+00:00,1,73.27999877929688,74.37919876098633,target,20000.0,299.9999999999997,291.9999999999997,279.9999999999997,38.0,1.0,2025-06-13
2025-06-13 02:00:00 UTC,2025-06-13 03:00:00+00:00,1,75.7300033569336,74.97270332336426,stop,20000.0,-200.00000000000017,-208.00000000000017,-220.00000000000017,38.0,1.0,2025-06-13
2025-06-13 10:00:00 UTC,2025-06-13 11:00:00+00:00,1,73.79000091552734,73.05210090637208,stop,20000.0,-199.9999999999986,-207.9999999999986,-219.9999999999986,23.0,1.0,2025-06-13
2025-06-13 18:00:00 UTC,2025-06-13 19:00:00+00:00,1,73.91999816894531,73.18079818725586,stop,20000.0,-199.99999999999986,-207.99999999999986,-219.99999999999986,23.0,1.0,2025-06-13
2025-06-15 22:00:00 UTC,2025-06-16 00:00:00+00:00,1,74.4000015258789,73.65600151062011,stop,20000.0,-200.0000000000006,-208.0000000000006,-220.0000000000006,43.0,1.0,2025-06-16
2025-06-16 06:00:00 UTC,2025-06-16 07:00:00+00:00,1,73.70999908447266,72.97289909362793,stop,20000.0,-199.99999999999986,-207.99999999999986,-219.99999999999986,35.0,1.0,2025-06-16
2025-06-16 14:00:00 UTC,2025-06-16 15:00:00+00:00,1,70.16000366210938,71.21240371704101,target,20000.0,299.9999999999994,291.9999999999994,279.9999999999994,55.0,1.0,2025-06-16
2025-06-16 16:00:00 UTC,2025-06-16 18:00:00+00:00,1,71.87999725341797,71.16119728088378,stop,20000.0,-200.00000000000156,-208.00000000000156,-220.00000000000156,35.0,1.0,2025-06-16
2025-06-16 18:00:00 UTC,2025-06-16 22:00:00+00:00,1,71.19000244140625,72.25785247802733,target,20000.0,299.99999999999653,291.99999999999653,279.99999999999653,43.0,1.0,2025-06-16
2025-06-16 22:00:00 UTC,2025-06-17 01:00:00+00:00,1,72.61000061035156,71.88390060424804,stop,20000.0,-200.00000000000173,-208.00000000000173,-220.00000000000173,43.0,1.0,2025-06-17
2025-06-17 08:00:00 UTC,2025-06-17 14:00:00+00:00,1,72.69000244140625,73.78035247802734,target,20000.0,299.99999999999875,291.99999999999875,279.99999999999875,15.0,1.0,2025-06-17
2025-06-17 14:00:00 UTC,2025-06-17 17:00:00+00:00,1,73.4000015258789,74.50100154876708,target,20000.0,299.9999999999969,291.9999999999969,279.9999999999969,15.0,1.0,2025-06-17
2025-06-17 17:00:00 UTC,2025-06-17 22:00:00+00:00,1,74.43000030517578,75.54645030975341,target,20000.0,299.999999999998,291.999999999998,279.999999999998,23.0,1.0,2025-06-17
2025-06-17 22:00:00 UTC,2025-06-18 04:00:00+00:00,1,75.38999938964844,75.0,time,20000.0,-103.46183653159363,-111.46183653159363,-123.46183653159363,23.0,1.0,2025-06-18
2025-06-18 10:00:00 UTC,2025-06-18 14:00:00+00:00,1,74.97000122070312,74.24031724485624,stop,20548.62,-199.99999999999824,-208.21944799999824,-220.54861999999824,15.0,0.9733012724633446,2025-06-18
2025-06-18 18:00:00 UTC,2025-06-18 19:00:00+00:00,1,75.30000305175781,74.54700302124023,stop,20000.0,-200.00000000000136,-208.00000000000136,-220.00000000000136,23.0,1.0,2025-06-18
2025-06-19 02:00:00 UTC,2025-06-19 07:00:00+00:00,1,75.11000061035156,76.21057565984438,target,20473.84,300.0000000000009,291.81046400000093,279.5261600000009,15.0,0.9768562025024888,2025-06-19
2025-06-19 07:00:00 UTC,2025-06-19 13:00:00+00:00,1,75.80999755859375,76.76880605193665,target,23720.06,299.9999999999998,290.5119759999998,276.2799399999998,15.0,0.8431680290380658,2025-06-19
2025-06-19 13:00:00 UTC,2025-06-19 17:00:00+00:00,1,76.76000213623047,76.1690044503469,stop,25976.41,-200.00000000000037,-210.39056400000038,-225.97641000000039,23.0,0.7699292202137848,2025-06-19
2025-06-20 00:00:00 UTC,2025-06-20 05:00:00+00:00,1,76.0,75.28599168485056,stop,21288.27,-199.99999999999974,-208.51530799999975,-221.28826999999976,23.0,0.9394846251966359,2025-06-20
2025-06-20 12:00:00 UTC,2025-06-20 18:00:00+00:00,1,75.08000183105469,75.0,time,22218.21,-23.67471549256476,-32.56199949256476,-45.89292549256476,15.0,0.900162423174034,2025-06-20
2025-06-20 20:00:00 UTC,2025-06-22 22:00:00+00:00,-1,74.04000091552734,74.72834414248116,stop,21512.52,-199.99999999999943,-208.60500799999943,-221.51251999999943,23.0,0.9296910027583004,2025-06-22
2025-06-22 22:00:00 UTC,2025-06-23 04:00:00+00:00,1,75.33999633789062,74.9000015258789,time,20000.0,-116.80245112792309,-124.80245112792309,-136.8024511279231,30.0,1.0,2025-06-23
2025-06-23 10:00:00 UTC,2025-06-23 12:00:00+00:00,1,74.62000274658203,73.87380271911621,stop,20000.0,-199.9999999999994,-207.9999999999994,-219.9999999999994,15.0,1.0,2025-06-23
2025-06-23 14:00:00 UTC,2025-06-23 15:00:00+00:00,-1,73.04000091552734,73.77040092468262,stop,20000.0,-200.00000000000045,-208.00000000000045,-220.00000000000045,33.0,1.0,2025-06-23
2025-06-23 22:00:00 UTC,2025-06-23 23:00:00+00:00,-1,65.56999969482422,64.58644969940185,target,20000.0,300.0000000000005,292.0000000000005,280.0000000000005,18.0,1.0,2025-06-23
2025-06-24 00:00:00 UTC,2025-06-24 02:00:00+00:00,-1,65.98999786376953,66.64989784240723,stop,20000.0,-200.00000000000034,-208.00000000000034,-220.00000000000034,18.0,1.0,2025-06-24
2025-06-24 08:00:00 UTC,2025-06-24 13:00:00+00:00,-1,66.25,65.25625,target,20000.0,300.00000000000176,292.00000000000176,280.00000000000176,10.0,1.0,2025-06-24
2025-06-24 13:00:00 UTC,2025-06-24 15:00:00+00:00,-1,65.5,64.5175,target,20000.0,300.0000000000005,292.0000000000005,280.0000000000005,18.0,1.0,2025-06-24
2025-06-24 15:00:00 UTC,2025-06-24 22:00:00+00:00,-1,64.55000305175781,65.1955030822754,stop,20000.0,-200.00000000000108,-208.00000000000108,-220.00000000000108,18.0,1.0,2025-06-24
2025-06-25 04:00:00 UTC,2025-06-25 10:00:00+00:00,-1,65.16999816894531,64.98999786376953,time,20280.81,56.01583526653539,47.90351126653539,35.73502526653539,10.0,0.9861539351107182,2025-06-25
2025-06-25 10:00:00 UTC,2025-06-25 15:00:00+00:00,-1,64.98999786376953,65.53876780586891,stop,23685.7,-199.9999999999983,-209.4742799999983,-223.6856999999983,10.0,0.8443913835013604,2025-06-25
2025-06-25 20:00:00 UTC,2025-06-26 02:00:00+00:00,-1,64.94000244140625,65.26000213623047,time,24970.32,-123.0442808380504,-133.0324088380504,-148.0146008380504,18.0,0.8009507767930899,2025-06-26
2025-06-26 18:00:00 UTC,2025-06-27 00:00:00+00:00,-1,65.30000305175781,65.44000244140625,time,28250.45,-60.567315733837525,-71.86749573383753,-88.81776573383752,18.0,0.7079532986889852,2025-06-27
2025-07-07 18:00:00 UTC,2025-07-08 00:00:00+00:00,1,68.06999969482422,67.58976040281259,stop,28348.37,-199.99999999999784,-211.33934799999784,-228.34836999999783,25.0,0.7055079978914008,2025-07-08
2025-07-08 16:00:00 UTC,2025-07-08 18:00:00+00:00,1,68.72000122070312,68.34992744012146,stop,37138.54,-199.99999999999815,-214.85541599999814,-237.13853999999816,18.0,0.538524118172127,2025-07-08
2025-07-09 14:00:00 UTC,2025-07-09 20:00:00+00:00,1,68.36000061035156,68.29000091552734,time,39022.63,-39.958629150161094,-55.56768115016109,-78.9812591501611,25.0,0.5125231701839834,2025-07-09
2025-07-10 12:00:00 UTC,2025-07-10 13:00:00+00:00,1,67.80999755859375,67.47702322389956,stop,40729.86,-199.99999999999648,-216.29194399999648,-240.72985999999648,10.0,0.4910401809209215,2025-07-10
2025-07-10 20:00:00 UTC,2025-07-11 02:00:00+00:00,1,66.87000274658203,66.87000274658203,time,35883.34,0.0,-14.353335999999999,-35.88334,10.0,0.5573617068327367,2025-07-11
2025-07-11 02:00:00 UTC,2025-07-11 08:00:00+00:00,-1,66.87000274658203,66.58000183105469,time,39556.75,171.54915725830338,155.72645725830338,131.9924072583034,10.0,0.5056027584355617,2025-07-11
2025-07-11 08:00:00 UTC,2025-07-11 10:00:00+00:00,-1,66.58000183105469,66.91190691408369,stop,40119.9,-200.0000000000043,-216.04796000000428,-240.1199000000043,10.0,0.49850566822030806,2025-07-11
2025-07-11 14:00:00 UTC,2025-07-11 20:00:00+00:00,1,68.19000244140625,68.72000122070312,time,33606.01,261.19879443889437,247.75639043889436,227.59278443889437,23.0,0.5951315726537146,2025-07-11
2025-07-11 20:00:00 UTC,2025-07-14 04:00:00+00:00,-1,68.72000122070312,68.62999725341797,time,38013.25,49.786721005293906,34.581421005293905,11.773471005293906,10.0,0.5261323017800934,2025-07-14
2025-07-14 04:00:00 UTC,2025-07-14 07:00:00+00:00,-1,68.62999725341797,68.98501581678492,stop,38662.77,-199.99999999999775,-215.46510799999774,-238.66276999999775,10.0,0.517293570705013,2025-07-14
2025-07-14 07:00:00 UTC,2025-07-14 09:00:00+00:00,1,69.2300033569336,68.85443657710084,stop,36866.95,-199.99999999999483,-214.74677999999483,-236.86694999999483,10.0,0.5424913500241045,2025-07-14
2025-07-14 09:00:00 UTC,2025-07-14 13:00:00+00:00,1,69.37000274658203,68.9823463270501,stop,35789.43,-199.99999999999903,-214.31577199999904,-235.78942999999902,18.0,0.5588242816539868,2025-07-14
2025-07-14 20:00:00 UTC,2025-07-15 02:00:00+00:00,1,66.83000183105469,66.68000030517578,time,32268.28,-72.42692169696198,-85.33423369696199,-104.69520169696199,10.0,0.6198037113204586,2025-07-15
2025-07-15 02:00:00 UTC,2025-07-15 08:00:00+00:00,-1,66.68000030517578,66.5999984741211,time,39481.4,47.369285617061024,31.576725617061022,7.887885617061023,10.0,0.5065676998073315,2025-07-15
2025-07-15 08:00:00 UTC,2025-07-15 09:00:00+00:00,-1,66.5999984741211,66.91496438968149,stop,42290.29,-200.00000000000074,-216.91611600000073,-242.29029000000074,10.0,0.4729218059708794,2025-07-15
2025-07-15 16:00:00 UTC,2025-07-15 18:00:00+00:00,-1,66.26000213623047,66.64822283035396,stop,34135.22,-200.0000000000019,-213.6540880000019,-234.1352200000019,10.0,0.5859050431741686,2025-07-15
2025-07-16 00:00:00 UTC,2025-07-16 06:00:00+00:00,-1,66.88999938964844,66.83999633789062,time,44193.24,33.03628077295483,15.358984772954834,-11.156959227045164,10.0,0.4525579161041947,2025-07-16
2025-07-16 12:00:00 UTC,2025-07-16 13:00:00+00:00,-1,65.87000274658203,66.15401131170363,stop,46385.93,-200.0000000000013,-218.5543720000013,-246.3859300000013,10.0,0.4311652547127471,2025-07-16
2025-07-16 20:00:00 UTC,2025-07-17 00:00:00+00:00,-1,66.63999938964844,66.98674454797104,stop,38437.45,-199.9999999999957,-215.3749799999957,-238.4374499999957,10.0,0.5203258725966831,2025-07-17
2025-07-17 12:00:00 UTC,2025-07-17 15:00:00+00:00,-1,66.73999786376953,67.03378412208588,stop,45434.39,-200.0000000000014,-218.1737560000014,-245.4343900000014,10.0,0.44019518687432835,2025-07-17
2025-07-17 18:00:00 UTC,2025-07-18 00:00:00+00:00,1,67.63999938964844,67.6500015258789,time,39778.15,5.882118394734627,-10.029141605265373,-33.89603160526537,15.0,0.5027885794290078,2025-07-18
2025-07-18 08:00:00 UTC,2025-07-18 09:00:00+00:00,1,68.12000274658203,68.55952006795384,target,46496.46,299.9999999999907,281.40141599999066,253.50353999999066,15.0,0.4301402462816512,2025-07-18
2025-07-18 10:00:00 UTC,2025-07-18 12:00:00+00:00,1,68.08999633789062,68.56271831452528,target,43211.44,299.99999999999744,282.7154239999974,256.78855999999746,15.0,0.4628403603654415,2025-07-18
2025-07-18 12:00:00 UTC,2025-07-18 15:00:00+00:00,1,68.45999908447266,68.11535582453577,stop,39728.04,-199.9999999999996,-215.8912159999996,-239.7280399999996,15.0,0.5034228228832338,2025-07-18
2025-07-18 15:00:00 UTC,2025-07-20 22:00:00+00:00,-1,67.76000213623047,67.51000213623047,time,32098.11,118.4257120202831,105.58646802028309,86.32760202028311,23.0,0.6230897237768025,2025-07-20
2025-07-20 22:00:00 UTC,2025-07-21 04:00:00+00:00,1,67.51000213623047,67.4800033569336,time,36672.01,-16.29559270919145,-30.96439670919145,-52.96760270919145,15.0,0.5453750871579431,2025-07-21
2025-07-21 10:00:00 UTC,2025-07-21 13:00:00+00:00,1,67.27999877929688,66.9620704968676,stop,42324.01,-200.00000000000117,-216.92960400000118,-242.32401000000118,15.0,0.4725450181296794,2025-07-21
2025-07-21 18:00:00 UTC,2025-07-22 00:00:00+00:00,-1,67.0,66.98999786376953,time,36941.45,5.514827750195388,-9.261752249804612,-31.426622249804616,15.0,0.5413972009364807,2025-07-22
2025-07-22 00:00:00 UTC,2025-07-22 01:00:00+00:00,1,66.98999786376953,66.71503243444741,stop,48726.12,-200.0000000000056,-219.49044800000559,-248.7261200000056,15.0,0.4104574385586383,2025-07-22
2025-07-22 18:00:00 UTC,2025-07-23 07:00:00+00:00,-1,66.36000061035156,65.95918247823248,target,49668.41,300.0000000000037,280.1326360000037,250.3315900000037,10.0,0.4026704123292365,2025-07-23
2025-07-23 07:00:00 UTC,2025-07-23 10:00:00+00:00,-1,65.23999786376953,64.7467384639356,target,39678.92,300.0000000000009,284.1284320000009,260.3210800000009,33.0,0.5040460003937322,2025-07-23
2025-07-23 10:00:00 UTC,2025-07-23 13:00:00+00:00,-1,64.86000061035156,65.18915518904876,stop,39410.06,-199.99999999999795,-215.76402399999796,-239.41005999999794,18.0,0.5074846987353716,2025-07-23
2025-07-23 20:00:00 UTC,2025-07-24 02:00:00+00:00,-1,65.41999816894531,65.47000122070312,time,42874.72,-32.77082031804989,-49.92070831804989,-75.6455403180499,10.0,0.4664753143407703,2025-07-24
2025-07-24 06:00:00 UTC,2025-07-24 09:00:00+00:00,1,65.9000015258789,66.31131162811349,target,48065.92,300.00000000000523,280.77363200000525,251.93408000000522,15.0,0.4160951873656145,2025-07-24
2025-07-24 09:00:00 UTC,2025-07-24 10:00:00+00:00,1,66.16999816894531,65.87489928073893,stop,44845.98,-199.99999999999582,-217.93839199999582,-244.84597999999582,23.0,0.4459708272213365,2025-07-24
2025-07-24 10:00:00 UTC,2025-07-24 14:00:00+00:00,-1,65.94000244140625,66.24259437516068,stop,43583.45,-199.99999999999983,-217.43337999999983,-243.58344999999983,25.0,0.45888978245536016,2025-07-24
2025-07-24 14:00:00 UTC,2025-07-24 15:00:00+00:00,1,66.25,65.9096734263714,stop,38933.19,-199.99999999999997,-215.57327599999996,-238.93318999999997,15.0,0.5137004884960025,2025-07-24
2025-07-24 16:00:00 UTC,2025-07-24 18:00:00+00:00,-1,65.4000015258789,65.7957934207259,stop,33047.67,-199.99999999999892,-213.2190679999989,-233.0476699999989,33.0,0.6051863694382031,2025-07-24
2025-07-25 00:00:00 UTC,2025-07-25 02:00:00+00:00,-1,66.12000274658203,66.44428922570091,stop,40778.76,-199.9999999999944,-216.3115039999944,-240.7787599999944,10.0,0.49045139995196796,2025-07-25
2025-07-25 08:00:00 UTC,2025-07-25 13:00:00+00:00,-1,66.27999877929688,65.80449663008787,target,41816.84,299.9999999999942,283.2732639999942,258.1831599999942,10.0,0.47827615969273163,2025-07-25
2025-07-25 13:00:00 UTC,2025-07-25 15:00:00+00:00,-1,65.86000061035156,65.35216080849774,target,38905.97,299.9999999999959,284.4376119999959,261.0940299999959,10.0,0.5140599222061617,2025-07-25
2025-07-25 15:00:00 UTC,2025-07-28 00:00:00+00:00,-1,65.29000091552734,65.41000366210938,time,36885.6,-67.79558358691655,-82.54982358691655,-104.68118358691655,18.0,0.54221696731141,2025-07-28
2025-07-28 06:00:00 UTC,2025-07-28 07:00:00+00:00,-1,65.72000122070312,65.30183849470511,target,47149.11,299.9999999999933,281.1403559999933,252.85088999999329,10.0,0.424186161727475,2025-07-28
2025-07-28 08:00:00 UTC,2025-07-28 11:00:00+00:00,-1,65.7699966430664,66.07644097451244,stop,42924.6,-200.00000000000836,-217.16984000000835,-242.92460000000835,10.0,0.4659333238362324,2025-07-28
2025-07-28 18:00:00 UTC,2025-07-29 00:00:00+00:00,1,66.9000015258789,66.87999725341797,time,38968.67,-11.652315825151204,-27.239783825151203,-50.6209858251512,10.0,0.5132327740534339,2025-07-29
2025-07-29 08:00:00 UTC,2025-07-29 10:00:00+00:00,1,67.2300033569336,66.95206652280045,stop,48377.9,-199.9999999999982,-219.3511599999982,-248.3778999999982,10.0,0.41341189982921756,2025-07-29
2025-07-29 14:00:00 UTC,2025-07-29 17:00:00+00:00,1,67.51000213623047,67.96989086587914,target,44038.91,300.00000000000733,282.3844360000073,255.96109000000735,18.0,0.45414379607595873,2025-07-29
2025-07-29 17:00:00 UTC,2025-07-29 18:00:00+00:00,1,68.97000122070312,69.56248171656975,target,34922.67,299.9999999999997,286.0309319999997,265.07732999999973,33.0,0.5726939107634104,2025-07-29
2025-07-29 18:00:00 UTC,2025-07-30 00:00:00+00:00,1,69.45999908447266,69.25,time,31599.22,-95.53422860505053,-108.17391660505052,-127.13344860505053,33.0,0.6329269998933735,2025-07-30
2025-07-30 06:00:00 UTC,2025-07-30 07:00:00+00:00,1,69.2699966430664,69.74093188395096,target,44127.08,300.0000000000082,282.3491680000082,255.87292000000818,15.0,0.45323638295251556,2025-07-30
2025-07-30 08:00:00 UTC,2025-07-30 10:00:00+00:00,1,68.97000122070312,68.59296711414478,stop,36585.55,-199.9999999999988,-214.6342199999988,-236.58554999999882,15.0,0.5466639116792803,2025-07-30
2025-07-30 14:00:00 UTC,2025-07-30 15:00:00+00:00,1,69.62000274658203,70.21616431978441,target,35034.13,300.0000000000043,285.98634800000434,264.9658700000043,23.0,0.5708719234733057,2025-07-30
2025-07-30 16:00:00 UTC,2025-07-30 22:00:00+00:00,1,70.23999786376953,70.26000213623047,time,34035.79,9.693356038774807,-3.9209599612251935,-24.342433961225197,15.0,0.5876166626555275,2025-07-30
2025-07-31 04:00:00 UTC,2025-07-31 09:00:00+00:00,1,69.8499984741211,69.54636820034558,stop,46009.9,-200.00000000000273,-218.40396000000274,-246.00990000000274,15.0,0.4346890199117175,2025-07-31
2025-07-31 16:00:00 UTC,2025-07-31 18:00:00+00:00,1,69.30999755859375,68.89125329134706,stop,33103.74,-199.9999999999962,-213.2414959999962,-233.10373999999618,15.0,0.6041614225894345,2025-07-31
2025-08-01 00:00:00 UTC,2025-08-01 06:00:00+00:00,1,69.22000122070312,69.19000244140625,time,38024.45,-16.479152324709222,-31.68893232470922,-54.50360232470922,15.0,0.5259774288434326,2025-08-01
2025-08-01 12:00:00 UTC,2025-08-01 13:00:00+00:00,1,69.2699966430664,68.8522732885288,stop,33165.49,-200.00000000000333,-213.26619600000333,-233.16549000000333,15.0,0.603036487341024,2025-08-01
2025-08-01 14:00:00 UTC,2025-08-01 20:00:00+00:00,-1,67.30000305175781,67.33000183105469,time,25480.81,-11.357996646289243,-21.550320646289244,-36.83880664628924,23.0,0.7849043907075788,2025-08-01
2025-08-03 22:00:00 UTC,2025-08-04 04:00:00+00:00,-1,66.8499984741211,67.18000030517578,time,27769.58,-137.08318980731838,-148.19102180731838,-164.8527698073184,10.0,0.7202126448654123,2025-08-04
2025-08-04 08:00:00 UTC,2025-08-04 12:00:00+00:00,-1,66.44999694824219,65.80914184244092,target,31106.87,300.00000000000335,287.55725200000336,268.89313000000334,18.0,0.6429447055258898,2025-08-04
2025-08-04 12:00:00 UTC,2025-08-04 14:00:00+00:00,-1,65.52999877929688,65.94383306243427,stop,31669.68,-199.9999999999988,-212.6678719999988,-231.6696799999988,18.0,0.6315188323613048,2025-08-04
2025-08-04 14:00:00 UTC,2025-08-04 16:00:00+00:00,1,66.87000274658203,66.39072742345633,stop,27904.63,-199.99999999999824,-211.16185199999825,-227.90462999999824,23.0,0.716726937999426,2025-08-04
2025-08-04 16:00:00 UTC,2025-08-04 22:00:00+00:00,-1,66.27999877929688,66.2699966430664,time,27118.72,4.092412560522006,-6.755075439477994,-23.026307439477993,10.0,0.7374980228822121,2025-08-04
2025-08-05 04:00:00 UTC,2025-08-05 09:00:00+00:00,-1,66.19000244140625,65.71965422056078,target,42217.66,299.99999999999653,283.1129359999965,257.7823399999965,10.0,0.47373541169034844,2025-08-05
2025-08-05 09:00:00 UTC,2025-08-05 12:00:00+00:00,-1,65.41000366210938,65.76772893647302,stop,36569.96,-200.0000000000005,-214.6279840000005,-236.5699600000005,18.0,0.5468968878392935,2025-08-05
2025-08-05 18:00:00 UTC,2025-08-06 00:00:00+00:00,-1,65.12000274658203,65.3499984741211,time,31625.58,-111.69760601168782,-124.34783801168783,-143.32318601168782,10.0,0.632399457793719,2025-08-06
2025-08-06 08:00:00 UTC,2025-08-06 10:00:00+00:00,-1,66.05999755859375,66.339768782662,stop,47224.3,-199.99999999999446,-218.88971999999447,-247.22429999999446,10.0,0.4235107998908304,2025-08-06
2025-08-06 14:00:00 UTC,2025-08-06 15:00:00+00:00,-1,65.95999908447266,65.40148434703185,target,35429.68,299.999999999996,285.828127999996,264.570319999996,25.0,0.564498428535492,2025-08-06
2025-08-06 16:00:00 UTC,2025-08-06 18:00:00+00:00,-1,65.30000305175781,64.57888555411797,target,27166.17,300.0000000000018,289.1335320000018,272.83383000000185,18.0,0.7362097641029355,2025-08-06
2025-08-06 18:00:00 UTC,2025-08-07 00:00:00+00:00,-1,64.12000274658203,64.63232850932326,stop,25030.95,-199.99999999999966,-210.01237999999967,-225.03094999999965,33.0,0.7990108246970374,2025-08-07
2025-08-07 06:00:00 UTC,2025-08-07 08:00:00+00:00,-1,64.77999877929688,64.2383556102815,target,35879.71,300.00000000000114,285.64811600000115,264.12029000000115,10.0,0.5574181117855318,2025-08-07
2025-08-07 08:00:00 UTC,2025-08-07 10:00:00+00:00,-1,64.55999755859375,64.93650334761512,stop,34294.29,-199.99999999999355,-213.71771599999354,-234.29428999999357,10.0,0.5831874276012267,2025-08-07
2025-08-07 14:00:00 UTC,2025-08-07 16:00:00+00:00,-1,64.06999969482422,64.46103843706797,stop,32769.13,-199.9999999999946,-213.1076519999946,-232.7691299999946,18.0,0.6103304886941506,2025-08-07
2025-08-07 22:00:00 UTC,2025-08-08 04:00:00+00:00,-1,63.849998474121094,63.7400016784668,time,36249.29,62.44801838892604,47.94830238892604,26.198728388926035,10.0,0.5517349257698018,2025-08-08
2025-08-08 04:00:00 UTC,2025-08-08 06:00:00+00:00,-1,63.7400016784668,63.32907003595666,target,46533.29,300.00000000000273,281.38668400000273,253.46671000000273,15.0,0.42979984487925976,2025-08-08
2025-08-08 06:00:00 UTC,2025-08-08 07:00:00+00:00,-1,63.310001373291016,63.589431395491964,stop,45313.67,-200.0000000000027,-218.12546800000268,-245.3136700000027,15.0,0.4413678978671281,2025-08-08
2025-08-08 14:00:00 UTC,2025-08-08 15:00:00+00:00,-1,63.54999923706055,64.0069133098719,stop,27817.05,-200.00000000000065,-211.12682000000066,-227.81705000000065,38.0,0.7189836007816933,2025-08-08
2025-08-10 22:00:00 UTC,2025-08-11 04:00:00+00:00,-1,63.58000183105469,63.40999984741211,time,26870.23,71.84635827397628,61.09826627397628,44.97612827397628,15.0,0.7443182863641249,2025-08-11
2025-08-11 04:00:00 UTC,2025-08-11 09:00:00+00:00,-1,63.40999984741211,63.79925253261008,stop,32580.38,-199.99999999999966,-213.03215199999966,-232.58037999999965,15.0,0.6138664029879519,2025-08-11
2025-08-11 16:00:00 UTC,2025-08-11 22:00:00+00:00,-1,64.0999984741211,64.1500015258789,time,31789.58,-24.79838051214096,-37.51421251214096,-56.58796051214097,15.0,0.629136913809267,2025-08-11
2025-08-12 04:00:00 UTC,2025-08-12 08:00:00+00:00,-1,64.27999877929688,63.86795371890918,target,46800.71,300.0000000000036,281.2797160000036,253.1992900000036,15.0,0.4273439827967171,2025-08-12
2025-08-12 08:00:00 UTC,2025-08-12 10:00:00+00:00,-1,63.83000183105469,64.10754354966289,stop,45996.69,-200.00000000000483,-218.39867600000483,-245.99669000000483,15.0,0.43481389729988756,2025-08-12
2025-08-12 16:00:00 UTC,2025-08-12 22:00:00+00:00,-1,63.18000030517578,63.099998474121094,time,37662.4,47.69010633690678,32.62514633690678,10.027706336906782,15.0,0.5310336089165397,2025-08-12
2025-08-12 22:00:00 UTC,2025-08-13 04:00:00+00:00,-1,63.099998474121094,63.220001220703125,time,42085.19,-80.03706298429645,-96.87113898429645,-122.12225298429647,15.0,0.47522654310047524,2025-08-13
2025-08-13 10:00:00 UTC,2025-08-13 12:00:00+00:00,-1,62.619998931884766,62.89813241574996,stop,45028.74,-199.9999999999979,-218.0114959999979,-245.0287399999979,15.0,0.44416079305229833,2025-08-13
2025-08-13 12:00:00 UTC,2025-08-13 13:00:00+00:00,1,63.16999816894531,62.868750084564724,stop,41938.85,-199.99999999999937,-216.77553999999938,-241.93884999999938,15.0,0.47688474451893353,2025-08-13
2025-08-13 14:00:00 UTC,2025-08-13 17:00:00+00:00,-1,62.29999923706055,62.64714682547094,stop,35892.51,-200.00000000000526,-214.35700400000525,-235.89251000000525,30.0,0.5572192498581544,2025-08-13
2025-08-14 00:00:00 UTC,2025-08-14 06:00:00+00:00,-1,62.880001068115234,63.0099983215332,time,41419.38,-85.62985931392816,-102.19761131392816,-127.04923931392815,15.0,0.48286574966999757,2025-08-14
2025-08-14 12:00:00 UTC,2025-08-14 13:00:00+00:00,-1,63.119998931884766,63.41786287582499,stop,42381.77,-199.99999999999784,-216.95270799999784,-242.38176999999783,15.0,0.4719010598553103,2025-08-14
2025-08-14 20:00:00 UTC,2025-08-15 02:00:00+00:00,-1,63.93000030517578,63.88999938964844,time,41032.06,25.673706388804227,9.260882388804227,-15.358353611195767,15.0,0.4874237093507122,2025-08-15
2025-08-15 02:00:00 UTC,2025-08-15 06:00:00+00:00,1,63.88999938964844,63.6203393690302,stop,47385.59,-200.00000000000367,-218.95423600000368,-247.38559000000367,10.0,0.42206921770909483,2025-08-15
2025-08-15 12:00:00 UTC,2025-08-15 13:00:00+00:00,1,63.349998474121094,63.06877062559881,stop,45052.44,-200.0000000000002,-218.0209760000002,-245.05244000000022,10.0,0.44392715910982694,2025-08-15
2025-08-15 20:00:00 UTC,2025-08-17 22:00:00+00:00,1,62.79999923706055,62.46429118505768,stop,37413.46,-200.0000000000014,-214.9653840000014,-237.4134600000014,10.0,0.5345669682823002,2025-08-17
2025-08-18 00:00:00 UTC,2025-08-18 06:00:00+00:00,-1,62.810001373291016,63.14232323111402,stop,37800.7,-200.00000000000168,-215.12028000000169,-237.80070000000168,15.0,0.5290906711623096,2025-08-18
2025-08-18 12:00:00 UTC,2025-08-18 13:00:00+00:00,-1,62.88999938964844,62.40967174741381,target,39279.44,299.9999999999993,284.28822399999933,260.7205599999993,15.0,0.5091722551505163,2025-08-18
2025-08-18 14:00:00 UTC,2025-08-18 16:00:00+00:00,-1,62.81999969482422,63.18891241886328,stop,34056.84,-199.99999999999713,-213.62273599999713,-234.05683999999712,15.0,0.5872536227813187,2025-08-18
2025-08-18 22:00:00 UTC,2025-08-19 04:00:00+00:00,-1,63.349998474121094,62.970001220703125,time,36064.69,216.32966376859295,201.90378776859296,180.26497376859294,15.0,0.5545590144545051,2025-08-19
2025-08-19 10:00:00 UTC,2025-08-19 11:00:00+00:00,-1,62.560001373291016,62.82505060096761,stop,47206.33,-200.00000000000225,-218.88253200000224,-247.20633000000225,15.0,0.42367202982471036,2025-08-19
2025-08-19 18:00:00 UTC,2025-08-20 00:00:00+00:00,-1,62.45000076293945,62.689998626708984,time,42600.57,-163.71568693164397,-180.75591493164399,-206.31625693164398,15.0,0.46947733324655944,2025-08-20
2025-08-20 02:00:00 UTC,2025-08-20 03:00:00+00:00,-1,61.900001525878906,62.182130880739145,stop,43880.58,-200.00000000000367,-217.55223200000367,-243.88058000000368,30.0,0.45578246834498326,2025-08-20
2025-08-20 10:00:00 UTC,2025-08-20 11:00:00+00:00,-1,62.5099983215332,62.95274341264114,stop,28237.47,-199.99999999999864,-211.29498799999863,-228.23746999999864,15.0,0.7082788401794365,2025-08-20
2025-08-20 14:00:00 UTC,2025-08-20 15:00:00+00:00,-1,62.27000045776367,62.748232801699906,stop,26041.74,-199.99999999999866,-210.41669599999867,-226.04173999999867,30.0,0.7679979772291984,2025-08-20
2025-08-20 18:00:00 UTC,2025-08-21 00:00:00+00:00,1,62.880001068115234,62.84000015258789,time,27122.31,-17.25377259903904,-28.10269659903904,-44.37608259903904,15.0,0.7374003117026551,2025-08-21
2025-08-21 00:00:00 UTC,2025-08-21 06:00:00+00:00,-1,62.84000015258789,63.19145224224164,stop,35760.21,-200.0000000000023,-214.3040840000023,-235.7602100000023,15.0,0.5592808542335277,2025-08-21
2025-08-21 10:00:00 UTC,2025-08-21 12:00:00+00:00,1,63.25,62.97084135838421,stop,45314.74,-199.9999999999991,-218.1258959999991,-245.3147399999991,10.0,0.44135753615144385,2025-08-21
2025-08-21 18:00:00 UTC,2025-08-22 00:00:00+00:00,1,63.5,63.5,time,38619.54,0.0,-15.447816,-38.61954,10.0,0.5178725148118043,2025-08-22
2025-08-22 16:00:00 UTC,2025-08-24 22:00:00+00:00,1,63.59000015258789,63.7400016784668,time,46367.05,109.37456058469081,90.82774058469082,63.00751058469081,10.0,0.4313407859218936,2025-08-24
2025-08-26 16:00:00 UTC,2025-08-26 22:00:00+00:00,1,63.34000015258789,63.43000030517578,time,49833.55,70.80876843905453,50.875348439054534,20.97521843905453,10.0,0.401336020881191,2025-08-26
2025-08-27 14:00:00 UTC,2025-08-27 18:00:00+00:00,-1,63.790000915527344,64.05507662668283,stop,48129.65,-200.00000000000594,-219.25186000000593,-248.12965000000594,15.0,0.4155442974620787,2025-08-27
2025-08-28 12:00:00 UTC,2025-08-28 13:00:00+00:00,-1,64.11000061035156,63.76183321750999,target,55240.67,300.00000000000074,277.90373200000073,244.75933000000074,15.0,0.3620520870658636,2025-08-28
2025-08-28 14:00:00 UTC,2025-08-28 15:00:00+00:00,-1,63.75,63.36622288135776,target,49833.61,299.99999999999875,280.06655599999874,250.16638999999876,15.0,0.4013355489069224,2025-08-28
2025-08-28 16:00:00 UTC,2025-08-28 17:00:00+00:00,-1,63.56999969482422,63.84693292188583,stop,45909.98,-200.0000000000035,-218.3639920000035,-245.9099800000035,15.0,0.4356350926397039,2025-08-28
2025-08-28 20:00:00 UTC,2025-08-29 02:00:00+00:00,1,64.31999969482422,64.0999984741211,time,42105.47,-144.0182621302611,-160.86045013026109,-186.1237321302611,18.0,0.47499767795817444,2025-08-29
2025-08-29 08:00:00 UTC,2025-08-29 12:00:00+00:00,1,64.16000366210938,64.52139980023064,target,53260.12,299.9999999999984,278.6959519999984,246.7398799999984,10.0,0.3755155003050542,2025-08-29
2025-08-29 12:00:00 UTC,2025-08-29 14:00:00+00:00,1,64.48999786376953,64.24587508440278,stop,52834.07,-200.000000000004,-221.13362800000402,-252.834070000004,10.0,0.3785436307230694,2025-08-29
2025-08-29 20:00:00 UTC,2025-09-02 04:00:00+00:00,1,64.01000213623047,64.3824474028622,target,51559.26,299.9999999999954,279.3762959999954,248.4407399999954,10.0,0.3879031965859245,2025-09-02
2025-09-02 04:00:00 UTC,2025-09-02 08:00:00+00:00,1,64.87999725341797,65.3265530165773,target,43586.94,299.99999999999267,282.56522399999267,256.41305999999264,33.0,0.45885304363285867,2025-09-02
2025-09-02 08:00:00 UTC,2025-09-02 12:00:00+00:00,1,65.77999877929688,65.47638828727507,stop,43331.84,-199.9999999999943,-217.33273599999427,-243.3318399999943,18.0,0.4615544202736722,2025-09-02
2025-09-02 18:00:00 UTC,2025-09-03 00:00:00+00:00,1,65.55999755859375,65.63999938964844,time,34624.4,42.25160797092789,28.401847970927893,7.627207970927891,10.0,0.5776273554107574,2025-09-03
2025-09-03 00:00:00 UTC,2025-09-03 05:00:00+00:00,1,65.63999938964844,65.33757776432307,stop,43409.59,-199.99999999999386,-217.36383599999385,-243.40958999999384,10.0,0.46072764798512067,2025-09-03
2025-09-03 12:00:00 UTC,2025-09-03 14:00:00+00:00,1,64.44000244140625,64.11148757309434,stop,39231.1,-200.00000000000117,-215.69244000000117,-239.23110000000116,10.0,0.5097995901080575,2025-09-03
2025-09-03 20:00:00 UTC,2025-09-04 02:00:00+00:00,1,63.77000045776367,63.63999938964844,time,33730.63,-68.76302441789707,-82.25527641789706,-102.49365441789706,10.0,0.5929328691096927,2025-09-04
2025-09-04 02:00:00 UTC,2025-09-04 07:00:00+00:00,-1,63.63999938964844,63.19080588121946,target,42502.84,299.99999999999994,282.99886399999997,257.49715999999995,10.0,0.47055679105075693,2025-09-04
2025-09-04 07:00:00 UTC,2025-09-04 08:00:00+00:00,-1,63.130001068115234,63.40639121366827,stop,45681.8,-200.00000000000276,-218.27272000000275,-245.68180000000277,10.0,0.4378110896193672,2025-09-04
2025-09-04 14:00:00 UTC,2025-09-04 20:00:00+00:00,-1,63.52000045776367,63.34000015258789,time,34748.75,98.46955787482932,84.57005787482932,63.72080787482932,10.0,0.5755602023113803,2025-09-04
2025-09-04 20:00:00 UTC,2025-09-05 02:00:00+00:00,-1,63.34000015258789,63.33000183105469,time,39295.48,6.202855258519084,-9.515336741480919,-33.09262474148092,10.0,0.5089643779059668,2025-09-05
2025-09-05 08:00:00 UTC,2025-09-05 10:00:00+00:00,-1,63.380001068115234,63.005130947926794,target,50721.57,299.999999999999,279.71137199999896,249.278429999999,15.0,0.39430957596604654,2025-09-05
2025-09-05 10:00:00 UTC,2025-09-05 12:00:00+00:00,-1,62.880001068115234,62.46080202918252,target,45000.1,300.0000000000033,281.9999600000033,254.9999000000033,15.0,0.4444434179516126,2025-09-05
2025-09-05 12:00:00 UTC,2025-09-05 15:00:00+00:00,-1,62.189998626708984,61.6721178624353,target,36025.67,300.0000000000026,285.58973200000264,263.9743300000026,38.0,0.5551597531324631,2025-09-05
2025-09-05 15:00:00 UTC,2025-09-05 18:00:00+00:00,-1,61.529998779296875,61.899314464376566,stop,33321.09,-200.00000000000153,-213.32843600000155,-233.32109000000153,23.0,0.6002205304836649,2025-09-05
2025-09-07 22:00:00 UTC,2025-09-08 01:00:00+00:00,-1,61.970001220703125,62.32116054466978,stop,35294.52,-200.00000000000088,-214.11780800000088,-235.2945200000009,35.0,0.566660185653405,2025-09-08
2025-09-08 08:00:00 UTC,2025-09-08 10:00:00+00:00,-1,62.90999984741211,63.206511644698395,stop,42433.39,-200.000000000002,-216.97335600000198,-242.433390000002,35.0,0.4713269718732643,2025-09-08
2025-09-08 14:00:00 UTC,2025-09-08 15:00:00+00:00,-1,62.22999954223633,62.58832053977455,stop,34734.22,-199.99999999999892,-213.89368799999892,-234.7342199999989,43.0,0.5758010608613721,2025-09-08
2025-09-08 22:00:00 UTC,2025-09-09 04:00:00+00:00,-1,62.439998626708984,62.720001220703125,time,42400.18,-190.13708492444619,-207.09715692444618,-232.5372649244462,35.0,0.4716961530080598,2025-09-09
2025-09-09 10:00:00 UTC,2025-09-09 12:00:00+00:00,-1,62.7400016784668,62.98483077822499,stop,51252.08,-200.00000000000193,-220.50083200000194,-251.25208000000194,15.0,0.39022807333175186,2025-09-09
2025-09-09 18:00:00 UTC,2025-09-09 22:00:00+00:00,-1,62.709999084472656,63.01371620694371,stop,41295.0,-200.00000000000023,-216.51800000000023,-241.29500000000024,23.0,0.4843200875540403,2025-09-09
2025-09-10 02:00:00 UTC,2025-09-10 08:00:00+00:00,1,63.13999938964844,63.27000045776367,time,50079.16,103.10966082248584,83.07799682248583,53.030500822485834,10.0,0.39936774365464345,2025-09-10
2025-09-10 08:00:00 UTC,2025-09-10 09:00:00+00:00,1,63.27000045776367,63.03170588272972,stop,53102.34,-200.00000000000196,-221.24093600000197,-253.10234000000196,10.0,0.3766312206572961,2025-09-10
2025-09-10 16:00:00 UTC,2025-09-10 18:00:00+00:00,1,63.97999954223633,63.6758421851633,stop,42070.33,-200.0000000000011,-216.82813200000112,-242.07033000000112,18.0,0.4753944345877025,2025-09-10
2025-09-11 00:00:00 UTC,2025-09-11 05:00:00+00:00,1,63.720001220703125,63.4897002885671,stop,55336.29,-200.0000000000013,-222.1345160000013,-255.33629000000133,10.0,0.361426440244946,2025-09-11
2025-09-11 12:00:00 UTC,2025-09-11 13:00:00+00:00,1,62.77000045776367,62.53686829640002,stop,53849.28,-199.99999999999602,-221.53971199999603,-253.84927999999604,10.0,0.37140697731955935,2025-09-11
2025-09-11 18:00:00 UTC,2025-09-12 00:00:00+00:00,-1,62.279998779296875,62.060001373291016,time,49065.54,173.31875145846024,153.69253545846024,124.25321145846024,15.0,0.4076180513957397,2025-09-12
2025-09-12 00:00:00 UTC,2025-09-12 06:00:00+00:00,-1,62.060001373291016,61.7444482897763,target,59001.17,299.999999999996,276.39953199999604,240.99882999999602,15.0,0.3389763417467197,2025-09-12
2025-09-12 08:00:00 UTC,2025-09-12 09:00:00+00:00,-1,62.349998474121094,62.567317192508455,stop,57381.16,-199.99999999999864,-222.95246399999863,-257.38115999999866,15.0,0.34854646945590917,2025-09-12
2025-09-12 12:00:00 UTC,2025-09-12 13:00:00+00:00,1,63.52000045776367,63.21600613263353,stop,41790.25,-200.0000000000027,-216.7161000000027,-241.7902500000027,23.0,0.4785804832168911,2025-09-12
2025-09-12 14:00:00 UTC,2025-09-12 16:00:00+00:00,-1,63.31999969482422,62.85274160928119,target,40654.19,300.00000000000125,283.7383240000012,259.3458100000013,15.0,0.49195418803433916,2025-09-12
2025-09-12 16:00:00 UTC,2025-09-14 22:00:00+00:00,-1,62.560001373291016,62.90201361266214,stop,36583.49,-199.99999999999923,-214.63339599999924,-236.58348999999924,23.0,0.5466947440271963,2025-09-14
2025-09-15 04:00:00 UTC,2025-09-15 10:00:00+00:00,-1,63.029998779296875,62.77000045776367,time,51274.61,211.5074090870509,190.99756508705087,160.2327990870509,15.0,0.3900566225902631,2025-09-15
2025-09-15 10:00:00 UTC,2025-09-15 11:00:00+00:00,-1,62.77000045776367,63.01518346769542,stop,51202.57,-200.00000000000398,-220.481028000004,-251.202570000004,15.0,0.39060539771179853,2025-09-15
2025-09-15 16:00:00 UTC,2025-09-15 22:00:00+00:00,1,63.220001220703125,63.34000015258789,time,46104.38,87.51148790429795,69.06973590429796,41.40710790429795,10.0,0.4337982625254374,2025-09-15
2025-09-15 22:00:00 UTC,2025-09-16 04:00:00+00:00,1,63.34000015258789,63.470001220703125,time,53968.46,110.76661384230447,89.17922984230447,56.798153842304465,10.0,0.3705868261688954,2025-09-16
2025-09-16 10:00:00 UTC,2025-09-16 11:00:00+00:00,1,63.31999969482422,63.633194958827175,target,60652.26,300.00000000000034,275.73909600000036,239.34774000000033,10.0,0.3297486476231058,2025-09-16
2025-09-16 12:00:00 UTC,2025-09-16 14:00:00+00:00,1,64.12000274658203,63.86522369229754,stop,50333.81,-200.0000000000001,-220.1335240000001,-250.3338100000001,18.0,0.39734722921245014,2025-09-16
2025-09-16 16:00:00 UTC,2025-09-16 22:00:00+00:00,-1,64.5199966430664,64.63999938964844,time,46766.99,-86.98337155424151,-105.69016755424151,-133.75036155424152,25.0,0.4276520994070902,2025-09-16
2025-09-16 22:00:00 UTC,2025-09-17 03:00:00+00:00,1,64.63999938964844,64.39213507294619,stop,52157.57,-200.00000000000088,-220.8630280000009,-252.15757000000087,10.0,0.38345346386550333,2025-09-17
2025-09-17 10:00:00 UTC,2025-09-17 11:00:00+00:00,1,63.63999938964844,64.0616361929412,target,45280.68,299.9999999999975,281.8877279999975,254.7193199999975,10.0,0.4416895111424135,2025-09-17
2025-09-17 12:00:00 UTC,2025-09-17 13:00:00+00:00,1,64.22000122070312,63.89671312280978,stop,39729.27,-199.99999999999957,-215.89170799999957,-239.72926999999956,10.0,0.5034071811713485,2025-09-17
2025-09-17 14:00:00 UTC,2025-09-17 15:00:00+00:00,1,64.36000061035156,63.982879873437845,stop,34132.31,-199.99999999999875,-213.65292399999873,-234.13230999999874,18.0,0.5859551481313443,2025-09-17
2025-09-17 18:00:00 UTC,2025-09-17 19:00:00+00:00,-1,63.439998626708984,63.911229829427256,stop,26925.21,-200.0000000000003,-210.7700840000003,-226.9252100000003,23.0,0.7427982549165398,2025-09-17
2025-09-17 20:00:00 UTC,2025-09-18 00:00:00+00:00,1,63.970001220703125,63.489552262821796,stop,26629.26,-200.0000000000023,-210.6517040000023,-226.6292600000023,10.0,0.751053538710629,2025-09-18
2025-09-18 06:00:00 UTC,2025-09-18 08:00:00+00:00,1,63.43000030517578,64.17487912540756,target,25546.44,300.0000000000038,289.7814240000038,274.4535600000038,10.0,0.7828880305302319,2025-09-18
2025-09-18 08:00:00 UTC,2025-09-18 09:00:00+00:00,1,63.849998474121094,63.30880954284162,stop,23596.2,-199.99999999999997,-209.43847999999997,-223.59619999999998,10.0,0.8475942744130519,2025-09-18
2025-09-18 14:00:00 UTC,2025-09-18 20:00:00+00:00,-1,63.810001373291016,63.310001373291016,time,20000.0,156.71524502091148,148.71524502091148,136.71524502091148,15.0,1.0,2025-09-18
2025-09-18 20:00:00 UTC,2025-09-19 02:00:00+00:00,-1,63.310001373291016,63.15999984741211,time,20489.06,48.54510746025927,40.349483460259265,28.056047460259265,10.0,0.9761304999284041,2025-09-19
2025-09-19 02:00:00 UTC,2025-09-19 08:00:00+00:00,-1,63.15999984741211,62.72999954223633,time,22530.27,153.38860684886325,144.37649884886324,130.85833684886325,15.0,0.8876945145473683,2025-09-19
2025-09-19 08:00:00 UTC,2025-09-19 10:00:00+00:00,-1,62.72999954223633,63.28074165029439,stop,22780.17,-200.0000000000023,-209.1120680000023,-222.7801700000023,15.0,0.8779564994054193,2025-09-19
2025-09-19 16:00:00 UTC,2025-09-21 22:00:00+00:00,-1,62.43000030517578,62.5,time,20000.0,-22.425018254698102,-30.425018254698102,-42.4250182546981,15.0,1.0,2025-09-21
2025-09-22 04:00:00 UTC,2025-09-22 10:00:00+00:00,-1,62.790000915527344,62.03810674988918,target,25052.73,299.9999999999998,289.97890799999976,274.9472699999998,15.0,0.7983162442798302,2025-09-22
2025-09-22 10:00:00 UTC,2025-09-22 14:00:00+00:00,-1,61.95000076293945,62.42984003845546,stop,25821.15,-200.00000000000227,-210.32846000000228,-225.82115000000226,23.0,0.7745589501316954,2025-09-22
2025-09-22 20:00:00 UTC,2025-09-23 02:00:00+00:00,-1,62.34000015258789,61.970001220703125,time,26476.03,157.13989500933104,146.54948300933106,130.66386500933103,15.0,0.7554003963541142,2025-09-23
2025-09-23 02:00:00 UTC,2025-09-23 08:00:00+00:00,-1,61.970001220703125,62.34119581784165,stop,33389.5,-199.99999999999824,-213.35579999999823,-233.38949999999824,15.0,0.5989907855843637,2025-09-23
2025-09-23 14:00:00 UTC,2025-09-23 20:00:00+00:00,-1,63.56999969482422,63.650001525878906,time,37512.28,-47.20860604259111,-62.213518042591105,-84.7208860425911,15.0,0.5331587443383295,2025-09-23
2025-09-24 00:00:00 UTC,2025-09-24 06:00:00+00:00,1,63.720001220703125,63.437549737457836,stop,45119.25,-199.99999999999946,-218.04769999999945,-245.11924999999945,10.0,0.4432697392251763,2025-09-24
2025-09-24 12:00:00 UTC,2025-09-24 15:00:00+00:00,1,64.23999786376953,64.66316880522402,target,45541.88,300.00000000000165,281.78324800000166,254.45812000000166,18.0,0.439156242763147,2025-09-24
2025-09-24 15:00:00 UTC,2025-09-24 22:00:00+00:00,1,64.7300033569336,64.75,time,43298.89,13.37606036970259,-3.9434956302974093,-29.92282963029741,10.0,0.4619056138977667,2025-09-24
2025-09-25 08:00:00 UTC,2025-09-25 09:00:00+00:00,1,64.30999755859375,64.66920101682454,target,53710.51,300.0000000000012,278.5157960000012,246.2894900000012,10.0,0.3723666323197704,2025-09-25
2025-09-25 10:00:00 UTC,2025-09-25 12:00:00+00:00,1,64.79000091552734,64.52979561035129,stop,49799.14,-200.00000000000045,-219.91965600000046,-249.79914000000045,10.0,0.40161336857412716,2025-09-25
2025-09-25 18:00:00 UTC,2025-09-26 00:00:00+00:00,1,65.22000122070312,65.25,time,39493.81,18.165685017943495,2.368161017943496,-21.3281249820565,18.0,0.5064085114031186,2025-09-26
2025-09-26 06:00:00 UTC,2025-09-26 09:00:00+00:00,1,65.16999816894531,64.92767242033113,stop,53787.1,-200.0000000000008,-221.5148400000008,-253.7871000000008,10.0,0.3718363594026454,2025-09-26
2025-09-26 14:00:00 UTC,2025-09-26 16:00:00+00:00,1,66.33000183105469,66.00124996692779,stop,40352.62,-199.99999999999605,-216.14104799999606,-240.35261999999605,18.0,0.4956307177018503,2025-09-26
2025-09-28 22:00:00 UTC,2025-09-29 04:00:00+00:00,1,65.11000061035156,65.31999969482422,time,34279.7,110.56220041837112,96.85032041837113,76.28250041837111,10.0,0.5834357327285667,2025-09-29
2025-09-29 04:00:00 UTC,2025-09-29 07:00:00+00:00,1,65.31999969482422,65.00843489425878,stop,41930.28,-200.00000000000296,-216.77211200000295,-241.93028000000294,10.0,0.4769822443678272,2025-09-29
2025-09-29 14:00:00 UTC,2025-09-29 15:00:00+00:00,1,63.58000183105469,63.22719155863644,stop,36042.04,-199.99999999999744,-214.41681599999745,-236.04203999999743,10.0,0.5549076160075318,2025-09-29
2025-09-29 18:00:00 UTC,2025-09-30 00:00:00+00:00,-1,63.220001220703125,63.06999969482422,time,34981.59,83.00051257904649,69.00787657904648,48.01892257904649,10.0,0.5717292325182896,2025-09-30
2025-09-30 00:00:00 UTC,2025-09-30 06:00:00+00:00,-1,63.06999969482422,63.18000030517578,time,44533.26,-77.67061892099264,-95.48392292099264,-122.20387892099265,15.0,0.4491025239650462,2025-09-30
2025-09-30 12:00:00 UTC,2025-09-30 13:00:00+00:00,-1,62.349998474121094,62.69919370850222,stop,35710.68,-199.99999999999955,-214.28427199999953,-235.71067999999954,15.0,0.5600565243414802,2025-09-30
2025-09-30 14:00:00 UTC,2025-09-30 15:00:00+00:00,-1,62.2400016784668,62.61078724769967,stop,33571.97,-200.00000000000264,-213.42878800000264,-233.57197000000264,23.0,0.5957351530103638,2025-09-30
2025-09-30 22:00:00 UTC,2025-10-01 04:00:00+00:00,-1,62.4900016784668,62.61000061035156,time,37172.47,-71.38193539018822,-86.25092339018822,-108.55440539018822,15.0,0.5380325132699365,2025-10-01
2025-10-01 10:00:00 UTC,2025-10-01 13:00:00+00:00,-1,62.209999084472656,61.67440031909205,target,34845.11,300.00000000000057,286.0619560000006,265.1548900000006,15.0,0.5739685723226311,2025-10-01
2025-10-01 13:00:00 UTC,2025-10-01 14:00:00+00:00,-1,61.56999969482422,61.95005550981938,stop,32400.5,-199.9999999999981,-212.9601999999981,-232.4004999999981,15.0,0.6172743493242411,2025-10-01
2025-10-01 20:00:00 UTC,2025-10-02 00:00:00+00:00,-1,61.79999923706055,62.17626372186015,stop,32849.23,-200.00000000000043,-213.13969200000042,-232.84923000000043,15.0,0.6088422159299391,2025-10-02
2025-10-02 06:00:00 UTC,2025-10-02 09:00:00+00:00,-1,61.880001068115234,61.38986465903896,target,37875.17,300.00000000000233,284.84993200000235,262.12483000000236,15.0,0.5280504208317032,2025-10-02
2025-10-02 09:00:00 UTC,2025-10-02 14:00:00+00:00,-1,61.38999938964844,61.73832526818611,stop,35248.6,-200.0000000000031,-214.09944000000309,-235.2486000000031,23.0,0.5673984069079518,2025-10-02
2025-10-02 20:00:00 UTC,2025-10-03 02:00:00+00:00,-1,60.68000030517578,60.709999084472656,time,34987.28,-17.296897254753972,-31.29180925475397,-52.28417725475397,15.0,0.5716362987347585,2025-10-03
2025-10-03 02:00:00 UTC,2025-10-03 05:00:00+00:00,-1,60.709999084472656,60.987256328856866,stop,43793.26,-200.0000000000005,-217.5173040000005,-243.79326000000052,35.0,0.4566912346653629,2025-10-03
2025-10-03 12:00:00 UTC,2025-10-03 14:00:00+00:00,-1,60.86000061035156,61.160775340131536,stop,40468.83,-200.00000000000296,-216.18753200000296,-240.46883000000295,35.0,0.49420756944391364,2025-10-03
2025-10-03 20:00:00 UTC,2025-10-05 22:00:00+00:00,-1,60.689998626708984,60.99283857155478,stop,40080.58,-199.99999999999602,-216.03223199999601,-240.08057999999602,35.0,0.49899481248714805,2025-10-05
2025-10-06 04:00:00 UTC,2025-10-06 10:00:00+00:00,-1,61.86000061035156,61.709999084472656,time,42916.9,104.06724746007274,86.90048746007274,61.15034746007274,15.0,0.4660169195953367,2025-10-06
2025-10-06 10:00:00 UTC,2025-10-06 11:00:00+00:00,-1,61.709999084472656,61.23630421996047,target,39082.12,299.99999999999585,284.3671519999958,260.9178799999959,15.0,0.5117429606653805,2025-10-06
2025-10-06 12:00:00 UTC,2025-10-06 13:00:00+00:00,-1,61.380001068115234,61.727907084109425,stop,35285.39,-200.0000000000005,-214.11415600000052,-235.28539000000052,15.0,0.5668067936462045,2025-10-06
2025-10-06 18:00:00 UTC,2025-10-07 08:00:00+00:00,1,61.689998626708984,61.5,time,31464.16,-96.90627463778242,-109.49193863778241,-128.3704346377824,10.0,0.6356437756963181,2025-10-07
2025-10-07 14:00:00 UTC,2025-10-07 20:00:00+00:00,1,61.619998931884766,62.040000915527344,time,29216.06,199.1367019086575,187.4502779086575,169.9206419086575,10.0,0.6845549901793361,2025-10-07
2025-10-07 20:00:00 UTC,2025-10-08 02:00:00+00:00,1,62.040000915527344,62.290000915527344,time,33625.58,135.49960077905803,122.04936877905803,101.87402077905801,10.0,0.5947852543244345,2025-10-08
2025-10-08 02:00:00 UTC,2025-10-08 08:00:00+00:00,1,62.290000915527344,62.27000045776367,time,42786.83,-13.73825848020174,-30.85299048020174,-56.525088480201745,10.0,0.4674335826568461,2025-10-08
2025-10-08 14:00:00 UTC,2025-10-08 20:00:00+00:00,1,62.54999923706055,62.29999923706055,time,42013.79,-167.92082309374476,-184.72633909374477,-209.93461309374476,10.0,0.4760341848101169,2025-10-08
2025-10-09 02:00:00 UTC,2025-10-09 05:00:00+00:00,1,62.04999923706055,62.47716487926917,target,43577.94,299.9999999999978,282.5688239999978,256.42205999999777,10.0,0.45894778131707187,2025-10-09
2025-10-09 05:00:00 UTC,2025-10-09 10:00:00+00:00,1,62.61000061035156,62.334495619491015,stop,45451.08,-200.00000000000068,-218.18043200000068,-245.45108000000067,10.0,0.4400335220808094,2025-10-09
2025-10-09 16:00:00 UTC,2025-10-09 22:00:00+00:00,1,61.439998626708984,61.529998779296875,time,32185.39,47.14664359594239,34.272487595942394,14.961253595942388,10.0,0.6214000211013117,2025-10-09
2025-10-09 22:00:00 UTC,2025-10-10 04:00:00+00:00,1,61.529998779296875,61.25,time,37869.72,-172.33017902356275,-187.47806702356274,-210.19989902356275,10.0,0.5281264126743078,2025-10-10
2025-10-10 04:00:00 UTC,2025-10-10 10:00:00+00:00,-1,61.25,60.84965343913008,target,45897.73,300.00000000000136,281.6409080000014,254.10227000000137,15.0,0.4357513587699791,2025-10-10
2025-10-10 10:00:00 UTC,2025-10-10 12:00:00+00:00,-1,60.70000076293945,60.25485899089436,target,40908.32,299.99999999999994,283.6366719999999,259.09167999999994,15.0,0.48889815096111505,2025-10-10
2025-10-10 12:00:00 UTC,2025-10-10 13:00:00+00:00,-1,60.2599983215332,59.79053938432075,target,38508.16,299.99999999999915,284.59673599999917,261.4918399999991,23.0,0.5193704505903787,2025-10-10
2025-10-10 14:00:00 UTC,2025-10-10 15:00:00+00:00,-1,60.119998931884766,59.56054199813166,target,32238.41,299.9999999999991,287.1046359999991,267.7615899999991,15.0,0.6203780701847803,2025-10-10
2025-10-10 16:00:00 UTC,2025-10-10 20:00:00+00:00,-1,58.90999984741211,58.25710111624543,target,27068.52,300.0000000000013,289.1725920000013,272.93148000000133,23.0,0.7388657645649367,2025-10-10
2025-10-10 20:00:00 UTC,2025-10-12 22:00:00+00:00,-1,58.2400016784668,58.65451214556779,stop,28100.62,-199.99999999999847,-211.24024799999847,-228.10061999999846,23.0,0.7117281166807676,2025-10-12
2025-10-12 22:00:00 UTC,2025-10-13 01:00:00+00:00,-1,59.31999969482422,59.818473710888576,stop,23800.64,-200.00000000000168,-209.52025600000167,-223.80064000000166,35.0,0.8403135850114399,2025-10-13
2025-10-13 08:00:00 UTC,2025-10-13 12:00:00+00:00,-1,60.0099983215332,59.42498340090699,target,30773.57,299.9999999999985,287.6905719999985,269.2264299999985,35.0,0.6499082786079646,2025-10-13
2025-10-13 12:00:00 UTC,2025-10-13 13:00:00+00:00,-1,59.400001525878906,59.788834307057925,stop,30552.98,-199.9999999999988,-212.2211919999988,-230.5529799999988,43.0,0.6546006249000144,2025-10-13
2025-10-13 20:00:00 UTC,2025-10-14 02:00:00+00:00,-1,59.560001373291016,59.63999938964844,time,32630.42,-43.827555267355876,-56.87972326735588,-76.45797526735586,35.0,0.6129249055384431,2025-10-14
2025-10-14 08:00:00 UTC,2025-10-14 10:00:00+00:00,-1,58.29999923706055,57.78817575040552,target,34171.94,300.0000000000023,286.3312240000023,265.82806000000227,23.0,0.5852755784482206,2025-10-14
2025-10-14 10:00:00 UTC,2025-10-14 11:00:00+00:00,-1,57.779998779296875,58.15431238133541,stop,30872.51,-200.00000000000063,-212.34900400000063,-230.87251000000063,23.0,0.6478255623858762,2025-10-14
2025-10-14 18:00:00 UTC,2025-10-15 00:00:00+00:00,-1,58.81999969482422,58.630001068115234,time,29496.83,95.27977342972308,83.48104142972308,65.78294342972308,15.0,0.6780390768712751,2025-10-15
2025-10-15 00:00:00 UTC,2025-10-15 06:00:00+00:00,-1,58.630001068115234,58.77000045776367,time,33957.48,-81.08522108631799,-94.66821308631799,-115.04270108631799,15.0,0.5889718399171556,2025-10-15
2025-10-15 12:00:00 UTC,2025-10-15 13:00:00+00:00,-1,59.34000015258789,58.86692908397578,target,37630.71,300.00000000000006,284.94771600000007,262.36929000000003,15.0,0.5314808082189012,2025-10-15
2025-10-15 14:00:00 UTC,2025-10-15 20:00:00+00:00,-1,58.65999984741211,58.75,time,35317.08,-54.18585513867687,-68.31268713867686,-89.50293513867688,15.0,0.56629829268377,2025-10-15
2025-10-16 02:00:00 UTC,2025-10-16 07:00:00+00:00,-1,58.709999084472656,59.0002294268515,stop,40457.52,-200.00000000000404,-216.18300800000404,-240.45752000000402,15.0,0.4943456768944048,2025-10-16
2025-10-16 14:00:00 UTC,2025-10-16 15:00:00+00:00,-1,58.38999938964844,57.75841381696972,target,27734.96,300.00000000000045,288.9060160000005,272.26504000000045,15.0,0.7211115822123526,2025-10-16
2025-10-16 16:00:00 UTC,2025-10-16 17:00:00+00:00,-1,57.79999923706055,56.96284109712007,target,20712.93,299.99999999999926,291.7148279999993,279.2870699999993,23.0,0.9655803356293766,2025-10-16
2025-10-16 18:00:00 UTC,2025-10-17 00:00:00+00:00,-1,57.61000061035156,57.459999084472656,time,20000.0,52.074821832914004,44.074821832914004,32.074821832914004,23.0,1.0,2025-10-17
2025-10-17 00:00:00 UTC,2025-10-17 02:00:00+00:00,-1,57.459999084472656,56.598099098205566,target,20000.0,300.00000000000017,292.00000000000017,280.00000000000017,35.0,1.0,2025-10-17
2025-10-17 02:00:00 UTC,2025-10-17 03:00:00+00:00,-1,56.81999969482422,57.38819969177246,stop,20000.0,-200.00000000000088,-208.00000000000088,-220.00000000000088,35.0,1.0,2025-10-17
2025-10-17 04:00:00 UTC,2025-10-17 06:00:00+00:00,-1,56.810001373291016,57.378101387023925,stop,20000.0,-199.99999999999972,-207.99999999999972,-219.99999999999972,43.0,1.0,2025-10-17
2025-10-17 12:00:00 UTC,2025-10-17 13:00:00+00:00,-1,57.61000061035156,56.74585060119629,target,20000.0,300.0000000000003,292.0000000000003,280.0000000000003,35.0,1.0,2025-10-17
2025-10-17 14:00:00 UTC,2025-10-17 15:00:00+00:00,-1,57.029998779296875,57.600298767089846,stop,20000.0,-200.0000000000009,-208.0000000000009,-220.0000000000009,35.0,1.0,2025-10-17
2025-10-19 22:00:00 UTC,2025-10-20 04:00:00+00:00,-1,57.150001525878906,56.97999954223633,time,20000.0,59.49325602925736,51.49325602925736,39.49325602925736,25.0,1.0,2025-10-20
2025-10-20 04:00:00 UTC,2025-10-20 10:00:00+00:00,-1,56.97999954223633,56.7400016784668,time,20000.0,84.23933509919853,76.23933509919853,64.23933509919853,25.0,1.0,2025-10-20
2025-10-20 10:00:00 UTC,2025-10-20 16:00:00+00:00,-1,56.7400016784668,56.61000061035156,time,20000.0,45.82342765935117,37.82342765935117,25.823427659351168,25.0,1.0,2025-10-20
2025-10-20 16:00:00 UTC,2025-10-20 17:00:00+00:00,-1,56.61000061035156,57.17610061645508,stop,20000.0,-200.0000000000009,-208.0000000000009,-220.0000000000009,25.0,1.0,2025-10-20
2025-10-21 00:00:00 UTC,2025-10-21 05:00:00+00:00,-1,56.97999954223633,57.54979953765869,stop,20000.0,-200.0000000000005,-208.0000000000005,-220.0000000000005,15.0,1.0,2025-10-21
2025-10-21 12:00:00 UTC,2025-10-21 13:00:00+00:00,-1,57.459999084472656,56.598099098205566,target,20000.0,300.00000000000017,292.00000000000017,280.00000000000017,15.0,1.0,2025-10-21
2025-10-21 14:00:00 UTC,2025-10-21 15:00:00+00:00,-1,56.81999969482422,57.38819969177246,stop,20000.0,-200.00000000000088,-208.00000000000088,-220.00000000000088,23.0,1.0,2025-10-21
2025-10-21 22:00:00 UTC,2025-10-22 03:00:00+00:00,-1,57.56999969482422,58.145699691772464,stop,20000.0,-200.00000000000097,-208.00000000000097,-220.00000000000097,15.0,1.0,2025-10-22
2025-10-22 04:00:00 UTC,2025-10-22 10:00:00+00:00,1,58.209999084472656,58.290000915527344,time,21245.78,29.199466514382134,20.701154514382132,7.9536865143821345,18.0,0.9413636264725335,2025-10-22
2025-10-22 10:00:00 UTC,2025-10-22 16:00:00+00:00,1,58.290000915527344,58.68000030517578,time,25186.38,168.51387965025907,158.43932765025906,143.32749965025906,10.0,0.7940798640852046,2025-10-22
2025-10-22 16:00:00 UTC,2025-10-22 19:00:00+00:00,1,58.68000030517578,59.39979506914329,target,24456.97,300.0000000000034,290.2172120000034,275.5430300000034,10.0,0.8177627359964525,2025-10-22
2025-10-22 19:00:00 UTC,2025-10-22 20:00:00+00:00,1,59.38999938964844,58.87694185533488,stop,23151.4,-199.99999999999957,-209.26055999999957,-223.15139999999957,33.0,0.86387866574551,2025-10-22
2025-10-23 02:00:00 UTC,2025-10-23 05:00:00+00:00,1,60.06999969482422,60.80892124413453,target,24388.25,300.00000000000017,290.2447000000002,275.61175000000014,10.0,0.8200672027792927,2025-10-23
2025-10-23 05:00:00 UTC,2025-10-23 06:00:00+00:00,1,60.880001068115234,60.39909932743829,stop,25319.1,-199.99999999999946,-210.12763999999947,-225.31909999999945,18.0,0.7899174314055752,2025-10-23
2025-10-23 12:00:00 UTC,2025-10-23 13:00:00+00:00,1,61.72999954223633,61.206854635905486,stop,23599.58,-200.00000000000128,-209.43983200000127,-223.59958000000128,10.0,0.8474727202498958,2025-10-23
2025-10-23 20:00:00 UTC,2025-10-24 02:00:00+00:00,1,61.75,61.25218371461984,stop,24808.35,-200.00000000000057,-209.92334000000056,-224.80835000000056,10.0,0.8061802192391242,2025-10-24
2025-10-24 08:00:00 UTC,2025-10-24 11:00:00+00:00,1,61.68000030517578,62.26905092346838,target,31413.26,300.00000000000153,287.4346960000015,268.58674000000156,10.0,0.6366738168808167,2025-10-24
2025-10-24 11:00:00 UTC,2025-10-24 12:00:00+00:00,1,62.439998626708984,62.051881830602994,stop,32175.88,-200.00000000000097,-212.87035200000096,-232.17588000000097,10.0,0.6215836076908073,2025-10-24
2025-10-24 18:00:00 UTC,2025-10-26 22:00:00+00:00,1,61.56999969482422,62.02000045776367,time,30265.98,221.20699011246728,209.10059811246728,190.94101011246727,10.0,0.6608079326395538,2025-10-26
2025-10-26 22:00:00 UTC,2025-10-27 01:00:00+00:00,1,62.02000045776367,61.62734386424851,stop,31589.94,-199.9999999999993,-212.6359759999993,-231.58993999999927,10.0,0.6331128516881711,2025-10-27
2025-10-27 08:00:00 UTC,2025-10-27 11:00:00+00:00,1,60.709999084472656,61.27411670445698,target,32285.82,300.0000000000025,287.0856720000025,267.7141800000025,10.0,0.6194670054262373,2025-10-27
2025-10-27 11:00:00 UTC,2025-10-27 17:00:00+00:00,1,61.45000076293945,61.459999084472656,time,31238.0,5.082629844300298,-7.412570155699703,-26.1553701556997,10.0,0.6402457729119938,2025-10-27
2025-10-28 00:00:00 UTC,2025-10-28 06:00:00+00:00,1,61.130001068115234,61.099998474121094,time,36355.23,-17.843143043875788,-32.38523504387579,-54.19837304387579,10.0,0.5501271009662525,2025-10-28
2025-10-28 12:00:00 UTC,2025-10-28 15:00:00+00:00,1,60.27000045776367,59.906542207303616,stop,33164.74,-199.99999999999918,-213.26589599999917,-233.16473999999917,10.0,0.603050021071036,2025-10-28
2025-10-28 15:00:00 UTC,2025-10-28 17:00:00+00:00,-1,59.900001525878906,60.30088289269219,stop,29884.15,-200.0000000000018,-211.9536600000018,-229.8841500000018,10.0,0.669251012690011,2025-10-28
2025-10-29 00:00:00 UTC,2025-10-29 06:00:00+00:00,-1,60.20000076293945,60.36000061035156,time,37045.61,-98.45998991072925,-113.27823391072926,-135.50559991072925,10.0,0.5398750788038527,2025-10-29
2025-10-29 12:00:00 UTC,2025-10-29 14:00:00+00:00,-1,60.189998626708984,60.519428048780156,stop,36541.97,-199.99999999999724,-214.61678799999726,-236.54196999999724,10.0,0.5473158823515806,2025-10-29
2025-10-29 20:00:00 UTC,2025-10-30 02:00:00+00:00,-1,60.36000061035156,60.09000015258789,time,37188.46,166.3502440739057,151.47486007390572,129.16178407390572,10.0,0.5378012635159153,2025-10-30
2025-10-30 14:00:00 UTC,2025-10-30 17:00:00+00:00,-1,60.41999816894531,60.76134662793689,stop,35400.77,-199.99999999999963,-214.16030799999962,-235.40076999999962,10.0,0.5649593997621509,2025-10-30
2025-10-31 14:00:00 UTC,2025-10-31 20:00:00+00:00,-1,60.939998626708984,60.880001068115234,time,37808.1,37.22339798510731,22.100157985107312,-0.5847020148926916,10.0,0.5289871450837244,2025-10-31
2025-11-02 23:00:00 UTC,2025-11-03 00:00:00+00:00,1,61.400001525878906,61.07728182854165,stop,38051.6,-199.99999999999855,-215.22063999999855,-238.05159999999856,10.0,0.5256020998651572,2025-11-03
2025-11-03 10:00:00 UTC,2025-11-03 11:00:00+00:00,1,61.20000076293945,60.88522367476326,stop,38884.66,-199.99999999999932,-215.55386399999932,-238.88465999999931,10.0,0.514341640934769,2025-11-03
2025-11-03 18:00:00 UTC,2025-11-04 00:00:00+00:00,1,60.959999084472656,60.900001525878906,time,34579.86,-34.033908880722564,-47.865852880722564,-68.61376888072256,10.0,0.5783713751009473,2025-11-04
2025-11-04 18:00:00 UTC,2025-11-04 20:00:00+00:00,1,60.63999938964844,60.343391130053256,stop,40888.95,-199.99999999999818,-216.35557999999818,-240.88894999999818,10.0,0.4891297206144382,2025-11-04
2025-11-05 16:00:00 UTC,2025-11-05 23:00:00+00:00,-1,59.79999923706055,59.599998474121094,time,33410.48,111.74117562081135,98.37698362081134,78.33069562081134,25.0,0.5986145013464106,2025-11-05
2025-11-05 23:00:00 UTC,2025-11-06 05:00:00+00:00,-1,59.599998474121094,59.869998931884766,time,40617.04,-184.0036869168025,-200.2505029168025,-224.6207269168025,10.0,0.4924041702393857,2025-11-06
2025-11-06 12:00:00 UTC,2025-11-06 14:00:00+00:00,-1,60.11000061035156,59.684905009862774,target,42421.05,300.00000000000057,283.0315800000006,257.5789500000006,15.0,0.4714640893610656,2025-11-06
2025-11-06 14:00:00 UTC,2025-11-06 19:00:00+00:00,-1,59.13999938964844,59.464969305764775,stop,36397.21,-199.9999999999966,-214.5588839999966,-236.3972099999966,38.0,0.549492592949239,2025-11-06
2025-11-07 02:00:00 UTC,2025-11-07 06:00:00+00:00,-1,59.77000045776367,60.046651622383,stop,43209.65,-199.99999999999915,-217.28385999999915,-243.20964999999916,15.0,0.4628595658365886,2025-11-07
2025-11-07 14:00:00 UTC,2025-11-07 17:00:00+00:00,-1,59.939998626708984,59.51027286392107,target,41845.29,299.9999999999991,283.2618839999991,258.1547099999991,15.0,0.4779510317355209,2025-11-07
2025-11-07 17:00:00 UTC,2025-11-07 18:00:00+00:00,-1,59.5099983215332,59.826621804178565,stop,37590.39,-200.00000000000034,-215.03615600000035,-237.59039000000035,15.0,0.5320509016562913,2025-11-07
2025-11-09 23:00:00 UTC,2025-11-10 01:00:00+00:00,-1,59.900001525878906,60.17949781620475,stop,42862.82,-199.99999999999702,-217.14512799999702,-242.86281999999701,10.0,0.46660481336565085,2025-11-10
2025-11-10 10:00:00 UTC,2025-11-10 14:00:00+00:00,-1,59.83000183105469,60.11155476896499,stop,42500.0,-200.00000000000117,-217.00000000000117,-242.50000000000117,10.0,0.47058821543302065,2025-11-10
2025-11-10 18:00:00 UTC,2025-11-11 00:00:00+00:00,1,59.970001220703125,60.0,time,40827.04,20.42290208435106,4.09208608435106,-20.404137915648946,10.0,0.4898713783031256,2025-11-11
2025-11-11 14:00:00 UTC,2025-11-11 20:00:00+00:00,1,61.0099983215332,60.91999816894531,time,44099.72,-65.05461483011237,-82.69450283011237,-109.15433483011236,33.0,0.45351757157032896,2025-11-11
2025-11-12 14:00:00 UTC,2025-11-12 16:00:00+00:00,-1,59.11000061035156,58.696816688749564,target,42917.93,299.9999999999996,282.8328279999996,257.0820699999996,23.0,0.46600565875552885,2025-11-12
2025-11-12 16:00:00 UTC,2025-11-12 23:00:00+00:00,-1,58.56999969482422,58.20000076293945,time,38023.58,240.20288652623418,224.9934545262342,202.17930652623417,23.0,0.5259894364435195,2025-11-12
2025-11-12 23:00:00 UTC,2025-11-13 02:00:00+00:00,-1,58.20000076293945,58.47971528026141,stop,41613.86,-200.0000000000035,-216.6455440000035,-241.61386000000348,10.0,0.4806091299917433,2025-11-13
2025-11-13 08:00:00 UTC,2025-11-13 10:00:00+00:00,-1,58.310001373291016,58.541361071433364,stop,50406.36,-200.00000000000327,-220.16254400000327,-250.40636000000327,15.0,0.3967753261764106,2025-11-13
2025-11-13 16:00:00 UTC,2025-11-13 18:00:00+00:00,-1,59.040000915527344,58.65344747810886,target,45820.32,300.00000000000153,281.67187200000154,254.17968000000153,15.0,0.4364876145260135,2025-11-13
2025-11-13 18:00:00 UTC,2025-11-13 23:00:00+00:00,-1,58.65999984741211,58.92648826348015,stop,44024.43,-200.0000000000025,-217.6097720000025,-244.0244300000025,15.0,0.4542932437116197,2025-11-13
2025-11-14 06:00:00 UTC,2025-11-14 09:00:00+00:00,-1,59.52000045776367,59.871649707512375,stop,33851.91,-199.9999999999995,-213.54076399999948,-233.8519099999995,15.0,0.5908085467812461,2025-11-14
2025-11-14 16:00:00 UTC,2025-11-16 23:00:00+00:00,-1,60.15999984741211,59.546913979766494,target,29437.96,300.00000000000233,288.2248160000023,270.56204000000236,15.0,0.6793948018623917,2025-11-16
2025-11-16 23:00:00 UTC,2025-11-17 05:00:00+00:00,1,59.560001373291016,59.459999084472656,time,31488.48,-52.869709301511996,-65.465101301512,-84.358189301512,10.0,0.6351529421707328,2025-11-17
2025-11-17 12:00:00 UTC,2025-11-17 15:00:00+00:00,1,60.099998474121094,59.76250266563099,stop,35615.26,-200.0,-214.246104,-235.61526,10.0,0.561557099931423,2025-11-17
2025-11-17 23:00:00 UTC,2025-11-18 04:00:00+00:00,1,59.720001220703125,59.41791159558223,stop,39537.94,-199.99999999999963,-215.81517599999964,-239.53793999999962,10.0,0.5058433003115339,2025-11-18
2025-11-18 10:00:00 UTC,2025-11-18 14:00:00+00:00,1,59.880001068115234,59.585369604753055,stop,40647.39,-200.00000000000324,-216.25895600000325,-240.64739000000324,10.0,0.49203650318413156,2025-11-18
2025-11-18 14:00:00 UTC,2025-11-18 15:00:00+00:00,-1,59.5,59.80912905696042,stop,38495.25,-199.99999999999673,-215.39809999999673,-238.49524999999673,20.0,0.5195446335469373,2025-11-18
2025-11-18 16:00:00 UTC,2025-11-18 18:00:00+00:00,1,59.970001220703125,60.467395646683855,target,36170.49,300.0000000000008,285.5318040000008,263.8295100000008,10.0,0.5529369305276535,2025-11-18
2025-11-18 18:00:00 UTC,2025-11-19 00:00:00+00:00,1,60.630001068115234,60.5099983215332,time,32593.3,-64.51073165174544,-77.54805165174544,-97.10403165174544,33.0,0.6136230124728813,2025-11-19
2025-11-19 06:00:00 UTC,2025-11-19 08:00:00+00:00,1,60.400001525878906,60.087069689427516,stop,38602.66,-200.00000000000009,-215.4410640000001,-238.60266000000007,10.0,0.5180990538838185,2025-11-19
2025-11-19 14:00:00 UTC,2025-11-19 19:00:00+00:00,1,58.88999938964844,59.51343195540261,target,28338.27,300.0000000000002,288.66469200000023,271.6617300000002,10.0,0.7057594070477067,2025-11-19
2025-11-19 19:00:00 UTC,2025-11-20 01:00:00+00:00,1,59.279998779296875,59.470001220703125,time,27556.76,88.32409223202798,77.30138823202797,60.76733223202798,10.0,0.7257746724473584,2025-11-20
2025-11-20 01:00:00 UTC,2025-11-20 07:00:00+00:00,-1,59.470001220703125,59.380001068115234,time,29611.18,44.812689134264176,32.96821713426418,15.201509134264178,15.0,0.6754205778396438,2025-11-20
2025-11-20 07:00:00 UTC,2025-11-20 09:00:00+00:00,-1,59.380001068115234,59.75232124610041,stop,31897.28,-200.00000000000406,-212.75891200000407,-231.89728000000406,15.0,0.6270127505691263,2025-11-20
2025-11-20 16:00:00 UTC,2025-11-20 18:00:00+00:00,-1,58.95000076293945,59.41467528348657,stop,25372.6,-199.9999999999987,-210.1490399999987,-225.3725999999987,38.0,0.7882519330504351,2025-11-20
2025-11-21 00:00:00 UTC,2025-11-21 06:00:00+00:00,-1,58.58000183105469,58.2400016784668,time,27661.45,160.54793899496488,149.48335899496487,132.88648899496488,15.0,0.7230277932463954,2025-11-21
2025-11-21 06:00:00 UTC,2025-11-21 10:00:00+00:00,-1,58.2400016784668,57.722392868702606,target,33755.22,299.9999999999984,286.4979119999984,266.2447799999984,15.0,0.5925009098521029,2025-11-21
2025-11-21 10:00:00 UTC,2025-11-21 11:00:00+00:00,-1,57.470001220703125,57.84189679096943,stop,30906.53,-200.00000000000054,-212.36261200000055,-230.90653000000054,23.0,0.6471125149938752,2025-11-21
2025-11-21 18:00:00 UTC,2025-11-23 23:00:00+00:00,-1,57.84000015258789,57.7599983215332,time,26606.78,36.80136656095275,26.15865456095275,10.19458656095275,15.0,0.7516881286202234,2025-11-23
2025-11-23 23:00:00 UTC,2025-11-24 05:00:00+00:00,-1,57.7599983215332,58.08000183105469,time,29210.23,-161.83132691091484,-173.51541891091483,-191.04155691091484,15.0,0.6846915528839149,2025-11-24
2025-11-24 12:00:00 UTC,2025-11-24 14:00:00+00:00,-1,58.18000030517578,57.71995810431344,target,37940.0,299.9999999999978,284.8239999999978,262.0599999999978,15.0,0.5271481591030713,2025-11-24
2025-11-24 14:00:00 UTC,2025-11-24 16:00:00+00:00,-1,58.08000183105469,58.40256021664135,stop,36012.09,-199.99999999999784,-214.40483599999783,-236.01208999999784,15.0,0.5553691036803577,2025-11-24
2025-11-24 23:00:00 UTC,2025-11-25 05:00:00+00:00,-1,58.880001068115234,58.59000015258789,time,42316.39,208.42037378296732,191.4938177829673,166.1039837829673,15.0,0.472630108988253,2025-11-25
2025-11-25 10:00:00 UTC,2025-11-25 12:00:00+00:00,-1,58.650001525878906,58.297153866346605,target,49865.71,299.99999999999955,280.05371599999955,250.13428999999954,15.0,0.40107718141787296,2025-11-25
2025-11-25 12:00:00 UTC,2025-11-25 13:00:00+00:00,-1,57.70000076293945,58.02308292868236,stop,35718.47,-200.00000000000313,-214.28738800000312,-235.71847000000312,38.0,0.5599344219600428,2025-11-25
2025-11-25 20:00:00 UTC,2025-11-26 02:00:00+00:00,-1,57.95000076293945,58.18000030517578,time,32714.9,-129.84317295843402,-142.92913295843402,-162.55807295843402,15.0,0.6113422366879783,2025-11-26
2025-11-26 08:00:00 UTC,2025-11-26 14:00:00+00:00,-1,57.970001220703125,57.88999938964844,time,42481.49,58.62682193418933,41.63422593418933,16.145331934189336,15.0,0.4707932861028669,2025-11-26
2025-11-26 14:00:00 UTC,2025-11-26 16:00:00+00:00,-1,57.88999938964844,58.176674793940066,stop,40387.14,-200.0000000000033,-216.1548560000033,-240.38714000000328,15.0,0.49520712958045965,2025-11-26
2025-11-26 23:00:00 UTC,2025-11-28 14:30:00+00:00,-1,58.470001220703125,58.7549398533932,stop,41040.42,-200.00000000000398,-216.41616800000398,-241.04042000000396,15.0,0.48732448561875763,2025-11-28
2025-11-28 14:30:00 UTC,2025-11-30 23:00:00+00:00,1,59.220001220703125,59.40999984741211,time,41144.13,132.00487896800368,115.54722696800368,90.86074896800369,18.0,0.48609601676857406,2025-11-30
2025-11-30 23:00:00 UTC,2025-12-01 00:00:00+00:00,1,59.40999984741211,59.106887934039456,stop,39200.04,-200.0000000000002,-215.6800160000002,-239.2000400000002,10.0,0.5102035249135868,2025-12-01
2025-12-01 06:00:00 UTC,2025-12-01 11:00:00+00:00,1,59.63999938964844,59.36266990509685,stop,43010.21,-199.999999999999,-217.204083999999,-243.010209999999,10.0,0.46500584740066764,2025-12-01
2025-12-01 18:00:00 UTC,2025-12-02 00:00:00+00:00,1,59.380001068115234,59.52000045776367,time,37706.85,88.90090443137062,73.81816443137062,51.19405443137062,10.0,0.5304076236199687,2025-12-02
2025-12-02 00:00:00 UTC,2025-12-02 06:00:00+00:00,1,59.52000045776367,59.45000076293945,time,44923.55,-52.833243698304656,-70.80266369830466,-97.75679369830465,10.0,0.44520080546506674,2025-12-02
2025-12-02 14:00:00 UTC,2025-12-02 15:00:00+00:00,-1,58.47999954223633,58.76877947961849,stop,40501.43,-200.00000000000372,-216.20057200000372,-240.50143000000372,28.0,0.4938097463109364,2025-12-02
2025-12-02 16:00:00 UTC,2025-12-02 23:00:00+00:00,1,58.81999969482422,58.650001525878906,time,33688.12,-97.36347016832651,-110.83871816832652,-131.05159016832653,10.0,0.5936810367595691,2025-12-02
2025-12-03 06:00:00 UTC,2025-12-03 09:00:00+00:00,1,58.81999969482422,59.190644432129375,target,47608.93,300.0,280.956428,252.39107,10.0,0.420089243146517,2025-12-03
2025-12-03 09:00:00 UTC,2025-12-03 13:00:00+00:00,1,59.470001220703125,59.214344727677116,stop,46523.36,-199.9999999999965,-218.6093439999965,-246.5233599999965,18.0,0.42989152140291687,2025-12-03
2025-12-03 20:00:00 UTC,2025-12-04 02:00:00+00:00,1,59.09000015258789,59.2599983215332,time,37977.21,109.2580223936119,94.0671383936119,71.2808123936119,10.0,0.5266315973777123,2025-12-04
2025-12-04 02:00:00 UTC,2025-12-04 07:00:00+00:00,1,59.2599983215332,59.00120738323741,stop,45797.58,-200.00000000000063,-218.31903200000062,-245.79758000000064,10.0,0.4367042619401473,2025-12-04
2025-12-04 14:00:00 UTC,2025-12-04 15:00:00+00:00,-1,58.880001068115234,59.14491843019411,stop,44451.6,-200.000000000003,-217.78064000000302,-244.451600000003,20.0,0.4499275768905008,2025-12-04
2025-12-04 16:00:00 UTC,2025-12-04 23:00:00+00:00,1,59.86000061035156,59.720001220703125,time,37139.48,-86.86107855351547,-101.71687055351546,-124.00055855351548,25.0,0.5385105342866439,2025-12-04
2025-12-05 16:00:00 UTC,2025-12-05 17:00:00+00:00,1,59.91999816894531,60.33659486409518,target,43149.64,300.0000000000005,282.7401440000005,256.8503600000005,10.0,0.46350323529190723,2025-12-05
2025-12-05 18:00:00 UTC,2025-12-07 23:00:00+00:00,1,60.06999969482422,60.22999954223633,time,41931.78,111.6876799837429,94.9149679837429,69.75589998374289,10.0,0.47696516835286346,2025-12-07
2025-12-07 23:00:00 UTC,2025-12-08 01:00:00+00:00,1,60.22999954223633,59.97797062843122,stop,47796.1,-199.9999999999989,-219.11843999999888,-247.7960999999989,10.0,0.41844415693274484,2025-12-08
2025-12-08 14:00:00 UTC,2025-12-08 18:00:00+00:00,-1,59.33000183105469,58.93735107658101,target,45330.36,299.99999999999727,281.8678559999973,254.6696399999973,15.0,0.4412053962083413,2025-12-08
2025-12-08 18:00:00 UTC,2025-12-09 00:00:00+00:00,1,58.79999923706055,58.880001068115234,time,42567.22,57.91590979648004,40.88902179648004,15.348689796480038,10.0,0.4698451187273908,2025-12-09
2025-12-09 16:00:00 UTC,2025-12-09 23:00:00+00:00,-1,58.220001220703125,58.349998474121094,time,48504.89,-108.3047416227299,-127.7066976227299,-156.8096316227299,23.0,0.4123295798224816,2025-12-09
2025-12-10 16:00:00 UTC,2025-12-10 18:00:00+00:00,-1,58.130001068115234,58.3756272101249,stop,47332.1,-200.00000000000335,-218.93284000000335,-247.33210000000335,15.0,0.4225462540794381,2025-12-10
2025-12-11 00:00:00 UTC,2025-12-11 04:00:00+00:00,-1,58.779998779296875,58.40713478282388,target,47293.38,299.9999999999992,281.0826479999992,252.7066199999992,15.0,0.42289214496583993,2025-12-11
2025-12-11 04:00:00 UTC,2025-12-11 07:00:00+00:00,-1,58.38999938964844,58.039435644128524,target,49968.09,300.00000000000085,280.01276400000086,250.03191000000086,15.0,0.40025546518737315,2025-12-11
2025-12-11 07:00:00 UTC,2025-12-11 08:00:00+00:00,-1,58.060001373291016,57.72235980052671,target,51587.25,300.00000000000233,279.3651000000023,248.41275000000235,15.0,0.3876926912137777,2025-12-11
2025-12-11 08:00:00 UTC,2025-12-11 14:00:00+00:00,-1,57.72999954223633,57.3693321059474,target,48019.31,300.00000000000136,280.7922760000014,251.98069000000137,23.0,0.4164991502382343,2025-12-11
2025-12-11 14:00:00 UTC,2025-12-11 19:00:00+00:00,-1,57.31999969482422,57.568395159661165,stop,46152.21,-200.0000000000003,-218.4608840000003,-246.1522100000003,15.0,0.4333486848559334,2025-12-11
2025-12-12 02:00:00 UTC,2025-12-12 08:00:00+00:00,-1,58.02000045776367,58.099998474121094,time,51952.4,-71.63200942851964,-92.41296942851963,-123.58440942851963,15.0,0.38496775274055217,2025-12-12
2025-12-12 14:00:00 UTC,2025-12-12 15:00:00+00:00,-1,57.58000183105469,57.22182407582046,target,48227.45,299.999999999999,280.709019999999,251.77254999999897,15.0,0.4147015674934732,2025-12-12
2025-12-12 16:00:00 UTC,2025-12-14 23:00:00+00:00,-1,57.65999984741211,57.58000183105469,time,42134.08,58.457217147584,41.603585147584,16.323137147583992,15.0,0.47467508857556107,2025-12-14
2025-12-14 23:00:00 UTC,2025-12-15 05:00:00+00:00,-1,57.58000183105469,57.689998626708984,time,48328.08,-92.32256474947303,-111.65379674947303,-140.65064474947303,15.0,0.4138381217308247,2025-12-15
2025-12-15 12:00:00 UTC,2025-12-15 13:00:00+00:00,-1,57.18000030517578,57.38768664476271,stop,55063.8,-200.00000000000244,-222.02552000000244,-255.06380000000246,15.0,0.3632150025856618,2025-12-15
2025-12-15 16:00:00 UTC,2025-12-15 19:00:00+00:00,-1,56.599998474121094,56.85362943435494,stop,44631.77,-199.99999999999255,-217.85270799999256,-244.63176999999254,38.0,0.4481112492429215,2025-12-15
2025-12-15 19:00:00 UTC,2025-12-16 01:00:00+00:00,1,56.7400016784668,56.48108103634852,stop,43828.1,-200.00000000000009,-217.53124000000008,-243.8281000000001,15.0,0.4563282242843827,2025-12-16
2025-12-16 01:00:00 UTC,2025-12-16 07:00:00+00:00,-1,56.47999954223633,56.380001068115234,time,51392.48,90.99097031728938,70.43397831728939,39.598490317289375,15.0,0.3891619653098347,2025-12-16
2025-12-16 07:00:00 UTC,2025-12-16 08:00:00+00:00,-1,56.380001068115234,56.08444891470087,target,57228.48,300.0000000000035,277.1086080000035,242.77152000000353,15.0,0.34947634836838615,2025-12-16
2025-12-16 08:00:00 UTC,2025-12-16 09:00:00+00:00,-1,56.13999938964844,55.79698674115852,target,49100.23,299.999999999998,280.35990799999803,250.899769999998,15.0,0.407330070323166,2025-12-16
2025-12-16 10:00:00 UTC,2025-12-16 14:00:00+00:00,-1,55.81999969482422,55.44304050512407,target,44423.91,299.99999999999903,282.23043599999903,255.57608999999903,23.0,0.45020803984359475,2025-12-16
2025-12-16 14:00:00 UTC,2025-12-16 17:00:00+00:00,-1,55.29999923706055,55.5844717913155,stop,38878.97,-199.99999999999648,-215.55158799999649,-238.87896999999649,15.0,0.5144169225671766,2025-12-16
2025-12-16 23:00:00 UTC,2025-12-17 00:00:00+00:00,-1,55.439998626708984,55.77104402857773,stop,33493.89,-200.00000000000426,-213.39755600000427,-233.49389000000426,15.0,0.5971237555356821,2025-12-17
2025-12-17 00:00:00 UTC,2025-12-17 02:00:00+00:00,-1,55.59000015258789,55.95311365284437,stop,30618.53,-200.00000000000196,-212.24741200000196,-230.61853000000195,35.0,0.6531993150922382,2025-12-17
2025-12-17 08:00:00 UTC,2025-12-17 09:00:00+00:00,-1,56.15999984741211,56.538284080730726,stop,29691.96,-200.00000000000034,-211.87678400000033,-229.69196000000034,35.0,0.6735830383661364,2025-12-17
2025-12-17 12:00:00 UTC,2025-12-17 18:00:00+00:00,-1,56.099998474121094,55.880001068115234,time,28188.91,110.54345011333041,99.2678861133304,82.35454011333042,50.0,0.7094988425525701,2025-12-17
2025-12-17 18:00:00 UTC,2025-12-17 20:00:00+00:00,-1,55.880001068115234,56.30050265058767,stop,26577.78,-200.00000000000148,-210.63111200000148,-226.57778000000147,35.0,0.7525081861753311,2025-12-17
2025-12-18 02:00:00 UTC,2025-12-18 08:00:00+00:00,-1,56.220001220703125,56.130001068115234,time,28657.18,45.87602438795679,34.413152387956785,17.21884438795679,15.0,0.6979054917711423,2025-12-18
2025-12-18 08:00:00 UTC,2025-12-18 14:00:00+00:00,-1,56.130001068115234,56.38999938964844,time,36184.46,-167.60908570391052,-182.08286970391052,-203.79354570391052,15.0,0.5527235034283913,2025-12-18
2025-12-18 20:00:00 UTC,2025-12-19 02:00:00+00:00,-1,55.88999938964844,55.849998474121094,time,37231.28,26.64672410073849,11.754212100738489,-10.58455589926151,15.0,0.5371826742657532,2025-12-19
2025-12-19 08:00:00 UTC,2025-12-19 10:00:00+00:00,-1,55.86000061035156,56.09244846777288,stop,48062.39,-199.99999999999915,-219.22495599999914,-248.06238999999914,15.0,0.4161257695694434,2025-12-19
2025-12-19 16:00:00 UTC,2025-12-21 23:00:00+00:00,-1,56.439998626708984,56.72365112226524,stop,39795.17,-199.99999999999582,-215.91806799999583,-239.79516999999584,15.0,0.5025735337669329,2025-12-21
2025-12-21 23:00:00 UTC,2025-12-22 05:00:00+00:00,1,56.869998931884766,57.150001525878906,time,42041.35,206.99290351491115,190.17636351491115,164.95155351491115,10.0,0.4757221509205851,2025-12-22
2025-12-22 05:00:00 UTC,2025-12-22 09:00:00+00:00,1,57.150001525878906,56.91807686920505,stop,49283.25,-199.9999999999991,-219.7132999999991,-249.2832499999991,10.0,0.40581741116635694,2025-12-22
2025-12-22 12:00:00 UTC,2025-12-22 13:00:00+00:00,1,57.709999084472656,58.07119468943123,target,47932.48,300.00000000000205,280.827008000002,252.06752000000205,18.0,0.4172536367916347,2025-12-22
2025-12-22 16:00:00 UTC,2025-12-22 23:00:00+00:00,1,57.810001373291016,57.880001068115234,time,41551.26,50.312665454000474,33.69216145400047,8.761405454000467,10.0,0.4813332205028336,2025-12-22
2025-12-22 23:00:00 UTC,2025-12-23 05:00:00+00:00,1,57.880001068115234,57.790000915527344,time,48180.14,-74.91741447826347,-94.18947047826347,-123.09755447826348,10.0,0.41510879044312404,2025-12-23
2025-12-23 14:00:00 UTC,2025-12-23 16:00:00+00:00,1,57.790000915527344,58.09293051132877,target,57231.12,299.99999999999557,277.10755199999556,242.76887999999556,10.0,0.3494602191870817,2025-12-23
2025-12-23 16:00:00 UTC,2025-12-23 19:00:00+00:00,1,58.08000183105469,58.41030846299031,target,52750.99,299.99999999999767,278.8996039999977,247.24900999999767,10.0,0.3791398318666627,2025-12-23
2025-12-23 19:00:00 UTC,2025-12-24 01:00:00+00:00,1,58.459999084472656,58.369998931884766,time,54457.2,-83.8377753462349,-105.62065534623491,-138.2949753462349,18.0,0.3672608977561286,2025-12-24
2025-12-24 14:30:00 UTC,2025-12-24 15:30:00+00:00,1,58.56999969482422,58.372806423220254,stop,59403.65,-200.00000000000125,-223.76146000000125,-259.4036500000012,10.0,0.33667965277689627,2025-12-24
2025-12-26 05:00:00 UTC,2025-12-26 10:00:00+00:00,1,58.43000030517578,58.75938442297534,target,53217.5,299.999999999996,278.71299999999604,246.78249999999602,10.0,0.3758162086590339,2025-12-26
2025-12-26 10:00:00 UTC,2025-12-26 11:00:00+00:00,1,58.560001373291016,58.32142542005554,stop,49091.29,-199.99999999999847,-219.63651599999847,-249.09128999999848,10.0,0.4074042821732084,2025-12-26
2025-12-26 18:00:00 UTC,2025-12-26 19:00:00+00:00,1,57.02000045776367,56.74474822788007,stop,41431.09,-199.99999999999716,-216.57243599999717,-241.43108999999714,10.0,0.482729266351882,2025-12-26
2025-12-28 23:00:00 UTC,2025-12-29 05:00:00+00:00,1,57.209999084472656,57.38999938964844,time,38546.88,121.28037069718953,105.86161869718953,82.73349069718952,10.0,0.5188487568823235,2025-12-29
2025-12-29 05:00:00 UTC,2025-12-29 09:00:00+00:00,1,57.38999938964844,57.76305183271009,target,46151.69,300.00000000000233,281.53932400000235,253.84831000000233,10.0,0.43335360054495026,2025-12-29
2025-12-29 09:00:00 UTC,2025-12-29 13:00:00+00:00,-1,57.97999954223633,58.236471762419846,stop,45213.47,-199.99999999999835,-218.08538799999835,-245.21346999999835,15.0,0.44234601967647397,2025-12-29
2025-12-29 20:00:00 UTC,2025-12-30 02:00:00+00:00,1,57.84000015258789,57.959999084472656,time,44976.65,93.3117111350239,75.3210511350239,48.3350611350239,10.0,0.44467522870363585,2025-12-30
2025-12-30 02:00:00 UTC,2025-12-30 08:00:00+00:00,1,57.959999084472656,58.220001220703125,time,49181.12,220.62104502168071,200.9485970216807,171.43992502168072,10.0,0.4066601388217765,2025-12-30
2025-12-30 08:00:00 UTC,2025-12-30 14:00:00+00:00,1,58.220001220703125,58.38999938964844,time,52640.21,153.7055745857909,132.64949058579091,101.06536458579092,10.0,0.3799377183405261,2025-12-30
2025-12-30 14:00:00 UTC,2025-12-30 16:00:00+00:00,1,58.38999938964844,58.174169502542554,stop,54107.43,-199.99999999999892,-221.6429719999989,-254.10742999999894,10.0,0.3696350220276718,2025-12-30
2025-12-31 10:00:00 UTC,2025-12-31 11:00:00+00:00,-1,58.099998474121094,58.30341603453295,stop,57123.88,-200.00000000000387,-222.84955200000385,-257.12388000000385,10.0,0.35011629217591056,2025-12-31
2025-12-31 14:00:00 UTC,2025-12-31 15:00:00+00:00,1,58.25,58.01009275380659,stop,48560.43,-200.00000000000003,-219.42417200000003,-248.56043000000003,10.0,0.4118579333792464,2025-12-31
2025-12-31 16:00:00 UTC,2025-12-31 18:00:00+00:00,-1,57.86000061035156,57.456498123781195,target,43018.32,300.00000000000233,282.7926720000023,256.9816800000023,10.0,0.46491817296222077,2025-12-31
2025-12-31 18:00:00 UTC,2026-01-02 05:00:00+00:00,-1,57.56999969482422,57.75,time,42943.69,-134.2691951201635,-151.4466711201635,-177.2128851201635,18.0,0.4657261506701436,2026-01-02
2026-01-02 12:00:00 UTC,2026-01-02 18:00:00+00:00,-1,56.91999816894531,57.21929724456118,stop,38035.53,-199.99999999999795,-215.21421199999796,-238.03552999999795,15.0,0.5258241132185534,2026-01-02
2026-01-04 23:00:00 UTC,2026-01-05 01:00:00+00:00,-1,57.31999969482422,57.60894761104855,stop,39674.97,-200.0000000000011,-215.86998800000111,-239.6749700000011,15.0,0.5040961579949551,2026-01-05
2026-01-05 08:00:00 UTC,2026-01-05 09:00:00+00:00,-1,56.599998474121094,56.88868474850255,stop,39212.12,-199.9999999999981,-215.68484799999808,-239.2121199999981,15.0,0.51004643491899,2026-01-05
2026-01-05 16:00:00 UTC,2026-01-05 23:00:00+00:00,-1,58.119998931884766,58.220001220703125,time,29715.13,-51.128371743101305,-63.014423743101304,-80.8435017431013,15.0,0.6730578221503426,2026-01-05
2026-01-06 02:00:00 UTC,2026-01-06 08:00:00+00:00,1,57.9900016784668,58.44390559784653,target,38327.5,299.9999999999965,284.66899999999646,261.6724999999965,10.0,0.5218185965878152,2026-01-06
2026-01-06 08:00:00 UTC,2026-01-06 14:00:00+00:00,1,58.470001220703125,58.182258732309826,stop,40640.51,-200.00000000000088,-216.25620400000088,-240.6405100000009,10.0,0.49211986041726535,2026-01-06
2026-01-06 20:00:00 UTC,2026-01-06 23:00:00+00:00,1,56.900001525878906,56.562991264566186,stop,33767.52,-200.00000000000003,-213.50700800000004,-233.76752000000002,10.0,0.5922851533834199,2026-01-06
2026-01-07 02:00:00 UTC,2026-01-07 08:00:00+00:00,-1,56.43000030517578,56.540000915527344,time,30322.98,-59.10945624440338,-71.23864824440338,-89.43243624440338,15.0,0.6595657169547788,2026-01-07
2026-01-07 14:00:00 UTC,2026-01-07 17:00:00+00:00,-1,56.5099983215332,55.934585464939964,target,29462.32,299.9999999999987,288.2150719999987,270.5376799999987,15.0,0.6788330958346296,2026-01-07
2026-01-07 17:00:00 UTC,2026-01-07 19:00:00+00:00,-1,55.869998931884766,56.25325268211558,stop,29155.62,-199.99999999999721,-211.66224799999722,-229.1556199999972,23.0,0.6859741499155432,2026-01-07
2026-01-08 02:00:00 UTC,2026-01-08 08:00:00+00:00,-1,56.220001220703125,56.189998626708984,time,37620.07,20.07647718491741,5.028449184917411,-17.543592815082587,15.0,0.5316311752495516,2026-01-08
2026-01-08 14:00:00 UTC,2026-01-08 17:00:00+00:00,-1,56.970001220703125,57.24771595698284,stop,41027.71,-200.0000000000057,-216.4110840000057,-241.0277100000057,15.0,0.4874753911340654,2026-01-08
2026-01-08 23:00:00 UTC,2026-01-09 05:00:00+00:00,-1,58.279998779296875,58.16999816894531,time,35399.28,66.8143858405392,52.6546738405392,31.415105840539205,15.0,0.5649832543175919,2026-01-09
2026-01-09 05:00:00 UTC,2026-01-09 09:00:00+00:00,1,58.16999816894531,57.90420876801334,stop,43771.5,-199.9999999999999,-217.5085999999999,-243.7714999999999,10.0,0.4569183587732457,2026-01-09
2026-01-09 14:00:00 UTC,2026-01-09 16:00:00+00:00,1,59.2400016784668,59.75276544665512,target,34659.24,299.9999999999957,286.1363039999957,265.34075999999567,18.0,0.5770467630655204,2026-01-09
2026-01-09 16:00:00 UTC,2026-01-09 17:00:00+00:00,1,59.7599983215332,59.39392002589807,stop,32648.75,-200.00000000000256,-213.05950000000257,-232.64875000000256,18.0,0.6125808331946039,2026-01-09
2026-01-11 23:00:00 UTC,2026-01-12 01:00:00+00:00,1,59.599998474121094,59.20276408213789,stop,30007.47,-199.99999999999886,-212.00298799999885,-230.00746999999888,10.0,0.6665006747536908,2026-01-12
2026-01-12 08:00:00 UTC,2026-01-12 11:00:00+00:00,1,58.939998626708984,58.58381415865048,stop,33095.21,-200.0000000000024,-213.23808400000237,-233.0952100000024,10.0,0.6043170620249895,2026-01-12
2026-01-12 18:00:00 UTC,2026-01-12 19:00:00+00:00,1,59.11000061035156,59.66850884074041,target,31750.65,300.000000000002,287.299740000002,268.249350000002,10.0,0.6299083343166512,2026-01-12
2026-01-12 20:00:00 UTC,2026-01-13 02:00:00+00:00,1,59.5099983215332,59.68000030517578,time,30563.81,87.31153014908658,75.08600614908659,56.747720149086575,10.0,0.6543685935592223,2026-01-13
2026-01-13 02:00:00 UTC,2026-01-13 08:00:00+00:00,1,59.68000030517578,60.119998931884766,time,33432.8,246.4876768888858,233.1145568888858,213.05487688888581,10.0,0.598214985831591,2026-01-13
2026-01-13 08:00:00 UTC,2026-01-13 09:00:00+00:00,1,60.119998931884766,60.593317866226315,target,38105.38,300.0,284.757848,261.89462000000003,10.0,0.5248602159577698,2026-01-13
2026-01-13 10:00:00 UTC,2026-01-13 14:00:00+00:00,1,60.349998474121094,60.882400920719206,target,34006.23,300.00000000000034,286.39750800000036,265.9937700000003,10.0,0.588127544942594,2026-01-13
2026-01-13 14:00:00 UTC,2026-01-13 19:00:00+00:00,1,61.0,60.57034153666122,stop,28394.65,-200.00000000000202,-211.357860000002,-228.394650000002,33.0,0.7043581366209476,2026-01-13
2026-01-14 02:00:00 UTC,2026-01-14 08:00:00+00:00,1,60.91999816894531,60.54488262634342,stop,32480.66,-199.99999999999946,-212.99226399999947,-232.48065999999946,10.0,0.6157510733365557,2026-01-14
2026-01-14 10:00:00 UTC,2026-01-14 12:00:00+00:00,1,62.0,61.60218939899939,stop,31170.61,-200.00000000000105,-212.46824400000105,-231.17061000000103,18.0,0.6416300016138793,2026-01-14
2026-01-14 18:00:00 UTC,2026-01-14 20:00:00+00:00,1,61.83000183105469,61.41589421769901,stop,29861.8,-200.00000000000006,-211.94472000000005,-229.86180000000004,10.0,0.6697519021383656,2026-01-14
2026-01-14 20:00:00 UTC,2026-01-14 21:00:00+00:00,-1,60.2599983215332,60.86259830474854,stop,20000.0,-200.00000000000085,-208.00000000000085,-220.00000000000085,23.0,1.0,2026-01-14
2026-01-14 23:00:00 UTC,2026-01-15 01:00:00+00:00,1,60.75,60.1425,stop,20000.0,-200.00000000000057,-208.00000000000057,-220.00000000000057,10.0,1.0,2026-01-15
2026-01-15 08:00:00 UTC,2026-01-15 09:00:00+00:00,1,60.040000915527344,59.483764158686185,stop,21587.93,-199.99999999999932,-208.63517199999933,-221.58792999999932,10.0,0.9264436181867355,2026-01-15
2026-01-15 16:00:00 UTC,2026-01-15 23:00:00+00:00,-1,58.900001525878906,59.060001373291016,time,21324.44,-57.927123716519624,-66.45689971651963,-79.25156371651963,10.0,0.9378908378485328,2026-01-15
2026-01-16 06:00:00 UTC,2026-01-16 08:00:00+00:00,-1,59.04999923706055,59.393349431656375,stop,34396.37,-199.99999999999932,-213.7585479999993,-234.3963699999993,10.0,0.5814567299441022,2026-01-16
2026-01-16 14:00:00 UTC,2026-01-16 16:00:00+00:00,-1,59.45000076293945,59.81422851450723,stop,32644.41,-200.0000000000021,-213.0577640000021,-232.6444100000021,10.0,0.6126623160530335,2026-01-16
2026-01-19 04:00:00 UTC,2026-01-20 05:00:00+00:00,-1,59.33000183105469,59.31999969482422,time,35032.45,5.905938116776322,-8.107041883223676,-29.126511883223674,10.0,0.5708992957492968,2026-01-20
2026-01-20 12:00:00 UTC,2026-01-20 14:00:00+00:00,-1,59.900001525878906,60.24909218888244,stop,34317.73,-199.9999999999987,-213.7270919999987,-234.3177299999987,10.0,0.5827890719714252,2026-01-20
2026-01-20 20:00:00 UTC,2026-01-21 02:00:00+00:00,-1,59.47999954223633,59.77000045776367,time,28710.57,-139.98134849902664,-151.46557649902664,-168.69191849902663,18.0,0.6966076431006499,2026-01-21
2026-01-21 08:00:00 UTC,2026-01-21 09:00:00+00:00,-1,59.310001373291016,59.64993174529733,stop,34895.38,-200.0000000000024,-213.95815200000237,-234.89538000000238,10.0,0.5731417368663067,2026-01-21
2026-01-21 16:00:00 UTC,2026-01-21 23:00:00+00:00,-1,60.45000076293945,60.5099983215332,time,30751.39,-30.521227243900384,-42.821783243900384,-61.272617243900385,10.0,0.6503771448031523,2026-01-21
2026-01-21 23:00:00 UTC,2026-01-22 05:00:00+00:00,1,60.5099983215332,60.720001220703125,time,35369.08,122.75010499051808,108.60247299051808,87.38102499051809,10.0,0.5654657081490617,2026-01-22
2026-01-22 10:00:00 UTC,2026-01-22 11:00:00+00:00,1,59.849998474121094,59.563158891418055,stop,41730.64,-199.99999999999864,-216.69225599999862,-241.73063999999863,15.0,0.47926414371934967,2026-01-22
2026-01-22 18:00:00 UTC,2026-01-23 00:00:00+00:00,1,59.2599983215332,59.68000030517578,time,32899.08,233.17038921270444,220.01075721270445,200.27130921270444,15.0,0.6079198225453336,2026-01-23
2026-01-23 00:00:00 UTC,2026-01-23 06:00:00+00:00,1,59.68000030517578,59.970001220703125,time,38535.94,187.25630769514092,171.84193169514091,148.7203676951409,15.0,0.518996097416099,2026-01-23
2026-01-23 08:00:00 UTC,2026-01-23 10:00:00+00:00,-1,59.900001525878906,60.188501646823205,stop,41525.11,-200.0000000000005,-216.6100440000005,-241.5251100000005,10.0,0.4816362497414229,2026-01-23
2026-01-23 14:00:00 UTC,2026-01-23 15:00:00+00:00,1,61.150001525878906,60.832592419394366,stop,38530.72,-199.99999999999878,-215.41228799999877,-238.53071999999878,23.0,0.5190663917648689,2026-01-23
2026-01-25 23:00:00 UTC,2026-01-26 05:00:00+00:00,1,61.040000915527344,61.22999954223633,time,37043.92,115.30624506197127,100.48867706197127,78.26232506197127,15.0,0.5398997128948548,2026-01-26
2026-01-26 05:00:00 UTC,2026-01-26 06:00:00+00:00,1,61.22999954223633,61.663768116095824,target,42347.47,299.99999999999966,283.06101199999966,257.6525299999997,15.0,0.4722832784608939,2026-01-26
2026-01-26 06:00:00 UTC,2026-01-26 07:00:00+00:00,1,61.54999923706055,61.24290434022888,stop,40085.33,-200.00000000000196,-216.03413200000196,-240.08533000000196,15.0,0.49893566310030585,2026-01-26
2026-01-26 14:00:00 UTC,2026-01-26 20:00:00+00:00,1,60.529998779296875,60.77000045776367,time,33575.54,133.12712805960024,119.69691205960024,99.55158805960023,15.0,0.5956718081720864,2026-01-26
2026-01-26 20:00:00 UTC,2026-01-27 01:00:00+00:00,1,60.77000045776367,60.39006082815541,stop,31989.29,-199.9999999999974,-212.7957159999974,-231.98928999999742,15.0,0.6252091932635897,2026-01-27
2026-01-27 08:00:00 UTC,2026-01-27 10:00:00+00:00,1,60.43000030517578,60.87922148221555,target,40356.51,300.00000000000324,283.85739600000323,259.6434900000032,15.0,0.4955829607492568,2026-01-27
2026-01-27 10:00:00 UTC,2026-01-27 11:00:00+00:00,1,60.939998626708984,60.62529327725351,stop,38728.29,-200.00000000000142,-215.49131600000143,-238.72829000000144,15.0,0.5164183730676033,2026-01-27
2026-01-27 16:00:00 UTC,2026-01-27 19:00:00+00:00,1,61.900001525878906,62.542109935433416,target,28920.35,299.9999999999977,288.43185999999776,271.07964999999774,23.0,0.6915545435929857,2026-01-27
2026-01-27 19:00:00 UTC,2026-01-28 01:00:00+00:00,1,62.189998626708984,62.45000076293945,time,28925.44,120.93064037824699,109.36046437824699,92.005200378247,15.0,0.6914328547527187,2026-01-28
2026-01-28 01:00:00 UTC,2026-01-28 07:00:00+00:00,1,62.45000076293945,62.5,time,32949.49,26.3802972115817,13.200501211581699,-6.569192788418299,35.0,0.6069895872686502,2026-01-28
2026-01-28 14:00:00 UTC,2026-01-28 15:00:00+00:00,1,63.18000030517578,62.7574368749601,stop,29903.2,-199.9999999999989,-211.96127999999888,-229.9031999999989,43.0,0.6688246726410153,2026-01-28
2026-01-28 23:00:00 UTC,2026-01-29 02:00:00+00:00,1,63.380001068115234,63.99279579309934,target,31028.34,299.9999999999999,287.5886639999999,268.9716599999999,35.0,0.6445721201819149,2026-01-29
2026-01-29 02:00:00 UTC,2026-01-29 08:00:00+00:00,1,64.0199966430664,64.62868799755742,target,31552.94,299.9999999999996,287.3788239999996,268.4470599999996,35.0,0.6338554476811153,2026-01-29
2026-01-29 08:00:00 UTC,2026-01-29 13:00:00+00:00,1,64.62000274658203,65.22213503732007,target,32195.58,299.999999999998,287.121767999998,267.804419999998,35.0,0.6212032034924806,2026-01-29
2026-01-29 13:00:00 UTC,2026-01-29 14:00:00+00:00,1,65.44999694824219,66.15889330167897,target,27697.98,300.00000000000085,288.9208080000009,272.3020200000009,35.0,0.7220742413961991,2026-01-29
2026-01-29 14:00:00 UTC,2026-01-29 15:00:00+00:00,1,66.12999725341797,65.61401366573887,stop,25632.6,-199.99999999999804,-210.25303999999804,-225.63259999999804,58.0,0.7802564783146702,2026-01-29
2026-01-29 23:00:00 UTC,2026-01-30 00:00:00+00:00,1,65.58999633789062,65.0138170359036,stop,22767.22,-199.9999999999976,-209.1068879999976,-222.76721999999762,35.0,0.8784560667129963,2026-01-30
2026-01-30 06:00:00 UTC,2026-01-30 09:00:00+00:00,1,64.0199966430664,64.96050769956544,target,20420.81,299.99999999999955,291.83167599999956,279.5791899999995,35.0,0.979393008242627,2026-01-30
2026-01-30 09:00:00 UTC,2026-01-30 14:00:00+00:00,1,64.68000030517578,65.59524841958861,target,21200.81,300.0000000000006,291.51967600000063,278.79919000000064,35.0,0.9433602454076175,2026-01-30
2026-01-30 14:00:00 UTC,2026-02-02 18:00:00+00:00,1,65.69000244140625,65.07863725295256,stop,21489.61,-199.99999999999991,-208.59584399999991,-221.4896099999999,43.0,0.9306822434646903,2026-02-02
2026-02-02 18:00:00 UTC,2026-02-02 21:00:00+00:00,-1,61.72999954223633,62.34729953765869,stop,20000.0,-200.00000000000028,-208.00000000000028,-220.00000000000028,23.0,1.0,2026-02-02
2026-02-02 23:00:00 UTC,2026-02-03 05:00:00+00:00,1,61.939998626708984,61.869998931884766,time,20000.0,-22.602420528318955,-30.602420528318955,-42.60242052831896,15.0,1.0,2026-02-03
2026-02-03 08:00:00 UTC,2026-02-03 10:00:00+00:00,-1,61.619998931884766,62.18897053556742,stop,21660.13,-199.9999999999979,-208.6640519999979,-221.6601299999979,10.0,0.9233554260713426,2026-02-03
2026-02-03 16:00:00 UTC,2026-02-03 17:00:00+00:00,-1,62.66999816894531,63.20958355305743,stop,23228.95,-200.00000000000088,-209.2915800000009,-223.22895000000088,10.0,0.8609947341270102,2026-02-03
2026-02-03 23:00:00 UTC,2026-02-04 05:00:00+00:00,-1,63.7599983215332,63.75,time,21178.76,3.321079742591252,-5.150424257408748,-17.857680257408745,10.0,0.9443424100410899,2026-02-04
2026-02-04 08:00:00 UTC,2026-02-04 09:00:00+00:00,-1,63.16999816894531,63.67431079900215,stop,25051.92,-199.99999999999673,-210.02076799999674,-225.05191999999673,18.0,0.7983420051843033,2026-02-04
2026-02-04 16:00:00 UTC,2026-02-04 17:00:00+00:00,-1,63.540000915527344,64.05608752820905,stop,24623.77,-199.99999999999923,-209.84950799999922,-224.62376999999924,10.0,0.8122231747648423,2026-02-04
2026-02-04 18:00:00 UTC,2026-02-04 19:00:00+00:00,1,65.05999755859375,64.42612715117538,stop,20527.85,-200.00000000000068,-208.21114000000068,-220.52785000000068,23.0,0.9742859379106158,2026-02-04
2026-02-05 02:00:00 UTC,2026-02-05 08:00:00+00:00,1,63.689998626708984,64.12000274658203,time,20498.45,138.3956189599623,130.1962389599623,117.8971689599623,15.0,0.9756836567461399,2026-02-05
2026-02-05 08:00:00 UTC,2026-02-05 12:00:00+00:00,1,64.12000274658203,63.6095183664092,stop,25121.24,-200.00000000000085,-210.04849600000085,-225.12124000000085,15.0,0.7961390491363373,2026-02-05
2026-02-05 18:00:00 UTC,2026-02-05 23:00:00+00:00,1,63.380001068115234,62.79929697724162,stop,21828.67,-200.00000000000082,-208.73146800000083,-221.8286700000008,15.0,0.9162260667202025,2026-02-05
2026-02-05 23:00:00 UTC,2026-02-06 02:00:00+00:00,-1,62.81999969482422,63.35308981089006,stop,23568.25,-200.00000000000054,-209.42730000000054,-223.56825000000055,10.0,0.8485993611199635,2026-02-06
2026-02-06 08:00:00 UTC,2026-02-06 09:00:00+00:00,-1,64.08000183105469,64.57963349414666,stop,25650.9,-199.99999999999733,-210.26035999999732,-225.65089999999734,10.0,0.7796998264907171,2026-02-06
2026-02-06 10:00:00 UTC,2026-02-06 13:00:00+00:00,-1,63.400001525878906,62.58756951464823,target,23411.19,299.9999999999984,290.6355239999984,276.58880999999843,18.0,0.8542923151182766,2026-02-06
2026-02-06 13:00:00 UTC,2026-02-06 14:00:00+00:00,-1,62.38999938964844,63.013899383544924,stop,20000.0,-200.00000000000074,-208.00000000000074,-220.00000000000074,18.0,1.0,2026-02-06
2026-02-06 16:00:00 UTC,2026-02-06 19:00:00+00:00,1,64.16000366210938,63.51840362548828,stop,20000.0,-199.99999999999955,-207.99999999999955,-219.99999999999955,23.0,1.0,2026-02-06
2026-02-08 23:00:00 UTC,2026-02-09 05:00:00+00:00,1,62.95000076293945,62.900001525878906,time,21741.94,-17.268946569661598,-25.965722569661597,-39.010886569661594,15.0,0.9198812943648284,2026-02-09
2026-02-09 06:00:00 UTC,2026-02-09 10:00:00+00:00,-1,62.880001068115234,63.32128481684146,stop,28498.67,-200.00000000000227,-211.3994680000023,-228.49867000000228,10.0,0.7017871202772389,2026-02-09
2026-02-09 16:00:00 UTC,2026-02-09 23:00:00+00:00,-1,64.8499984741211,64.41000366210938,time,25005.78,169.65939899797658,159.6570869979766,144.6536189979766,10.0,0.7998152066364986,2026-02-09
2026-02-09 23:00:00 UTC,2026-02-10 01:00:00+00:00,1,64.41000366210938,63.98927452400564,stop,30618.28,-200.00000000000088,-212.24731200000087,-230.61828000000088,15.0,0.653204648630131,2026-02-10
2026-02-10 08:00:00 UTC,2026-02-10 09:00:00+00:00,1,64.61000061035156,64.25535930132207,stop,36436.82,-200.00000000000122,-214.57472800000122,-236.43682000000123,15.0,0.5488953810235185,2026-02-10
2026-02-10 16:00:00 UTC,2026-02-10 23:00:00+00:00,1,63.97999954223633,64.30999755859375,time,32241.51,166.2962559320919,153.3996519320919,134.0547459320919,15.0,0.6203183391847168,2026-02-10
2026-02-10 23:00:00 UTC,2026-02-11 05:00:00+00:00,1,64.30999755859375,64.3499984741211,time,34383.96,21.38687382421583,7.633289824215829,-12.997086175784165,15.0,0.5816665999390392,2026-02-11
2026-02-11 16:00:00 UTC,2026-02-11 18:00:00+00:00,1,65.06999969482422,64.69769596254731,stop,34955.33,-200.0000000000013,-213.98213200000131,-234.9553300000013,15.0,0.572158804399865,2026-02-11
2026-02-12 00:00:00 UTC,2026-02-12 06:00:00+00:00,1,64.97000122070312,64.83000183105469,time,37746.39,-81.33709829226324,-96.43565429226324,-119.08348829226324,15.0,0.5298520124522956,2026-02-12
2026-02-12 14:00:00 UTC,2026-02-12 15:00:00+00:00,1,63.959999084472656,63.598311934788775,stop,35367.58,-199.99999999999775,-214.14703199999775,-235.36757999999776,15.0,0.5654896104770126,2026-02-12
2026-02-12 16:00:00 UTC,2026-02-12 23:00:00+00:00,-1,62.77000045776367,62.849998474121094,time,29924.95,-38.13822810650532,-50.10820810650532,-68.06317810650532,23.0,0.6683386393857985,2026-02-12
2026-02-13 12:00:00 UTC,2026-02-13 13:00:00+00:00,-1,62.58000183105469,62.94149409814332,stop,34623.15,-200.00000000000065,-213.84926000000064,-234.62315000000066,10.0,0.5776482206960367,2026-02-13
2026-02-13 20:00:00 UTC,2026-02-15 23:00:00+00:00,-1,62.7400016784668,62.900001525878906,time,31802.8,-81.10363973700395,-93.82475973700394,-112.90643973700395,10.0,0.6288755257625601,2026-02-15
2026-02-17 14:00:00 UTC,2026-02-17 20:00:00+00:00,-1,62.349998474121094,62.18000030517578,time,30811.64,84.00837079165065,71.68371479165064,53.19673079165065,18.0,0.6491054114172867,2026-02-17
2026-02-17 20:00:00 UTC,2026-02-18 02:00:00+00:00,-1,62.18000030517578,62.2599983215332,time,29945.64,-38.52672802860506,-50.504984028605065,-68.47236802860506,10.0,0.6678768143651986,2026-02-18
2026-02-18 12:00:00 UTC,2026-02-18 14:00:00+00:00,-1,63.97999954223633,64.336475429006,stop,35895.84,-200.00000000000003,-214.35833600000004,-235.89584000000002,10.0,0.5571676919665265,2026-02-18
2026-02-18 14:00:00 UTC,2026-02-18 17:00:00+00:00,1,64.26000213623047,64.83745952075552,target,33384.28,300.00000000000165,286.6462880000017,266.61572000000166,23.0,0.5990843088788379,2026-02-18
2026-02-18 20:00:00 UTC,2026-02-18 21:00:00+00:00,1,65.23999786376953,64.82899607964957,stop,31746.82,-200.00000000000352,-212.6987280000035,-231.74682000000354,18.0,0.6299843617073442,2026-02-18
2026-02-19 04:00:00 UTC,2026-02-19 07:00:00+00:00,1,65.16999816894531,65.70841251135953,target,36312.18,299.9999999999985,285.4751279999985,263.6878199999985,15.0,0.5507793540400217,2026-02-19
2026-02-19 08:00:00 UTC,2026-02-19 09:00:00+00:00,1,66.19999694824219,65.8311384386065,stop,35894.52,-200.00000000000105,-214.35780800000106,-235.89452000000105,23.0,0.5571881067065192,2026-02-19
2026-02-19 16:00:00 UTC,2026-02-19 21:00:00+00:00,1,66.62000274658203,66.1661227309509,stop,29355.78,-200.00000000000045,-211.74231200000045,-229.35578000000046,15.0,0.6812969032103706,2026-02-19
2026-02-20 00:00:00 UTC,2026-02-20 06:00:00+00:00,1,66.44999694824219,66.72000122070312,time,30876.08,125.4578296367419,113.10739763674191,94.5817496367419,25.0,0.6477507082429416,2026-02-20
2026-02-20 06:00:00 UTC,2026-02-20 07:00:00+00:00,1,66.72000122070312,66.3478072154675,stop,35852.27,-200.0000000000038,-214.34090800000382,-235.8522700000038,25.0,0.5578447218614994,2026-02-20
2026-02-20 14:00:00 UTC,2026-02-20 16:00:00+00:00,1,66.25,65.84699029615614,stop,32877.62,-200.0000000000008,-213.1510480000008,-232.8776200000008,25.0,0.6083165341039434,2026-02-20
2026-02-22 23:00:00 UTC,2026-02-23 04:00:00+00:00,1,65.98999786376953,65.57181761505419,stop,31560.55,-200.00000000000418,-212.6242200000042,-231.56055000000418,15.0,0.6337024734848937,2026-02-23
2026-02-23 10:00:00 UTC,2026-02-23 12:00:00+00:00,1,66.08999633789062,66.6167554272703,target,37639.6,300.00000000000335,284.94416000000336,262.3604000000033,15.0,0.5313553422786054,2026-02-23
2026-02-23 12:00:00 UTC,2026-02-23 15:00:00+00:00,1,66.70999908447266,67.24210282089764,target,37611.09,299.99999999999966,284.95556399999964,262.38890999999967,23.0,0.5317581009619478,2026-02-23
2026-02-23 15:00:00 UTC,2026-02-23 16:00:00+00:00,1,66.80000305175781,66.42241744908607,stop,35382.71,-199.99999999999827,-214.15308399999827,-235.38270999999827,15.0,0.5652478823678897,2026-02-23
2026-02-23 23:00:00 UTC,2026-02-24 02:00:00+00:00,1,66.26000213623047,66.7831533502585,target,37996.66,299.9999999999997,284.8013359999997,262.0033399999997,15.0,0.5263620053944815,2026-02-24
2026-02-24 02:00:00 UTC,2026-02-24 08:00:00+00:00,1,66.80999755859375,66.46693225948192,stop,38948.85,-200.0000000000015,-215.57954000000151,-238.9488500000015,15.0,0.5134939554681918,2026-02-24
2026-02-24 14:00:00 UTC,2026-02-24 15:00:00+00:00,1,66.52999877929688,66.18353589648936,stop,38405.27,-200.00000000000088,-215.3621080000009,-238.40527000000088,15.0,0.5207618956327523,2026-02-24
2026-02-24 23:00:00 UTC,2026-02-25 05:00:00+00:00,1,66.02999877929688,66.02999877929688,time,32918.61,0.0,-13.167444,-32.91861,15.0,0.6075590859408289,2026-02-25
2026-02-25 05:00:00 UTC,2026-02-25 09:00:00+00:00,-1,66.02999877929688,65.4805124353732,target,36050.03,299.99999999999835,285.57998799999837,263.94996999999836,10.0,0.5547845465011728,2026-02-25
2026-02-25 09:00:00 UTC,2026-02-25 10:00:00+00:00,-1,65.62999725341797,66.00806890377186,stop,34718.29,-199.99999999999682,-213.88731599999682,-234.7182899999968,10.0,0.5760653149108652,2026-02-25
2026-02-25 16:00:00 UTC,2026-02-25 23:00:00+00:00,-1,65.45999908447266,65.63999938964844,time,31749.19,-87.3031402219071,-100.0028162219071,-119.0523302219071,18.0,0.6299373758875965,2026-02-25
2026-02-26 10:00:00 UTC,2026-02-26 12:00:00+00:00,-1,64.37000274658203,63.831317306478525,target,35848.38,300.00000000000085,285.66064800000083,264.15162000000083,18.0,0.5579052530873772,2026-02-26
2026-02-26 12:00:00 UTC,2026-02-26 14:00:00+00:00,-1,64.12000274658203,64.49919633626315,stop,33819.14,-200.000000000004,-213.52765600000401,-233.819140000004,18.0,0.5913811188994812,2026-02-26
2026-02-26 18:00:00 UTC,2026-02-27 00:00:00+00:00,-1,65.72000122070312,65.25,time,20743.25,148.34683116813397,140.04953116813397,127.60358116813397,25.0,0.964168957854474,2026-02-27
2026-02-27 00:00:00 UTC,2026-02-27 06:00:00+00:00,-1,65.25,65.72000122070312,time,23830.77,-171.65501161495862,-181.18731961495862,-195.48578161495863,10.0,0.8392512137485165,2026-02-27
2026-02-27 12:00:00 UTC,2026-02-27 13:00:00+00:00,-1,67.04000091552734,67.49157242251067,stop,29691.86,-199.99999999999793,-211.87674399999793,-229.69185999999792,10.0,0.6735851742489198,2026-02-27
2026-02-27 16:00:00 UTC,2026-02-27 20:00:00+00:00,1,66.54000091552734,67.31238784255886,target,25844.56,299.9999999999957,289.66217599999567,274.1554399999957,15.0,0.7738572451700413,2026-02-27
2026-02-27 20:00:00 UTC,2026-03-01 23:00:00+00:00,1,67.25,67.99671266850575,target,27018.42,300.0000000000004,289.1926320000004,272.9815800000004,23.0,0.7402356069449813,2026-03-01
2026-03-01 23:00:00 UTC,2026-03-02 01:00:00+00:00,1,71.97000122070312,71.2503012084961,stop,20000.0,-199.99999999999906,-207.99999999999906,-219.99999999999906,33.0,1.0,2026-03-02
2026-03-02 08:00:00 UTC,2026-03-02 09:00:00+00:00,1,72.55000305175781,71.82450302124023,stop,20000.0,-200.00000000000045,-208.00000000000045,-220.00000000000045,33.0,1.0,2026-03-02
2026-03-02 16:00:00 UTC,2026-03-02 17:00:00+00:00,1,70.87999725341797,70.17119728088379,stop,20000.0,-200.00000000000017,-208.00000000000017,-220.00000000000017,25.0,1.0,2026-03-02
2026-03-02 23:00:00 UTC,2026-03-03 01:00:00+00:00,1,70.88999938964844,71.95334938049315,target,20000.0,299.9999999999963,291.9999999999963,279.9999999999963,25.0,1.0,2026-03-03
2026-03-03 01:00:00 UTC,2026-03-03 05:00:00+00:00,1,71.75,72.82624999999999,target,20000.0,299.99999999999653,291.99999999999653,279.99999999999653,35.0,1.0,2026-03-03
2026-03-03 05:00:00 UTC,2026-03-03 07:00:00+00:00,1,72.86000061035156,73.95290061950683,target,20000.0,299.9999999999997,291.9999999999997,279.9999999999997,43.0,1.0,2026-03-03
2026-03-03 07:00:00 UTC,2026-03-03 09:00:00+00:00,1,73.83999633789062,74.94759628295898,target,20000.0,299.9999999999997,291.9999999999997,279.9999999999997,43.0,1.0,2026-03-03
2026-03-03 09:00:00 UTC,2026-03-03 10:00:00+00:00,1,75.22000122070312,76.34830123901367,target,20000.0,299.9999999999982,291.9999999999982,279.9999999999982,43.0,1.0,2026-03-03
2026-03-03 10:00:00 UTC,2026-03-03 12:00:00+00:00,1,76.45999908447266,75.69539909362793,stop,20000.0,-200.00000000000074,-208.00000000000074,-220.00000000000074,43.0,1.0,2026-03-03
2026-03-03 18:00:00 UTC,2026-03-03 19:00:00+00:00,1,74.69999694824219,73.95299697875977,stop,20000.0,-199.99999999999864,-207.99999999999864,-219.99999999999864,35.0,1.0,2026-03-03
2026-03-03 23:00:00 UTC,2026-03-04 00:00:00+00:00,1,75.55000305175781,74.79450302124023,stop,20000.0,-200.00000000000077,-208.00000000000077,-220.00000000000077,43.0,1.0,2026-03-04
2026-03-04 06:00:00 UTC,2026-03-04 09:00:00+00:00,1,76.8499984741211,76.08149848937988,stop,20000.0,-200.00000000000014,-208.00000000000014,-220.00000000000014,23.0,1.0,2026-03-04
2026-03-04 16:00:00 UTC,2026-03-04 20:00:00+00:00,1,74.16000366210938,75.272403717041,target,20000.0,299.99999999999613,291.99999999999613,279.99999999999613,15.0,1.0,2026-03-04
2026-03-04 20:00:00 UTC,2026-03-05 01:00:00+00:00,1,75.30000305175781,76.42950309753417,target,20000.0,299.99999999999636,291.99999999999636,279.99999999999636,23.0,1.0,2026-03-05
2026-03-05 01:00:00 UTC,2026-03-05 05:00:00+00:00,1,76.91000366210938,78.063653717041,target,20000.0,299.99999999999767,291.99999999999767,279.99999999999767,23.0,1.0,2026-03-05
2026-03-05 05:00:00 UTC,2026-03-05 06:00:00+00:00,1,77.73999786376953,76.96259788513184,stop,20000.0,-199.9999999999984,-207.9999999999984,-219.9999999999984,23.0,1.0,2026-03-05
2026-03-05 12:00:00 UTC,2026-03-05 15:00:00+00:00,1,77.22000122070312,78.37830123901367,target,20000.0,299.9999999999985,291.9999999999985,279.9999999999985,15.0,1.0,2026-03-05
2026-03-05 15:00:00 UTC,2026-03-05 16:00:00+00:00,1,78.6500015258789,79.82975154876708,target,20000.0,299.999999999997,291.999999999997,279.999999999997,23.0,1.0,2026-03-05
2026-03-05 16:00:00 UTC,2026-03-05 18:00:00+00:00,1,79.2300033569336,80.41845340728759,target,20000.0,299.99999999999716,291.99999999999716,279.99999999999716,23.0,1.0,2026-03-05
2026-03-05 18:00:00 UTC,2026-03-05 20:00:00+00:00,1,80.83999633789062,80.03159637451172,stop,20000.0,-199.9999999999993,-207.9999999999993,-219.9999999999993,23.0,1.0,2026-03-05
2026-03-06 00:00:00 UTC,2026-03-06 01:00:00+00:00,1,78.66000366210938,79.83990371704101,target,20000.0,299.99999999999886,291.99999999999886,279.99999999999886,35.0,1.0,2026-03-06
2026-03-06 02:00:00 UTC,2026-03-06 06:00:00+00:00,1,79.68000030517578,80.87520030975341,target,20000.0,299.999999999998,291.999999999998,279.999999999998,43.0,1.0,2026-03-06
2026-03-06 06:00:00 UTC,2026-03-06 09:00:00+00:00,1,80.70999908447266,81.92064907073974,target,20000.0,299.999999999999,291.999999999999,279.999999999999,43.0,1.0,2026-03-06
2026-03-06 09:00:00 UTC,2026-03-06 10:00:00+00:00,1,84.69999694824219,83.85299697875976,stop,20000.0,-200.00000000000082,-208.00000000000082,-220.00000000000082,43.0,1.0,2026-03-06
2026-03-06 16:00:00 UTC,2026-03-06 17:00:00+00:00,1,90.30000305175781,91.65450309753417,target,20000.0,299.99999999999886,291.99999999999886,279.99999999999886,43.0,1.0,2026-03-06
2026-03-06 18:00:00 UTC,2026-03-06 19:00:00+00:00,1,91.5999984741211,90.68399848937989,stop,20000.0,-199.99999999999875,-207.99999999999875,-219.99999999999875,43.0,1.0,2026-03-06
2026-03-08 22:00:00 UTC,2026-03-08 23:00:00+00:00,1,106.94000244140625,105.87060241699218,stop,20000.0,-200.00000000000054,-208.00000000000054,-220.00000000000054,43.0,1.0,2026-03-08
2026-03-09 06:00:00 UTC,2026-03-09 07:00:00+00:00,1,104.5199966430664,103.47479667663575,stop,20000.0,-199.99999999999892,-207.99999999999892,-219.99999999999892,35.0,1.0,2026-03-09
2026-03-09 14:00:00 UTC,2026-03-09 15:00:00+00:00,1,100.52999877929688,99.52469879150391,stop,20000.0,-199.99999999999955,-207.99999999999955,-219.99999999999955,35.0,1.0,2026-03-09
2026-03-09 22:00:00 UTC,2026-03-09 23:00:00+00:00,1,87.87000274658203,89.18805278778075,target,20000.0,299.9999999999969,291.9999999999969,279.9999999999969,35.0,1.0,2026-03-09
2026-03-10 00:00:00 UTC,2026-03-10 01:00:00+00:00,1,86.7699966430664,85.90229667663574,stop,20000.0,-199.99999999999986,-207.99999999999986,-219.99999999999986,43.0,1.0,2026-03-10
2026-03-10 08:00:00 UTC,2026-03-10 09:00:00+00:00,1,88.55000305175781,87.66450302124024,stop,20000.0,-199.9999999999996,-207.9999999999996,-219.9999999999996,35.0,1.0,2026-03-10
2026-03-10 12:00:00 UTC,2026-03-10 13:00:00+00:00,1,89.54000091552734,88.64460090637208,stop,20000.0,-199.9999999999986,-207.9999999999986,-219.9999999999986,43.0,1.0,2026-03-10
2026-03-10 20:00:00 UTC,2026-03-10 22:00:00+00:00,1,86.38999938964844,87.68584938049315,target,20000.0,299.9999999999974,291.9999999999974,279.9999999999974,33.0,1.0,2026-03-10
2026-03-10 22:00:00 UTC,2026-03-10 23:00:00+00:00,1,88.30999755859375,87.42689758300781,stop,20000.0,-199.9999999999995,-207.9999999999995,-219.9999999999995,33.0,1.0,2026-03-10
2026-03-11 00:00:00 UTC,2026-03-11 01:00:00+00:00,-1,82.97000122070312,83.79970123291015,stop,20000.0,-199.99999999999903,-207.99999999999903,-219.99999999999903,18.0,1.0,2026-03-11
2026-03-11 08:00:00 UTC,2026-03-11 09:00:00+00:00,-1,86.52999877929688,87.39529876708984,stop,20000.0,-199.99999999999935,-207.99999999999935,-219.99999999999935,10.0,1.0,2026-03-11
2026-03-11 16:00:00 UTC,2026-03-11 17:00:00+00:00,-1,87.12999725341797,88.00129722595214,stop,20000.0,-199.99999999999883,-207.99999999999883,-219.99999999999883,10.0,1.0,2026-03-11
2026-03-12 00:00:00 UTC,2026-03-12 01:00:00+00:00,-1,93.12999725341797,91.7330472946167,target,20000.0,300.0000000000006,292.0000000000006,280.0000000000006,10.0,1.0,2026-03-12
2026-03-12 02:00:00 UTC,2026-03-12 03:00:00+00:00,-1,94.5199966430664,95.46519660949707,stop,20000.0,-200.0,-208.0,-220.0,10.0,1.0,2026-03-12
2026-03-12 06:00:00 UTC,2026-03-12 07:00:00+00:00,-1,92.55999755859375,91.17159759521485,target,20000.0,299.99999999999903,291.99999999999903,279.99999999999903,18.0,1.0,2026-03-12
2026-03-12 08:00:00 UTC,2026-03-12 10:00:00+00:00,-1,92.11000061035156,90.72835060119628,target,20000.0,300.00000000000136,292.00000000000136,280.00000000000136,18.0,1.0,2026-03-12
2026-03-12 10:00:00 UTC,2026-03-12 11:00:00+00:00,-1,91.06999969482422,91.98069969177246,stop,20000.0,-199.99999999999926,-207.99999999999926,-219.99999999999926,18.0,1.0,2026-03-12
2026-03-12 12:00:00 UTC,2026-03-12 13:00:00+00:00,1,92.9000015258789,94.29350154876708,target,20000.0,299.9999999999984,291.9999999999984,279.9999999999984,15.0,1.0,2026-03-12
2026-03-12 14:00:00 UTC,2026-03-12 15:00:00+00:00,1,95.68000030517578,94.72320030212403,stop,20000.0,-199.99999999999918,-207.99999999999918,-219.99999999999918,23.0,1.0,2026-03-12
2026-03-12 22:00:00 UTC,2026-03-13 00:00:00+00:00,1,96.22000122070312,95.25780120849609,stop,20000.0,-200.0000000000007,-208.0000000000007,-220.0000000000007,23.0,1.0,2026-03-13
2026-03-13 06:00:00 UTC,2026-03-13 08:00:00+00:00,1,96.19999694824219,97.64299690246581,target,20000.0,299.999999999998,291.999999999998,279.999999999998,15.0,1.0,2026-03-13
2026-03-13 08:00:00 UTC,2026-03-13 10:00:00+00:00,1,95.66000366210938,94.70340362548828,stop,20000.0,-200.0000000000007,-208.0000000000007,-220.0000000000007,15.0,1.0,2026-03-13
2026-03-13 14:00:00 UTC,2026-03-13 16:00:00+00:00,1,95.63999938964844,97.07459938049315,target,20000.0,299.99999999999795,291.99999999999795,279.99999999999795,23.0,1.0,2026-03-13
2026-03-13 16:00:00 UTC,2026-03-13 18:00:00+00:00,1,96.87999725341797,98.33319721221923,target,20000.0,299.99999999999886,291.99999999999886,279.99999999999886,23.0,1.0,2026-03-13
2026-03-13 18:00:00 UTC,2026-03-13 20:00:00+00:00,1,97.44999694824219,98.91174690246581,target,20000.0,299.99999999999744,291.99999999999744,279.99999999999744,23.0,1.0,2026-03-13
2026-03-13 20:00:00 UTC,2026-03-15 22:00:00+00:00,1,99.27999877929688,100.76919876098631,target,20000.0,299.99999999999704,291.99999999999704,279.99999999999704,23.0,1.0,2026-03-15
2026-03-15 22:00:00 UTC,2026-03-15 23:00:00+00:00,1,99.5999984741211,98.60399848937988,stop,20000.0,-200.00000000000136,-208.00000000000136,-220.00000000000136,23.0,1.0,2026-03-15
2026-03-16 06:00:00 UTC,2026-03-16 07:00:00+00:00,1,98.91000366210938,100.393653717041,target,20000.0,299.9999999999978,291.9999999999978,279.9999999999978,15.0,1.0,2026-03-16
2026-03-16 08:00:00 UTC,2026-03-16 09:00:00+00:00,1,99.7699966430664,98.77229667663575,stop,20000.0,-199.99999999999898,-207.99999999999898,-219.99999999999898,15.0,1.0,2026-03-16
2026-03-16 16:00:00 UTC,2026-03-16 17:00:00+00:00,1,95.56999969482422,94.61429969787598,stop,20000.0,-199.99999999999966,-207.99999999999966,-219.99999999999966,15.0,1.0,2026-03-16
2026-03-17 00:00:00 UTC,2026-03-17 05:00:00+00:00,1,95.9000015258789,97.33850154876708,target,20000.0,299.9999999999988,291.9999999999988,279.9999999999988,23.0,1.0,2026-03-17
2026-03-17 05:00:00 UTC,2026-03-17 07:00:00+00:00,1,97.80999755859375,96.83189758300782,stop,20000.0,-199.99999999999932,-207.99999999999932,-219.99999999999932,23.0,1.0,2026-03-17
2026-03-17 14:00:00 UTC,2026-03-17 15:00:00+00:00,1,93.5,94.90249999999999,target,20000.0,299.99999999999767,291.99999999999767,279.99999999999767,15.0,1.0,2026-03-17
2026-03-17 16:00:00 UTC,2026-03-17 22:00:00+00:00,1,94.30999755859375,95.16000366210938,time,20000.0,180.25789959066125,172.25789959066125,160.25789959066125,15.0,1.0,2026-03-17
2026-03-17 22:00:00 UTC,2026-03-18 00:00:00+00:00,1,95.16000366210938,94.20840362548829,stop,20000.0,-199.9999999999987,-207.9999999999987,-219.9999999999987,15.0,1.0,2026-03-18
2026-03-18 02:00:00 UTC,2026-03-18 04:00:00+00:00,-1,93.7699966430664,92.36344669342041,target,20000.0,299.99999999999915,291.99999999999915,279.99999999999915,18.0,1.0,2026-03-18
2026-03-18 04:00:00 UTC,2026-03-18 08:00:00+00:00,-1,92.5,93.425,stop,20000.0,-199.9999999999994,-207.9999999999994,-219.9999999999994,18.0,1.0,2026-03-18
2026-03-18 14:00:00 UTC,2026-03-18 16:00:00+00:00,-1,98.01000213623047,96.539852104187,target,20000.0,300.00000000000125,292.00000000000125,280.00000000000125,10.0,1.0,2026-03-18
2026-03-18 16:00:00 UTC,2026-03-18 17:00:00+00:00,-1,97.05999755859375,95.60409759521484,target,20000.0,300.0000000000011,292.0000000000011,280.0000000000011,10.0,1.0,2026-03-18
2026-03-18 18:00:00 UTC,2026-03-18 19:00:00+00:00,-1,96.29000091552734,97.25290092468262,stop,20000.0,-200.0000000000007,-208.0000000000007,-220.0000000000007,18.0,1.0,2026-03-18
2026-03-19 02:00:00 UTC,2026-03-19 08:00:00+00:00,1,96.19000244140625,96.79000091552734,time,20000.0,124.75277240721152,116.75277240721152,104.75277240721152,15.0,1.0,2026-03-19
2026-03-19 08:00:00 UTC,2026-03-19 09:00:00+00:00,1,96.79000091552734,95.82210090637207,stop,20000.0,-199.99999999999974,-207.99999999999974,-219.99999999999974,15.0,1.0,2026-03-19
2026-03-19 16:00:00 UTC,2026-03-19 17:00:00+00:00,1,97.13999938964844,96.16859939575195,stop,20000.0,-199.99999999999977,-207.99999999999977,-219.99999999999977,15.0,1.0,2026-03-19
2026-03-19 22:00:00 UTC,2026-03-20 01:00:00+00:00,-1,93.98999786376953,92.58014789581298,target,20000.0,300.00000000000074,292.00000000000074,280.00000000000074,18.0,1.0,2026-03-20
2026-03-20 01:00:00 UTC,2026-03-20 03:00:00+00:00,-1,92.97000122070312,93.89970123291016,stop,20000.0,-200.00000000000097,-208.00000000000097,-220.00000000000097,18.0,1.0,2026-03-20
2026-03-20 10:00:00 UTC,2026-03-20 12:00:00+00:00,-1,95.44000244140625,94.00840240478516,target,20000.0,299.9999999999995,291.9999999999995,279.9999999999995,10.0,1.0,2026-03-20
2026-03-20 12:00:00 UTC,2026-03-20 13:00:00+00:00,-1,95.0,95.95,stop,20000.0,-200.0000000000006,-208.0000000000006,-220.0000000000006,10.0,1.0,2026-03-20
2026-03-20 20:00:00 UTC,2026-03-22 22:00:00+00:00,1,98.08999633789062,97.10909637451172,stop,20000.0,-199.9999999999993,-207.9999999999993,-219.9999999999993,15.0,1.0,2026-03-22
2026-03-23 10:00:00 UTC,2026-03-23 11:00:00+00:00,1,98.58999633789062,97.60409637451171,stop,20000.0,-200.00000000000125,-208.00000000000125,-220.00000000000125,15.0,1.0,2026-03-23
2026-03-23 14:00:00 UTC,2026-03-23 15:00:00+00:00,1,89.25,88.3575,stop,20000.0,-199.99999999999963,-207.99999999999963,-219.99999999999963,35.0,1.0,2026-03-23
2026-03-23 18:00:00 UTC,2026-03-23 19:00:00+00:00,-1,87.72000122070312,88.59720123291015,stop,20000.0,-199.99999999999898,-207.99999999999898,-219.99999999999898,18.0,1.0,2026-03-23
2026-03-24 02:00:00 UTC,2026-03-24 05:00:00+00:00,-1,91.26000213623047,92.17260215759278,stop,20000.0,-200.00000000000088,-208.00000000000088,-220.00000000000088,10.0,1.0,2026-03-24
2026-03-24 08:00:00 UTC,2026-03-24 09:00:00+00:00,-1,90.54000091552734,91.44540092468262,stop,20000.0,-199.99999999999977,-207.99999999999977,-219.99999999999977,18.0,1.0,2026-03-24
2026-03-24 16:00:00 UTC,2026-03-24 17:00:00+00:00,-1,92.63999938964844,91.25039939880371,target,20000.0,300.0000000000006,292.0000000000006,280.0000000000006,10.0,1.0,2026-03-24
2026-03-24 18:00:00 UTC,2026-03-24 20:00:00+00:00,-1,91.76000213623047,90.383602104187,target,20000.0,300.00000000000136,292.00000000000136,280.00000000000136,10.0,1.0,2026-03-24
2026-03-24 20:00:00 UTC,2026-03-24 22:00:00+00:00,-1,88.38999938964844,89.27389938354493,stop,20000.0,-200.00000000000168,-208.00000000000168,-220.00000000000168,18.0,1.0,2026-03-24
2026-03-25 04:00:00 UTC,2026-03-25 05:00:00+00:00,-1,88.33000183105469,89.21330184936524,stop,20000.0,-200.00000000000065,-208.00000000000065,-220.00000000000065,10.0,1.0,2026-03-25
2026-03-25 10:00:00 UTC,2026-03-25 12:00:00+00:00,-1,87.08999633789062,87.96089630126953,stop,20000.0,-199.99999999999935,-207.99999999999935,-219.99999999999935,18.0,1.0,2026-03-25
2026-03-25 18:00:00 UTC,2026-03-26 00:00:00+00:00,-1,91.20999908447266,91.23999786376953,time,20000.0,-6.577958469025336,-14.577958469025337,-26.577958469025337,10.0,1.0,2026-03-26
2026-03-26 20:00:00 UTC,2026-03-27 00:00:00+00:00,1,93.79000091552734,92.85210090637207,stop,20000.0,-199.99999999999952,-207.99999999999952,-219.99999999999952,15.0,1.0,2026-03-27
2026-03-30 14:00:00 UTC,2026-03-30 16:00:00+00:00,1,102.06999969482422,103.60104969024657,target,20000.0,299.99999999999744,291.99999999999744,279.99999999999744,15.0,1.0,2026-03-30
2026-03-30 16:00:00 UTC,2026-03-30 20:00:00+00:00,1,102.93000030517578,104.4739503097534,target,20000.0,299.99999999999756,291.99999999999756,279.99999999999756,23.0,1.0,2026-03-30
2026-03-31 00:00:00 UTC,2026-03-31 01:00:00+00:00,1,104.06999969482422,103.02929969787597,stop,20000.0,-200.0000000000012,-208.0000000000012,-220.0000000000012,15.0,1.0,2026-03-31
2026-03-31 08:00:00 UTC,2026-03-31 09:00:00+00:00,1,102.45999908447266,101.43539909362792,stop,20000.0,-200.00000000000153,-208.00000000000153,-220.00000000000153,15.0,1.0,2026-03-31
2026-03-31 10:00:00 UTC,2026-03-31 11:00:00+00:00,1,104.81999969482422,103.77179969787598,stop,20000.0,-199.9999999999999,-207.9999999999999,-219.9999999999999,23.0,1.0,2026-03-31
2026-03-31 18:00:00 UTC,2026-03-31 20:00:00+00:00,1,102.33999633789062,101.31659637451172,stop,20000.0,-200.0000000000001,-208.0000000000001,-220.0000000000001,15.0,1.0,2026-03-31
2026-04-01 02:00:00 UTC,2026-04-01 05:00:00+00:00,1,103.18000030517578,102.14820030212402,stop,20000.0,-199.99999999999977,-207.99999999999977,-219.99999999999977,15.0,1.0,2026-04-01
2026-04-01 10:00:00 UTC,2026-04-01 11:00:00+00:00,1,99.9800033569336,98.98020332336425,stop,20000.0,-200.00000000000148,-208.00000000000148,-220.00000000000148,23.0,1.0,2026-04-01
2026-04-01 18:00:00 UTC,2026-04-01 20:00:00+00:00,1,99.83000183105469,98.83170181274414,stop,20000.0,-199.99999999999955,-207.99999999999955,-219.99999999999955,15.0,1.0,2026-04-01
2026-04-01 22:00:00 UTC,2026-04-02 00:00:00+00:00,-1,99.05000305175781,97.56425300598144,target,20000.0,300.0000000000007,292.0000000000007,280.0000000000007,10.0,1.0,2026-04-02
2026-04-02 00:00:00 UTC,2026-04-02 01:00:00+00:00,-1,98.02999877929688,99.01029876708985,stop,20000.0,-200.00000000000128,-208.00000000000128,-220.00000000000128,18.0,1.0,2026-04-02
2026-04-02 06:00:00 UTC,2026-04-02 09:00:00+00:00,1,106.0999984741211,107.6914984512329,target,20000.0,299.9999999999986,291.9999999999986,279.9999999999986,23.0,1.0,2026-04-02
2026-04-02 09:00:00 UTC,2026-04-02 11:00:00+00:00,1,107.66999816894531,109.28504814147948,target,20000.0,299.9999999999975,291.9999999999975,279.9999999999975,23.0,1.0,2026-04-02
2026-04-02 11:00:00 UTC,2026-04-02 12:00:00+00:00,1,109.76000213623047,111.40640216827391,target,20000.0,299.99999999999784,291.99999999999784,279.99999999999784,23.0,1.0,2026-04-02
2026-04-02 12:00:00 UTC,2026-04-02 13:00:00+00:00,1,113.13999938964844,112.00859939575196,stop,20000.0,-199.99999999999918,-207.99999999999918,-219.99999999999918,23.0,1.0,2026-04-02
2026-04-02 20:00:00 UTC,2026-04-05 22:00:00+00:00,1,112.0,113.67999999999999,target,20000.0,299.9999999999987,291.9999999999987,279.9999999999987,15.0,1.0,2026-04-05
2026-04-05 22:00:00 UTC,2026-04-06 00:00:00+00:00,1,113.69000244140625,112.55310241699219,stop,20000.0,-199.99999999999972,-207.99999999999972,-219.99999999999972,23.0,1.0,2026-04-06
2026-04-06 06:00:00 UTC,2026-04-06 07:00:00+00:00,1,110.87000274658203,109.76130271911622,stop,20000.0,-199.9999999999991,-207.9999999999991,-219.9999999999991,15.0,1.0,2026-04-06
2026-04-06 14:00:00 UTC,2026-04-06 15:00:00+00:00,1,110.95999908447266,112.62439907073974,target,20000.0,299.9999999999992,291.9999999999992,279.9999999999992,15.0,1.0,2026-04-06
2026-04-06 16:00:00 UTC,2026-04-06 17:00:00+00:00,1,112.25,113.93374999999999,target,20000.0,299.99999999999807,291.99999999999807,279.99999999999807,23.0,1.0,2026-04-06
2026-04-06 18:00:00 UTC,2026-04-06 23:00:00+00:00,1,112.22000122070312,113.90330123901366,target,20000.0,299.99999999999744,291.99999999999744,279.99999999999744,23.0,1.0,2026-04-06
2026-04-06 23:00:00 UTC,2026-04-07 00:00:00+00:00,1,113.83999633789062,112.70159637451172,stop,20000.0,-199.9999999999992,-207.9999999999992,-219.9999999999992,23.0,1.0,2026-04-07
2026-04-07 06:00:00 UTC,2026-04-07 08:00:00+00:00,1,114.86000061035156,113.71140060424804,stop,20000.0,-200.00000000000097,-208.00000000000097,-220.00000000000097,15.0,1.0,2026-04-07
2026-04-07 12:00:00 UTC,2026-04-07 14:00:00+00:00,1,115.06999969482422,116.79604969024658,target,20000.0,299.999999999999,291.999999999999,279.999999999999,23.0,1.0,2026-04-07
2026-04-07 14:00:00 UTC,2026-04-07 15:00:00+00:00,1,116.41999816894531,115.25579818725586,stop,20000.0,-199.9999999999994,-207.9999999999994,-219.9999999999994,23.0,1.0,2026-04-07
2026-04-07 22:00:00 UTC,2026-04-07 23:00:00+00:00,1,98.77999877929688,97.7921987915039,stop,20000.0,-199.9999999999999,-207.9999999999999,-219.9999999999999,15.0,1.0,2026-04-07
2026-04-08 00:00:00 UTC,2026-04-08 01:00:00+00:00,1,96.93000030517578,95.96070030212402,stop,20000.0,-199.99999999999977,-207.99999999999977,-219.99999999999977,35.0,1.0,2026-04-08
2026-04-08 06:00:00 UTC,2026-04-08 09:00:00+00:00,-1,95.87999725341797,94.44179729461669,target,20000.0,300.00000000000165,292.00000000000165,280.00000000000165,10.0,1.0,2026-04-08
2026-04-08 09:00:00 UTC,2026-04-08 10:00:00+00:00,-1,94.63999938964844,95.58639938354493,stop,20000.0,-200.00000000000156,-208.00000000000156,-220.00000000000156,18.0,1.0,2026-04-08
2026-04-08 16:00:00 UTC,2026-04-08 17:00:00+00:00,-1,94.41999816894531,95.36419815063476,stop,20000.0,-199.99999999999952,-207.99999999999952,-219.99999999999952,10.0,1.0,2026-04-08
2026-04-09 00:00:00 UTC,2026-04-09 06:00:00+00:00,-1,97.66999816894531,97.04000091552734,time,20000.0,129.0052759759915,121.00527597599151,109.00527597599151,10.0,1.0,2026-04-09
2026-04-09 06:00:00 UTC,2026-04-09 07:00:00+00:00,-1,97.04000091552734,98.01040092468261,stop,20000.0,-199.9999999999993,-207.9999999999993,-219.9999999999993,10.0,1.0,2026-04-09
2026-04-09 14:00:00 UTC,2026-04-09 15:00:00+00:00,-1,101.9000015258789,100.37150150299072,target,20000.0,299.99999999999955,291.99999999999955,279.99999999999955,10.0,1.0,2026-04-09
2026-04-09 16:00:00 UTC,2026-04-09 17:00:00+00:00,-1,97.43000030517578,95.96855030059814,target,20000.0,300.0000000000012,292.0000000000012,280.0000000000012,18.0,1.0,2026-04-09
2026-04-09 18:00:00 UTC,2026-04-09 19:00:00+00:00,-1,98.41000366210938,99.39410369873048,stop,20000.0,-200.0000000000014,-208.0000000000014,-220.0000000000014,18.0,1.0,2026-04-09
2026-04-10 02:00:00 UTC,2026-04-10 07:00:00+00:00,-1,98.75,99.7375,stop,20000.0,-199.99999999999943,-207.99999999999943,-219.99999999999943,10.0,1.0,2026-04-10
2026-04-10 12:00:00 UTC,2026-04-10 15:00:00+00:00,-1,98.18000030517578,99.16180030822754,stop,20000.0,-200.00000000000034,-208.00000000000034,-220.00000000000034,18.0,1.0,2026-04-10
2026-04-12 22:00:00 UTC,2026-04-12 23:00:00+00:00,-1,104.55000305175781,105.59550308227539,stop,20000.0,-199.99999999999903,-207.99999999999903,-219.99999999999903,10.0,1.0,2026-04-12
2026-04-13 06:00:00 UTC,2026-04-13 08:00:00+00:00,-1,103.2699966430664,104.30269660949708,stop,20000.0,-200.00000000000108,-208.00000000000108,-220.00000000000108,18.0,1.0,2026-04-13
2026-04-13 14:00:00 UTC,2026-04-13 16:00:00+00:00,1,102.02999877929688,101.00969879150391,stop,20000.0,-199.9999999999997,-207.9999999999997,-219.9999999999997,10.0,1.0,2026-04-13
2026-04-13 16:00:00 UTC,2026-04-13 18:00:00+00:00,-1,99.4800033569336,97.9878033065796,target,20000.0,299.9999999999993,291.9999999999993,279.9999999999993,23.0,1.0,2026-04-13
2026-04-13 22:00:00 UTC,2026-04-13 23:00:00+00:00,1,97.52999877929688,96.55469879150391,stop,20000.0,-199.99999999999932,-207.99999999999932,-219.99999999999932,10.0,1.0,2026-04-13
2026-04-14 08:00:00 UTC,2026-04-14 10:00:00+00:00,-1,96.38999938964844,97.35389938354493,stop,20000.0,-200.00000000000117,-208.00000000000117,-220.00000000000117,10.0,1.0,2026-04-14
2026-04-14 14:00:00 UTC,2026-04-14 16:00:00+00:00,-1,93.41999816894531,92.01869819641114,target,20000.0,299.99999999999915,291.99999999999915,279.99999999999915,33.0,1.0,2026-04-14
2026-04-14 16:00:00 UTC,2026-04-14 18:00:00+00:00,-1,92.76000213623047,91.368602104187,target,20000.0,300.0000000000015,292.0000000000015,280.0000000000015,18.0,1.0,2026-04-14
2026-04-14 18:00:00 UTC,2026-04-14 23:00:00+00:00,-1,91.7699966430664,90.39344669342042,target,20000.0,299.99999999999886,291.99999999999886,279.99999999999886,18.0,1.0,2026-04-14
2026-04-14 23:00:00 UTC,2026-04-15 02:00:00+00:00,-1,90.30000305175781,91.20300308227539,stop,20000.0,-199.99999999999926,-207.99999999999926,-219.99999999999926,18.0,1.0,2026-04-15
2026-04-15 08:00:00 UTC,2026-04-15 09:00:00+00:00,-1,91.33000183105469,92.24330184936524,stop,20000.0,-200.00000000000085,-208.00000000000085,-220.00000000000085,10.0,1.0,2026-04-15
2026-04-15 16:00:00 UTC,2026-04-15 18:00:00+00:00,-1,91.76000213623047,92.67760215759277,stop,20000.0,-199.99999999999986,-207.99999999999986,-219.99999999999986,10.0,1.0,2026-04-15
2026-04-15 18:00:00 UTC,2026-04-16 00:00:00+00:00,-1,91.16000366210938,90.95999908447266,time,20000.0,43.8798967972948,35.8798967972948,23.879896797294798,18.0,1.0,2026-04-16
2026-04-17 12:00:00 UTC,2026-04-17 13:00:00+00:00,-1,82.41999816894531,83.24419815063477,stop,20000.0,-200.0000000000018,-208.0000000000018,-220.0000000000018,33.0,1.0,2026-04-17
2026-04-17 18:00:00 UTC,2026-04-20 09:00:00+00:00,1,83.29000091552734,84.53935092926025,target,20000.0,299.99999999999943,291.99999999999943,279.99999999999943,23.0,1.0,2026-04-20
2026-04-20 09:00:00 UTC,2026-04-20 10:00:00+00:00,-1,87.62000274658203,86.3057027053833,target,20000.0,300.0000000000009,292.0000000000009,280.0000000000009,10.0,1.0,2026-04-20
2026-04-20 10:00:00 UTC,2026-04-20 11:00:00+00:00,-1,87.5,86.1875,target,20000.0,300.0,292.0,280.0,10.0,1.0,2026-04-20
2026-04-20 12:00:00 UTC,2026-04-20 13:00:00+00:00,-1,86.94999694824219,85.64574699401855,target,20000.0,300.0000000000007,292.0000000000007,280.0000000000007,10.0,1.0,2026-04-20
2026-04-20 14:00:00 UTC,2026-04-20 20:00:00+00:00,-1,87.29000091552734,85.98065090179443,target,20000.0,300.0,292.0,280.0,10.0,1.0,2026-04-20
2026-04-20 20:00:00 UTC,2026-04-21 02:00:00+00:00,-1,85.88999938964844,86.74889938354492,stop,20000.0,-200.0000000000004,-208.0000000000004,-220.0000000000004,18.0,1.0,2026-04-21
2026-04-21 08:00:00 UTC,2026-04-21 11:00:00+00:00,-1,86.80000305175781,87.66800308227539,stop,20000.0,-200.0,-208.0,-220.0,10.0,1.0,2026-04-21
2026-04-21 18:00:00 UTC,2026-04-21 19:00:00+00:00,-1,88.81999969482422,89.70819969177246,stop,20000.0,-200.00000000000065,-208.00000000000065,-220.00000000000065,10.0,1.0,2026-04-21
2026-04-22 00:00:00 UTC,2026-04-22 05:00:00+00:00,-1,89.80000305175781,88.45300300598144,target,20000.0,300.00000000000034,292.00000000000034,280.00000000000034,18.0,1.0,2026-04-22
2026-04-22 05:00:00 UTC,2026-04-22 08:00:00+00:00,1,88.76000213623047,90.09140216827392,target,20000.0,299.99999999999784,291.99999999999784,279.99999999999784,10.0,1.0,2026-04-22
2026-04-22 08:00:00 UTC,2026-04-22 11:00:00+00:00,1,90.80999755859375,89.90189758300781,stop,20000.0,-200.00000000000074,-208.00000000000074,-220.00000000000074,18.0,1.0,2026-04-22
2026-04-22 18:00:00 UTC,2026-04-23 00:00:00+00:00,1,92.94999694824219,94.34424690246581,target,20000.0,299.9999999999983,291.9999999999983,279.9999999999983,10.0,1.0,2026-04-23
2026-04-23 00:00:00 UTC,2026-04-23 02:00:00+00:00,1,92.93000030517578,94.32395030975341,target,20000.0,299.99999999999915,291.99999999999915,279.99999999999915,10.0,1.0,2026-04-23
2026-04-23 02:00:00 UTC,2026-04-23 04:00:00+00:00,1,95.05999755859375,94.1093975830078,stop,20000.0,-200.00000000000156,-208.00000000000156,-220.00000000000156,18.0,1.0,2026-04-23
2026-04-23 10:00:00 UTC,2026-04-23 12:00:00+00:00,1,93.94000244140625,93.00060241699218,stop,20000.0,-200.00000000000156,-208.00000000000156,-220.00000000000156,10.0,1.0,2026-04-23
2026-04-23 16:00:00 UTC,2026-04-23 17:00:00+00:00,1,94.45999908447266,95.87689907073974,target,20000.0,299.9999999999986,291.9999999999986,279.9999999999986,18.0,1.0,2026-04-23
2026-04-23 18:00:00 UTC,2026-04-24 00:00:00+00:00,1,96.70999908447266,97.16999816894531,time,20000.0,95.12958097970073,87.12958097970073,75.12958097970073,18.0,1.0,2026-04-24
2026-04-24 00:00:00 UTC,2026-04-24 03:00:00+00:00,1,97.16999816894531,96.19829818725586,stop,20000.0,-200.00000000000026,-208.00000000000026,-220.00000000000026,10.0,1.0,2026-04-24
2026-04-24 12:00:00 UTC,2026-04-24 13:00:00+00:00,1,95.91999816894531,94.96079818725586,stop,20000.0,-199.99999999999963,-207.99999999999963,-219.99999999999963,10.0,1.0,2026-04-24
2026-04-24 20:00:00 UTC,2026-04-26 22:00:00+00:00,1,94.87999725341797,96.30319721221923,target,20000.0,299.9999999999986,291.9999999999986,279.9999999999986,18.0,1.0,2026-04-26
2026-04-26 22:00:00 UTC,2026-04-27 03:00:00+00:00,1,96.01000213623047,95.04990211486816,stop,20000.0,-200.0000000000007,-208.0000000000007,-220.0000000000007,18.0,1.0,2026-04-27
2026-04-28 14:00:00 UTC,2026-04-28 20:00:00+00:00,1,99.36000061035156,99.62000274658203,time,20000.0,52.33537331588565,44.33537331588565,32.33537331588565,10.0,1.0,2026-04-28
2026-04-29 18:00:00 UTC,2026-04-29 19:00:00+00:00,1,106.80000305175781,108.40200309753416,target,20000.0,299.9999999999968,291.9999999999968,279.9999999999968,23.0,1.0,2026-04-29
2026-04-29 20:00:00 UTC,2026-04-30 00:00:00+00:00,1,108.48999786376953,107.40509788513184,stop,20000.0,-199.9999999999997,-207.9999999999997,-219.9999999999997,23.0,1.0,2026-04-30
2026-04-30 06:00:00 UTC,2026-04-30 09:00:00+00:00,1,108.33999633789062,107.25659637451172,stop,20000.0,-200.00000000000054,-208.00000000000054,-220.00000000000054,15.0,1.0,2026-04-30
2026-04-30 16:00:00 UTC,2026-04-30 17:00:00+00:00,1,104.7699966430664,103.72229667663574,stop,20000.0,-200.0000000000012,-208.0000000000012,-220.0000000000012,15.0,1.0,2026-04-30
2026-04-30 22:00:00 UTC,2026-05-01 04:00:00+00:00,1,105.69000244140625,104.98999786376953,time,20000.0,-132.46372626867827,-140.46372626867827,-152.46372626867827,23.0,1.0,2026-05-01
2026-05-01 10:00:00 UTC,2026-05-01 11:00:00+00:00,1,105.01000213623047,103.95990211486816,stop,20000.0,-200.0000000000013,-208.0000000000013,-220.0000000000013,15.0,1.0,2026-05-01
2026-05-01 18:00:00 UTC,2026-05-03 22:00:00+00:00,1,102.18000030517578,101.15820030212402,stop,20000.0,-200.00000000000156,-208.00000000000156,-220.00000000000156,15.0,1.0,2026-05-03
2026-05-04 02:00:00 UTC,2026-05-04 05:00:00+00:00,-1,101.81999969482422,100.29269969940185,target,20000.0,300.0000000000009,292.0000000000009,280.0000000000009,10.0,1.0,2026-05-04
2026-05-04 05:00:00 UTC,2026-05-04 06:00:00+00:00,-1,100.94999694824219,101.9594969177246,stop,20000.0,-199.99999999999955,-207.99999999999955,-219.99999999999955,10.0,1.0,2026-05-04
2026-05-04 12:00:00 UTC,2026-05-04 13:00:00+00:00,-1,102.83000183105469,103.85830184936523,stop,20000.0,-199.99999999999977,-207.99999999999977,-219.99999999999977,10.0,1.0,2026-05-04
2026-05-04 14:00:00 UTC,2026-05-04 15:00:00+00:00,-1,103.47000122070312,104.50470123291015,stop,20000.0,-199.9999999999989,-207.9999999999989,-219.9999999999989,18.0,1.0,2026-05-04
2026-05-04 22:00:00 UTC,2026-05-05 04:00:00+00:00,-1,104.91000366210938,104.16999816894531,time,20000.0,141.0743432146752,133.0743432146752,121.0743432146752,10.0,1.0,2026-05-05
2026-05-05 04:00:00 UTC,2026-05-05 08:00:00+00:00,1,104.16999816894531,103.12829818725587,stop,20000.0,-199.9999999999989,-207.9999999999989,-219.9999999999989,15.0,1.0,2026-05-05
2026-05-05 12:00:00 UTC,2026-05-05 14:00:00+00:00,-1,103.22000122070312,101.67170120239258,target,20000.0,299.999999999999,291.999999999999,279.999999999999,10.0,1.0,2026-05-05
2026-05-05 14:00:00 UTC,2026-05-05 19:00:00+00:00,-1,101.62000274658203,102.63620277404786,stop,20000.0,-200.00000000000156,-208.00000000000156,-220.00000000000156,18.0,1.0,2026-05-05
2026-05-06 02:00:00 UTC,2026-05-06 07:00:00+00:00,-1,100.63999938964844,99.1303993988037,target,20000.0,300.0000000000015,292.0000000000015,280.0000000000015,10.0,1.0,2026-05-06
2026-05-06 07:00:00 UTC,2026-05-06 08:00:00+00:00,-1,97.80000305175781,98.77800308227539,stop,20000.0,-199.9999999999999,-207.9999999999999,-219.9999999999999,18.0,1.0,2026-05-06
2026-05-06 14:00:00 UTC,2026-05-06 15:00:00+00:00,-1,94.77999877929688,95.72779876708985,stop,20000.0,-200.00000000000156,-208.00000000000156,-220.00000000000156,10.0,1.0,2026-05-06
2026-05-06 22:00:00 UTC,2026-05-07 04:00:00+00:00,-1,95.86000061035156,95.55000305175781,time,20000.0,64.67714513247657,56.67714513247657,44.67714513247657,10.0,1.0,2026-05-07
2026-05-07 04:00:00 UTC,2026-05-07 07:00:00+00:00,-1,95.55000305175781,94.11675300598145,target,20000.0,299.9999999999988,291.9999999999988,279.9999999999988,10.0,1.0,2026-05-07
2026-05-07 07:00:00 UTC,2026-05-07 08:00:00+00:00,-1,93.33000183105469,94.26330184936523,stop,20000.0,-200.0,-208.0,-220.0,18.0,1.0,2026-05-07
2026-05-07 14:00:00 UTC,2026-05-07 15:00:00+00:00,-1,91.19999694824219,92.11199691772461,stop,20000.0,-200.00000000000026,-208.00000000000026,-220.00000000000026,18.0,1.0,2026-05-07
2026-05-07 22:00:00 UTC,2026-05-08 01:00:00+00:00,-1,97.2699966430664,95.8109466934204,target,20000.0,300.000000000001,292.000000000001,280.000000000001,10.0,1.0,2026-05-08
2026-05-08 01:00:00 UTC,2026-05-08 06:00:00+00:00,-1,96.02999877929688,94.58954879760742,target,20000.0,300.0000000000002,292.0000000000002,280.0000000000002,18.0,1.0,2026-05-08
2026-05-08 06:00:00 UTC,2026-05-08 12:00:00+00:00,-1,95.13999938964844,95.3499984741211,time,20000.0,-44.14527765815918,-52.14527765815918,-64.14527765815919,10.0,1.0,2026-05-08
2026-05-08 18:00:00 UTC,2026-05-10 22:00:00+00:00,-1,95.55999755859375,96.51559753417969,stop,20000.0,-200.0000000000006,-208.0000000000006,-220.0000000000006,10.0,1.0,2026-05-10
2026-05-11 04:00:00 UTC,2026-05-11 07:00:00+00:00,-1,100.30000305175781,98.79550300598144,target,20000.0,300.0000000000001,292.0000000000001,280.0000000000001,10.0,1.0,2026-05-11
2026-05-11 07:00:00 UTC,2026-05-11 12:00:00+00:00,-1,98.30000305175781,96.82550300598145,target,20000.0,299.9999999999999,291.9999999999999,279.9999999999999,18.0,1.0,2026-05-11
2026-05-11 12:00:00 UTC,2026-05-11 13:00:00+00:00,1,98.08000183105469,97.09920181274414,stop,20000.0,-199.9999999999999,-207.9999999999999,-219.9999999999999,10.0,1.0,2026-05-11
2026-05-11 16:00:00 UTC,2026-05-11 17:00:00+00:00,1,99.26000213623047,98.26740211486816,stop,20000.0,-200.00000000000045,-208.00000000000045,-220.00000000000045,18.0,1.0,2026-05-11
2026-05-12 00:00:00 UTC,2026-05-12 06:00:00+00:00,1,98.7300033569336,100.21095340728759,target,20000.0,299.9999999999985,291.9999999999985,279.9999999999985,15.0,1.0,2026-05-12
2026-05-14 12:00:00 UTC,2026-05-14 17:00:00+00:00,1,100.36000061035156,101.83308474030767,target,20438.75,300.0000000000006,291.8245000000006,279.56125000000065,15.0,0.9785333605668679,2026-05-14
2026-05-14 17:00:00 UTC,2026-05-14 23:00:00+00:00,1,101.73999786376953,101.93000030517578,time,20426.04,38.14622489660375,29.975808896603745,17.720184896603744,15.0,0.9791424691350825,2026-05-14
2026-05-15 08:00:00 UTC,2026-05-15 10:00:00+00:00,1,100.41000366210938,99.40590362548828,stop,20000.0,-200.00000000000057,-208.00000000000057,-220.00000000000057,15.0,1.0,2026-05-15
2026-05-15 14:00:00 UTC,2026-05-15 20:00:00+00:00,1,100.27999877929688,101.0199966430664,time,20000.0,147.5863328235912,139.5863328235912,127.58633282359119,23.0,1.0,2026-05-15
2026-05-15 20:00:00 UTC,2026-05-17 22:00:00+00:00,1,101.0199966430664,102.5037115238135,target,20425.76,300.0000000000019,291.8296960000019,279.57424000000185,15.0,0.9791558965561258,2026-05-17
2026-05-17 22:00:00 UTC,2026-05-18 00:00:00+00:00,-1,102.25,103.21288378936161,stop,21238.28,-199.99999999999878,-208.4953119999988,-221.23827999999878,10.0,0.941695637517475,2026-05-18
2026-05-18 06:00:00 UTC,2026-05-18 07:00:00+00:00,1,102.87000274658203,101.88361717255225,stop,20857.97,-200.0000000000014,-208.3431880000014,-220.8579700000014,15.0,0.9588660908853228,2026-05-18
2026-05-18 14:00:00 UTC,2026-05-18 18:00:00+00:00,1,102.22000122070312,103.75330123901367,target,20000.0,299.99999999999886,291.99999999999886,279.99999999999886,15.0,1.0,2026-05-18
2026-05-18 18:00:00 UTC,2026-05-18 19:00:00+00:00,1,104.6500015258789,103.60350151062012,stop,20000.0,-199.99999999999946,-207.99999999999946,-219.99999999999946,38.0,1.0,2026-05-18
2026-05-19 02:00:00 UTC,2026-05-19 08:00:00+00:00,1,102.91000366210938,103.23999786376953,time,20000.0,64.13257990810031,56.13257990810031,44.13257990810031,15.0,1.0,2026-05-19
2026-05-19 08:00:00 UTC,2026-05-19 14:00:00+00:00,1,103.23999786376953,103.48999786376953,time,20395.63,49.38888320706976,41.23063120706976,28.99325320706976,15.0,0.9806020832353726,2026-05-19
2026-05-19 14:00:00 UTC,2026-05-19 20:00:00+00:00,1,103.48999786376953,104.02999877929688,time,20000.0,104.3580880614533,96.3580880614533,84.3580880614533,15.0,1.0,2026-05-19
2026-05-19 20:00:00 UTC,2026-05-20 02:00:00+00:00,1,104.02999877929688,104.19999694824219,time,20957.21,34.246730074517686,25.86384607451769,13.28952007451769,15.0,0.9543255144800901,2026-05-20
2026-05-20 10:00:00 UTC,2026-05-20 14:00:00+00:00,1,101.4800033569336,100.51464735271931,stop,21024.37,-200.0000000000015,-208.4097480000015,-221.0243700000015,15.0,0.9512770716205546,2026-05-20
2026-05-20 14:00:00 UTC,2026-05-20 15:00:00+00:00,-1,100.48999786376953,98.98264789581299,target,20000.0,300.0,292.0,280.0,15.0,1.0,2026-05-20
2026-05-20 18:00:00 UTC,2026-05-20 20:00:00+00:00,-1,97.94999694824219,98.9294969177246,stop,20000.0,-199.9999999999993,-207.9999999999993,-219.9999999999993,18.0,1.0,2026-05-20
2026-05-21 02:00:00 UTC,2026-05-21 08:00:00+00:00,-1,99.1500015258789,98.47000122070312,time,20000.0,137.1659696844878,129.1659696844878,117.1659696844878,10.0,1.0,2026-05-21
2026-05-21 08:00:00 UTC,2026-05-21 10:00:00+00:00,-1,98.47000122070312,99.45470123291015,stop,20000.0,-199.99999999999943,-207.99999999999943,-219.99999999999943,10.0,1.0,2026-05-21
2026-05-21 16:00:00 UTC,2026-05-21 17:00:00+00:00,-1,100.01000213623047,98.509852104187,target,20000.0,300.0000000000015,292.0000000000015,280.0000000000015,18.0,1.0,2026-05-21
2026-05-21 18:00:00 UTC,2026-05-22 00:00:00+00:00,-1,98.01000213623047,97.93000030517578,time,20000.0,16.32523810039056,8.32523810039056,-3.6747618996094396,18.0,1.0,2026-05-22
2026-05-22 06:00:00 UTC,2026-05-22 08:00:00+00:00,-1,98.0,98.98,stop,20000.0,-200.00000000000082,-208.00000000000082,-220.00000000000082,10.0,1.0,2026-05-22
2026-05-22 12:00:00 UTC,2026-05-22 13:00:00+00:00,-1,96.22000122070312,97.18220123291016,stop,20000.0,-200.0000000000007,-208.0000000000007,-220.0000000000007,18.0,1.0,2026-05-22
2026-05-22 20:00:00 UTC,2026-05-26 04:00:00+00:00,-1,96.5999984741211,95.15099849700928,target,20000.0,299.9999999999988,291.9999999999988,279.9999999999988,10.0,1.0,2026-05-26
2026-05-26 04:00:00 UTC,2026-05-26 07:00:00+00:00,-1,92.0199966430664,92.94019660949706,stop,20000.0,-199.99999999999878,-207.99999999999878,-219.99999999999878,18.0,1.0,2026-05-26
2026-05-26 14:00:00 UTC,2026-05-26 20:00:00+00:00,-1,94.19000244140625,93.56999969482422,time,20000.0,131.64937477684487,123.64937477684487,111.64937477684487,10.0,1.0,2026-05-26
2026-05-26 20:00:00 UTC,2026-05-27 02:00:00+00:00,-1,93.56999969482422,92.16644969940185,target,20000.0,300.00000000000074,292.00000000000074,280.00000000000074,10.0,1.0,2026-05-27
2026-05-27 02:00:00 UTC,2026-05-27 07:00:00+00:00,-1,92.4000015258789,91.01400150299072,target,20000.0,299.9999999999999,291.9999999999999,279.9999999999999,18.0,1.0,2026-05-27
2026-05-27 08:00:00 UTC,2026-05-27 12:00:00+00:00,-1,90.16999816894531,88.84590052170043,target,20429.76,300.00000000000045,291.82809600000047,279.57024000000047,18.0,0.9789639378454985,2026-05-27
2026-05-27 12:00:00 UTC,2026-05-27 13:00:00+00:00,-1,88.83999633789062,89.72839630126953,stop,20000.0,-199.99999999999898,-207.99999999999898,-219.99999999999898,18.0,1.0,2026-05-27
2026-05-27 20:00:00 UTC,2026-05-27 23:00:00+00:00,-1,89.41000366210938,90.30410369873047,stop,20000.0,-200.00000000000077,-208.00000000000077,-220.00000000000077,10.0,1.0,2026-05-27
2026-05-28 06:00:00 UTC,2026-05-28 12:00:00+00:00,-1,91.1500015258789,90.54000091552734,time,20000.0,133.84544161052455,125.84544161052455,113.84544161052455,10.0,1.0,2026-05-28
2026-05-28 12:00:00 UTC,2026-05-28 14:00:00+00:00,-1,90.54000091552734,89.18190090179444,target,20000.0,299.99999999999966,291.99999999999966,279.99999999999966,10.0,1.0,2026-05-28
2026-05-28 14:00:00 UTC,2026-05-28 16:00:00+00:00,-1,89.48999786376953,88.14764789581298,target,20000.0,300.00000000000176,292.00000000000176,280.00000000000176,18.0,1.0,2026-05-28
2026-05-28 16:00:00 UTC,2026-05-28 17:00:00+00:00,-1,88.23999786376953,89.12239784240722,stop,20000.0,-199.9999999999995,-207.9999999999995,-219.9999999999995,18.0,1.0,2026-05-28
2026-05-29 00:00:00 UTC,2026-05-29 06:00:00+00:00,-1,88.36000061035156,87.4800033569336,time,20000.0,199.18452859650054,191.18452859650054,179.18452859650054,18.0,1.0,2026-05-29
2026-05-29 06:00:00 UTC,2026-05-29 07:00:00+00:00,-1,87.4800033569336,88.35480339050294,stop,20000.0,-200.0000000000017,-208.0000000000017,-220.0000000000017,10.0,1.0,2026-05-29
2026-05-29 12:00:00 UTC,2026-05-29 14:00:00+00:00,-1,87.33000183105469,88.20330184936523,stop,20000.0,-199.9999999999995,-207.9999999999995,-219.9999999999995,18.0,1.0,2026-05-29
2026-05-29 20:00:00 UTC,2026-05-31 22:00:00+00:00,-1,87.36000061035156,88.23360061645508,stop,20000.0,-200.0,-208.0,-220.0,10.0,1.0,2026-05-31
2026-06-01 04:00:00 UTC,2026-06-01 06:00:00+00:00,-1,89.6500015258789,90.5465015411377,stop,20000.0,-200.00000000000128,-208.00000000000128,-220.00000000000128,10.0,1.0,2026-06-01
2026-06-01 12:00:00 UTC,2026-06-01 13:00:00+00:00,-1,89.66000366210938,90.55660369873047,stop,20000.0,-200.00000000000026,-208.00000000000026,-220.00000000000026,18.0,1.0,2026-06-01
2026-06-01 16:00:00 UTC,2026-06-01 17:00:00+00:00,1,92.81999969482422,91.89179969787598,stop,20000.0,-199.9999999999989,-207.9999999999989,-219.9999999999989,18.0,1.0,2026-06-01
2026-06-02 00:00:00 UTC,2026-06-02 02:00:00+00:00,1,92.4000015258789,91.47600151062012,stop,20000.0,-199.9999999999989,-207.9999999999989,-219.9999999999989,10.0,1.0,2026-06-02
2026-06-02 08:00:00 UTC,2026-06-02 13:00:00+00:00,1,90.6500015258789,92.00975154876708,target,20000.0,299.99999999999886,291.99999999999886,279.99999999999886,10.0,1.0,2026-06-02
2026-06-02 13:00:00 UTC,2026-06-02 17:00:00+00:00,1,92.27999877929688,93.66419876098632,target,20000.0,299.999999999999,291.999999999999,279.999999999999,18.0,1.0,2026-06-02
2026-06-02 17:00:00 UTC,2026-06-02 23:00:00+00:00,1,93.83999633789062,95.24759628295898,target,20000.0,299.99999999999915,291.99999999999915,279.99999999999915,18.0,1.0,2026-06-02
2026-06-02 23:00:00 UTC,2026-06-03 05:00:00+00:00,1,94.61000061035156,95.55999755859375,time,20000.0,200.82379074379702,192.82379074379702,180.82379074379702,10.0,1.0,2026-06-03
2026-06-03 05:00:00 UTC,2026-06-03 09:00:00+00:00,1,95.55999755859375,96.82826688862164,target,22604.03,299.99999999999847,290.9583879999985,277.39596999999844,10.0,0.8847979366751543,2026-06-03
2026-06-03 09:00:00 UTC,2026-06-03 10:00:00+00:00,1,96.87000274658203,96.02846635498071,stop,23022.18,-200.0000000000004,-209.20887200000038,-223.0221800000004,18.0,0.8687275397347035,2026-06-03
2026-06-03 16:00:00 UTC,2026-06-03 22:00:00+00:00,1,95.66999816894531,95.23999786376953,time,20000.0,-89.8924037641218,-97.8924037641218,-109.8924037641218,10.0,1.0,2026-06-03
2026-06-04 12:00:00 UTC,2026-06-04 18:00:00+00:00,1,92.66000366210938,93.33000183105469,time,20000.0,144.61431954794728,136.61431954794728,124.61431954794728,10.0,1.0,2026-06-04
2026-06-04 18:00:00 UTC,2026-06-05 00:00:00+00:00,1,93.33000183105469,92.69000244140625,time,20000.0,-137.1476217919635,-145.1476217919635,-157.1476217919635,10.0,1.0,2026-06-05
2026-06-05 14:00:00 UTC,2026-06-05 16:00:00+00:00,-1,91.30999755859375,90.06024374663767,target,21918.72,300.00000000000057,291.23251200000055,278.08128000000056,23.0,0.9124621949924756,2026-06-05
2026-06-05 16:00:00 UTC,2026-06-07 22:00:00+00:00,-1,90.08000183105469,90.96309140645968,stop,20401.1,-199.999999999999,-208.160439999999,-220.40109999999902,23.0,0.9803392067655996,2026-06-07
2026-06-08 04:00:00 UTC,2026-06-08 10:00:00+00:00,-1,94.47000122070312,95.41470123291016,stop,20000.0,-200.00000000000108,-208.00000000000108,-220.00000000000108,15.0,1.0,2026-06-08
2026-06-08 12:00:00 UTC,2026-06-08 13:00:00+00:00,-1,91.91000366210938,90.53135360717773,target,20000.0,299.9999999999999,291.9999999999999,279.9999999999999,23.0,1.0,2026-06-08
2026-06-08 14:00:00 UTC,2026-06-08 20:00:00+00:00,-1,91.7699966430664,91.27999877929688,time,20000.0,106.78824925217049,98.78824925217049,86.78824925217049,23.0,1.0,2026-06-08
2026-06-08 20:00:00 UTC,2026-06-09 02:00:00+00:00,-1,91.27999877929688,90.62999725341797,time,20000.0,142.41926699638222,134.41926699638222,122.41926699638222,15.0,1.0,2026-06-09
2026-06-09 02:00:00 UTC,2026-06-09 07:00:00+00:00,-1,90.62999725341797,89.37483173560854,target,21661.68,299.9999999999996,291.3353279999996,278.3383199999996,15.0,0.9232892389185163,2026-06-09
2026-06-09 07:00:00 UTC,2026-06-09 13:00:00+00:00,-1,89.69999694824219,88.43131126013948,target,21210.93,300.0000000000014,291.5156280000014,278.7890700000014,15.0,0.9429102424865896,2026-06-09
2026-06-09 13:00:00 UTC,2026-06-09 16:00:00+00:00,-1,87.83999633789062,88.71839630126954,stop,20000.0,-200.00000000000105,-208.00000000000105,-220.00000000000105,23.0,1.0,2026-06-09
2026-06-09 22:00:00 UTC,2026-06-10 04:00:00+00:00,-1,89.12000274658203,88.66000366210938,time,20000.0,103.2313892046639,95.2313892046639,83.2313892046639,15.0,1.0,2026-06-10
2026-06-10 04:00:00 UTC,2026-06-10 10:00:00+00:00,-1,88.66000366210938,88.02999877929688,time,20000.0,142.11704416649945,134.11704416649945,122.11704416649945,15.0,1.0,2026-06-10
2026-06-10 10:00:00 UTC,2026-06-10 11:00:00+00:00,-1,88.02999877929688,88.91029876708984,stop,20000.0,-199.9999999999995,-207.9999999999995,-219.9999999999995,15.0,1.0,2026-06-10
2026-06-10 18:00:00 UTC,2026-06-10 20:00:00+00:00,-1,90.19000244140625,91.09190246582031,stop,20000.0,-199.99999999999974,-207.99999999999974,-219.99999999999974,30.0,1.0,2026-06-10
2026-06-11 02:00:00 UTC,2026-06-11 07:00:00+00:00,-1,91.56999969482422,90.19644969940185,target,20000.0,300.0000000000005,292.0000000000005,280.0000000000005,23.0,1.0,2026-06-11
2026-06-11 07:00:00 UTC,2026-06-11 08:00:00+00:00,1,89.83000183105469,88.93170181274414,stop,20000.0,-200.00000000000077,-208.00000000000077,-220.00000000000077,10.0,1.0,2026-06-11
2026-06-11 12:00:00 UTC,2026-06-11 13:00:00+00:00,1,90.05999755859375,89.15939758300782,stop,20000.0,-199.99999999999912,-207.99999999999912,-219.99999999999912,18.0,1.0,2026-06-11
2026-06-11 18:00:00 UTC,2026-06-11 19:00:00+00:00,-1,87.80000305175781,86.48300300598144,target,20000.0,300.0000000000001,292.0000000000001,280.0000000000001,23.0,1.0,2026-06-11
2026-06-11 20:00:00 UTC,2026-06-12 02:00:00+00:00,-1,86.41999816894531,86.73999786376953,time,20000.0,-74.05686220882365,-82.05686220882365,-94.05686220882365,23.0,1.0,2026-06-12
2026-06-12 08:00:00 UTC,2026-06-12 10:00:00+00:00,-1,83.87000274658203,84.70870277404785,stop,20000.0,-199.99999999999974,-207.99999999999974,-219.99999999999974,23.0,1.0,2026-06-12
2026-06-12 16:00:00 UTC,2026-06-14 22:00:00+00:00,-1,84.83999633789062,83.56739639282226,target,20000.0,300.0000000000012,292.0000000000012,280.0000000000012,15.0,1.0,2026-06-14
2026-06-14 22:00:00 UTC,2026-06-15 02:00:00+00:00,-1,81.2699966430664,80.05094669342041,target,20000.0,299.99999999999903,291.99999999999903,279.99999999999903,23.0,1.0,2026-06-15
2026-06-15 02:00:00 UTC,2026-06-15 05:00:00+00:00,-1,80.08999633789062,80.89089630126954,stop,20000.0,-200.000000000001,-208.000000000001,-220.000000000001,23.0,1.0,2026-06-15
2026-06-15 12:00:00 UTC,2026-06-15 18:00:00+00:00,-1,80.33999633789062,80.87999725341797,time,20000.0,-134.42891215882815,-142.42891215882815,-154.42891215882815,15.0,1.0,2026-06-15
2026-06-16 08:00:00 UTC,2026-06-16 12:00:00+00:00,-1,77.4800033569336,76.40254979932187,target,21573.09,300.000000000002,291.370764000002,278.426910000002,33.0,0.9270809765354264,2026-06-16
2026-06-16 12:00:00 UTC,2026-06-16 13:00:00+00:00,-1,76.41999816894531,77.14306195293625,stop,21137.83,-200.00000000000242,-208.4551320000024,-221.13783000000242,33.0,0.9461708993926139,2026-06-16
2026-06-16 20:00:00 UTC,2026-06-17 02:00:00+00:00,-1,75.83000183105469,75.3499984741211,time,20205.76,127.90232501959656,119.82002101959657,107.69656501959656,25.0,0.989816672144279,2026-06-17
2026-06-17 04:00:00 UTC,2026-06-17 05:00:00+00:00,-1,74.88999938964844,75.50578990758494,stop,24323.21,-200.0000000000022,-209.7292840000022,-224.32321000000218,43.0,0.822260011957769,2026-06-17
2026-06-17 12:00:00 UTC,2026-06-17 14:00:00+00:00,-1,75.83999633789062,76.55096992857149,stop,21334.12,-199.99999999999827,-208.53364799999827,-221.33411999999828,35.0,0.9374652228532083,2026-06-17
2026-06-17 18:00:00 UTC,2026-06-18 00:00:00+00:00,-1,75.73999786376953,75.30000305175781,time,20000.0,116.18558870390241,108.18558870390241,96.18558870390241,43.0,1.0,2026-06-18
2026-06-18 00:00:00 UTC,2026-06-18 04:00:00+00:00,-1,75.30000305175781,74.17050300598144,target,20000.0,300.00000000000017,292.00000000000017,280.00000000000017,15.0,1.0,2026-06-18
2026-06-18 04:00:00 UTC,2026-06-18 10:00:00+00:00,-1,74.12000274658203,74.82782054555757,stop,20943.24,-200.0000000000017,-208.3772960000017,-220.9432400000017,23.0,0.9549619168196464,2026-06-18
2026-06-18 16:00:00 UTC,2026-06-18 18:00:00+00:00,-1,74.27999877929688,75.02279876708984,stop,20000.0,-199.9999999999986,-207.9999999999986,-219.9999999999986,15.0,1.0,2026-06-18
2026-06-18 18:00:00 UTC,2026-06-19 00:00:00+00:00,1,75.62999725341797,75.05999755859375,time,20000.0,-150.7337605511968,-158.7337605511968,-170.7337605511968,23.0,1.0,2026-06-19
2026-06-19 00:00:00 UTC,2026-06-19 02:00:00+00:00,-1,75.05999755859375,75.76477202493668,stop,21300.43,-199.99999999999994,-208.52017199999995,-221.30042999999995,15.0,0.9389481604935584,2026-06-19
2026-06-21 22:00:00 UTC,2026-06-22 01:00:00+00:00,-1,77.45999908447266,76.29809909820557,target,20000.0,299.99999999999943,291.99999999999943,279.99999999999943,15.0,1.0,2026-06-22
2026-06-22 01:00:00 UTC,2026-06-22 02:00:00+00:00,-1,75.76000213623047,76.51760215759278,stop,20000.0,-200.00000000000077,-208.00000000000077,-220.00000000000077,15.0,1.0,2026-06-22
2026-06-22 02:00:00 UTC,2026-06-22 03:00:00+00:00,-1,75.33000183105469,76.08330184936524,stop,20000.0,-200.00000000000196,-208.00000000000196,-220.00000000000196,23.0,1.0,2026-06-22
2026-06-22 10:00:00 UTC,2026-06-22 11:00:00+00:00,-1,75.33999633789062,76.09339630126954,stop,20000.0,-200.0000000000012,-208.0000000000012,-220.0000000000012,15.0,1.0,2026-06-22
2026-06-22 14:00:00 UTC,2026-06-22 15:00:00+00:00,-1,74.0199966430664,74.76019660949707,stop,20000.0,-200.00000000000048,-208.00000000000048,-220.00000000000048,23.0,1.0,2026-06-22
2026-06-22 22:00:00 UTC,2026-06-23 04:00:00+00:00,-1,74.33000183105469,73.75,time,20000.0,156.06129873990284,148.06129873990284,136.06129873990284,15.0,1.0,2026-06-23
2026-06-23 04:00:00 UTC,2026-06-23 06:00:00+00:00,-1,73.75,72.64375,target,20000.0,300.0000000000008,292.0000000000008,280.0000000000008,15.0,1.0,2026-06-23
2026-06-23 06:00:00 UTC,2026-06-23 08:00:00+00:00,-1,72.91999816894531,73.64919815063476,stop,20000.0,-199.99999999999847,-207.99999999999847,-219.99999999999847,23.0,1.0,2026-06-23
2026-06-23 14:00:00 UTC,2026-06-23 20:00:00+00:00,-1,73.16999816894531,73.05000305175781,time,20000.0,32.79899417530069,24.79899417530069,12.798994175300692,15.0,1.0,2026-06-23
2026-06-23 20:00:00 UTC,2026-06-24 02:00:00+00:00,-1,73.05000305175781,72.16999816894531,time,20000.0,240.93219604357685,232.93219604357685,220.93219604357685,15.0,1.0,2026-06-24
2026-06-24 02:00:00 UTC,2026-06-24 06:00:00+00:00,-1,72.16999816894531,72.89169815063477,stop,20000.0,-200.0000000000003,-208.0000000000003,-220.0000000000003,43.0,1.0,2026-06-24
2026-06-24 12:00:00 UTC,2026-06-24 13:00:00+00:00,-1,71.02999877929688,70.06809479832089,target,22152.94,299.9999999999977,291.1388239999977,277.8470599999977,43.0,0.9028147707607388,2026-06-24
2026-06-24 14:00:00 UTC,2026-06-24 15:00:00+00:00,-1,69.87000274658203,70.56870277404785,stop,20000.0,-199.99999999999952,-207.99999999999952,-219.99999999999952,43.0,1.0,2026-06-24
2026-06-24 22:00:00 UTC,2026-06-25 04:00:00+00:00,-1,69.87999725341797,69.48999786376953,time,22633.65,126.31809931589764,117.26463931589764,103.68444931589764,35.0,0.8836401922498233,2026-06-25
2026-06-25 14:00:00 UTC,2026-06-25 15:00:00+00:00,-1,70.80999755859375,71.42615014874283,stop,22984.57,-199.99999999999804,-209.19382799999804,-222.98456999999803,35.0,0.8701491475680927,2026-06-25
2026-06-26 08:00:00 UTC,2026-06-26 11:00:00+00:00,-1,69.29000091552734,69.87852244893456,stop,23547.14,-199.99999999999557,-209.41885599999557,-223.54713999999558,23.0,0.849359973489836,2026-06-26
2026-06-26 18:00:00 UTC,2026-06-26 20:00:00+00:00,-1,69.12000274658203,69.76034204977915,stop,21588.56,-199.99999999999972,-208.63542399999972,-221.58855999999972,15.0,0.9264167791555663,2026-06-26
2026-06-28 22:00:00 UTC,2026-06-29 04:00:00+00:00,-1,70.04000091552734,69.94999694824219,time,20000.0,25.700732755188483,17.700732755188483,5.700732755188483,25.0,1.0,2026-06-29
2026-06-29 04:00:00 UTC,2026-06-29 09:00:00+00:00,-1,69.94999694824219,70.54297110951558,stop,23592.93,-200.00000000000003,-209.43717200000003,-223.59293000000002,25.0,0.8477114898405871,2026-06-29
2026-07-06 08:00:00 UTC,2026-07-06 09:00:00+00:00,-1,68.19999694824219,68.7030345944078,stop,27115.27,-199.999999999998,-210.84610799999803,-227.11526999999802,15.0,0.7375918895529796,2026-07-06
2026-07-06 16:00:00 UTC,2026-07-06 22:00:00+00:00,-1,68.30999755859375,68.75,time,24389.65,-157.10005265751786,-166.85591265751788,-181.48970265751785,15.0,0.8200200692334382,2026-07-06
2026-07-07 14:00:00 UTC,2026-07-07 18:00:00+00:00,1,70.2300033569336,70.97183697832801,target,28401.25,300.0000000000003,288.6395000000003,271.5987500000003,18.0,0.7041943954961433,2026-07-07
2026-07-07 18:00:00 UTC,2026-07-07 19:00:00+00:00,1,71.44999694824219,72.2274464225669,target,27570.92,300.0000000000023,288.9716320000023,272.4290800000023,33.0,0.7254019197863032,2026-07-07
2026-07-07 20:00:00 UTC,2026-07-08 02:00:00+00:00,1,72.19999694824219,72.26000213623047,time,26258.76,21.8235713419743,11.320067341974301,-4.435188658025698,18.0,0.7616506103853855,2026-07-08
2026-07-08 08:00:00 UTC,2026-07-08 10:00:00+00:00,1,74.8499984741211,74.10149848937988,stop,20000.0,-200.00000000000122,-208.00000000000122,-220.00000000000122,33.0,1.0,2026-07-08
2026-07-08 16:00:00 UTC,2026-07-08 18:00:00+00:00,-1,74.56999969482422,73.45144969940185,target,20000.0,300.0000000000018,292.0000000000018,280.0000000000018,20.0,1.0,2026-07-08
2026-07-08 18:00:00 UTC,2026-07-08 20:00:00+00:00,1,73.58999633789062,74.69384628295897,target,20000.0,299.99999999999676,291.99999999999676,279.99999999999676,10.0,1.0,2026-07-08
2026-07-08 20:00:00 UTC,2026-07-09 00:00:00+00:00,1,74.76000213623047,74.01240211486817,stop,20000.0,-199.99999999999937,-207.99999999999937,-219.99999999999937,10.0,1.0,2026-07-09
2026-07-09 06:00:00 UTC,2026-07-09 07:00:00+00:00,1,73.30999755859375,72.5768975830078,stop,20000.0,-200.0000000000017,-208.0000000000017,-220.0000000000017,10.0,1.0,2026-07-09
2026-07-09 10:00:00 UTC,2026-07-09 13:00:00+00:00,1,74.25,73.5075,stop,20000.0,-200.00000000000182,-208.00000000000182,-220.00000000000182,18.0,1.0,2026-07-09
2026-07-09 20:00:00 UTC,2026-07-10 02:00:00+00:00,1,71.80999755859375,72.36000061035156,time,20000.0,153.1828632382377,145.1828632382377,133.1828632382377,10.0,1.0,2026-07-10
2026-07-10 02:00:00 UTC,2026-07-10 07:00:00+00:00,1,72.36000061035156,71.72871235288576,stop,22924.55,-200.00000000000153,-209.16982000000152,-222.92455000000155,10.0,0.8724271035667777,2026-07-10
2026-07-10 14:00:00 UTC,2026-07-10 15:00:00+00:00,1,71.93000030517578,71.21070030212402,stop,20000.0,-199.9999999999997,-207.9999999999997,-219.9999999999997,10.0,1.0,2026-07-10
2026-07-12 22:00:00 UTC,2026-07-13 04:00:00+00:00,1,73.69000244140625,74.52999877929688,time,20000.0,227.9810856455157,219.9810856455157,207.9810856455157,18.0,1.0,2026-07-13
2026-07-13 04:00:00 UTC,2026-07-13 07:00:00+00:00,1,74.52999877929688,73.85447036606654,stop,22065.69,-199.99999999999855,-208.82627599999856,-222.06568999999854,10.0,0.9063845757340783,2026-07-13
2026-07-13 14:00:00 UTC,2026-07-13 16:00:00+00:00,1,74.5,75.61749999999999,target,20000.0,299.999999999998,291.999999999998,279.999999999998,25.0,1.0,2026-07-13
2026-07-13 16:00:00 UTC,2026-07-13 17:00:00+00:00,1,75.73999786376953,76.87609783172607,target,20000.0,299.9999999999991,291.9999999999991,279.9999999999991,18.0,1.0,2026-07-13
2026-07-13 18:00:00 UTC,2026-07-13 22:00:00+00:00,1,77.63999938964844,78.80459938049316,target,20000.0,299.9999999999985,291.9999999999985,279.9999999999985,18.0,1.0,2026-07-13
2026-07-13 22:00:00 UTC,2026-07-14 00:00:00+00:00,1,79.04000091552734,80.22560092926025,target,20000.0,299.9999999999997,291.9999999999997,279.9999999999997,18.0,1.0,2026-07-14
2026-07-14 00:00:00 UTC,2026-07-14 02:00:00+00:00,1,79.86000061035156,79.06140060424805,stop,20000.0,-199.9999999999993,-207.9999999999993,-219.9999999999993,18.0,1.0,2026-07-14
2026-07-14 08:00:00 UTC,2026-07-14 09:00:00+00:00,1,81.02999877929688,80.2196987915039,stop,20000.0,-200.00000000000114,-208.00000000000114,-220.00000000000114,18.0,1.0,2026-07-14
2026-07-14 16:00:00 UTC,2026-07-14 22:00:00+00:00,1,79.19999694824219,79.9000015258789,time,20000.0,176.76883954785433,168.76883954785433,156.76883954785433,10.0,1.0,2026-07-14
2026-07-14 22:00:00 UTC,2026-07-15 04:00:00+00:00,1,79.9000015258789,79.77999877929688,time,20000.0,-30.0382338649051,-38.038233864905095,-50.038233864905095,18.0,1.0,2026-07-15
2026-07-15 10:00:00 UTC,2026-07-15 14:00:00+00:00,1,79.87000274658203,79.0713027191162,stop,20000.0,-200.0000000000017,-208.0000000000017,-220.0000000000017,10.0,1.0,2026-07-15
2026-07-15 18:00:00 UTC,2026-07-16 00:00:00+00:00,1,79.73999786376953,80.13999938964844,time,20000.0,100.32644509529136,92.32644509529136,80.32644509529136,18.0,1.0,2026-07-16
2026-07-16 00:00:00 UTC,2026-07-16 03:00:00+00:00,1,80.13999938964844,79.37433952690273,stop,20933.58,-200.00000000000063,-208.37343200000063,-220.93358000000063,10.0,0.9554028806800863,2026-07-16
2026-07-16 10:00:00 UTC,2026-07-16 12:00:00+00:00,1,79.62000274658203,80.54230217962159,target,25898.31,300.000000000005,289.640676000005,274.101690000005,10.0,0.7722510267301163,2026-07-16
2026-07-16 12:00:00 UTC,2026-07-16 14:00:00+00:00,1,80.5,79.82427338353467,stop,23826.2,-199.9999999999986,-209.53047999999862,-223.8261999999986,18.0,0.8394119459196655,2026-07-16
2026-07-16 20:00:00 UTC,2026-07-17 02:00:00+00:00,1,78.88999938964844,79.02999877929688,time,22192.43,39.38301959048909,30.50604759048909,17.190589590489093,10.0,0.9012082811709012,2026-07-17
2026-07-17 02:00:00 UTC,2026-07-17 05:00:00+00:00,1,79.02999877929688,78.42491024716782,stop,26121.8,-199.99999999999858,-210.4487199999986,-226.1217999999986,10.0,0.7656441116984756,2026-07-17
2026-07-17 10:00:00 UTC,2026-07-17 13:00:00+00:00,1,79.9800033569336,80.9098726588028,target,25803.63,300.00000000000364,289.6785480000036,274.19637000000364,18.0,0.7750848235730332,2026-07-17
2026-07-17 13:00:00 UTC,2026-07-17 14:00:00+00:00,1,81.13999938964844,80.52560188173214,stop,26412.87,-199.9999999999971,-210.5651479999971,-226.4128699999971,18.0,0.757206695264883,2026-07-17
2026-07-17 20:00:00 UTC,2026-07-19 22:00:00+00:00,1,81.77999877929688,82.76780720194003,target,24836.8,300.0000000000015,290.06528000000145,275.1632000000015,10.0,0.8052567354592335,2026-07-19
2026-07-19 22:00:00 UTC,2026-07-20 04:00:00+00:00,1,84.02999877929688,83.55000305175781,time,20673.39,-118.0904424642449,-126.3597984642449,-138.7638324642449,18.0,0.9674271254934123,2026-07-20
2026-07-20 10:00:00 UTC,2026-07-20 11:00:00+00:00,1,81.63999938964844,80.88377871769119,stop,21591.58,-200.00000000000085,-208.63663200000084,-221.59158000000085,10.0,0.9262869642465154,2026-07-20
2026-07-20 18:00:00 UTC,2026-07-21 00:00:00+00:00,1,82.86000061035156,82.5,time,20000.0,-86.8937020757367,-94.8937020757367,-106.8937020757367,18.0,1.0,2026-07-21
2026-07-21 06:00:00 UTC,2026-07-21 08:00:00+00:00,1,82.31999969482422,81.66938851089881,stop,25305.44,-199.99999999999648,-210.12217599999647,-225.30543999999648,10.0,0.790344006726623,2026-07-21
2026-07-21 10:00:00 UTC,2026-07-21 13:00:00+00:00,1,83.2699966430664,84.45097933629525,target,21152.72,299.99999999999756,291.53891199999754,278.84727999999757,18.0,0.9455047763010307,2026-07-21
2026-07-21 13:00:00 UTC,2026-07-21 19:00:00+00:00,1,84.37999725341797,84.66999816894531,time,20695.04,71.12561477628533,62.84759877628533,50.430574776285326,18.0,0.9664153612080605,2026-07-21
2026-07-21 19:00:00 UTC,2026-07-22 01:00:00+00:00,1,84.66999816894531,85.61000061035156,time,22595.03,250.8489688901179,241.8109568901179,228.2539388901179,10.0,0.8851504747768304,2026-07-22
2026-07-22 01:00:00 UTC,2026-07-22 02:00:00+00:00,1,85.61000061035156,84.92759681207698,stop,25090.72,-199.99999999999707,-210.03628799999709,-225.09071999999708,18.0,0.7971075731917175,2026-07-22
2026-07-22 08:00:00 UTC,2026-07-22 12:00:00+00:00,1,87.62000274658203,86.87642214647873,stop,23567.05,-199.99999999999906,-209.42681999999905,-223.56704999999906,18.0,0.848642520879526,2026-07-22
2026-07-22 18:00:00 UTC,2026-07-22 22:00:00+00:00,1,87.05999755859375,88.34792778887885,target,20279.05,300.0000000000005,291.8883800000005,279.7209500000005,10.0,0.9862395791425598,2026-07-22
2026-07-22 22:00:00 UTC,2026-07-23 04:00:00+00:00,1,87.94999694824219,88.12999725341797,time,20000.0,40.93241874282494,32.93241874282494,20.932418742824943,18.0,1.0,2026-07-23
2026-07-23 04:00:00 UTC,2026-07-23 07:00:00+00:00,1,88.12999725341797,89.31468208927673,target,22317.33,299.99999999999903,291.073067999999,277.682669999999,10.0,0.8961646603726395,2026-07-23
2026-07-23 07:00:00 UTC,2026-07-23 10:00:00+00:00,1,89.30000305175781,90.53830054964365,target,21634.54,300.0000000000008,291.3461840000008,278.3654600000008,10.0,0.924447521887261,2026-07-23
2026-07-23 10:00:00 UTC,2026-07-23 13:00:00+00:00,1,90.12999725341797,91.40354504689657,target,21231.24,300.0000000000019,291.50750400000186,278.76876000000186,18.0,0.9420080863109791,2026-07-23
2026-07-23 13:00:00 UTC,2026-07-23 17:00:00+00:00,1,91.7300033569336,93.0675695274226,target,20573.94,300.00000000000017,291.77042400000016,279.4260600000002,18.0,0.9721037258183048,2026-07-23
2026-07-23 17:00:00 UTC,2026-07-23 18:00:00+00:00,1,93.2300033569336,92.29770332336426,stop,20000.0,-199.99999999999952,-207.99999999999952,-219.99999999999952,18.0,1.0,2026-07-23
2026-07-24 00:00:00 UTC,2026-07-24 06:00:00+00:00,1,91.9000015258789,90.98380784783045,stop,20061.26,-200.0000000000018,-208.0245040000018,-220.0612600000018,10.0,0.9969463142940764,2026-07-24
2026-07-24 12:00:00 UTC,2026-07-24 15:00:00+00:00,1,89.38999938964844,88.49609939575195,stop,20000.0,-199.9999999999996,-207.9999999999996,-219.9999999999996,10.0,1.0,2026-07-24
