pair,session,choch_t,entry_t,exit_t,side,entry,stop,target,exit,outcome,stop_move_in_price_pct,leverage,units,notional,risk_dollars,pnl,cost,r,mfe_r,moved_to_breakeven,stop_from,hours_held,arm
BTC/USD,asia,2026-07-03 00:05:00,2026-07-03 01:05:00,2026-07-03 01:10:00,short,61448.25,61511.061,61197.005999999994,61511.061,stopped out,0.10221771978860507,29.3491187849255,47.76233462291522,2934911.87849255,3000.0,-6526.458051506424,3526.458051506424,-1.0,1.8550413144194013,False,middle_candle,0.08333333333333333,fvg_midpoint_1to4
BTC/USD,london,2026-07-06 07:40:00,2026-07-06 08:15:00,2026-07-06 08:20:00,long,62929.4075,62910.85,63003.63750000001,63003.63750000001,target,0.02948939253877866,101.73149535226909,151.10905339913305,9509203.198293304,2804.206258454807,-209.00564538192157,11425.83067920115,4.0,5.731968206923571,False,middle_candle,0.08333333333333333,fvg_midpoint_1to4
BTC/USD,asia,2026-07-07 00:20:00,2026-07-07 00:35:00,2026-07-07 01:00:00,long,64033.8575,63957.7,64338.4875,64033.8575,break even,0.11893317531276508,25.224248760791394,36.73881218649912,2352527.864269548,2797.9360890933494,-2826.6916254424837,2826.6916254424837,0.0,2.669303745527301,True,middle_candle,0.4166666666666667,fvg_midpoint_1to4
BTC/USD,asia,2026-07-09 00:20:00,2026-07-09 00:30:00,2026-07-09 01:05:00,short,62208.546749999994,62267.371,61973.24974999997,62208.546749999994,break even,0.09455975597116023,31.72597019936229,46.122735782093926,2869228.3651382877,2713.135340330075,-3447.535697408917,3447.535697408917,-0.0,3.3674334989392585,True,middle_candle,0.5833333333333334,fvg_midpoint_1to4
BTC/USD,london,2026-07-11 08:10:00,2026-07-11 09:40:00,2026-07-11 09:45:00,long,64138.56725,64110.05,64252.63624999999,64110.05,stopped out,0.04446193799253779,67.47344212714032,91.51335663179543,5869535.578601644,2609.7092694078074,-9662.279110242205,7052.569840834398,-1.0,2.775434167039401,False,middle_candle,0.08333333333333333,fvg_midpoint_1to4
BTC/USD,london,2026-07-14 07:05:00,2026-07-14 07:25:00,2026-07-14 08:00:00,short,62571.6625,62607.89,62426.752499999995,62426.752499999995,target,0.057897614595106645,51.81560623835359,64.03535701057167,4006798.7469324996,2319.840896100541,4464.974503274654,4814.3890811275105,4.0,4.432889379614794,True,middle_candle,0.5833333333333334,fvg_midpoint_1to4
BTC/USD,london,2026-07-15 07:20:00,2026-07-15 09:15:00,2026-07-15 12:30:00,short,64829.1905,64929.395,64428.3725,64829.1905,break even,0.15456694619686764,19.40906561082589,24.487823712495796,1587525.788387807,2453.7901311987807,-1907.4995537207494,1907.4995537207494,-0.0,2.8475268076782942,True,middle_candle,3.25,fvg_midpoint_1to4
BTC/USD,new_york,2026-07-15 14:30:00,2026-07-15 16:05:00,2026-07-15 16:30:00,long,65110.2675,64989.1,65594.93750000001,64989.1,stopped out,0.18609584118204275,16.12072564837888,19.77894356644393,1287812.3064785684,2396.5651445871586,-3943.9424645982112,1547.3773200110527,-1.0,1.2816431798955632,False,middle_candle,0.4166666666666667,fvg_midpoint_1to4
BTC/USD,asia,2026-07-16 00:20:00,2026-07-16 01:45:00,2026-07-16 01:50:00,short,64719.77025,64807.2785,64369.737250000006,64807.2785,stopped out,0.1352110022362123,22.187543545894506,26.034652397336703,1684956.7216942431,2278.2468706492123,-4302.8150497491815,2024.5681790999693,-1.0,1.8911674042162525,False,middle_candle,0.08333333333333333,fvg_midpoint_1to4
BTC/USD,asia,2026-07-16 00:35:00,2026-07-16 00:50:00,2026-07-16 01:15:00,short,64594.604999999996,64640.519,64410.94899999998,64410.94899999998,target,0.07108023959586766,42.20582284270196,49.61987347321075,3205176.1271520266,2278.2468706492123,5261.792070931908,3851.195411664941,4.0,5.3623077928294505,False,middle_candle,0.4166666666666667,fvg_midpoint_1to4
BTC/USD,new_york,2026-07-16 15:25:00,2026-07-16 16:00:00,2026-07-16 16:10:00,long,64544.74125,64453.904,64908.09024999999,64453.904,stopped out,0.14073532287961082,21.3166100636035,25.397248169498454,1639258.811562314,2307.0161812846936,-4276.6758078305975,1969.659626545904,-1.0,1.7069952029592392,False,middle_candle,0.16666666666666666,fvg_midpoint_1to4
BTC/USD,asia,2026-07-17 01:00:00,2026-07-17 01:40:00,2026-07-17 01:45:00,long,63705.835,63598.5625,64134.924999999996,63598.5625,stopped out,0.16838724427675916,17.816076347619525,20.310106570181492,1293872.297992398,2178.7159070497764,-3733.3746401835224,1554.6587331337462,-1.0,1.0984175813932062,False,middle_candle,0.08333333333333333,fvg_midpoint_1to4
BTC/USD,new_york,2026-07-18 14:00:00,2026-07-18 15:40:00,2026-07-18 17:20:00,long,64007.2185,63924.7315,64337.16650000001,64337.16650000001,target,0.12887140221536258,23.27902039109165,25.05503494907374,1603703.0965104993,2066.7146678442705,6339.921192143465,1926.937479233617,4.0,4.633857456326398,True,middle_candle,1.6666666666666667,fvg_midpoint_1to4
BTC/USD,asia,2026-07-20 00:45:00,2026-07-20 01:05:00,2026-07-20 01:50:00,short,64899.70725,65001.3585,64493.10224999999,64493.10224999999,target,0.1566282103683952,19.153637731950663,22.202504185718485,1440936.0218700294,2256.9123036085743,7296.285328088536,1731.3638863457618,4.0,4.131992966146417,False,middle_candle,0.75,fvg_midpoint_1to4
BTC/USD,london,2026-07-23 07:40:00,2026-07-23 08:10:00,2026-07-23 09:00:00,short,65533.042499999996,65666.252,65000.20450000001,65666.252,stopped out,0.20327073933733084,14.75864165093361,18.585768007921974,1217981.9247582909,2475.8008634512303,-3939.2731389320456,1463.4722754808154,-1.0,0.5548590753662471,False,middle_candle,0.8333333333333334,fvg_midpoint_1to4
BTC/USD,asia,2026-07-24 00:00:00,2026-07-24 01:05:00,2026-07-24 01:30:00,short,65072.286250000005,65112.635,64910.891250000015,65072.286250000005,break even,0.06200604331770712,48.382380804860794,58.43112040108857,3802246.5926478505,2357.6226692832693,-4568.608416734756,4568.608416734756,-0.0,3.3330958208125523,True,middle_candle,0.4166666666666667,fvg_midpoint_1to4
BTC/USD,london,2026-07-24 07:00:00,2026-07-24 07:35:00,2026-07-24 07:40:00,long,65428.67225,65374.7565,65644.33525,65374.7565,stopped out,0.0824038577368504,36.40606256056896,41.18582078114877,2694733.569237022,2220.5644167812266,-5458.435019145434,3237.870602364207,-1.0,1.8160509684090362,False,middle_candle,0.08333333333333333,fvg_midpoint_1to4
ETH/USD,asia,2026-07-01 00:50:00,2026-07-01 01:00:00,2026-07-01 01:05:00,long,1567.89325,1567.51,1569.4262500000004,1567.51,stopped out,0.024443628416672445,122.73136986298516,7827.7886497046375,12273136.986298516,3000.0,-17793.055188452912,14793.055188452912,-1.0,10.82648401826216,False,middle_candle,0.08333333333333333,fvg_midpoint_1to4
ETH/USD,london,2026-07-01 08:00:00,2026-07-01 08:05:00,2026-07-01 08:10:00,short,1576.1625,1576.765,1573.7524999999991,1573.7524999999991,target,0.03822575400697524,78.48112033192533,4093.291857835072,6451693.127874971,2466.2083443464126,2088.479817072226,7776.353560313424,4.0,4.887136929458757,False,middle_candle,0.08333333333333333,fvg_midpoint_1to4
ETH/USD,london,2026-07-01 08:50:00,2026-07-01 10:40:00,2026-07-01 10:45:00,long,1571.055,1570.815,1572.015,1570.815,stopped out,0.015276358879861564,196.38187499999253,10536.928078577013,16554093.54248881,2528.862738858579,-22481.839686988,19952.976948129424,-1.0,5.7499999999992895,False,middle_candle,0.08333333333333333,fvg_midpoint_1to4
ETH/USD,asia,2026-07-02 00:00:00,2026-07-02 01:15:00,2026-07-02 01:30:00,short,1609.667,1612.1555,1599.7129999999993,1612.1555,stopped out,0.15459719308404524,19.405268233874594,745.190897427696,1199509.196289747,1854.4075482489393,-3300.199749507715,1445.7922012587753,-1.0,1.4064697609000512,False,middle_candle,0.25,fvg_midpoint_1to4
ETH/USD,asia,2026-07-03 00:50:00,2026-07-03 00:55:00,2026-07-03 01:00:00,short,1695.3755,1696.956,1689.053500000001,1696.956,stopped out,0.09322418543855339,32.18049035115874,1110.662167519094,1882989.427588768,1755.4015557637078,-4025.0060222249676,2269.60446646126,-1.0,0.936728883264983,False,middle_candle,0.08333333333333333,fvg_midpoint_1to4
ETH/USD,new_york,2026-07-03 13:40:00,2026-07-03 14:00:00,2026-07-03 14:10:00,long,1741.8229999999999,1737.818,1757.8429999999994,1737.818,stopped out,0.22993151428129507,13.047363295880533,408.1526529580542,710929.6784333568,1634.6513750969589,-2491.5490028114136,856.8976277144545,-1.0,1.1922596754058008,False,middle_candle,0.16666666666666666,fvg_midpoint_1to4
ETH/USD,new_york,2026-07-03 14:50:00,2026-07-03 15:20:00,2026-07-03 15:25:00,long,1731.9747499999999,1731.465,1734.0137499999996,1731.465,stopped out,0.029431722373547308,101.9308337420424,3060.137135876018,5300080.250874582,1559.9049050126164,-7948.196646720227,6388.2917417076105,-1.0,14.781265326142066,False,middle_candle,0.08333333333333333,fvg_midpoint_1to4
ETH/USD,london,2026-07-04 07:20:00,2026-07-04 09:35:00,2026-07-04 12:00:00,long,1752.545,1750.6,1760.3250000000007,1760.3250000000007,target,0.11098145839337442,27.031542416450165,679.4133704940351,1190702.5053924688,1321.4590056110096,3850.658700218759,1435.1773222252796,4.0,4.0102827763492535,True,three_candles,2.4166666666666665,fvg_midpoint_1to4
ETH/USD,london,2026-07-04 08:35:00,2026-07-04 09:00:00,2026-07-04 09:05:00,long,1758.652,1757.377,1763.7520000000004,1757.377,stopped out,0.07249870923867206,41.38004705882058,1036.438435773267,1822734.5279495276,1321.4590056110096,-3518.4370476517597,2196.97804204075,-1.0,2.1631372549018364,False,middle_candle,0.08333333333333333,fvg_midpoint_1to4
ETH/USD,asia,2026-07-06 00:55:00,2026-07-06 02:05:00,2026-07-06 03:20:00,long,1780.739,1778.1225,1791.2050000000004,1778.1225,stopped out,0.14693337990576313,20.417416395948106,508.8575024605294,906142.4000740607,1331.4256551880196,-2423.617044223879,1092.1913890358594,-1.0,2.855341104528857,False,middle_candle,1.25,fvg_midpoint_1to4
ETH/USD,london,2026-07-06 07:40:00,2026-07-06 08:15:00,2026-07-06 08:30:00,long,1770.166,1767.4565,1781.0039999999997,1767.4565,stopped out,0.15306474082091368,19.599549732423426,464.55698241791237,822342.9753387863,1258.7171438613032,-2249.903425869233,991.1862820079299,-1.0,0.42775419819159755,False,three_candles,0.25,fvg_midpoint_1to4
ETH/USD,new_york,2026-07-06 14:25:00,2026-07-06 14:50:00,2026-07-06 15:05:00,long,1745.108,1740.445,1763.76,1763.76,target,0.2672040928125945,11.227372935878165,255.46215764212386,445809.0549985315,1191.2200410852263,4227.537677129388,537.3424872115177,4.0,4.1544070340982255,False,middle_candle,0.25,fvg_midpoint_1to4
ETH/USD,new_york,2026-07-07 13:45:00,2026-07-07 13:50:00,2026-07-07 13:55:00,long,1771.04925,1765.231,1794.3222500000002,1765.231,stopped out,0.3285199437565067,9.131865681261493,226.53653098424783,401207.3532972539,1318.0461713991078,-1801.6293438158427,483.58317241673495,-1.0,1.2458643062776487,False,middle_candle,0.08333333333333333,fvg_midpoint_1to4
ETH/USD,asia,2026-07-08 00:10:00,2026-07-08 00:15:00,2026-07-08 00:25:00,long,1771.275,1769.2295,1779.4570000000008,1779.4570000000008,target,0.11548178571933632,25.978122708382042,617.9404991857857,1094542.5576953026,1263.9972910846325,3736.7153323774737,1319.2738319610564,4.0,4.632119286237644,True,middle_candle,0.16666666666666666,fvg_midpoint_1to4
ETH/USD,asia,2026-07-08 00:40:00,2026-07-08 01:05:00,2026-07-08 01:25:00,long,1775.35675,1773.645,1782.2037499999997,1773.645,stopped out,0.09641724121081231,31.114767051264444,803.9133933436578,1427233.069288068,1376.0987510559567,-3096.371048540594,1720.2722974846374,-1.0,1.9650942018402824,False,middle_candle,0.3333333333333333,fvg_midpoint_1to4
ETH/USD,london,2026-07-09 08:45:00,2026-07-09 09:30:00,2026-07-09 09:40:00,short,1753.32375,1753.8455,1751.2367500000005,1751.2367500000005,target,0.02975776721212403,100.81401533303638,2459.430032774366,4312177.087926574,1283.207619599739,-64.7220067801918,5197.552485179148,4.0,10.309056061334513,False,middle_candle,0.16666666666666666,fvg_midpoint_1to4
ETH/USD,new_york,2026-07-09 14:15:00,2026-07-09 15:00:00,2026-07-09 15:20:00,short,1743.0349999999999,1747.407,1725.5469999999996,1747.407,stopped out,0.25082686234069146,11.960441445562473,293.06174734590854,510816.88278507564,1281.2659593963328,-1896.9636694984101,615.6977101020773,-1.0,1.0407136322049133,False,middle_candle,0.3333333333333333,fvg_midpoint_1to4
ETH/USD,asia,2026-07-10 01:15:00,2026-07-10 01:45:00,2026-07-10 01:50:00,long,1740.1467499999999,1737.625,1750.2337499999994,1750.2337499999994,target,0.1449159388425076,20.701656587688074,485.51880611140575,844873.9725186428,1224.357049311381,3879.084857909497,1018.3433393360268,4.0,14.12560721721098,True,middle_candle,0.08333333333333333,fvg_midpoint_1to4
ETH/USD,new_york,2026-07-10 13:35:00,2026-07-10 13:40:00,2026-07-10 13:45:00,long,1796.152,1794.4,1803.1599999999999,1803.1599999999999,target,0.0975418561458024,30.7560273972611,765.2566181784828,1374517.2052545182,1340.7295950486657,3706.185558137202,1656.7328220574611,4.0,4.601312785388266,False,middle_candle,0.08333333333333333,fvg_midpoint_1to4
ETH/USD,asia,2026-07-11 00:35:00,2026-07-11 00:40:00,2026-07-11 01:05:00,short,1791.6954999999998,1793.48,1784.557499999999,1793.48,stopped out,0.09959839716068984,30.120966657323482,813.6257561180237,1457769.6059207604,1451.9151617927819,-3208.9937519290806,1757.0785901362988,-1.0,0.9742224712801913,False,middle_candle,0.4166666666666667,fvg_midpoint_1to4
ETH/USD,london,2026-07-12 08:45:00,2026-07-12 08:50:00,2026-07-12 08:55:00,short,1804.049,1804.656,1801.621,1804.656,stopped out,0.03364653620827211,89.16222405272256,2233.3531288879317,4029078.4788171444,1355.6453492349096,-6211.9734715632785,4856.328122328368,-1.0,0.3286655683689509,False,middle_candle,0.08333333333333333,fvg_midpoint_1to4
ETH/USD,new_york,2026-07-12 13:55:00,2026-07-12 14:00:00,2026-07-12 14:05:00,short,1806.36175,1806.905,1804.1887500000003,1806.905,stopped out,0.030074263917509524,99.75306488726301,2152.3905109767743,3887995.8900914,1169.2861450880112,-5855.564627827114,4686.278482739103,-1.0,5.218131615278931,False,middle_candle,0.08333333333333333,fvg_midpoint_1to4
ETH/USD,london,2026-07-13 08:05:00,2026-07-13 08:40:00,2026-07-13 08:45:00,short,1787.3157500000002,1787.6,1786.1787500000014,1787.6,stopped out,0.015903737210378282,188.634907651913,3495.5820800500987,6247708.907091303,993.6192062531978,-8524.10654353048,7530.487337277284,-1.0,11.116094986819963,False,middle_candle,0.08333333333333333,fvg_midpoint_1to4
ETH/USD,asia,2026-07-15 00:40:00,2026-07-15 00:55:00,2026-07-15 01:40:00,short,1881.88925,1884.7,1870.6462499999996,1870.6462499999996,target,0.1493578859648674,20.085983278483685,262.52637550378273,494045.56390203204,737.8960099472831,2356.1011326422395,595.4829071468931,4.0,5.140709774970875,True,middle_candle,0.75,fvg_midpoint_1to4
ETH/USD,london,2026-07-15 07:20:00,2026-07-15 08:45:00,2026-07-15 09:05:00,short,1877.558,1881.545,1861.6099999999997,1881.545,stopped out,0.21235029756737633,14.127599699021538,202.80387357073846,380776.03525372857,808.5790439265505,-1267.535943881068,458.9568999545176,-1.0,0.6794582392776538,False,middle_candle,0.3333333333333333,fvg_midpoint_1to4
ETH/USD,new_york,2026-07-15 13:45:00,2026-07-15 15:05:00,2026-07-15 16:20:00,short,1933.4167499999999,1937.85,1915.6837499999997,1915.6837499999997,target,0.22929614114494684,13.08351717137527,173.81220675804676,336051.43190047075,770.5529656101183,2677.162413077033,405.0494493634405,4.0,4.420289855072381,False,middle_candle,1.25,fvg_midpoint_1to4
ETH/USD,new_york,2026-07-16 14:05:00,2026-07-16 14:50:00,2026-07-16 14:55:00,long,1881.225,1880.19,1885.3649999999993,1880.19,stopped out,0.05501734242314739,54.52826086957288,822.094529471062,1546544.7812041985,850.8678380024295,-2714.9489058914473,1864.0810678890177,-1.0,4.009661835749444,False,middle_candle,0.08333333333333333,fvg_midpoint_1to4
ETH/USD,new_york,2026-07-17 13:55:00,2026-07-17 15:10:00,2026-07-17 16:50:00,long,1810.4625,1803.3835,1838.7785000000008,1838.7785000000008,target,0.39100506086153003,7.672534962565141,108.69040412850214,196779.9007844983,769.419370825686,2840.4947699073728,237.1827133953713,4.0,4.013066817346982,True,middle_candle,1.6666666666666667,fvg_midpoint_1to4
ETH/USD,asia,2026-07-18 01:50:00,2026-07-18 01:55:00,2026-07-18 02:10:00,long,1840.5115,1839.88,1843.0375,1843.0375,target,0.03431111405714987,87.4352256532122,1353.3400062121318,2490837.8448435003,854.6342139229071,416.280648057641,3002.2562076339873,4.0,4.098970704671424,False,three_candles,0.25,fvg_midpoint_1to4
ETH/USD,new_york,2026-07-18 14:50:00,2026-07-18 16:50:00,2026-07-18 17:20:00,long,1841.1215,1839.987,1845.6594999999995,1845.6594999999995,target,0.061620050605019225,48.68545174085976,764.3214044642759,1407208.5706693744,867.1226333646363,1772.3541609226907,1696.1363725358544,4.0,4.520493609520082,False,middle_candle,0.5,fvg_midpoint_1to4
ETH/USD,london,2026-07-19 07:50:00,2026-07-19 08:00:00,2026-07-19 08:15:00,short,1869.3105,1869.7825,1867.4225000000001,1867.4225000000001,target,0.025249951787034843,118.81210805085249,1949.7738521024494,3644732.7343605557,920.2932581923171,-711.8955483724676,4393.068581141736,4.0,5.022245762712062,True,middle_candle,0.25,fvg_midpoint_1to4
ETH/USD,new_york,2026-07-19 14:00:00,2026-07-19 14:20:00,2026-07-19 14:45:00,long,1868.6695,1866.96,1875.5074999999997,1875.5074999999997,target,0.09148220164132471,32.7932641123148,525.8475529342951,982635.2838179527,898.936391741143,2411.355789528863,1184.3897774357088,4.0,4.171102661597108,True,three_candles,0.4166666666666667,fvg_midpoint_1to4
ETH/USD,asia,2026-07-20 01:05:00,2026-07-20 01:15:00,2026-07-20 01:20:00,long,1871.78075,1869.8385,1879.5497499999992,1879.5497499999992,target,0.10376482395172784,28.911531728667722,500.0782934365265,936036.9231473416,971.277065427009,2756.884411684475,1128.2238500235615,4.0,4.514995494916112,False,middle_candle,0.08333333333333333,fvg_midpoint_1to4
ETH/USD,asia,2026-07-21 01:55:00,2026-07-21 02:05:00,2026-07-21 02:35:00,short,1911.0275000000001,1913.23,1902.2175000000007,1911.0275000000001,break even,0.1152521353041687,26.029886492623525,478.53965846883267,914502.4471745472,1053.983597777543,-1102.267919451321,1102.267919451321,-0.0,3.3169125993192226,True,middle_candle,0.5,fvg_midpoint_1to4
ETH/USD,new_york,2026-07-21 14:00:00,2026-07-21 14:20:00,2026-07-21 14:25:00,long,1931.8600000000001,1927.59,1948.940000000001,1927.59,stopped out,0.22103050945721786,13.572786885245236,239.0902951273896,461888.97754479886,1020.9155601940035,-1577.6394966567223,556.7239364627187,-1.0,1.2409836065573112,False,middle_candle,0.08333333333333333,fvg_midpoint_1to4
ETH/USD,asia,2026-07-22 01:45:00,2026-07-22 02:00:00,2026-07-22 02:05:00,long,1930.1715,1928.625,1936.3574999999996,1928.625,stopped out,0.08012241399274228,37.44270611057411,629.5417880985129,1215123.6174467888,973.5863752943021,-2438.1989477564407,1464.6125724621386,-1.0,2.23698674426145,False,middle_candle,0.08333333333333333,fvg_midpoint_1to4
ETH/USD,london,2026-07-23 07:40:00,2026-07-23 08:05:00,2026-07-23 08:20:00,short,1918.05175,1921.9335,1902.52475,1921.9335,stopped out,0.20237983672755497,14.823611129001053,231.96764522743766,444925.94787186594,900.4404068616086,-1436.7184675555486,536.27806069394,-1.0,0.5581889611644456,False,middle_candle,0.25,fvg_midpoint_1to4
ETH/USD,new_york,2026-07-23 15:05:00,2026-07-23 15:50:00,2026-07-23 16:00:00,short,1896.26,1897.873,1889.8079999999998,1889.8079999999998,target,0.08506217501819668,35.26831990080471,531.5181976657856,1007896.6975057225,857.3388528349421,2214.51755145874,1214.8378598810284,4.0,5.631432114072933,False,middle_candle,0.16666666666666666,fvg_midpoint_1to4
ETH/USD,london,2026-07-24 08:20:00,2026-07-24 08:35:00,2026-07-24 09:05:00,short,1890.8725,1892.5565,1884.1365,1884.1365,target,0.0890594156930184,33.685377078385415,548.5596077070793,1037256.2768241043,923.7743793787046,2444.8719749531965,1250.2255425616215,4.0,4.925475059382496,True,middle_candle,0.5,fvg_midpoint_1to4
ETH/USD,new_york,2026-07-24 13:50:00,2026-07-24 15:35:00,2026-07-25 17:30:00,short,1865.74,1870.9995,1844.7020000000005,1870.9995,stopped out,0.28189887122535234,10.642114269417469,189.58466368044895,353715.69041516085,997.1205386273002,-1423.4610687765764,426.34053014927616,-1.0,2.9926799125392796,False,middle_candle,25.916666666666668,fvg_midpoint_1to4
ETH/USD,new_york,2026-07-24 14:55:00,2026-07-24 15:05:00,2026-07-24 15:10:00,long,1853.646,1851.85,1860.8300000000002,1860.8300000000002,target,0.09689012896745383,30.96290645879648,555.1896094806642,1029124.9988553952,997.1205386273002,2748.057402395698,1240.424752113503,4.0,4.823496659242636,False,middle_candle,0.08333333333333333,fvg_midpoint_1to4
ETH/USD,london,2026-07-25 08:05:00,2026-07-25 09:35:00,2026-07-25 09:50:00,short,1855.095,1855.7495,1852.4770000000005,1855.7495,stopped out,0.035281212013393966,85.03109243699156,1649.4457764696474,3059878.6126999604,1079.5622606991712,-4767.694580754764,3688.1323200555926,-1.0,1.6883116883120493,False,middle_candle,0.25,fvg_midpoint_1to4
ETH/USD,london,2026-07-26 08:05:00,2026-07-26 09:05:00,2026-07-26 09:15:00,short,1881.744,1882.517,1878.6519999999994,1882.517,stopped out,0.04107891402869563,73.03016817592483,1156.3099498228605,2175879.3102194685,893.827591213231,-3516.4580365039,2622.630445290669,-1.0,1.1972833117718804,False,middle_candle,0.16666666666666666,fvg_midpoint_1to4
SOL/USD,new_york,2026-07-01 15:25:00,2026-07-01 15:30:00,2026-07-01 19:25:00,long,77.14,76.776,78.59600000000002,77.14,break even,0.4718693284936535,6.357692307692232,8241.758241758143,635769.2307692232,3000.0,-847.9246453124848,847.9246453124848,0.0,2.799450549450531,True,middle_candle,3.9166666666666665,fvg_midpoint_1to4
SOL/USD,asia,2026-07-04 01:40:00,2026-07-04 02:10:00,2026-07-04 03:30:00,short,82.119625,82.46,80.75812500000002,82.46,stopped out,0.41448679289511436,7.2378663239075705,8739.073846906127,717649.4671552386,2974.5622606406255,-3931.690477053449,957.1282164128235,-1.0,0.8832170400293835,False,middle_candle,1.3333333333333333,fvg_midpoint_1to4
SOL/USD,london,2026-07-05 07:15:00,2026-07-05 07:35:00,2026-07-05 07:40:00,short,80.5078,80.554,80.32300000000001,80.554,stopped out,0.05738574399002196,52.27779220779344,61831.418751711884,4977911.49457907,2856.6115463290216,-9495.646016951327,6639.034470622304,-1.0,0.0,False,three_candles,0.08333333333333333,fvg_midpoint_1to4
SOL/USD,new_york,2026-07-05 15:20:00,2026-07-05 15:35:00,2026-07-05 15:45:00,short,81.3693,81.454,81.0305,81.0305,target,0.10409331283419915,28.820295159386745,30362.95355160027,2470612.2764262278,2571.742165820482,6991.916092620795,3295.052570661133,4.0,4.0059031877213975,False,middle_candle,0.16666666666666666,fvg_midpoint_1to4
SOL/USD,asia,2026-07-06 01:20:00,2026-07-06 01:30:00,2026-07-06 02:50:00,short,81.99645000000001,82.2062,81.15745000000007,81.15745000000007,target,0.2558037573577703,11.727740166866132,13261.023354466264,1087356.8384333255,2781.499648599106,9675.792109189284,1450.20648520714,4.0,5.879141835518926,True,middle_candle,1.3333333333333333,fvg_midpoint_1to4
SOL/USD,asia,2026-07-07 00:20:00,2026-07-07 01:00:00,2026-07-07 01:05:00,long,81.932,81.864,82.204,81.864,stopped out,0.08299565493335673,36.14647058823644,45173.13840992474,3701125.5762019535,3071.7734118747844,-8007.960065105828,4936.186653231044,-1.0,4.823529411764903,False,middle_candle,0.08333333333333333,fvg_midpoint_1to4
SOL/USD,asia,2026-07-08 01:05:00,2026-07-08 01:10:00,2026-07-08 01:25:00,short,80.3782648475,80.415,80.2313242375,80.2313242375,target,0.0457028433864518,65.64143011043649,77079.70206252938,6195532.706748379,2831.53460992161,3063.1640479634443,8262.974391722995,4.0,11.993004452615104,True,middle_candle,0.25,fvg_midpoint_1to4
SOL/USD,new_york,2026-07-08 15:20:00,2026-07-08 16:00:00,2026-07-08 16:05:00,short,76.7659,76.81555,76.5673,76.81555,stopped out,0.06467715483046477,46.384229607250994,58880.75591864104,4520034.220774807,2923.429531360513,-8951.793642051454,6028.364110690941,-1.0,2.273917421953611,False,middle_candle,0.08333333333333333,fvg_midpoint_1to4
SOL/USD,asia,2026-07-09 00:20:00,2026-07-09 00:40:00,2026-07-09 01:00:00,short,77.71812499999999,77.856435,77.16488499999991,77.856435,stopped out,0.17796363460906756,16.857376545439163,19195.110419337845,1491807.990958901,2654.8757220989696,-4644.498214646608,1989.6224925476383,-1.0,1.6649193839922003,False,middle_candle,0.3333333333333333,fvg_midpoint_1to4
SOL/USD,new_york,2026-07-09 14:15:00,2026-07-09 15:20:00,2026-07-09 16:00:00,short,78.04345,78.204,77.40125000000006,77.40125000000006,target,0.20571873744687919,14.583017751480522,15668.270169167135,1222805.859533887,2515.540775659571,8431.308423690061,1630.8546789482216,4.0,4.070071628776467,True,middle_candle,0.6666666666666666,fvg_midpoint_1to4
SOL/USD,new_york,2026-07-10 14:30:00,2026-07-10 14:45:00,2026-07-11 12:45:00,short,78.065,78.374,76.82900000000001,78.374,stopped out,0.3958239928264875,7.579126213592294,8959.482292460503,699421.9851609292,2768.480028370273,-3701.2982743457655,932.8182459754925,-1.0,2.8847896440129825,False,middle_candle,22.0,fvg_midpoint_1to4
SOL/USD,asia,2026-07-11 00:45:00,2026-07-11 00:55:00,2026-07-11 01:00:00,short,77.9492,78.0055,77.72400000000003,77.72400000000003,target,0.07222652702015303,41.53598579041359,49173.71275969113,3833051.570647716,2768.480028370273,5961.783922848597,5112.136190632495,4.0,6.273534635880003,False,three_candles,0.08333333333333333,fvg_midpoint_1to4
SOL/USD,asia,2026-07-11 01:20:00,2026-07-11 01:25:00,2026-07-11 01:30:00,long,77.80675,77.755,78.01374999999999,78.01374999999999,target,0.06651093896094928,45.105362318841955,56953.305237793655,4431351.582310701,2947.333546055731,5879.245999962193,5910.0881842607305,4.0,6.439613526570376,False,middle_candle,0.08333333333333333,fvg_midpoint_1to4
SOL/USD,london,2026-07-12 08:05:00,2026-07-12 09:20:00,2026-07-12 09:35:00,long,76.3768,76.2685,76.81,76.81,target,0.14179698547202793,21.15700831024934,27817.83913041762,2124637.5356960804,3012.6719778242236,9217.06142910146,2833.6264821954337,4.0,4.09787626962139,False,middle_candle,0.25,fvg_midpoint_1to4
SOL/USD,asia,2026-07-14 00:50:00,2026-07-14 01:25:00,2026-07-14 02:10:00,long,75.07015,74.98345,75.41694999999997,75.07015,break even,0.11549197650463378,25.975830449828983,37937.529650490425,2847976.0414917637,3289.183820697267,-3798.3421624833677,3798.3421624833677,0.0,4.48500576701309,True,middle_candle,0.75,fvg_midpoint_1to4
SOL/USD,new_york,2026-07-15 14:55:00,2026-07-15 15:00:00,2026-07-15 15:15:00,long,78.00049999999999,77.909,78.36649999999992,77.909,stopped out,0.11730694034010317,25.573934426234487,34702.00607457252,2706773.8248196933,3175.2335558227664,-6785.254494669468,3610.0209388467015,-1.0,2.136612021858447,False,middle_candle,0.25,fvg_midpoint_1to4
SOL/USD,new_york,2026-07-16 15:25:00,2026-07-16 16:10:00,2026-07-16 16:35:00,long,76.29095000000001,76.1165,76.98875000000004,76.1165,stopped out,0.22866408138843114,13.11968185726514,17034.54239600205,1299581.4222062726,2971.6759209826823,-4704.926073944146,1733.250152961464,-1.0,1.057896245342388,False,middle_candle,0.4166666666666667,fvg_midpoint_1to4
SOL/USD,new_york,2026-07-17 15:05:00,2026-07-17 15:30:00,2026-07-17 15:35:00,short,74.31720000000001,74.44975,73.78700000000009,74.44975,stopped out,0.17835709633837202,16.820188608074886,21354.41824794245,1587000.5718159887,2830.528138764358,-4947.108859947829,2116.580721183471,-1.0,2.000754432290049,False,middle_candle,0.08333333333333333,fvg_midpoint_1to4
SOL/USD,asia,2026-07-18 01:20:00,2026-07-18 01:25:00,2026-07-18 01:45:00,long,75.045075,74.9985,75.23137499999996,74.9985,stopped out,0.062062700317096146,48.3382125603968,57587.0074711003,4321621.294694282,2682.114872965923,-8445.855906870516,5763.741033904594,-1.0,5.5356951154063765,False,middle_candle,0.3333333333333333,fvg_midpoint_1to4
SOL/USD,london,2026-07-18 08:00:00,2026-07-18 08:30:00,2026-07-18 08:35:00,short,74.9653,74.97,74.9465,74.97,stopped out,0.006269567386510431,478.5019148936471,516753.0203744596,38738545.19827748,2428.7391957598074,-54094.28953613842,51665.55034037861,-1.0,9.63829787234049,False,middle_candle,0.08333333333333333,fvg_midpoint_1to4
SOL/USD,new_york,2026-07-19 14:30:00,2026-07-19 14:40:00,2026-07-19 14:45:00,long,76.14,76.1185,76.22600000000001,76.22600000000001,target,0.028237457315475677,106.24186046510053,37484.2097523505,2854047.730543967,805.910509675655,-582.7979280419072,3806.4399667445273,4.0,22.13953488371761,False,middle_candle,0.08333333333333333,fvg_midpoint_1to4
SOL/USD,asia,2026-07-20 00:55:00,2026-07-20 01:00:00,2026-07-20 01:05:00,short,76.73330000000001,76.83665,76.31990000000005,76.83665,stopped out,0.13468728700576127,22.27381712627172,7628.704129989939,585375.6426177571,788.4265718343979,-1569.1413502779624,780.7147784435646,-1.0,1.8413159167878348,False,middle_candle,0.08333333333333333,fvg_midpoint_1to4
SOL/USD,new_york,2026-07-21 15:00:00,2026-07-21 16:00:00,2026-07-21 17:45:00,short,78.16975,78.31,77.60874999999996,77.60874999999996,target,0.17941722981077576,16.720802139036376,5285.934626210425,413200.1882472124,741.352331326059,2414.3247397248706,551.0845855793657,4.0,5.594652406416753,False,middle_candle,1.75,fvg_midpoint_1to4
SOL/USD,asia,2026-07-22 00:00:00,2026-07-22 01:20:00,2026-07-22 01:30:00,long,78.13775,78.0885,78.33475,78.33475,target,0.06302971355074939,47.59659898477091,16523.49387853388,1291108.6338074107,813.782073517805,1533.178288632184,1721.950005439036,4.0,5.3248730964468045,True,three_candles,0.16666666666666666,fvg_midpoint_1to4
SOL/USD,new_york,2026-07-22 14:00:00,2026-07-22 14:20:00,2026-07-22 14:25:00,long,77.57345000000001,77.485,77.92725000000004,77.485,stopped out,0.11402096980346857,26.310949689087266,9720.490923422103,754052.0166235385,859.7774221767705,-1865.4556742826276,1005.6782521058572,-1.0,2.636517806670134,False,middle_candle,0.08333333333333333,fvg_midpoint_1to4
SOL/USD,asia,2026-07-24 00:30:00,2026-07-24 00:50:00,2026-07-24 00:55:00,short,75.7098,75.7674,75.47940000000003,75.7674,stopped out,0.07607997907799738,39.432187500004346,13955.099860214938,1056537.819396901,803.8137519482918,-2212.9169491688126,1409.1031972205205,-1.0,2.8385416666669636,False,middle_candle,0.08333333333333333,fvg_midpoint_1to4
SOL/USD,asia,2026-07-25 00:45:00,2026-07-25 00:55:00,2026-07-25 01:35:00,short,74.016175,74.1579,73.44927500000003,74.1579,stopped out,0.19147841671093363,15.667562180279385,5203.219216604406,385122.3840995546,737.4262434732276,-1251.0634960096734,513.6372525364458,-1.0,1.1725171988006131,False,middle_candle,0.6666666666666666,fvg_midpoint_1to4
SOL/USD,new_york,2026-07-25 14:00:00,2026-07-25 14:50:00,2026-07-25 14:55:00,short,74.025,74.038,73.97300000000004,73.97300000000004,target,0.017561634582899045,170.8269230770411,53838.026045647755,3985359.8780290755,699.8943385929373,-2515.6922394898206,5315.26959386157,4.0,13.461538461548637,False,middle_candle,0.08333333333333333,fvg_midpoint_1to4
SOL/USD,new_york,2026-07-26 14:05:00,2026-07-26 14:20:00,2026-07-26 14:25:00,long,74.932,74.8739,75.16439999999999,74.8739,stopped out,0.07753696684993866,38.69122203098371,10747.393655908527,805323.7014245378,624.4235714082429,-1698.4828068102886,1074.0592354020457,-1.0,0.7056798623063616,False,middle_candle,0.08333333333333333,fvg_midpoint_1to4
XRP/USD,london,2026-07-01 08:55:00,2026-07-01 10:10:00,2026-07-01 10:25:00,long,1.0415,1.0402,1.0467000000000004,1.0402,stopped out,0.12481997119539881,24.034615384613932,2307692.307692168,2403461.538461393,3000.0,-6103.2978204833835,3103.297820483384,-1.0,1.2307692307690206,False,middle_candle,0.25,fvg_midpoint_1to4
XRP/USD,london,2026-07-04 08:20:00,2026-07-04 08:50:00,2026-07-04 08:55:00,long,1.1418249999999999,1.140905,1.145504999999999,1.140905,stopped out,0.08057276728043351,37.23342391305116,3061848.984115305,3496095.7162874574,2816.9010653854984,-7330.984624842648,4514.08355945715,-1.0,0.7336956521742856,False,middle_candle,0.08333333333333333,fvg_midpoint_1to4
XRP/USD,london,2026-07-06 07:20:00,2026-07-06 09:20:00,2026-07-06 09:30:00,long,1.1374749999999998,1.136,1.1433749999999994,1.136,stopped out,0.12967317963031216,23.135084745764384,1760658.6621290895,2002705.2117052856,2596.9715266402186,-5182.8214015395415,2585.849874899323,-1.0,0.8847457627120042,False,three_candles,0.16666666666666666,fvg_midpoint_1to4
XRP/USD,london,2026-07-06 08:00:00,2026-07-06 08:30:00,2026-07-06 09:15:00,long,1.141275,1.138725,1.1514750000000002,1.138725,stopped out,0.2234343168824387,13.426764705882078,1018420.2065255551,1162297.521202453,2596.9715266402186,-4097.7050755572745,1500.7335489170555,-1.0,1.4607843137254517,False,middle_candle,0.75,fvg_midpoint_1to4
XRP/USD,asia,2026-07-07 01:45:00,2026-07-07 01:55:00,2026-07-07 02:05:00,long,1.140965,1.1391,1.148425,1.1391,stopped out,0.16345812535879767,18.35332439678279,1243193.4221594143,1418440.1829141162,2318.5557323273147,-4150.015174337494,1831.459442010179,-1.0,1.144772117962462,False,middle_candle,0.16666666666666666,fvg_midpoint_1to4
XRP/USD,london,2026-07-07 07:55:00,2026-07-07 08:10:00,2026-07-07 08:15:00,short,1.1287118225000001,1.1291668225,1.1268918225000006,1.1268918225000006,target,0.04031144096569185,74.42055972529563,4822099.510105069,5442760.72632705,2194.05527709719,1748.6455765431483,7027.575531845611,4.0,7.630379120881507,True,middle_candle,0.08333333333333333,fvg_midpoint_1to4
XRP/USD,asia,2026-07-09 00:20:00,2026-07-09 00:25:00,2026-07-09 00:30:00,short,1.0882800000000001,1.09001,1.081360000000001,1.09001,stopped out,0.15896644245964156,18.87190751445319,1298563.3782622893,1413200.5532952845,2246.514644393484,-4071.2087893868156,1824.6941449933315,-1.0,0.5173410404625435,False,middle_candle,0.08333333333333333,fvg_midpoint_1to4
XRP/USD,asia,2026-07-09 01:50:00,2026-07-09 02:05:00,2026-07-09 02:10:00,short,1.0869650000000002,1.08775,1.083825000000001,1.08775,stopped out,0.07221943668837667,41.540063694277386,2706214.497722782,2941560.4415172446,2124.37838071188,-5922.4579259432785,3798.0795452313987,-1.0,2.69426751592432,False,middle_candle,0.08333333333333333,fvg_midpoint_1to4
XRP/USD,london,2026-07-09 07:35:00,2026-07-09 07:40:00,2026-07-09 07:45:00,short,1.0964174999999998,1.097875,1.0905874999999994,1.097875,stopped out,0.13293293841078893,22.567770154372198,1335646.4102459229,1464426.098005809,1946.7046429335815,-3837.540108979635,1890.8354660460539,-1.0,1.5694682675812013,False,middle_candle,0.08333333333333333,fvg_midpoint_1to4
XRP/USD,new_york,2026-07-12 13:35:00,2026-07-12 13:45:00,2026-07-12 13:50:00,short,1.0999,1.1005,1.0975000000000004,1.0975000000000004,target,0.05455041367396435,54.99500000000605,3052630.73277399,3357588.5429781117,1831.5784396641923,2991.06768096243,4335.246077694339,4.0,8.166666666667776,False,three_candles,0.08333333333333333,fvg_midpoint_1to4
XRP/USD,london,2026-07-13 08:45:00,2026-07-13 09:00:00,2026-07-13 09:10:00,long,1.07663,1.07537,1.0816700000000001,1.0816700000000001,target,0.1170318493818711,25.634047619046825,1524849.5794388936,1641698.802711296,1921.310470093065,5565.5157125861215,2119.726167786139,4.0,4.261904761904708,False,middle_candle,0.16666666666666666,fvg_midpoint_1to4
XRP/USD,asia,2026-07-14 00:40:00,2026-07-14 00:45:00,2026-07-14 00:50:00,short,1.0652599999999999,1.066,1.0622999999999991,1.066,stopped out,0.06946660909075578,43.18621621620542,2821994.5155001716,3006157.8775817123,2088.275941470649,-5969.762306132996,3881.486364662347,-1.0,1.7027027027020296,False,middle_candle,0.08333333333333333,fvg_midpoint_1to4
XRP/USD,london,2026-07-14 08:15:00,2026-07-14 09:35:00,2026-07-14 09:55:00,long,1.0668674999999999,1.0665,1.0683374999999993,1.0683374999999993,target,0.0344466393436724,87.09122448983048,5195055.97901338,5542436.384690056,1909.183072286659,480.45769205566194,7156.274597090974,4.0,8.523809523813465,False,middle_candle,0.3333333333333333,fvg_midpoint_1to4
XRP/USD,new_york,2026-07-16 14:10:00,2026-07-16 15:05:00,2026-07-16 15:10:00,long,1.106925,1.105865,1.1111649999999993,1.105865,stopped out,0.09576077873386535,31.32806603774061,1814713.9651402086,2008752.2558628253,1923.5968030483286,-4517.254491242835,2593.6576881945057,-1.0,0.7783018867926426,False,middle_candle,0.08333333333333333,fvg_midpoint_1to4
XRP/USD,new_york,2026-07-16 14:55:00,2026-07-16 15:00:00,2026-07-16 15:05:00,short,1.1120999999999999,1.113,1.1084999999999994,1.1084999999999994,target,0.08092797410305935,37.06999999999493,2137329.7811645176,2376924.4496330596,1923.5968030483286,4625.353509776766,3069.0337024165483,4.0,6.555555555554432,False,middle_candle,0.08333333333333333,fvg_midpoint_1to4
XRP/USD,asia,2026-07-17 00:50:00,2026-07-17 01:45:00,2026-07-17 01:50:00,long,1.0870725,1.0861,1.0909625000000003,1.0861,stopped out,0.08946045456950136,33.53437017994711,1981326.245351426,2153845.2748497883,1926.8397736043466,-4707.838445785574,2780.9986721812274,-1.0,1.3650385604111748,False,middle_candle,0.08333333333333333,fvg_midpoint_1to4
XRP/USD,new_york,2026-07-17 13:35:00,2026-07-17 13:45:00,2026-07-17 13:50:00,short,1.074295,1.07575,1.068475,1.07575,stopped out,0.13543765911597688,22.150412371134262,1227219.6702617176,1318395.9556638119,1785.6046202307796,-3487.8891087792267,1702.2844885484471,-1.0,3.721649484536087,False,middle_candle,0.08333333333333333,fvg_midpoint_1to4
XRP/USD,new_york,2026-07-17 14:35:00,2026-07-17 15:05:00,2026-07-17 15:10:00,long,1.0788250000000001,1.0759,1.0905250000000004,1.0759,stopped out,0.2711283108938026,11.064871794871543,574689.8963990989,619989.827482758,1680.9679469674024,-2481.485471196558,800.5175242291557,-1.0,0.23076923076914319,False,middle_candle,0.08333333333333333,fvg_midpoint_1to4
XRP/USD,london,2026-07-19 08:10:00,2026-07-19 08:15:00,2026-07-19 08:20:00,long,1.09538,1.094795,1.0977200000000003,1.094795,stopped out,0.05340612390221272,56.1733333333278,2746193.816805722,3008125.783052652,1606.5233828315058,-5490.5506646923,3884.027281860795,-1.0,4.307692307692015,False,middle_candle,0.08333333333333333,fvg_midpoint_1to4
XRP/USD,new_york,2026-07-19 14:20:00,2026-07-19 14:30:00,2026-07-19 14:45:00,short,1.0934599999999999,1.09599,1.0833399999999993,1.09599,stopped out,0.2313756333107881,12.965928853754203,569884.1355299032,623145.506836528,1441.8068628907367,-2246.3989323971878,804.592069506451,-1.0,0.3794466403161247,False,three_candles,0.25,fvg_midpoint_1to4
XRP/USD,london,2026-07-20 08:10:00,2026-07-20 08:40:00,2026-07-20 10:20:00,long,1.0855975,1.08375,1.0929875,1.0929875,target,0.1701827795292456,17.62810554803787,743932.2841238538,807611.0278141453,1374.4148949188213,4454.889598834071,1042.7699808412146,4.0,4.158322056833574,True,middle_candle,1.6666666666666667,fvg_midpoint_1to4
XRP/USD,new_york,2026-07-20 13:50:00,2026-07-20 15:00:00,2026-07-20 15:05:00,short,1.097985,1.0986,1.0955249999999999,1.0986,stopped out,0.0560116941488301,53.56024390243622,2452132.655095552,2692404.87330509,1508.0615828838434,-4984.436819799555,3476.375236915712,-1.0,8.99999999999964,False,middle_candle,0.08333333333333333,fvg_midpoint_1to4
XRP/USD,london,2026-07-23 08:40:00,2026-07-23 09:30:00,2026-07-23 10:00:00,long,1.1333,1.13275,1.1355000000000002,1.13275,stopped out,0.04853083914233217,61.81636363635796,2470051.778708604,2799309.680810461,1358.5284782898568,-4972.936902265843,3614.408423975986,-1.0,4.3181818181814515,False,middle_candle,0.5,fvg_midpoint_1to4
DOT/USD,asia,2026-07-01 00:10:00,2026-07-01 00:20:00,2026-07-01 00:25:00,long,0.82046475,0.819525,0.82422375,0.819525,stopped out,0.11453874160955935,26.192011173183882,3192338.3878690563,2619201.117318388,3000.0,-9331.356760524475,6331.356760524476,-1.0,2.341846235701032,False,middle_candle,0.08333333333333333,fvg_midpoint_1to4
DOT/USD,london,2026-07-01 07:20:00,2026-07-01 08:20:00,2026-07-01 08:55:00,long,0.83051925,0.829519,0.8345202500000002,0.8345202500000002,target,0.12043670270135651,24.909350162458495,2719379.452321088,2258496.983207121,2720.0592971842657,5420.805284595002,5459.43190414206,4.0,6.794551362159165,False,middle_candle,0.5833333333333334,fvg_midpoint_1to4
DOT/USD,new_york,2026-07-01 14:05:00,2026-07-01 14:30:00,2026-07-01 17:00:00,long,0.8370445,0.8333605,0.8517805,0.8370445,break even,0.4401199697268211,6.816323289902241,782487.3658311887,654976.7458884844,2882.6834557221155,-1583.265760176936,1583.265760176936,0.0,3.295059717698139,True,middle_candle,2.5,fvg_midpoint_1to4
DOT/USD,new_york,2026-07-01 14:30:00,2026-07-01 15:00:00,2026-07-01 15:20:00,short,0.8409,0.8442865,0.8273539999999997,0.8442865,stopped out,0.4027232726840374,7.449283921452672,851227.9508997655,715797.5839116127,2882.6834557221155,-4612.97054291832,1730.2870871962036,-1.0,0.5817215414144358,False,middle_candle,0.3333333333333333,fvg_midpoint_1to4
DOT/USD,london,2026-07-02 07:00:00,2026-07-02 07:15:00,2026-07-02 07:30:00,short,0.8382860000000001,0.839588,0.8330780000000004,0.8382860000000001,break even,0.15531692047820364,19.31534562212109,2071272.1709903497,1736318.4631308166,2696.796366629258,-4197.177363463392,4197.177363463392,-0.0,2.262672811060145,True,middle_candle,0.25,fvg_midpoint_1to4
DOT/USD,london,2026-07-03 07:35:00,2026-07-03 08:30:00,2026-07-03 08:35:00,long,0.854324,0.8538095,0.8563819999999999,0.8563819999999999,target,0.060223053548767606,49.814810495629395,4996853.344461593,4268931.736653806,2570.881045725356,-35.70240583519262,10319.226588736617,4.0,4.268221574344198,True,middle_candle,0.08333333333333333,fvg_midpoint_1to4
DOT/USD,new_york,2026-07-03 14:10:00,2026-07-03 14:30:00,2026-07-03 15:05:00,short,0.8723295,0.873701,0.8668435000000001,0.873701,stopped out,0.15722270082577397,19.08121399927129,1873722.182683454,1634503.134759166,2569.8099735503006,-6520.870624803804,3951.0606512535037,-1.0,3.3609187021509546,False,middle_candle,0.5833333333333334,fvg_midpoint_1to4
DOT/USD,new_york,2026-07-04 13:40:00,2026-07-04 14:05:00,2026-07-04 14:10:00,short,0.87267075,0.874165,0.8666937500000004,0.874165,stopped out,0.17122723547224644,17.520577212649435,1588879.9429856548,1386569.0515052488,2374.1838548061864,-5725.917053198304,3351.7331983921167,-1.0,0.3819641960850561,False,middle_candle,0.08333333333333333,fvg_midpoint_1to4
DOT/USD,new_york,2026-07-04 14:35:00,2026-07-04 14:40:00,2026-07-04 14:50:00,short,0.8744775,0.87498,0.8724675000000002,0.8724675000000002,target,0.05746288497988357,52.20761194030253,4382898.195443596,3832745.856706027,2202.406343210237,-455.2154333024864,9264.840806143435,4.0,4.054726368159566,False,middle_candle,0.16666666666666666,fvg_midpoint_1to4
DOT/USD,london,2026-07-05 07:15:00,2026-07-05 07:20:00,2026-07-05 07:30:00,short,0.86802,0.86885,0.8647,0.86885,stopped out,0.0956199165917833,31.37421686746998,2637048.048447192,2289010.447013132,2188.7498802111627,-7721.941536545526,5533.191656334363,-1.0,2.0301204819277747,False,three_candles,0.16666666666666666,fvg_midpoint_1to4
DOT/USD,new_york,2026-07-05 14:55:00,2026-07-05 15:20:00,2026-07-05 15:40:00,long,0.8762125000000001,0.8749155,0.8814005000000005,0.8749155,stopped out,0.1480234532148427,20.26705859676014,1508937.266086847,1322149.6942611216,1957.091634114797,-5153.104857320806,3196.013223206009,-1.0,2.143022359290449,False,middle_candle,0.3333333333333333,fvg_midpoint_1to4
DOT/USD,asia,2026-07-06 01:35:00,2026-07-06 01:45:00,2026-07-06 01:50:00,long,0.8823814999999999,0.880985,0.8879674999999996,0.880985,stopped out,0.15826487749345514,18.95556390977563,1290725.7346188948,1138912.5098016222,1802.4984883951724,-4555.575131078145,2753.076642682973,-1.0,1.0855710705335972,False,middle_candle,0.08333333333333333,fvg_midpoint_1to4
DOT/USD,london,2026-07-06 07:20:00,2026-07-06 07:30:00,2026-07-06 07:40:00,long,0.86567275,0.86492,0.8686837499999999,0.8686837499999999,target,0.08695549213024999,34.50040850216018,2212994.001279173,1915728.602820845,1665.8312344628282,2032.4620535157846,4630.862884335528,4.0,4.174360677515966,True,middle_candle,0.16666666666666666,fvg_midpoint_1to4
DOT/USD,london,2026-07-06 07:40:00,2026-07-06 08:15:00,2026-07-06 08:20:00,long,0.86728625,0.8668495,0.86903325,0.86903325,target,0.050358229477290316,59.57318259874265,3953760.9526464986,3429042.5100172097,1726.805096068302,-1381.7541944147733,8288.974578687981,4.0,5.026330852890792,False,middle_candle,0.08333333333333333,fvg_midpoint_1to4
DOT/USD,new_york,2026-07-06 14:15:00,2026-07-06 14:20:00,2026-07-06 14:25:00,short,0.8621975,0.863115,0.8585274999999999,0.863115,stopped out,0.1064141336526742,28.19174386920933,1836896.4253251555,1583767.5056742856,1685.3524702358586,-5513.770623331413,3828.4181530955548,-1.0,3.3923705722069863,False,middle_candle,0.08333333333333333,fvg_midpoint_1to4
DOT/USD,new_york,2026-07-08 14:45:00,2026-07-08 14:50:00,2026-07-08 15:05:00,short,0.8233762499999999,0.8242,0.8200812499999994,0.8200812499999994,target,0.10004539237075676,29.98638846737033,1845146.405506148,1519249.7280666314,1519.9393515359163,2407.2971383472955,3672.46026779637,4.0,5.494688922609138,False,middle_candle,0.25,fvg_midpoint_1to4
DOT/USD,london,2026-07-09 07:45:00,2026-07-09 07:55:00,2026-07-09 08:00:00,long,0.83412,0.83265,0.8399999999999999,0.83265,stopped out,0.17623363544813353,17.02285714285747,1083100.8610111335,903436.0901866066,1592.1582656863352,-3776.0211846060724,2183.8629189197372,-1.0,0.7619047619047835,False,middle_candle,0.08333333333333333,fvg_midpoint_1to4
DOT/USD,london,2026-07-10 07:40:00,2026-07-10 07:50:00,2026-07-10 08:00:00,short,0.84671825,0.84746,0.8437512500000001,0.84746,stopped out,0.0876029304907489,34.245429726997635,1993768.291403009,1688159.998602246,1478.877630148153,-5559.642237846681,4080.7646076985284,-1.0,3.9706774519717802,False,middle_candle,0.16666666666666666,fvg_midpoint_1to4
DOT/USD,london,2026-07-11 07:00:00,2026-07-11 07:10:00,2026-07-11 08:45:00,short,0.8769065,0.8783515,0.8711265000000004,0.8769065,break even,0.164783816746702,18.20567128027784,908019.6283825788,796248.3142562679,1312.0883630127526,-1924.7594673768685,1924.7594673768685,-0.0,2.004844290657579,True,three_candles,1.5833333333333333,fvg_midpoint_1to4
DOT/USD,london,2026-07-11 07:50:00,2026-07-11 08:00:00,2026-07-11 08:05:00,short,0.876315,0.8766425,0.8750049999999998,0.8750049999999998,target,0.03737240604121076,80.2731297709835,4006376.680954528,3510847.981170667,1312.0883630127526,-3238.3683020679337,8486.721754118944,4.0,7.039694656487653,False,three_candles,0.08333333333333333,fvg_midpoint_1to4
DOT/USD,new_york,2026-07-11 13:45:00,2026-07-11 13:55:00,2026-07-11 14:00:00,long,0.87830775,0.877636,0.8809947500000004,0.877636,stopped out,0.07648230361169897,39.22475995533574,1722656.5387856604,1513022.588603621,1157.1945299294086,-4814.602024085309,3657.4074941559,-1.0,2.005582433940821,False,middle_candle,0.08333333333333333,fvg_midpoint_1to4
DOT/USD,asia,2026-07-14 00:55:00,2026-07-14 01:20:00,2026-07-14 01:25:00,long,0.838155,0.83765,0.8401749999999999,0.8401749999999999,target,0.06025138548358928,49.791386138616055,2005458.3548651366,1680884.9474219885,1012.7564692068493,-12.152855480072503,4063.1787323074695,4.0,4.295049504950638,False,middle_candle,0.08333333333333333,fvg_midpoint_1to4
DOT/USD,asia,2026-07-15 01:15:00,2026-07-15 02:30:00,2026-07-15 02:55:00,long,0.85370525,0.85144,0.86276625,0.85144,stopped out,0.26534333717638453,11.306106390023192,446922.8047864247,381540.3447908959,1012.3918835424469,-1934.683808905516,922.2919253630691,-1.0,1.2602361770224133,False,middle_candle,0.4166666666666667,fvg_midpoint_1to4
DOT/USD,asia,2026-07-16 01:10:00,2026-07-16 01:35:00,2026-07-16 01:40:00,short,0.842741,0.84285,0.8423049999999999,0.84285,stopped out,0.012933985649212006,231.9470642201287,8755517.149312444,7378633.277928718,954.3513692752817,-18790.61425827206,17836.26288899678,-1.0,15.642201834858293,False,middle_candle,0.08333333333333333,fvg_midpoint_1to4
DOT/USD,new_york,2026-07-16 15:25:00,2026-07-16 16:05:00,2026-07-16 16:10:00,long,0.8480877499999999,0.8468445,0.8530607499999996,0.8468445,stopped out,0.14659450039219624,20.46461492057243,314203.0496900427,266471.7574547665,390.6329415271198,-1034.7712445748075,644.1383030476877,-1.0,1.9000603257593218,False,middle_candle,0.08333333333333333,fvg_midpoint_1to4
DOT/USD,asia,2026-07-17 00:45:00,2026-07-17 02:20:00,2026-07-17 02:30:00,long,0.8594465,0.858187,0.8644844999999999,0.858187,stopped out,0.1465478072224355,20.471135371179543,285502.02793956693,245373.71865556302,359.5898041898757,-952.7281249521607,593.138320762285,-1.0,2.595077411671368,False,middle_candle,0.16666666666666666,fvg_midpoint_1to4
DOT/USD,new_york,2026-07-17 13:55:00,2026-07-17 15:05:00,2026-07-17 15:20:00,long,0.838645,0.837917,0.8415569999999998,0.837917,stopped out,0.08680669413159929,34.55954670329903,454681.2643424906,381316.168934508,331.00796044131084,-1252.7579887677216,921.7500283264106,-1.0,5.08104395604431,False,middle_candle,0.25,fvg_midpoint_1to4
DOT/USD,london,2026-07-18 07:05:00,2026-07-18 07:25:00,2026-07-18 07:50:00,short,0.84547675,0.8462835,0.8422497500000001,0.8422497500000001,target,0.0954195369653828,31.440102262164274,363712.70006605634,307510.63158557407,293.425220778279,430.3599066035199,743.3409765095962,4.0,5.595599628137882,True,middle_candle,0.4166666666666667,fvg_midpoint_1to4
DOT/USD,new_york,2026-07-18 14:20:00,2026-07-18 14:35:00,2026-07-18 16:05:00,long,0.832242,0.830969,0.8373340000000004,0.830969,stopped out,0.15296031683093134,19.61293008640883,240641.01962008295,200271.5634506571,306.33601797638477,-790.4495550431103,484.11353706672554,-1.0,1.503142183817669,False,three_candles,1.5,fvg_midpoint_1to4
DOT/USD,london,2026-07-19 08:55:00,2026-07-19 09:00:00,2026-07-19 09:15:00,short,0.83567,0.83646,0.8325100000000002,0.8325100000000002,target,0.09453492407289449,31.73430379747007,357750.03965203353,298960.9756360149,282.62253132509124,407.81610774954504,722.6740175508199,4.0,6.265822784810477,True,three_candles,0.25,fvg_midpoint_1to4
DOT/USD,asia,2026-07-21 01:15:00,2026-07-21 02:35:00,2026-07-21 02:55:00,short,0.8298782499999999,0.83075,0.8263912499999997,0.83075,stopped out,0.10504552926890902,28.55904502437429,338235.74942077126,280694.49181674817,294.85701455757766,-973.3757264866083,678.5187119290307,-1.0,1.0802982506451375,False,middle_candle,0.3333333333333333,fvg_midpoint_1to4
DOT/USD,asia,2026-07-21 01:55:00,2026-07-21 02:00:00,2026-07-21 02:15:00,short,0.827873,0.828505,0.8253449999999997,0.8253449999999997,target,0.07634021160251356,39.29776898733699,466545.9091100344,386240.7614126515,294.85701455757766,245.7738841423694,933.6541740879412,4.0,5.973892405062456,True,middle_candle,0.25,fvg_midpoint_1to4
DOT/USD,london,2026-07-21 08:50:00,2026-07-21 08:55:00,2026-07-21 09:00:00,long,0.8578045,0.856643,0.8624504999999997,0.856643,stopped out,0.13540381287343756,22.155949203617414,235065.8280561929,201640.5251028285,273.02895928725076,-760.4516674420859,487.4227081548351,-1.0,1.54584588893687,False,middle_candle,0.08333333333333333,fvg_midpoint_1to4
DOT/USD,asia,2026-07-22 01:15:00,2026-07-22 01:35:00,2026-07-22 01:40:00,short,0.8513995,0.8514135,0.8513434999999997,0.8514135,stopped out,0.0016443514472429823,1824.4274999909412,17872529.233053267,15216662.452756934,250.2154092639881,-37033.23220620219,36783.0167969382,-1.0,106.96428571374958,False,middle_candle,0.08333333333333333,fvg_midpoint_1to4
BTC/USD,asia,2026-07-03 00:05:00,2026-07-03 01:05:00,2026-07-03 01:10:00,short,61448.25,61511.061,61385.439,61511.061,stopped out,0.10221771978860507,29.3491187849255,47.76233462291522,2934911.87849255,3000.0,-6526.458051506424,3526.458051506424,-1.0,1.8550413144194013,False,middle_candle,0.08333333333333333,fvg_midpoint_1to1
BTC/USD,london,2026-07-06 07:40:00,2026-07-06 08:15:00,2026-07-06 08:20:00,long,62929.4075,62910.85,62947.965000000004,62947.965000000004,target,0.02948939253877866,101.73149535226909,151.10905339913305,9509203.198293304,2804.206258454807,-8621.624420746342,11425.83067920115,1.0,5.731968206923571,False,middle_candle,0.08333333333333333,fvg_midpoint_1to1
BTC/USD,asia,2026-07-07 00:20:00,2026-07-07 00:35:00,2026-07-07 00:45:00,long,64033.8575,63957.7,64110.015,64110.015,target,0.11893317531276508,25.224248760791394,33.4249092450826,2140325.8755500517,2545.557525832417,-26.161738378593782,2571.719264211011,1.0,1.8780487804878259,False,middle_candle,0.16666666666666666,fvg_midpoint_1to1
BTC/USD,asia,2026-07-09 00:20:00,2026-07-09 00:30:00,2026-07-09 00:35:00,short,62208.546749999994,62267.371,62149.72249999999,62149.72249999999,target,0.09455975597116023,31.72597019936229,43.260605510156736,2691179.400311893,2544.772673681059,-688.8273992289983,3233.6000729100574,1.0,2.2565311074936822,False,middle_candle,0.08333333333333333,fvg_midpoint_1to1
BTC/USD,london,2026-07-11 08:10:00,2026-07-11 09:40:00,2026-07-11 09:45:00,long,64138.56725,64110.05,64167.0845,64110.05,stopped out,0.04446193799253779,67.47344212714032,88.51161495952245,5677008.168487436,2524.107851704189,-9345.345419665831,6821.2375679616425,-1.0,2.775434167039401,False,middle_candle,0.08333333333333333,fvg_midpoint_1to1
BTC/USD,london,2026-07-14 07:05:00,2026-07-14 07:25:00,2026-07-14 07:30:00,short,62571.6625,62607.89,62535.435,62535.435,target,0.057897614595106645,51.81560623835359,61.9349248254547,3875371.213141223,2243.747489114214,-2412.724181230274,4656.471670344488,1.0,2.3682975640052035,False,middle_candle,0.08333333333333333,fvg_midpoint_1to1
BTC/USD,london,2026-07-15 07:20:00,2026-07-15 09:15:00,2026-07-15 09:35:00,short,64829.1905,64929.395,64728.986,64728.986,target,0.15456694619686764,19.409065610825895,21.66934382864352,1404806.0190771301,2171.365763677306,483.4140629523988,1687.9517007249071,1.0,1.051948764775997,False,middle_candle,0.3333333333333333,fvg_midpoint_1to1
BTC/USD,new_york,2026-07-15 14:30:00,2026-07-15 16:05:00,2026-07-15 16:30:00,long,65110.2675,64989.1,65231.435000000005,64989.1,stopped out,0.18609584118204275,16.120725648378883,18.040053525622135,1174592.7107675753,2185.868185565878,-3597.2059338919344,1411.3377483260565,-1.0,1.2816431798955632,False,middle_candle,0.4166666666666667,fvg_midpoint_1to1
BTC/USD,asia,2026-07-16 00:20:00,2026-07-16 01:45:00,2026-07-16 01:50:00,short,64719.77025,64807.2785,64632.262,64807.2785,stopped out,0.1352110022362123,22.18754354589451,23.745784055207878,1536821.6884591673,2077.95200754912,-3924.5277963186786,1846.5757887695586,-1.0,1.8911674042162525,False,middle_candle,0.08333333333333333,fvg_midpoint_1to1
BTC/USD,asia,2026-07-16 00:35:00,2026-07-16 00:50:00,2026-07-16 00:55:00,short,64594.604999999996,64640.519,64548.69099999999,64548.69099999999,target,0.07108023959586766,42.20582284270196,45.25748154264331,2923389.1435418352,2077.95200754912,-1434.6608441269113,3512.6128516760314,1.0,1.7251709718166524,False,middle_candle,0.08333333333333333,fvg_midpoint_1to1
BTC/USD,new_york,2026-07-16 15:25:00,2026-07-16 16:00:00,2026-07-16 16:10:00,long,64544.74125,64453.904,64635.578499999996,64453.904,stopped out,0.14073532287961082,21.316610063603502,21.105618546750577,1362256.688021217,1917.1763483357524,-3554.0026874483015,1636.826339112549,-1.0,1.7069952029592392,False,middle_candle,0.16666666666666666,fvg_midpoint_1to1
BTC/USD,asia,2026-07-17 01:00:00,2026-07-17 01:40:00,2026-07-17 01:45:00,long,63705.835,63598.5625,63813.1075,63598.5625,stopped out,0.16838724427675916,17.81607634761952,16.87810266109504,1075233.6232407815,1810.5562677123028,-3102.508607308758,1291.9523395964554,-1.0,1.0984175813932062,False,middle_candle,0.08333333333333333,fvg_midpoint_1to1
BTC/USD,new_york,2026-07-18 14:00:00,2026-07-18 15:40:00,2026-07-18 15:45:00,long,64007.2185,63924.7315,64089.705500000004,64089.705500000004,target,0.12887140221536258,23.279020391091652,20.82123255171142,1332709.1813767056,1717.4810094930406,116.15762482081209,1601.3233846722285,1.0,1.3756652563433664,False,middle_candle,0.08333333333333333,fvg_midpoint_1to1
BTC/USD,asia,2026-07-20 00:45:00,2026-07-20 01:05:00,2026-07-20 01:10:00,short,64899.70725,65001.3585,64798.056,64798.056,target,0.1566282103683952,19.153637731950663,16.930099120646528,1098758.4766434422,1720.9657382376647,400.7469933360758,1320.218744901589,1.0,3.4744998216942102,False,middle_candle,0.08333333333333333,fvg_midpoint_1to1
BTC/USD,london,2026-07-23 07:40:00,2026-07-23 08:10:00,2026-07-23 09:00:00,short,65533.042499999996,65666.252,65399.833,65666.252,stopped out,0.20327073933733084,14.758641650933614,13.009493677536389,852551.7020734734,1732.9881480377471,-2757.3759111370327,1024.3877630992858,-1.0,0.5548590753662471,False,middle_candle,0.8333333333333334,fvg_midpoint_1to1
BTC/USD,asia,2026-07-24 00:00:00,2026-07-24 01:05:00,2026-07-24 01:10:00,short,65072.286250000005,65112.635,65031.93750000001,65031.93750000001,target,0.06200604331770712,48.38238080486079,40.90007424526765,2661461.33893431,1650.2668707036362,-1547.6253168732617,3197.892187576898,1.0,2.4309613061126782,False,middle_candle,0.08333333333333333,fvg_midpoint_1to1
BTC/USD,london,2026-07-24 07:00:00,2026-07-24 07:35:00,2026-07-24 07:40:00,long,65428.67225,65374.7565,65482.588,65374.7565,stopped out,0.0824038577368504,36.406062560568955,29.747116773807925,1946314.3537759562,1603.8381111974381,-3942.4418607454727,2338.6037495480346,-1.0,1.8160509684090362,False,middle_candle,0.08333333333333333,fvg_midpoint_1to1
ETH/USD,asia,2026-07-01 00:50:00,2026-07-01 01:00:00,2026-07-01 01:05:00,long,1567.89325,1567.51,1568.2765000000002,1567.51,stopped out,0.024443628416672445,122.73136986298516,7827.7886497046375,12273136.986298516,3000.0,-17793.055188452912,14793.055188452912,-1.0,10.82648401826216,False,middle_candle,0.08333333333333333,fvg_midpoint_1to1
ETH/USD,london,2026-07-01 08:00:00,2026-07-01 08:05:00,2026-07-01 08:10:00,short,1576.1625,1576.765,1575.5599999999997,1575.5599999999997,target,0.03822575400697524,78.48112033192533,4093.291857835072,6451693.127874971,2466.2083443464126,-5310.145215967012,7776.353560313424,1.0,4.887136929458757,False,middle_candle,0.08333333333333333,fvg_midpoint_1to1
ETH/USD,london,2026-07-01 08:50:00,2026-07-01 10:40:00,2026-07-01 10:45:00,long,1571.055,1570.815,1571.295,1570.815,stopped out,0.015276358879861564,196.38187499999253,9612.099949447143,15101137.686078683,2306.903987867402,-20508.604453524906,18201.700465657505,-1.0,5.7499999999992895,False,middle_candle,0.08333333333333333,fvg_midpoint_1to1
ETH/USD,asia,2026-07-02 00:00:00,2026-07-02 01:15:00,2026-07-02 01:30:00,short,1609.667,1612.1555,1607.1784999999998,1612.1555,stopped out,0.15459719308404524,19.40526823387459,679.785354334558,1094228.0519556447,1691.6458542616551,-3010.5406062231127,1318.8947519614576,-1.0,1.4064697609000512,False,middle_candle,0.25,fvg_midpoint_1to1
ETH/USD,asia,2026-07-03 00:50:00,2026-07-03 00:55:00,2026-07-03 01:00:00,short,1695.3755,1696.956,1693.7950000000003,1696.956,stopped out,0.09322418543855339,32.18049035115873,1013.1791433566356,1717719.0967578278,1601.3296360749616,-3671.7304981337484,2070.400862058787,-1.0,0.936728883264983,False,middle_candle,0.08333333333333333,fvg_midpoint_1to1
ETH/USD,new_york,2026-07-03 13:40:00,2026-07-03 14:00:00,2026-07-03 14:10:00,long,1741.8229999999999,1737.818,1745.8279999999997,1737.818,stopped out,0.22993151428129507,13.047363295880531,372.329019008987,648531.2488772908,1491.177721130949,-2272.8652853444287,781.6875642134795,-1.0,1.1922596754058008,False,middle_candle,0.16666666666666666,fvg_midpoint_1to1
ETH/USD,new_york,2026-07-03 14:50:00,2026-07-03 15:20:00,2026-07-03 15:25:00,long,1731.9747499999999,1731.465,1732.4844999999998,1731.465,stopped out,0.029431722373547308,101.93083374204238,2791.5483326547987,4834891.225562711,1422.9917625706162,-7250.581954854997,5827.590192284381,-1.0,14.781265326142066,False,middle_candle,0.08333333333333333,fvg_midpoint_1to1
ETH/USD,london,2026-07-04 07:20:00,2026-07-04 09:35:00,2026-07-04 09:40:00,long,1752.545,1750.6,1754.4900000000002,1754.4900000000002,target,0.11098145839337442,27.031542416450165,619.7811331233239,1086194.3259496158,1205.4743039249665,-103.73723890187694,1309.2115428268435,1.0,1.3393316195371716,False,three_candles,0.08333333333333333,fvg_midpoint_1to1
ETH/USD,london,2026-07-04 08:35:00,2026-07-04 09:00:00,2026-07-04 09:05:00,long,1758.652,1757.377,1759.9270000000001,1757.377,stopped out,0.07249870923867206,41.38004705882058,945.470042294024,1662752.7808204698,1205.4743039249665,-3209.623176286659,2004.1488723616928,-1.0,2.1631372549018364,False,middle_candle,0.08333333333333333,fvg_midpoint_1to1
ETH/USD,asia,2026-07-06 00:55:00,2026-07-06 02:05:00,2026-07-06 02:20:00,long,1780.739,1778.1225,1783.3555000000001,1783.3555000000001,target,0.14693337990576313,20.41741639594811,422.73017063606864,752772.1013283023,1106.0734914693105,198.74236237745515,907.3311290918554,1.0,2.855341104528857,False,middle_candle,0.25,fvg_midpoint_1to1
ETH/USD,london,2026-07-06 07:40:00,2026-07-06 08:15:00,2026-07-06 08:30:00,long,1770.166,1767.4565,1772.8754999999999,1767.4565,stopped out,0.15306474082091368,19.599549732423426,410.4210231927148,726513.3409409552,1112.035762340634,-1987.7166872488285,875.6809249081946,-1.0,0.42775419819159755,False,three_candles,0.25,fvg_midpoint_1to1
ETH/USD,new_york,2026-07-06 14:25:00,2026-07-06 14:50:00,2026-07-06 14:55:00,long,1745.108,1740.445,1749.771,1749.771,target,0.2672040928125945,11.227372935878163,225.69252878472378,393857.8375224517,1052.4042617231694,577.679606292469,474.7246554307004,1.0,1.1715633712202342,False,middle_candle,0.08333333333333333,fvg_midpoint_1to1
ETH/USD,new_york,2026-07-07 13:45:00,2026-07-07 13:50:00,2026-07-07 13:55:00,long,1771.04925,1765.231,1776.8675,1765.231,stopped out,0.3285199437565067,9.131865681261493,183.85848836195362,325622.4379195717,1069.734649911943,-1462.2138261910275,392.4791762790844,-1.0,1.2458643062776487,False,middle_candle,0.08333333333333333,fvg_midpoint_1to1
ETH/USD,asia,2026-07-08 00:10:00,2026-07-08 00:15:00,2026-07-08 00:20:00,long,1771.275,1769.2295,1773.3205000000003,1773.3205000000003,target,0.11548178571933632,25.978122708382042,501.524436629736,888337.6964913356,1025.8682351262125,-44.862791900542106,1070.7310270267546,1.0,3.0457100953309637,False,middle_candle,0.08333333333333333,fvg_midpoint_1to1
ETH/USD,asia,2026-07-08 00:40:00,2026-07-08 01:05:00,2026-07-08 01:10:00,long,1775.35675,1773.645,1777.0684999999999,1777.0684999999999,target,0.09641724121081231,31.114767051264447,598.5233540933158,1062592.4767222083,1024.5223513691963,-256.24141493886805,1280.7637663080643,1.0,1.9650942018402824,False,middle_candle,0.08333333333333333,fvg_midpoint_1to1
ETH/USD,london,2026-07-09 08:45:00,2026-07-09 09:30:00,2026-07-09 09:35:00,short,1753.32375,1753.8455,1752.8020000000001,1752.8020000000001,target,0.02975776721212403,100.8140153330364,1948.8933568208088,3417041.0087311487,1016.83510892103,-3101.792123855561,4118.627232776591,1.0,3.871106851941316,False,middle_candle,0.08333333333333333,fvg_midpoint_1to1
ETH/USD,new_york,2026-07-09 14:15:00,2026-07-09 15:00:00,2026-07-09 15:05:00,short,1743.0349999999999,1747.407,1738.6629999999998,1738.6629999999998,target,0.25082686234069146,11.960441445562475,211.294909699302,368294.4229277228,923.7813452053633,479.86877989695995,443.9125653084034,1.0,1.0407136322049133,False,middle_candle,0.08333333333333333,fvg_midpoint_1to1
ETH/USD,asia,2026-07-10 01:15:00,2026-07-10 01:45:00,2026-07-10 01:50:00,long,1740.1467499999999,1737.625,1742.6684999999998,1742.6684999999998,target,0.1449159388425076,20.701656587688074,372.03426533253315,647394.2177070451,938.1774086022722,157.8603305873262,780.317078014946,1.0,14.12560721721098,True,middle_candle,0.08333333333333333,fvg_midpoint_1to1
ETH/USD,new_york,2026-07-10 13:35:00,2026-07-10 13:40:00,2026-07-10 13:45:00,long,1796.152,1794.4,1797.904,1797.904,target,0.0975418561458024,30.756027397261104,538.1924763241537,966675.4927345815,942.9132185198919,-222.2399064971189,1165.1531250170108,1.0,4.601312785388266,False,middle_candle,0.08333333333333333,fvg_midpoint_1to1
ETH/USD,asia,2026-07-11 00:35:00,2026-07-11 00:40:00,2026-07-11 01:05:00,short,1791.6954999999998,1793.48,1789.9109999999996,1793.48,stopped out,0.09959839716068984,30.120966657323475,524.6545370271052,940021.1730460477,936.2460213249781,-2069.27216669503,1133.0261453700523,-1.0,0.9742224712801913,False,middle_candle,0.4166666666666667,fvg_midpoint_1to1
ETH/USD,london,2026-07-12 08:45:00,2026-07-12 08:50:00,2026-07-12 08:55:00,short,1804.049,1804.656,1803.442,1804.656,stopped out,0.03364653620827211,89.16222405272255,1440.144738590065,2598091.6755086677,874.1678563241275,-4005.699231176901,3131.5313748527733,-1.0,0.3286655683689509,False,middle_candle,0.08333333333333333,fvg_midpoint_1to1
ETH/USD,new_york,2026-07-12 13:55:00,2026-07-12 14:00:00,2026-07-12 14:05:00,short,1806.36175,1806.905,1805.8185,1806.905,stopped out,0.030074263917509524,99.75306488726301,1387.937191696086,2507116.6544822278,753.9968793888205,-3775.874258827282,3021.8773794384615,-1.0,5.218131615278931,False,middle_candle,0.08333333333333333,fvg_midpoint_1to1
ETH/USD,london,2026-07-13 08:05:00,2026-07-13 08:40:00,2026-07-13 08:45:00,short,1787.3157500000002,1787.6,1787.0315000000005,1787.6,stopped out,0.015903737210378282,188.63490765191304,2254.0744120481068,4028742.6983255716,640.7206516240019,-5496.6440510727525,4855.92339944875,-1.0,11.116094986819963,False,middle_candle,0.08333333333333333,fvg_midpoint_1to1
ETH/USD,asia,2026-07-15 00:40:00,2026-07-15 00:55:00,2026-07-15 01:00:00,short,1881.88925,1884.7,1879.0784999999998,1879.0784999999998,target,0.1493578859648674,20.085983278483685,169.28625103328386,318577.97599233827,475.8213300918192,91.8329833519843,383.9883467398349,1.0,2.1112692341900963,False,middle_candle,0.08333333333333333,fvg_midpoint_1to1
ETH/USD,london,2026-07-15 07:20:00,2026-07-15 08:45:00,2026-07-15 09:05:00,short,1877.558,1881.545,1873.571,1881.545,stopped out,0.21235029756737633,14.127599699021538,120.03419101890371,225371.15562107082,478.5763195923787,-750.220638946904,271.6443193545253,-1.0,0.6794582392776538,False,middle_candle,0.3333333333333333,fvg_midpoint_1to1
ETH/USD,new_york,2026-07-15 13:45:00,2026-07-15 15:05:00,2026-07-15 15:10:00,short,1933.4167499999999,1937.85,1928.9834999999998,1928.9834999999998,target,0.22929614114494684,13.083517171375272,102.8747984940997,198899.85856136712,456.06970042397194,216.33175991548194,239.73794050849,1.0,1.1733491231037942,False,middle_candle,0.08333333333333333,fvg_midpoint_1to1
ETH/USD,new_york,2026-07-16 14:05:00,2026-07-16 14:50:00,2026-07-16 14:55:00,long,1881.225,1880.19,1882.2599999999998,1880.19,stopped out,0.05501734242314739,54.52826086957289,446.9175393444459,840752.4479532553,462.55965322143646,-1475.9352373352729,1013.3755841138365,-1.0,4.009661835749444,False,middle_candle,0.08333333333333333,fvg_midpoint_1to1
ETH/USD,new_york,2026-07-17 13:55:00,2026-07-17 15:10:00,2026-07-17 15:25:00,long,1810.4625,1803.3835,1817.5415000000003,1817.5415000000003,target,0.39100506086153003,7.672534962565142,59.08766719895009,106976.0056761792,418.2815961013782,289.34129684662014,128.9402992547581,1.0,1.370603192541267,False,middle_candle,0.25,fvg_midpoint_1to1
ETH/USD,asia,2026-07-18 01:50:00,2026-07-18 01:55:00,2026-07-18 02:05:00,long,1840.5115,1839.88,1841.143,1841.143,target,0.03431111405714987,87.4352256532122,676.107418854796,1244383.479637569,426.96183500677665,-1072.9182291062705,1499.8800641130472,1.0,4.098970704671424,False,three_candles,0.16666666666666666,fvg_midpoint_1to1
ETH/USD,new_york,2026-07-18 14:50:00,2026-07-18 16:50:00,2026-07-18 16:55:00,long,1841.1215,1839.987,1842.2559999999999,1842.2559999999999,target,0.061620050605019225,48.68545174085976,347.97204771584575,640658.8184486695,394.7742881335884,-377.42447970062307,772.1987678342115,1.0,3.7183781401501643,False,middle_candle,0.08333333333333333,fvg_midpoint_1to1
ETH/USD,london,2026-07-19 07:50:00,2026-07-19 08:00:00,2026-07-19 08:15:00,short,1869.3105,1869.7825,1868.8385,1868.8385,target,0.025249951787034843,118.8121080508525,812.3973596241227,1518622.9145176488,383.4515537425697,-1446.9747349877148,1830.4262887302846,1.0,5.022245762712062,True,middle_candle,0.25,fvg_midpoint_1to1
ETH/USD,new_york,2026-07-19 14:00:00,2026-07-19 14:20:00,2026-07-19 14:30:00,long,1868.6695,1866.96,1870.379,1870.379,target,0.09148220164132471,32.793264112314795,198.91331482477403,371703.2445569531,340.0423116929382,-107.97897386727124,448.02128556020944,1.0,2.460661011991908,False,three_candles,0.16666666666666666,fvg_midpoint_1to1
ETH/USD,asia,2026-07-20 01:05:00,2026-07-20 01:15:00,2026-07-20 01:20:00,long,1871.78075,1869.8385,1873.7229999999997,1873.7229999999997,target,0.10376482395172784,28.911531728667725,173.40864588850533,324582.9652576709,336.8029424769201,-54.42333680675449,391.2262792836746,1.0,4.514995494916112,False,middle_candle,0.08333333333333333,fvg_midpoint_1to1
ETH/USD,asia,2026-07-21 01:55:00,2026-07-21 02:05:00,2026-07-21 02:10:00,short,1911.0275000000001,1913.23,1908.8250000000003,1908.8250000000003,target,0.1152521353041687,26.029886492623525,152.1771815540236,290814.77882223186,335.1702423727176,-15.354572720417366,350.524815093135,1.0,1.8892167990920765,False,middle_candle,0.08333333333333333,fvg_midpoint_1to1
ETH/USD,new_york,2026-07-21 14:00:00,2026-07-21 14:20:00,2026-07-21 14:25:00,long,1931.8600000000001,1927.59,1936.1300000000003,1927.59,stopped out,0.22103050945721786,13.572786885245238,78.38632440072334,151431.4046567814,334.709605191105,-517.2328776725865,182.52327248148146,-1.0,1.2409836065573112,False,middle_candle,0.08333333333333333,fvg_midpoint_1to1
ETH/USD,asia,2026-07-22 01:45:00,2026-07-22 02:00:00,2026-07-22 02:05:00,long,1930.1715,1928.625,1931.7179999999998,1928.625,stopped out,0.08012241399274228,37.44270611057411,206.39677908887364,398381.1806891399,319.1926188609273,-799.3693494355646,480.1767305746372,-1.0,2.23698674426145,False,middle_candle,0.08333333333333333,fvg_midpoint_1to1
ETH/USD,london,2026-07-23 07:40:00,2026-07-23 08:05:00,2026-07-23 08:20:00,short,1918.05175,1921.9335,1914.17,1921.9335,stopped out,0.20237983672755497,14.823611129001051,76.05114661630961,145870.03485691923,295.2115383778607,-471.03158164707145,175.82004326921074,-1.0,0.5581889611644456,False,middle_candle,0.25,fvg_midpoint_1to1
ETH/USD,new_york,2026-07-23 15:05:00,2026-07-23 15:50:00,2026-07-23 15:55:00,short,1896.26,1897.873,1894.647,1894.647,target,0.08506217501819668,35.26831990080472,174.2595108049838,330441.33995905856,281.08059092844866,-117.20690346013458,398.28749438858324,1.0,1.6955982641040324,False,middle_candle,0.08333333333333333,fvg_midpoint_1to1
ETH/USD,london,2026-07-24 08:20:00,2026-07-24 08:35:00,2026-07-24 08:50:00,short,1890.8725,1892.5565,1889.1885,1889.1885,target,0.0890594156930184,33.685377078385415,164.8244559528797,311662.0310887615,277.5643838246443,-98.0880374909795,375.6524213156238,1.0,1.38984560570075,False,middle_candle,0.25,fvg_midpoint_1to1
ETH/USD,new_york,2026-07-24 13:50:00,2026-07-24 15:35:00,2026-07-24 15:50:00,short,1865.74,1870.9995,1860.4805000000001,1860.4805000000001,target,0.28189887122535234,10.642114269417469,52.214420134978766,97418.53222263529,274.62174269991505,157.20125556966002,117.42048713025503,1.0,1.3670500998194137,False,middle_candle,0.25,fvg_midpoint_1to1
ETH/USD,new_york,2026-07-24 14:55:00,2026-07-24 15:05:00,2026-07-24 15:10:00,long,1853.646,1851.85,1855.442,1855.442,target,0.09689012896745383,30.96290645879648,152.90742912021577,283436.2443589715,274.62174269991505,-67.00957860701288,341.63132130692793,1.0,4.823496659242636,False,middle_candle,0.08333333333333333,fvg_midpoint_1to1
ETH/USD,london,2026-07-25 08:05:00,2026-07-25 09:35:00,2026-07-25 09:45:00,short,1855.095,1855.7495,1854.4405000000002,1854.4405000000002,target,0.035281212013393966,85.03109243699157,423.72420627784413,786048.6564449973,277.32749300879425,-670.1125273039784,947.4400203127726,1.0,1.6883116883120493,False,middle_candle,0.16666666666666666,fvg_midpoint_1to1
ETH/USD,london,2026-07-26 08:05:00,2026-07-26 09:05:00,2026-07-26 09:15:00,short,1881.744,1882.517,1880.9709999999998,1882.517,stopped out,0.04107891402869563,73.03016817592484,332.7608243074118,626170.6845755263,257.2241171896753,-1011.9600501999645,754.7359330102892,-1.0,1.1972833117718804,False,middle_candle,0.16666666666666666,fvg_midpoint_1to1
SOL/USD,new_york,2026-07-01 15:25:00,2026-07-01 15:30:00,2026-07-01 16:15:00,long,77.14,76.776,77.504,77.504,target,0.4718693284936535,6.357692307692232,8241.758241758143,635769.2307692232,3000.0,2152.0753546875153,847.9246453124848,1.0,1.92142170329669,False,middle_candle,0.75,fvg_midpoint_1to1
SOL/USD,asia,2026-07-04 01:40:00,2026-07-04 02:10:00,2026-07-04 03:30:00,short,82.119625,82.46,81.77925,82.46,stopped out,0.41448679289511436,7.237866323907571,9003.488095896217,739363.0661269614,3064.5622606406255,-4050.649877438836,986.0876167982107,-1.0,0.8832170400293835,False,middle_candle,1.3333333333333333,fvg_midpoint_1to1
SOL/USD,london,2026-07-05 07:15:00,2026-07-05 07:35:00,2026-07-05 07:40:00,short,80.5078,80.554,80.4616,80.554,stopped out,0.05738574399002196,52.277792207793446,63702.22433587727,5128525.93638794,2943.0427643174603,-9782.95153172699,6839.908767409531,-1.0,0.0,False,three_candles,0.08333333333333333,fvg_midpoint_1to1
SOL/USD,new_york,2026-07-05 15:20:00,2026-07-05 15:35:00,2026-07-05 15:40:00,short,81.3693,81.454,81.2846,81.2846,target,0.10409331283419915,28.820295159386745,31281.631857918692,2545364.4871365433,2649.5542183656507,-745.1952842721671,3394.749502637818,1.0,3.357733175914966,False,middle_candle,0.08333333333333333,fvg_midpoint_1to1
SOL/USD,asia,2026-07-06 01:20:00,2026-07-06 01:30:00,2026-07-06 01:45:00,short,81.99645000000001,82.2062,81.78670000000002,81.78670000000002,target,0.2558037573577703,11.72774016686613,12525.379546305927,1027036.6576996967,2627.198359837486,1257.4408258824594,1369.7575339550265,1.0,1.749702026221835,False,middle_candle,0.25,fvg_midpoint_1to1
SOL/USD,asia,2026-07-07 00:20:00,2026-07-07 01:00:00,2026-07-07 01:05:00,long,81.932,81.864,82.0,81.864,stopped out,0.08299565493335673,36.14647058823644,39190.023303147704,3210916.989273498,2664.921584613959,-6947.317645152221,4282.396060538262,-1.0,4.823529411764903,False,middle_candle,0.08333333333333333,fvg_midpoint_1to1
SOL/USD,asia,2026-07-08 01:05:00,2026-07-08 01:10:00,2026-07-08 01:15:00,short,80.3782648475,80.415,80.341529695,80.341529695,target,0.0457028433864518,65.64143011043647,66870.60997662574,5374943.5992151,2456.5020552593924,-4712.05364760917,7168.555702868563,1.0,3.1404483076530805,False,middle_candle,0.08333333333333333,fvg_midpoint_1to1
SOL/USD,new_york,2026-07-08 15:20:00,2026-07-08 16:00:00,2026-07-08 16:05:00,short,76.7659,76.81555,76.71625,76.81555,stopped out,0.06467715483046477,46.384229607250994,46629.21341049606,3579533.5337487995,2315.1404458311176,-7089.159940791276,4774.019494960159,-1.0,2.273917421953611,False,middle_candle,0.08333333333333333,fvg_midpoint_1to1
SOL/USD,asia,2026-07-09 00:20:00,2026-07-09 00:40:00,2026-07-09 00:50:00,short,77.71812499999999,77.856435,77.57981499999997,77.57981499999997,target,0.17796363460906756,16.85737654543916,15201.110892973033,1181401.8365189396,2102.465647607379,526.831463502833,1575.6341841045462,1.0,1.6649193839922003,False,middle_candle,0.16666666666666666,fvg_midpoint_1to1
SOL/USD,new_york,2026-07-09 14:15:00,2026-07-09 15:20:00,2026-07-09 15:25:00,short,78.04345,78.204,77.88290000000002,77.88290000000002,target,0.20571873744687919,14.583017751480524,13193.837380956982,1029692.5879488473,2118.2705915124643,744.970846633262,1373.2997448792023,1.0,2.886639676113659,False,middle_candle,0.08333333333333333,fvg_midpoint_1to1
SOL/USD,new_york,2026-07-10 14:30:00,2026-07-10 14:45:00,2026-07-10 16:05:00,short,78.065,78.374,77.756,77.756,target,0.3958239928264875,7.579126213592294,6927.571899389901,540800.9003258726,2140.619716911462,1419.3542177323434,721.2654991791186,1.0,1.5695792880259007,False,middle_candle,1.3333333333333333,fvg_midpoint_1to1
SOL/USD,asia,2026-07-11 00:45:00,2026-07-11 00:55:00,2026-07-11 01:00:00,short,77.9492,78.0055,77.89290000000001,77.89290000000001,target,0.07222652702015303,41.535985790413605,38777.981233458246,3022712.614763084,2183.2003434434328,-1848.1877730489682,4031.388116492401,1.0,6.273534635880003,False,three_candles,0.08333333333333333,fvg_midpoint_1to1
SOL/USD,asia,2026-07-11 01:20:00,2026-07-11 01:25:00,2026-07-11 01:30:00,long,77.80675,77.755,77.85849999999999,77.85849999999999,target,0.06651093896094928,45.10536231884196,41116.03304834839,3199104.904384581,2127.754710251964,-2138.8875871201917,4266.642297372156,1.0,6.439613526570376,False,middle_candle,0.08333333333333333,fvg_midpoint_1to1
SOL/USD,london,2026-07-12 08:05:00,2026-07-12 09:20:00,2026-07-12 09:25:00,long,76.3768,76.2685,76.4851,76.4851,target,0.14179698547202793,21.15700831024934,19054.36826074202,1455311.673777041,2063.5880826383577,122.64068366861761,1940.94739896974,1.0,1.1698984302862399,False,middle_candle,0.08333333333333333,fvg_midpoint_1to1
SOL/USD,asia,2026-07-14 00:50:00,2026-07-14 01:25:00,2026-07-14 01:30:00,long,75.07015,74.98345,75.15684999999999,75.15684999999999,target,0.11549197650463378,25.975830449828983,23843.913531125432,1789966.1653686159,2067.267303148416,-320.00838185946714,2387.275685007883,1.0,4.48500576701309,False,middle_candle,0.08333333333333333,fvg_midpoint_1to1
SOL/USD,new_york,2026-07-15 14:55:00,2026-07-15 15:00:00,2026-07-15 15:05:00,long,78.00049999999999,77.909,78.09199999999997,78.09199999999997,target,0.11730694034010317,25.57393442623449,22488.164499377413,1754088.0750336878,2057.667051692632,-281.7580681268014,2339.4251198194333,1.0,2.136612021858447,False,middle_candle,0.08333333333333333,fvg_midpoint_1to1
SOL/USD,new_york,2026-07-16 15:25:00,2026-07-16 16:10:00,2026-07-16 16:30:00,long,76.29095000000001,76.1165,76.46540000000002,76.46540000000002,target,0.22866408138843114,13.119681857265142,11746.714300078773,896167.9933315947,2049.214309648828,853.9961532641535,1195.2181563846746,1.0,1.057896245342388,False,middle_candle,0.3333333333333333,fvg_midpoint_1to1
SOL/USD,new_york,2026-07-17 15:05:00,2026-07-17 15:30:00,2026-07-17 15:35:00,short,74.31720000000001,74.44975,74.18465000000003,74.44975,stopped out,0.17835709633837202,16.820188608074883,15653.219119178091,1163303.4159237822,2074.8341942467528,-3626.3305369441305,1551.4963426973777,-1.0,2.000754432290049,False,middle_candle,0.08333333333333333,fvg_midpoint_1to1
SOL/USD,asia,2026-07-18 01:20:00,2026-07-18 01:25:00,2026-07-18 01:30:00,long,75.045075,74.9985,75.09164999999999,75.09164999999999,target,0.062062700317096146,48.338212560396805,42212.4375338454,3167835.5406602426,1966.044278138429,-2258.8941070877627,4224.938385226192,1.0,5.5356951154063765,False,middle_candle,0.08333333333333333,fvg_midpoint_1to1
SOL/USD,london,2026-07-18 08:00:00,2026-07-18 08:30:00,2026-07-18 08:35:00,short,74.9653,74.97,74.9606,74.97,stopped out,0.006269567386510431,478.50191489364704,403888.82019700325,30277646.572714407,1898.2774549257958,-42279.5376489799,40381.260194054106,-1.0,9.63829787234049,False,middle_candle,0.08333333333333333,fvg_midpoint_1to1
SOL/USD,new_york,2026-07-19 14:30:00,2026-07-19 14:40:00,2026-07-19 14:45:00,long,76.14,76.1185,76.1615,76.1615,target,0.028237457315475677,106.24186046510056,29297.270951456085,2230694.2102438663,629.891325456399,-2345.1828138396277,2975.0741392960267,1.0,22.13953488371761,False,middle_candle,0.08333333333333333,fvg_midpoint_1to1
SOL/USD,asia,2026-07-20 00:55:00,2026-07-20 01:00:00,2026-07-20 01:05:00,short,76.73330000000001,76.83665,76.62995000000002,76.83665,stopped out,0.13468728700576127,22.27381712627172,5413.989753664771,415433.29996488505,559.5358410412099,-1113.598724986572,554.0628839453622,-1.0,1.8413159167878348,False,middle_candle,0.08333333333333333,fvg_midpoint_1to1
SOL/USD,new_york,2026-07-21 15:00:00,2026-07-21 16:00:00,2026-07-21 16:05:00,short,78.16975,78.31,78.02949999999998,78.02949999999998,target,0.17941722981077576,16.720802139036376,3751.3574281039537,293242.672315529,526.1278792916128,135.0304859610344,391.09739333057837,1.0,1.8663101604276335,False,middle_candle,0.08333333333333333,fvg_midpoint_1to1
SOL/USD,asia,2026-07-22 00:00:00,2026-07-22 01:20:00,2026-07-22 01:25:00,long,78.13775,78.0885,78.187,78.187,target,0.06302971355074939,47.59659898477092,10765.051652191612,841156.9147360352,530.1787938704442,-591.6711542888015,1121.8499481592457,1.0,3.3796954314719847,False,three_candles,0.08333333333333333,fvg_midpoint_1to1
SOL/USD,new_york,2026-07-22 14:00:00,2026-07-22 14:20:00,2026-07-22 14:25:00,long,77.57345000000001,77.485,77.66190000000002,77.485,stopped out,0.11402096980346857,26.310949689087266,5793.427464575794,449416.1557518972,512.42865924178,-1111.81443637756,599.3857771357799,-1.0,2.636517806670134,False,middle_candle,0.08333333333333333,fvg_midpoint_1to1
SOL/USD,asia,2026-07-24 00:30:00,2026-07-24 00:50:00,2026-07-24 00:55:00,short,75.7098,75.7674,75.65220000000001,75.7674,stopped out,0.07607997907799738,39.43218750000434,8317.260870668502,629698.1570661382,479.07422615045294,-1318.9018878921445,839.8276617416915,-1.0,2.8385416666669636,False,middle_candle,0.08333333333333333,fvg_midpoint_1to1
SOL/USD,asia,2026-07-25 00:45:00,2026-07-25 00:55:00,2026-07-25 01:20:00,short,74.016175,74.1579,73.87445000000001,73.87445000000001,target,0.19147841671093363,15.667562180279385,3101.126615019989,229533.53023447713,439.50716951368895,133.37858103841734,306.1285884752716,1.0,1.1725171988006131,False,middle_candle,0.4166666666666667,fvg_midpoint_1to1
SOL/USD,new_york,2026-07-25 14:00:00,2026-07-25 14:50:00,2026-07-25 14:55:00,short,74.025,74.038,74.01200000000001,74.01200000000001,target,0.017561634582899045,170.82692307704113,34116.04053424214,2525439.900547275,443.50852694484144,-2924.667578933491,3368.1761058783322,1.0,13.461538461548637,False,middle_candle,0.08333333333333333,fvg_midpoint_1to1
SOL/USD,new_york,2026-07-26 14:05:00,2026-07-26 14:20:00,2026-07-26 14:25:00,long,74.932,74.8739,74.9901,74.8739,stopped out,0.07753696684993866,38.6912220309837,6123.3820925449345,458837.26695857703,355.76849957683646,-967.7192012037061,611.9507016268697,-1.0,0.7056798623063616,False,middle_candle,0.08333333333333333,fvg_midpoint_1to1
XRP/USD,london,2026-07-01 08:55:00,2026-07-01 10:10:00,2026-07-01 10:25:00,long,1.0415,1.0402,1.0428000000000002,1.0402,stopped out,0.12481997119539881,24.034615384613932,2307692.307692168,2403461.538461393,3000.0,-6103.2978204833835,3103.297820483384,-1.0,1.2307692307690206,False,middle_candle,0.25,fvg_midpoint_1to1
XRP/USD,london,2026-07-04 08:20:00,2026-07-04 08:50:00,2026-07-04 08:55:00,long,1.1418249999999999,1.140905,1.1427449999999997,1.140905,stopped out,0.08057276728043351,37.23342391305116,3061848.984115305,3496095.7162874574,2816.9010653854984,-7330.984624842648,4514.08355945715,-1.0,0.7336956521742856,False,middle_candle,0.08333333333333333,fvg_midpoint_1to1
XRP/USD,london,2026-07-06 07:20:00,2026-07-06 09:20:00,2026-07-06 09:30:00,long,1.1374749999999998,1.136,1.1389499999999997,1.136,stopped out,0.12967317963031216,23.135084745764384,1760658.6621290895,2002705.2117052856,2596.9715266402186,-5182.8214015395415,2585.849874899323,-1.0,0.8847457627120042,False,three_candles,0.16666666666666666,fvg_midpoint_1to1
XRP/USD,london,2026-07-06 08:00:00,2026-07-06 08:30:00,2026-07-06 09:15:00,long,1.141275,1.138725,1.143825,1.138725,stopped out,0.2234343168824387,13.426764705882078,1018420.2065255551,1162297.521202453,2596.9715266402186,-4097.7050755572745,1500.7335489170555,-1.0,1.4607843137254517,False,middle_candle,0.75,fvg_midpoint_1to1
XRP/USD,asia,2026-07-07 01:45:00,2026-07-07 01:55:00,2026-07-07 02:05:00,long,1.140965,1.1391,1.14283,1.1391,stopped out,0.16345812535879767,18.35332439678279,1243193.4221594143,1418440.1829141162,2318.5557323273147,-4150.015174337494,1831.459442010179,-1.0,1.144772117962462,False,middle_candle,0.16666666666666666,fvg_midpoint_1to1
XRP/USD,london,2026-07-07 07:55:00,2026-07-07 08:10:00,2026-07-07 08:15:00,short,1.1287118225000001,1.1291668225,1.1282568225000003,1.1282568225000003,target,0.04031144096569185,74.42055972529563,4822099.510105069,5442760.72632705,2194.05527709719,-4833.520254748421,7027.575531845611,1.0,7.630379120881507,True,middle_candle,0.08333333333333333,fvg_midpoint_1to1
XRP/USD,asia,2026-07-09 00:20:00,2026-07-09 00:25:00,2026-07-09 00:30:00,short,1.0882800000000001,1.09001,1.0865500000000003,1.09001,stopped out,0.15896644245964156,18.87190751445319,1184421.7742514387,1288982.5284823559,2049.049669454737,-3713.3561737481946,1664.3065042934577,-1.0,0.5173410404625435,False,middle_candle,0.08333333333333333,fvg_midpoint_1to1
XRP/USD,asia,2026-07-09 01:50:00,2026-07-09 02:05:00,2026-07-09 02:10:00,short,1.0869650000000002,1.08775,1.0861800000000004,1.08775,stopped out,0.07221943668837667,41.540063694277386,2468342.6550863073,2683002.0740858885,1937.6489842422911,-5401.883529136749,3464.2345448944575,-1.0,2.69426751592432,False,middle_candle,0.08333333333333333,fvg_midpoint_1to1
XRP/USD,london,2026-07-09 07:35:00,2026-07-09 07:40:00,2026-07-09 07:45:00,short,1.0964174999999998,1.097875,1.0949599999999997,1.097875,stopped out,0.13293293841078893,22.567770154372198,1218245.2681770518,1335705.4313215124,1775.5924783681887,-3500.2265894184543,1724.6341110502656,-1.0,1.5694682675812013,False,middle_candle,0.08333333333333333,fvg_midpoint_1to1
XRP/USD,new_york,2026-07-12 13:35:00,2026-07-12 13:45:00,2026-07-12 13:50:00,short,1.0999,1.1005,1.0993000000000002,1.0993000000000002,target,0.05455041367396435,54.99500000000605,2784309.467809698,3062461.983643887,1670.5856806856348,-2283.599334165584,3954.185014851219,1.0,8.166666666667776,False,three_candles,0.08333333333333333,fvg_midpoint_1to1
XRP/USD,london,2026-07-13 08:45:00,2026-07-13 09:00:00,2026-07-13 09:05:00,long,1.07663,1.07537,1.07789,1.07789,target,0.1170318493818711,25.634047619046825,1271490.238619538,1368924.5356049533,1602.0777006606672,-165.4482030276472,1767.5259036883144,1.0,2.1587301587301364,False,middle_candle,0.08333333333333333,fvg_midpoint_1to1
XRP/USD,asia,2026-07-14 00:40:00,2026-07-14 00:45:00,2026-07-14 00:50:00,short,1.0652599999999999,1.066,1.0645199999999997,1.066,stopped out,0.06946660909075578,43.186216216205416,2158262.5061749173,2299110.7173278923,1597.114254569838,-4565.676540239318,2968.56228566948,-1.0,1.7027027027020296,False,middle_candle,0.08333333333333333,fvg_midpoint_1to1
XRP/USD,london,2026-07-14 08:15:00,2026-07-14 09:35:00,2026-07-14 09:40:00,long,1.0668674999999999,1.0665,1.0672349999999997,1.0672349999999997,target,0.0344466393436724,87.0912244898305,3973180.8390836422,4238857.508841068,1460.1439583626586,-4012.9776448010407,5473.1216031637,1.0,3.1224489795932917,False,middle_candle,0.08333333333333333,fvg_midpoint_1to1
XRP/USD,new_york,2026-07-16 14:10:00,2026-07-16 15:05:00,2026-07-16 15:10:00,long,1.106925,1.105865,1.1079849999999998,1.105865,stopped out,0.09576077873386535,31.32806603774061,1263919.46133852,1399064.0497421413,1339.7546290186276,-3146.196024815145,1806.4413957965173,-1.0,0.7783018867926426,False,middle_candle,0.08333333333333333,fvg_midpoint_1to1
XRP/USD,new_york,2026-07-16 14:55:00,2026-07-16 15:00:00,2026-07-16 15:05:00,short,1.1120999999999999,1.113,1.1111999999999997,1.1111999999999997,target,0.08092797410305935,37.069999999994934,1488616.2544649385,1655490.136590458,1339.7546290186276,-797.7786123086842,2137.5332413273118,1.0,6.555555555554432,False,middle_candle,0.08333333333333333,fvg_midpoint_1to1
XRP/USD,asia,2026-07-17 00:50:00,2026-07-17 01:45:00,2026-07-17 01:50:00,long,1.0870725,1.0861,1.0880450000000002,1.0861,stopped out,0.08946045456950136,33.53437017994711,1255974.693989572,1365335.5505319792,1221.4353899049127,-2984.327273295221,1762.891883390308,-1.0,1.3650385604111748,False,middle_candle,0.08333333333333333,fvg_midpoint_1to1
XRP/USD,new_york,2026-07-17 13:35:00,2026-07-17 13:45:00,2026-07-17 13:50:00,short,1.074295,1.07575,1.07284,1.07575,stopped out,0.13543765911597688,22.150412371134262,777941.9736811466,835739.1726157874,1131.905571706056,-2210.994007850307,1079.0884361442509,-1.0,3.721649484536087,False,middle_candle,0.08333333333333333,fvg_midpoint_1to1
XRP/USD,new_york,2026-07-17 14:35:00,2026-07-17 15:05:00,2026-07-17 15:10:00,long,1.0788250000000001,1.0759,1.0817500000000002,1.0759,stopped out,0.2711283108938026,11.064871794871545,364299.40221214446,393015.3025915168,1065.5757514705467,-1573.0286532255889,507.4529017550422,-1.0,0.23076923076914319,False,middle_candle,0.08333333333333333,fvg_midpoint_1to1
XRP/USD,london,2026-07-19 08:10:00,2026-07-19 08:15:00,2026-07-19 08:20:00,long,1.09538,1.094795,1.095965,1.094795,stopped out,0.05340612390221272,56.1733333333278,1740828.8749977415,1906869.1330950262,1018.3848918737792,-3480.4932842839416,2462.108392410162,-1.0,4.307692307692015,False,middle_candle,0.08333333333333333,fvg_midpoint_1to1
XRP/USD,new_york,2026-07-19 14:20:00,2026-07-19 14:30:00,2026-07-19 14:45:00,short,1.0934599999999999,1.09599,1.0909299999999997,1.09599,stopped out,0.2313756333107881,12.965928853754203,361253.001322217,395015.70682579133,913.9700933452607,-1424.0058740026564,510.03578065739566,-1.0,0.3794466403161247,False,three_candles,0.25,fvg_midpoint_1to1
XRP/USD,london,2026-07-20 08:10:00,2026-07-20 08:40:00,2026-07-20 08:45:00,long,1.0855975,1.08375,1.087445,1.087445,target,0.1701827795292456,17.62810554803787,471583.175710517,511949.51659339794,871.249917125181,210.23171749180494,661.0181996333761,1.0,1.2138024357239094,False,middle_candle,0.08333333333333333,fvg_midpoint_1to1
XRP/USD,new_york,2026-07-20 13:50:00,2026-07-20 15:00:00,2026-07-20 15:05:00,short,1.097985,1.0986,1.09737,1.0986,stopped out,0.0560116941488301,53.56024390243622,1426921.7376420968,1566738.6641049576,877.5568686499355,-2900.4961184689582,2022.9392498190225,-1.0,8.99999999999964,False,middle_candle,0.08333333333333333,fvg_midpoint_1to1
XRP/USD,london,2026-07-23 08:40:00,2026-07-23 09:30:00,2026-07-23 09:35:00,long,1.1333,1.13275,1.13385,1.13385,target,0.04853083914233217,61.81636363635797,1437349.063810535,1628947.6940164792,790.5419850958667,-1312.720225523434,2103.2622106193007,1.0,4.3181818181814515,False,middle_candle,0.08333333333333333,fvg_midpoint_1to1
DOT/USD,asia,2026-07-01 00:10:00,2026-07-01 00:20:00,2026-07-01 00:25:00,long,0.82046475,0.819525,0.8214045,0.819525,stopped out,0.11453874160955935,26.192011173183882,3192338.3878690563,2619201.117318388,3000.0,-9331.356760524475,6331.356760524476,-1.0,2.341846235701032,False,middle_candle,0.08333333333333333,fvg_midpoint_1to1
DOT/USD,london,2026-07-01 07:20:00,2026-07-01 08:20:00,2026-07-01 08:25:00,long,0.83051925,0.829519,0.8315195000000001,0.8315195000000001,target,0.12043670270135651,24.909350162458495,2719379.452321088,2258496.983207121,2720.0592971842657,-2739.3726069577947,5459.43190414206,1.0,1.7703074231440827,False,middle_candle,0.08333333333333333,fvg_midpoint_1to1
DOT/USD,new_york,2026-07-01 14:05:00,2026-07-01 14:30:00,2026-07-01 15:00:00,long,0.8370445,0.8333605,0.8407285,0.8407285,target,0.4401199697268211,6.8163232899022415,716036.4058022576,599354.3352765478,2637.878118975532,1189.067602856032,1448.8105161194999,1.0,1.1741313789359278,False,middle_candle,0.5,fvg_midpoint_1to1
DOT/USD,new_york,2026-07-01 14:30:00,2026-07-01 15:00:00,2026-07-01 15:20:00,short,0.8409,0.8442865,0.8375134999999999,0.8442865,stopped out,0.4027232726840374,7.449283921452673,778939.3530121002,655010.101947875,2637.878118975532,-4221.224510269617,1583.3463912940852,-1.0,0.5817215414144358,False,middle_candle,0.3333333333333333,fvg_midpoint_1to1
DOT/USD,london,2026-07-02 07:00:00,2026-07-02 07:15:00,2026-07-02 07:20:00,short,0.8382860000000001,0.839588,0.8369840000000002,0.8369840000000002,target,0.15531692047820364,19.315345622121086,1956154.6941269524,1639817.0939209065,2546.9134117531244,-1416.9925956822226,3963.906007435347,1.0,1.8932411674348792,False,middle_candle,0.08333333333333333,fvg_midpoint_1to1
DOT/USD,london,2026-07-03 07:35:00,2026-07-03 08:30:00,2026-07-03 08:35:00,long,0.854324,0.8538095,0.8548385,0.8548385,target,0.060223053548767606,49.81481049562941,4867645.546905321,4158546.4142143414,2504.4036338826577,-7547.990120647886,10052.393754530543,1.0,4.268221574344198,True,middle_candle,0.08333333333333333,fvg_midpoint_1to1
DOT/USD,new_york,2026-07-03 14:10:00,2026-07-03 14:30:00,2026-07-03 14:35:00,short,0.8723295,0.873701,0.870958,0.870958,target,0.15722270082577397,19.081213999271288,1660928.8591055567,1448877.2411991206,2277.9639302632213,-1224.385948706,3502.349878969221,1.0,3.3609187021509546,False,middle_candle,0.08333333333333333,fvg_midpoint_1to1
DOT/USD,new_york,2026-07-04 13:40:00,2026-07-04 14:05:00,2026-07-04 14:10:00,short,0.87267075,0.874165,0.8711765000000001,0.874165,stopped out,0.17122723547224644,17.52057721264943,1499904.5352532454,1308922.8157078512,2241.2323518020407,-5405.272433886827,3164.0400820847863,-1.0,0.3819641960850561,False,middle_candle,0.08333333333333333,fvg_midpoint_1to1
DOT/USD,new_york,2026-07-04 14:35:00,2026-07-04 14:40:00,2026-07-04 14:45:00,short,0.8744775,0.87498,0.8739750000000001,0.8739750000000001,target,0.05746288497988357,52.20761194030252,4137461.0523096435,3618116.5973711065,2079.074178785436,-6666.946440885345,8746.02061967078,1.0,3.4378109452738825,False,middle_candle,0.08333333333333333,fvg_midpoint_1to1
DOT/USD,london,2026-07-05 07:15:00,2026-07-05 07:20:00,2026-07-05 07:25:00,short,0.86802,0.86885,0.86719,0.86719,target,0.0956199165917833,31.37421686746998,2263934.681396243,1965140.582145567,1879.0657855588759,-2871.2399576239222,4750.305743182798,1.0,2.0301204819277747,False,three_candles,0.08333333333333333,fvg_midpoint_1to1
DOT/USD,new_york,2026-07-05 14:55:00,2026-07-05 15:20:00,2026-07-05 15:35:00,long,0.8762125000000001,0.8749155,0.8775095000000002,0.8775095000000002,target,0.1480234532148427,20.267058596760137,1382365.9112027872,1211246.2909697723,1792.9285868301583,-1134.9994528628115,2927.92803969297,1.0,2.143022359290449,False,middle_candle,0.25,fvg_midpoint_1to1
DOT/USD,asia,2026-07-06 01:35:00,2026-07-06 01:45:00,2026-07-06 01:50:00,long,0.8823814999999999,0.880985,0.8837779999999998,0.880985,stopped out,0.15826487749345514,18.95556390977563,1259490.5859250878,1111351.1924444577,1758.8786032442738,-4445.331674402162,2686.453071157888,-1.0,1.0855710705335972,False,middle_candle,0.08333333333333333,fvg_midpoint_1to1
DOT/USD,london,2026-07-06 07:20:00,2026-07-06 07:30:00,2026-07-06 07:35:00,long,0.86567275,0.86492,0.8664255,0.8664255,target,0.08695549213024999,34.500408502160184,2159440.256409534,1869368.5852267463,1625.518653012209,-2893.2788351719346,4518.797488184144,1.0,2.0574559946862196,False,middle_candle,0.08333333333333333,fvg_midpoint_1to1
DOT/USD,london,2026-07-06 07:40:00,2026-07-06 08:15:00,2026-07-06 08:20:00,long,0.86728625,0.8668495,0.867723,0.867723,target,0.050358229477290316,59.57318259874264,3523114.568877164,3055548.822761842,1538.7202879570511,-5847.4134335773,7386.133721534351,1.0,5.026330852890792,False,middle_candle,0.08333333333333333,fvg_midpoint_1to1
DOT/USD,new_york,2026-07-06 14:15:00,2026-07-06 14:20:00,2026-07-06 14:25:00,short,0.8621975,0.863115,0.8612799999999999,0.863115,stopped out,0.1064141336526742,28.19174386920933,1485883.2533511813,1281124.826331255,1363.297884949732,-4460.1422916796255,3096.8444067298933,-1.0,3.3923705722069863,False,middle_candle,0.08333333333333333,fvg_midpoint_1to1
DOT/USD,new_york,2026-07-08 14:45:00,2026-07-08 14:50:00,2026-07-08 14:55:00,short,0.8233762499999999,0.8242,0.8225524999999998,0.8225524999999998,target,0.10004539237075676,29.986388467370332,1492556.7419716658,1228935.7731168477,1229.4936161993433,-1741.1949513666177,2970.688567565961,1.0,5.482549317146239,False,middle_candle,0.08333333333333333,fvg_midpoint_1to1
DOT/USD,london,2026-07-09 07:45:00,2026-07-09 07:55:00,2026-07-09 08:00:00,long,0.83412,0.83265,0.8355899999999999,0.83265,stopped out,0.17623363544813353,17.02285714285747,800855.624257393,668009.6933055766,1177.2577676583446,-2792.027882042051,1614.770114383706,-1.0,0.7619047619047835,False,middle_candle,0.08333333333333333,fvg_midpoint_1to1
DOT/USD,london,2026-07-10 07:40:00,2026-07-10 07:50:00,2026-07-10 08:00:00,short,0.84671825,0.84746,0.8459765,0.84746,stopped out,0.0876029304907489,34.24542972699764,1474212.2429350924,1248242.4104665762,1093.4969311970833,-4110.855152383362,3017.358221186279,-1.0,3.9706774519717802,False,middle_candle,0.16666666666666666,fvg_midpoint_1to1
DOT/USD,london,2026-07-11 07:00:00,2026-07-11 07:10:00,2026-07-11 07:30:00,short,0.8769065,0.8783515,0.8754615000000001,0.8754615000000001,target,0.164783816746702,18.20567128027784,671398.8073533819,588753.9782604284,970.1712766255821,-453.0151506775942,1423.1864273031763,1.0,1.106574394463742,False,three_candles,0.3333333333333333,fvg_midpoint_1to1
DOT/USD,london,2026-07-11 07:50:00,2026-07-11 08:00:00,2026-07-11 08:05:00,short,0.876315,0.8766425,0.8759874999999999,0.8759874999999999,target,0.03737240604121076,80.27312977098352,2920857.4720767913,2559591.2156429733,956.5808221052546,-5230.681790218322,6187.262612323577,1.0,7.039694656487653,False,three_candles,0.08333333333333333,fvg_midpoint_1to1
DOT/USD,new_york,2026-07-11 13:45:00,2026-07-11 13:55:00,2026-07-11 14:00:00,long,0.87830775,0.877636,0.8789795000000001,0.877636,stopped out,0.07648230361169897,39.224759955335735,1190413.6485278856,1045549.533207818,799.6603683987047,-3327.0520458717247,2527.39167747302,-1.0,2.005582433940821,False,middle_candle,0.08333333333333333,fvg_midpoint_1to1
DOT/USD,asia,2026-07-14 00:55:00,2026-07-14 01:20:00,2026-07-14 01:25:00,long,0.838155,0.83765,0.83866,0.83866,target,0.06025138548358928,49.791386138616055,1385839.221826899,1161548.0729703247,699.8488070225532,-2107.94445323852,2807.793260261073,1.0,4.295049504950638,False,middle_candle,0.08333333333333333,fvg_midpoint_1to1
DOT/USD,asia,2026-07-15 01:15:00,2026-07-15 02:30:00,2026-07-15 02:55:00,long,0.85370525,0.85144,0.8559705,0.85144,stopped out,0.26534333717638453,11.306106390023192,281033.20756004786,239919.52471835254,636.6104734253975,-1216.5644505230293,579.953977097632,-1.0,1.2602361770224133,False,middle_candle,0.4166666666666667,fvg_midpoint_1to1
DOT/USD,asia,2026-07-16 01:10:00,2026-07-16 01:35:00,2026-07-16 01:40:00,short,0.842741,0.84285,0.8426319999999999,0.84285,stopped out,0.012933985649212006,231.94706422012868,5505628.8065097695,4639819.126026849,600.1135399097066,-11815.880819841688,11215.76727993198,-1.0,15.642201834858293,False,middle_candle,0.08333333333333333,fvg_midpoint_1to1
DOT/USD,new_york,2026-07-16 15:25:00,2026-07-16 16:05:00,2026-07-16 16:10:00,long,0.8480877499999999,0.8468445,0.8493309999999998,0.8468445,stopped out,0.14659450039219624,20.46461492057243,197576.60592356513,167562.299170353,245.63711531445617,-650.6830236437163,405.0459083292601,-1.0,1.9000603257593218,False,middle_candle,0.08333333333333333,fvg_midpoint_1to1
DOT/USD,asia,2026-07-17 00:45:00,2026-07-17 02:20:00,2026-07-17 02:30:00,long,0.8594465,0.858187,0.860706,0.858187,stopped out,0.1465478072224355,20.471135371179543,179528.88019464075,154295.4677322033,226.11662460514447,-599.0928142857402,372.9761896805958,-1.0,2.595077411671368,False,middle_candle,0.16666666666666666,fvg_midpoint_1to1
DOT/USD,new_york,2026-07-17 13:55:00,2026-07-17 15:05:00,2026-07-17 15:10:00,long,0.838645,0.837917,0.8393729999999999,0.8393729999999999,target,0.08680669413159929,34.55954670329903,285911.8683744315,239778.5588528751,208.1438401765721,-371.46938218500986,579.613222361582,1.0,4.241071428571743,False,middle_candle,0.08333333333333333,fvg_midpoint_1to1
DOT/USD,london,2026-07-18 07:05:00,2026-07-18 07:25:00,2026-07-18 07:30:00,short,0.84547675,0.8462835,0.84467,0.84467,target,0.0954195369653828,31.440102262164274,244189.3507419025,206456.4186498738,196.99975871102185,-302.0643388603958,499.0640975714177,1.0,2.4899287263713483,False,middle_candle,0.08333333333333333,fvg_midpoint_1to1
DOT/USD,new_york,2026-07-18 14:20:00,2026-07-18 14:35:00,2026-07-18 14:50:00,long,0.832242,0.830969,0.8335150000000001,0.8335150000000001,target,0.15296031683093134,19.61293008640883,147633.8008996059,122867.04972828983,187.93782854521007,-109.06690346993057,297.00473201514063,1.0,1.494893951296048,False,three_candles,0.25,fvg_midpoint_1to1
DOT/USD,london,2026-07-19 08:55:00,2026-07-19 09:00:00,2026-07-19 09:05:00,short,0.83567,0.83646,0.8348800000000001,0.8348800000000001,target,0.09453492407289449,31.73430379747007,233754.20435585102,195341.37595405403,184.66582144111234,-287.53004510734854,472.1958665484609,1.0,1.5329113924052384,False,three_candles,0.08333333333333333,fvg_midpoint_1to1
DOT/USD,asia,2026-07-21 01:15:00,2026-07-21 02:35:00,2026-07-21 02:40:00,short,0.8298782499999999,0.83075,0.8290064999999999,0.8290064999999999,target,0.10504552926890902,28.55904502437429,201938.53752552858,167584.40012924498,176.03992008789166,-229.05941256780497,405.0993326556966,1.0,1.0189274447947951,False,middle_candle,0.08333333333333333,fvg_midpoint_1to1
DOT/USD,asia,2026-07-21 01:55:00,2026-07-21 02:00:00,2026-07-21 02:05:00,short,0.827873,0.828505,0.8272409999999999,0.8272409999999999,target,0.07634021160251356,39.29776898733698,278544.177354225,230599.20373877432,176.03992008789163,-381.3841806844251,557.4241007723167,1.0,2.595727848100845,False,middle_candle,0.08333333333333333,fvg_midpoint_1to1
DOT/USD,london,2026-07-21 08:50:00,2026-07-21 08:55:00,2026-07-21 09:00:00,long,0.8578045,0.856643,0.8589659999999999,0.856643,stopped out,0.13540381287343756,22.155949203617418,135795.61970756322,116486.09366543642,157.7266122903247,-439.3067520356974,281.5801397453727,-1.0,1.54584588893687,False,middle_candle,0.08333333333333333,fvg_midpoint_1to1
DOT/USD,asia,2026-07-22 01:15:00,2026-07-22 01:35:00,2026-07-22 01:40:00,short,0.8513995,0.8514135,0.8513854999999999,0.8514135,stopped out,0.0016443514472429823,1824.4274999909412,10324814.980609745,8790542.312083647,144.54740972925413,-21393.797468567613,21249.25005883836,-1.0,106.96428571374958,False,middle_candle,0.08333333333333333,fvg_midpoint_1to1
BTC/USD,asia,2026-07-01 01:00:00,2026-07-01 01:05:00,2026-07-01 01:10:00,short,58298.7025,58470.86,57610.072499999995,58298.7025,break even,0.2953024554877549,10.159075701029511,17.42590360570977,1015907.5701029511,3000.0,-1220.668823629545,1220.668823629545,-0.0,3.3495636263304975,True,middle_candle,0.08333333333333333,market_on_signal_1to4
BTC/USD,asia,2026-07-02 00:00:00,2026-07-02 00:05:00,2026-07-02 01:10:00,short,59844.5635,60096.405,58837.19749999999,59844.5635,break even,0.4208260287503013,7.128836609534107,11.766845159717866,704181.7123554035,2963.3799352911137,-846.113059631203,846.113059631203,-0.0,1.2816136339721242,True,middle_candle,1.0833333333333333,market_on_signal_1to4
BTC/USD,asia,2026-07-02 01:05:00,2026-07-02 01:10:00,2026-07-02 03:25:00,long,59759.2585,59565.403,60534.680500000024,60534.680500000024,target,0.32439408531149216,9.24801078638446,15.28654041433457,913512.3201909168,2963.3799352911137,10755.884442368975,1097.6352987954797,4.0,5.435628599652675,True,middle_candle,2.25,market_on_signal_1to4
BTC/USD,asia,2026-07-03 00:05:00,2026-07-03 00:10:00,2026-07-03 00:45:00,short,61316.245,61511.061,60536.98100000001,61316.245,break even,0.3177233048109826,9.442178003860105,16.73719343777341,1026261.8534429068,3260.673076773246,-1233.1100645810516,1233.1100645810516,-0.0,0.8009865719448424,True,middle_candle,0.5833333333333334,market_on_signal_1to4
BTC/USD,asia,2026-07-03 01:35:00,2026-07-03 01:40:00,2026-07-03 02:25:00,long,61628.116,61331.733,62813.64800000001,61331.733,stopped out,0.4809217273492534,6.238021344004177,10.876736435071503,670312.7747220132,3223.6797748358154,-4029.0974430010965,805.4176681652812,-1.0,0.09981341709881658,False,middle_candle,0.75,market_on_signal_1to4
BTC/USD,new_york,2026-07-03 15:05:00,2026-07-03 15:10:00,2026-07-03 15:15:00,long,62278.2775,62002.85,63379.98749999999,62002.85,stopped out,0.4422529187644889,6.783448729702057,11.265421395996423,701591.0398543025,3102.8068515457817,-3945.807075671676,843.0002241258945,-1.0,0.04383367673890243,False,middle_candle,0.08333333333333333,market_on_signal_1to4
BTC/USD,asia,2026-07-06 01:50:00,2026-07-06 01:55:00,2026-07-06 02:20:00,short,63520.4255,63746.19,62617.36749999998,63520.4255,break even,0.35542032066520834,8.440710408412126,13.219229060705155,839691.0547179567,2984.432639275632,-1008.9349879250817,1008.9349879250817,-0.0,0.7488754875101896,True,middle_candle,0.4166666666666667,market_on_signal_1to4
BTC/USD,london,2026-07-06 07:40:00,2026-07-06 07:45:00,2026-07-06 08:10:00,long,63033.603,62910.85,63524.61500000002,63033.603,break even,0.19474215998727576,15.404984725423693,24.065925799269895,1516962.0126586363,2954.1645896378795,-1822.7132959498215,1822.7132959498215,0.0,1.2378271814130397,True,middle_candle,0.4166666666666667,market_on_signal_1to4
BTC/USD,new_york,2026-07-06 13:45:00,2026-07-06 13:50:00,2026-07-06 14:45:00,long,61838.4415,61392.08,63623.8875,61838.4415,break even,0.7218188058636618,4.15616769143397,6.495818279039279,401691.2786430011,2899.483190759385,-482.65416558881446,482.65416558881446,0.0,1.1554928012384644,True,middle_candle,0.9166666666666666,market_on_signal_1to4
BTC/USD,asia,2026-07-07 00:20:00,2026-07-07 00:25:00,2026-07-07 00:30:00,long,64177.94,63957.7,65058.90000000002,64177.94,break even,0.3431708777190499,8.742000544859946,13.099362358298457,840690.0914691369,2885.0035657917206,-1010.1353855318266,1010.1353855318266,0.0,0.5215446785324883,True,middle_candle,0.08333333333333333,market_on_signal_1to4
BTC/USD,asia,2026-07-07 01:00:00,2026-07-07 01:05:00,2026-07-07 01:40:00,short,63886.1945,64176.885,62723.43249999998,63886.1945,break even,0.4550130153706436,6.59321799301997,9.820408662222274,627388.537864217,2854.699504225766,-753.8418366109479,753.8418366109479,-0.0,0.5183726334365658,True,middle_candle,0.5833333333333334,market_on_signal_1to4
BTC/USD,new_york,2026-07-07 15:15:00,2026-07-07 15:20:00,2026-07-07 19:00:00,long,63539.395,63114.25,65239.974999999984,63539.395,break even,0.669104576774766,4.483604064495675,6.661454913329472,423264.81501273206,2832.084249127437,-508.57595615023337,508.57595615023337,0.0,1.5477884016041739,True,middle_candle,3.6666666666666665,market_on_signal_1to4
BTC/USD,london,2026-07-08 07:25:00,2026-07-08 07:30:00,2026-07-08 07:35:00,long,62748.12,62553.075,63528.300000000025,62748.12,break even,0.3108379980149294,9.651329693147462,14.441933761146661,906204.192676482,2816.8269704429304,-1088.854181616605,1088.854181616605,0.0,0.44310287369577883,True,middle_candle,0.08333333333333333,market_on_signal_1to4
BTC/USD,asia,2026-07-09 00:20:00,2026-07-09 00:25:00,2026-07-09 01:00:00,short,62127.55,62267.371,61568.26600000002,62127.55,break even,0.22505474624381017,13.330089900659054,19.912326081164533,1237104.0342238536,2784.161344994432,-1486.4485417805913,1486.4485417805913,-0.0,0.8374278541850431,True,middle_candle,0.5833333333333334,market_on_signal_1to4
BTC/USD,asia,2026-07-09 01:30:00,2026-07-09 01:35:00,2026-07-09 04:35:00,short,62221.8475,62425.619,61406.76150000002,62221.8475,break even,0.3274918829756627,9.160532385539899,13.444313305546055,836530.0122399076,2739.5678887410145,-1005.1368215203051,1005.1368215203051,-0.0,2.868298559906633,True,middle_candle,3.0,market_on_signal_1to4
BTC/USD,london,2026-07-09 08:35:00,2026-07-09 08:40:00,2026-07-09 08:45:00,long,63034.375,62922.3925,63482.30499999999,62922.3925,stopped out,0.1776530662832752,16.88684615899832,24.194974965690598,1525115.1251029533,2709.413784095405,-4541.923493094216,1832.509708998811,-1.0,0.0,False,middle_candle,0.08333333333333333,market_on_signal_1to4
BTC/USD,asia,2026-07-10 01:15:00,2026-07-10 01:20:00,2026-07-10 09:30:00,long,63215.855,62926.895,64371.69500000003,64371.69500000003,target,0.45710051695101866,6.5631078696011835,8.904886763920686,562930.0304594294,2573.1560793025783,9616.232922669351,676.3913945409622,4.0,4.25700789036534,True,middle_candle,8.166666666666666,market_on_signal_1to4
BTC/USD,new_york,2026-07-10 14:15:00,2026-07-10 14:20:00,2026-07-10 15:15:00,short,64091.062,64483.92,62519.63,64091.062,break even,0.6129684666482828,4.89421587443809,7.284166459592671,466849.9641800744,2861.643066982659,-560.9459101967678,560.9459101967678,-0.0,0.8803740791838294,True,middle_candle,0.9166666666666666,market_on_signal_1to4
BTC/USD,london,2026-07-11 08:10:00,2026-07-11 08:15:00,2026-07-11 08:45:00,long,64190.022,64110.05,64509.909999999974,64190.022,break even,0.12458634147219064,24.079686140150766,35.57263404287699,2283408.161810223,2844.8146896767557,-2743.640501133903,2743.640501133903,0.0,0.8917371079879314,True,middle_candle,0.5,market_on_signal_1to4
BTC/USD,new_york,2026-07-11 13:30:00,2026-07-11 13:35:00,2026-07-11 15:35:00,long,64179.74,64097.9125,64507.049999999996,64179.74,break even,0.1274974002699285,23.52989154013032,33.760110899670146,2166715.1399119957,2762.505474642739,-2603.427416835446,2603.427416835446,0.0,3.928691454584349,True,middle_candle,2.0,market_on_signal_1to4
BTC/USD,asia,2026-07-13 01:30:00,2026-07-13 01:35:00,2026-07-14 12:35:00,short,63562.65,64083.12,61480.77,63562.65,break even,0.818829926065073,3.663764482102706,5.157651069490401,327833.96975214407,2684.4026521376754,-393.9105465693104,393.9105465693104,-0.0,3.488865832804954,True,middle_candle,35.0,market_on_signal_1to4
BTC/USD,asia,2026-07-14 00:10:00,2026-07-14 00:15:00,2026-07-14 01:05:00,long,62366.18,62142.1785,63262.185999999994,62366.18,break even,0.3591714291303371,8.352557460552775,11.983860162265403,747387.5799746733,2684.4026521376754,-898.0272860360358,898.0272860360358,0.0,1.0442340787896411,True,middle_candle,0.8333333333333334,market_on_signal_1to4
BTC/USD,london,2026-07-14 07:05:00,2026-07-14 07:10:00,2026-07-14 08:15:00,short,62509.05,62607.89,62113.69000000002,62509.05,break even,0.1581211040641259,18.97279947389788,26.88650175593574,1680649.682586875,2657.4618335565947,-2019.3930347116025,2019.3930347116025,-0.0,0.9912990692028193,True,middle_candle,1.0833333333333333,market_on_signal_1to4
BTC/USD,london,2026-07-15 07:20:00,2026-07-15 07:25:00,2026-07-15 08:00:00,short,64617.94,64929.395,63372.120000000024,64617.94,break even,0.4819946287362217,6.224135749947936,8.299955775692197,536326.0443163319,2585.0627261181676,-644.4252418860898,644.4252418860898,-0.0,0.6101459279831964,True,middle_candle,0.5833333333333334,market_on_signal_1to4
BTC/USD,new_york,2026-07-15 14:30:00,2026-07-15 14:35:00,2026-07-15 15:40:00,long,65425.357,64989.1,67170.38500000002,65425.357,break even,0.666801099763208,4.499092759543061,5.881235072128481,384781.90419492667,2565.7299688615844,-462.3366221200215,462.3366221200215,0.0,0.16975658843295233,True,middle_candle,1.0833333333333333,market_on_signal_1to4
BTC/USD,asia,2026-07-16 00:20:00,2026-07-16 00:25:00,2026-07-16 01:05:00,short,64621.823,64807.2785,63880.00099999998,64621.823,break even,0.2869858685354693,10.453476386518389,13.75995788853894,889193.563160617,2551.859870197984,-1068.4149746145108,1068.4149746145108,-0.0,0.9071070957722591,True,middle_candle,0.6666666666666666,market_on_signal_1to4
BTC/USD,asia,2026-07-16 00:35:00,2026-07-16 00:40:00,2026-07-16 01:20:00,short,64460.5,64640.519,63740.424,64460.5,break even,0.27927025077372997,10.742282759042087,14.175502975785783,913760.0095706395,2551.859870197984,-1097.932911208921,1097.932911208921,-0.0,0.6481121437181655,True,middle_candle,0.6666666666666666,market_on_signal_1to4
BTC/USD,london,2026-07-16 07:05:00,2026-07-16 07:10:00,2026-07-16 07:40:00,short,64641.2,64752.703,64195.18799999998,64195.18799999998,target,0.17249525070698604,17.39178318072093,22.303161651463963,1441703.1329446123,2486.869433623281,8215.1921219977,1732.2856124954246,4.0,4.507618629094988,True,middle_candle,0.5,market_on_signal_1to4
BTC/USD,london,2026-07-16 08:10:00,2026-07-16 08:15:00,2026-07-16 08:20:00,short,63914.25,64433.54,61837.09,63914.25,break even,0.8124792202051981,3.692402125979696,5.263581423257153,336417.8589814135,2733.3251972832118,-404.22456161951504,404.22456161951504,-0.0,0.18188295557395084,True,middle_candle,0.08333333333333333,market_on_signal_1to4
BTC/USD,new_york,2026-07-16 14:05:00,2026-07-16 14:10:00,2026-07-16 14:15:00,long,64552.9635,64190.8,66001.61749999998,64552.9635,break even,0.5610331119809784,5.347277969756826,7.513729187051327,485033.485960609,2721.1984604346267,-582.7944117676715,582.7944117676715,0.0,0.31172937085047503,True,middle_candle,0.08333333333333333,market_on_signal_1to4
BTC/USD,new_york,2026-07-16 15:25:00,2026-07-16 15:30:00,2026-07-16 16:10:00,long,64768.77,64453.904,66028.23399999997,64453.904,stopped out,0.4861386127913106,6.171079443318852,8.586873870413584,556161.2587318271,2703.7146280815964,-3371.972971087849,668.2583430062525,-1.0,0.08702749741160475,False,middle_candle,0.6666666666666666,market_on_signal_1to4
BTC/USD,asia,2026-07-17 01:00:00,2026-07-17 01:05:00,2026-07-17 01:15:00,long,63868.384,63598.5625,64947.66999999999,63868.384,break even,0.42246489280204463,7.101181781288788,9.645470946344076,616040.6422619468,2602.5554389489607,-740.2067158744322,740.2067158744322,0.0,0.5565549817194003,True,middle_candle,0.16666666666666666,market_on_signal_1to4
BTC/USD,asia,2026-07-17 01:40:00,2026-07-17 01:45:00,2026-07-17 13:45:00,short,63676.1365,63980.14,62460.122500000005,62460.122500000005,target,0.477421396318539,6.283756913982923,8.487893190284774,540476.2453819938,2580.349237472728,9671.985013150157,649.4119367407548,4.0,4.027137845452462,True,middle_candle,12.0,market_on_signal_1to4
BTC/USD,london,2026-07-17 08:55:00,2026-07-17 09:00:00,2026-07-17 09:15:00,long,62810.65,62724.05,63157.049999999996,62810.65,break even,0.1378747075535734,21.758885681293673,29.796180571279116,1871517.4691994127,2580.349237472728,-2248.731178662524,2248.731178662524,0.0,1.1789838337182479,True,middle_candle,0.25,market_on_signal_1to4
BTC/USD,new_york,2026-07-17 13:30:00,2026-07-17 13:35:00,2026-07-17 13:40:00,short,62662.273,62948.44,61517.604999999996,62662.273,break even,0.45668148680147824,6.569129878707159,8.781191759052724,550249.435271112,2512.887302112852,-661.1549619490905,661.1549619490905,-0.0,0.6900655910709519,True,middle_candle,0.08333333333333333,market_on_signal_1to4
BTC/USD,new_york,2026-07-17 15:25:00,2026-07-17 15:30:00,2026-07-18 18:20:00,long,63220.3695,62887.971,64549.96350000001,64549.96350000001,target,0.5257775344068544,5.705835270014705,8.373119023247275,529351.6785171719,2783.212203648884,10496.803656829461,636.0451577660747,4.0,4.043882568663788,True,middle_candle,26.833333333333332,market_on_signal_1to4
BTC/USD,new_york,2026-07-18 14:00:00,2026-07-18 14:05:00,2026-07-18 14:30:00,long,64118.09,63924.7315,64891.523999999976,64118.09,break even,0.30156621945537493,9.948063829622445,14.394051482861933,922919.0884427748,2783.2122036488845,-1108.9380482522909,1108.9380482522909,0.0,0.17825438240369632,True,middle_candle,0.4166666666666667,market_on_signal_1to4
BTC/USD,london,2026-07-19 07:40:00,2026-07-19 07:45:00,2026-07-19 07:45:00,long,64709.224,64660.1565,64905.49400000002,64660.1565,stopped out,0.07582767489222966,39.56339165434994,62.46187745260933,4041859.6195414467,3064.8481719061992,-7921.364819932982,4856.516648026783,-1.0,0.3449635705915278,False,middle_candle,0.0,market_on_signal_1to4
BTC/USD,asia,2026-07-20 00:45:00,2026-07-20 00:50:00,2026-07-20 01:05:00,short,64620.543,65001.3585,63097.28099999998,64620.543,break even,0.589310275526475,5.090696912284238,7.424086538778433,479748.5034148529,2827.20722730821,-576.444214548079,576.444214548079,-0.0,0.6999347453031504,True,middle_candle,0.25,market_on_signal_1to4
BTC/USD,london,2026-07-20 07:00:00,2026-07-20 07:05:00,2026-07-20 08:35:00,long,63930.64,63781.6915,64526.433999999994,63930.64,break even,0.23298452823246976,12.876391504446289,18.865003010247126,1206051.7160470253,2809.9139008717675,-1449.1374735147665,1449.1374735147665,0.0,2.4564799242691686,True,middle_candle,1.5,market_on_signal_1to4
BTC/USD,london,2026-07-21 07:35:00,2026-07-21 07:40:00,2026-07-21 12:30:00,long,66013.3385,65895.915,66483.03250000002,66483.03250000002,target,0.17787844497518396,16.86544988865027,23.559507054944028,1555241.7141111582,2766.439776666324,9197.050643914814,1868.708462750483,4.0,4.2970231682754,True,middle_candle,4.833333333333333,market_on_signal_1to4
BTC/USD,london,2026-07-23 07:05:00,2026-07-23 07:10:00,2026-07-23 09:00:00,short,65663.51,65762.915,65265.89,65663.51,break even,0.1513854498487803,19.816963935415952,30.605616377282878,2009672.1970458778,3042.351295983769,-2414.731683119947,2414.731683119947,-0.0,3.5864594336300923,True,middle_candle,1.8333333333333333,market_on_signal_1to4
BTC/USD,london,2026-07-23 07:40:00,2026-07-23 07:45:00,2026-07-23 09:00:00,short,65356.0,65666.252,64114.99200000003,65666.252,stopped out,0.474710814615327,6.319636940293837,9.806065056740444,640885.1878483285,3042.351295983769,-3812.410099909347,770.0588039255781,-1.0,0.1579425757126513,False,middle_candle,1.25,market_on_signal_1to4
BTC/USD,new_york,2026-07-23 15:05:00,2026-07-23 15:10:00,2026-07-23 15:15:00,short,64770.465,64906.6675,64225.65499999997,64770.465,break even,0.21028488833607525,14.266360382517972,20.965379067878708,1357937.3511277703,2855.53704249289,-1631.6364182577918,1631.6364182577918,-0.0,0.7275563958076322,True,middle_candle,0.08333333333333333,market_on_signal_1to4
BTC/USD,asia,2026-07-24 00:00:00,2026-07-24 00:05:00,2026-07-24 01:00:00,short,64972.6505,65112.635,64412.71250000001,64972.6505,break even,0.2154514229029315,13.92425243509116,20.049276526652474,1302654.636544045,2806.587949945156,-1565.2111959601323,1565.2111959601323,-0.0,1.9275669806300155,True,middle_candle,0.9166666666666666,market_on_signal_1to4
BTC/USD,asia,2026-07-24 00:30:00,2026-07-24 00:35:00,2026-07-24 01:00:00,short,64797.8855,64984.25,64052.42749999998,64984.25,stopped out,0.28760892205348787,10.430830791271756,15.059670430501013,975834.8002233403,2806.587949945156,-3979.1071364344198,1172.5191864892636,-1.0,0.5100998312446385,False,middle_candle,0.4166666666666667,market_on_signal_1to4
BTC/USD,london,2026-07-24 07:00:00,2026-07-24 07:05:00,2026-07-24 07:35:00,long,65500.4055,65374.7565,66003.00149999998,65500.4055,break even,0.1918293467664068,15.638900150419321,21.012967870602793,1376357.9162829544,2640.25839997332,-1653.7697404814774,1653.7697404814774,0.0,2.2079324149018795,True,middle_candle,0.5,market_on_signal_1to4
BTC/USD,london,2026-07-24 07:40:00,2026-07-24 07:45:00,2026-07-24 13:55:00,short,65325.9675,65690.0,63869.837499999994,63869.837499999994,target,0.5572554283256519,5.383527638328978,7.116522035144849,464893.68718090624,2590.6453077588753,9803.985895254698,558.5953357808038,4.0,4.058888972825208,True,middle_candle,6.166666666666667,market_on_signal_1to4
BTC/USD,new_york,2026-07-24 13:30:00,2026-07-24 13:35:00,2026-07-24 13:40:00,short,64256.603,64667.825,62611.715000000026,64256.603,break even,0.6399684714114039,4.687730933656338,6.299870405179955,404808.27157709753,2590.6453077588753,-486.39940404366666,486.39940404366666,-0.0,0.2276823710793818,True,middle_candle,0.08333333333333333,market_on_signal_1to4
BTC/USD,new_york,2026-07-26 15:20:00,2026-07-26 15:25:00,2026-07-26 15:40:00,long,64718.645,64547.44,65403.464999999975,64718.645,break even,0.264537367863611,11.340552846003698,16.7645390175246,1084978.2492638235,2870.1729024952065,-1303.6610437485972,1303.6610437485972,0.0,0.25270874098307927,True,middle_candle,0.25,market_on_signal_1to4
ETH/USD,asia,2026-07-01 00:50:00,2026-07-01 00:55:00,2026-07-01 01:05:00,long,1571.157,1567.51,1585.7449999999997,1567.51,stopped out,0.2321219330722477,12.924241842610597,822.59391280506,1292424.1842610596,3000.0,-4557.784477270077,1557.7844772700776,-1.0,0.43405538799015964,False,middle_candle,0.16666666666666666,market_on_signal_1to4
ETH/USD,london,2026-07-01 08:00:00,2026-07-01 08:05:00,2026-07-01 08:20:00,short,1575.48,1576.765,1570.3399999999997,1570.3399999999997,target,0.0815624444613757,36.781634241242784,2228.222930491607,3510520.6625309167,2863.266465681897,7221.765751028418,4231.30011169917,4.0,4.887159533073597,False,middle_candle,0.25,market_on_signal_1to4
ETH/USD,london,2026-07-01 08:50:00,2026-07-01 08:55:00,2026-07-01 10:10:00,long,1575.805,1570.815,1595.765,1575.805,break even,0.3166635465682625,9.473777555110203,617.2183242911311,972615.721509586,3079.91943821275,-1172.3130004586992,1172.3130004586992,0.0,1.470941883767516,True,middle_candle,1.25,market_on_signal_1to4
ETH/USD,new_york,2026-07-01 13:55:00,2026-07-01 14:00:00,2026-07-01 14:30:00,long,1595.0,1578.21,1662.1599999999999,1595.0,break even,1.0526645768025056,2.8499106611078084,181.3430642167359,289242.1874256938,3044.750048198989,-348.6293395236986,348.6293395236986,0.0,1.1619714115544926,True,middle_candle,0.5,market_on_signal_1to4
ETH/USD,asia,2026-07-02 00:00:00,2026-07-02 00:05:00,2026-07-02 00:50:00,short,1601.667610837,1612.1555,1559.7160541849996,1601.667610837,break even,0.6548105919129704,4.581477509757087,289.31380956216265,463384.55814357987,3034.2911680132775,-558.5265893917331,558.5265893917331,-0.0,0.5833023921135785,True,middle_candle,0.75,market_on_signal_1to4
ETH/USD,asia,2026-07-02 01:05:00,2026-07-02 01:10:00,2026-07-02 03:50:00,long,1604.565,1596.1305,1638.3030000000003,1638.3030000000003,target,0.525656486337423,5.707149208607457,357.7610255891281,574050.8200244193,3017.5353703315263,11378.226653757722,691.9148275683833,4.0,4.076708755705697,True,middle_candle,2.6666666666666665,market_on_signal_1to4
ETH/USD,london,2026-07-02 08:05:00,2026-07-02 08:10:00,2026-07-02 09:30:00,long,1617.385,1613.125,1634.425,1634.425,target,0.2633881234214483,11.39003521126763,788.4699929446631,1275259.539538804,3358.8821699442574,11898.433088889462,1537.0955908875671,4.0,4.061502347417827,True,middle_candle,1.3333333333333333,market_on_signal_1to4
ETH/USD,london,2026-07-02 08:30:00,2026-07-02 08:35:00,2026-07-02 09:35:00,long,1621.2165,1617.3085,1636.8484999999996,1636.8484999999996,target,0.24105355453758964,12.44536719549673,859.488784530282,1393417.399045438,3358.882169944258,11756.015079656581,1679.5136001204507,4.0,6.977354145343043,False,middle_candle,1.0,market_on_signal_1to4
ETH/USD,asia,2026-07-03 00:50:00,2026-07-03 00:55:00,2026-07-03 01:00:00,short,1695.3755,1696.956,1689.053500000001,1696.956,stopped out,0.09322418543855339,32.18049035115873,2574.1952641576395,4364227.5830688905,4068.5156150006387,-9328.805593298799,5260.289978298159,-1.0,0.936728883264983,False,middle_candle,0.08333333333333333,market_on_signal_1to4
ETH/USD,asia,2026-07-03 01:35:00,2026-07-03 01:40:00,2026-07-03 02:25:00,long,1714.024,1700.855,1766.6999999999994,1700.855,stopped out,0.7683089618348325,3.9046791707799,287.69469566418957,493115.6130411168,3788.6514472016747,-4383.013466149941,594.3620189482667,-1.0,0.14461994076999904,False,middle_candle,0.75,market_on_signal_1to4
ETH/USD,london,2026-07-03 07:50:00,2026-07-03 07:55:00,2026-07-03 07:55:00,long,1717.736,1717.0465,1720.4940000000008,1717.0465,stopped out,0.04014004480316999,74.73833212470853,5304.076929972765,9111003.889383698,3657.161043217177,-14638.834555728885,10981.673512511708,-1.0,0.931109499636922,False,middle_candle,0.0,market_on_signal_1to4
ETH/USD,new_york,2026-07-03 13:40:00,2026-07-03 13:45:00,2026-07-03 14:10:00,long,1747.469,1737.818,1786.0730000000003,1737.818,stopped out,0.5522844754327583,5.431983214174659,333.43653575228353,582670.0096945071,3217.9960065453106,-3920.2997142029244,702.3037076576136,-1.0,0.3922909543052566,False,middle_candle,0.4166666666666667,market_on_signal_1to4
ETH/USD,new_york,2026-07-03 14:50:00,2026-07-03 14:55:00,2026-07-03 15:15:00,long,1737.1435,1731.465,1759.8574999999998,1737.1435,break even,0.32688721455653985,9.177477326758849,545.986971052079,948457.7178478071,3100.3870151192223,-1143.1948799805766,1143.1948799805766,0.0,1.1061900149687536,True,middle_candle,0.3333333333333333,market_on_signal_1to4
ETH/USD,asia,2026-07-04 00:05:00,2026-07-04 00:10:00,2026-07-04 00:20:00,long,1760.121,1756.5,1774.6050000000005,1756.5,stopped out,0.2057244928047614,14.582609776304508,846.7526011377314,1490387.035067145,3066.0911687198054,-4862.484192485142,1796.3930237653365,-1.0,0.6310411488538511,False,middle_candle,0.16666666666666666,market_on_signal_1to4
ETH/USD,asia,2026-07-04 01:00:00,2026-07-04 01:05:00,2026-07-04 03:35:00,short,1751.61,1759.053,1721.837999999999,1751.61,break even,0.4249233562265694,7.060096735187224,392.3440337155943,687233.7328965721,2920.2166429452514,-828.336435049567,828.336435049567,-0.0,1.1305925030229376,True,middle_candle,2.5,market_on_signal_1to4
ETH/USD,london,2026-07-04 07:20:00,2026-07-04 07:25:00,2026-07-04 09:35:00,long,1755.5355,1750.6,1775.2775000000001,1755.5355,break even,0.28113928769882734,10.670867186708437,586.6409786027224,1029869.0636918196,2895.366549893764,-1241.321588203681,1241.321588203681,0.0,1.6781481106270788,True,three_candles,2.1666666666666665,market_on_signal_1to4
ETH/USD,london,2026-07-04 08:35:00,2026-07-04 08:40:00,2026-07-04 09:05:00,long,1762.125,1757.377,1781.1170000000002,1757.377,stopped out,0.2694474001560643,11.13389848357192,609.8076137097169,1074557.2413082349,2895.3665498937644,-4190.55168402617,1295.1851341324057,-1.0,0.210614995787698,False,middle_candle,0.4166666666666667,market_on_signal_1to4
ETH/USD,new_york,2026-07-04 14:00:00,2026-07-04 14:05:00,2026-07-04 14:15:00,long,1764.468,1762.539,1772.1840000000004,1772.1840000000004,target,0.1093247369745491,27.4411819595633,1416.4905918749325,2499352.3216643785,2732.4103517268686,7917.12253165618,3012.518875251294,4.0,4.147485743908509,True,middle_candle,0.16666666666666666,market_on_signal_1to4
ETH/USD,new_york,2026-07-04 14:55:00,2026-07-04 15:00:00,2026-07-04 15:05:00,long,1772.029,1767.3615,1790.699,1772.029,break even,0.2633986238374213,11.389581146223843,636.29866688303,1127539.6903780687,2969.924027676554,-1359.0459297859077,1359.0459297859077,0.0,4.358328869844648,True,middle_candle,0.08333333333333333,market_on_signal_1to4
ETH/USD,asia,2026-07-05 00:00:00,2026-07-05 00:05:00,2026-07-05 01:15:00,short,1777.095,1779.7355,1766.5330000000001,1766.5330000000001,target,0.14858519099991696,20.190437417156037,1109.3174208608236,1971362.4420246654,2929.1526497829764,9340.488387355846,2376.1222117760585,4.0,5.4345767846999715,True,middle_candle,1.1666666666666667,market_on_signal_1to4
ETH/USD,asia,2026-07-05 00:20:00,2026-07-05 00:25:00,2026-07-05 01:30:00,short,1773.95,1777.095,1761.3700000000001,1761.3700000000001,target,0.17728797316722464,16.921621621621718,931.3680921408563,1652200.427053272,2929.1526497829764,9725.180687849235,1991.429911282671,4.0,4.429252782194005,True,middle_candle,1.0833333333333333,market_on_signal_1to4
ETH/USD,new_york,2026-07-05 13:50:00,2026-07-05 13:55:00,2026-07-05 14:45:00,long,1766.06,1763.05,1778.1,1766.06,break even,0.1704358855305024,17.601926910299053,1163.1636950296145,2054216.875244001,3501.122722039129,-2475.988301805847,2475.988301805847,0.0,1.1710963455149839,True,three_candles,0.8333333333333334,market_on_signal_1to4
ETH/USD,new_york,2026-07-05 14:30:00,2026-07-05 14:35:00,2026-07-05 14:35:00,short,1764.85,1765.855,1760.8299999999995,1765.855,stopped out,0.056945349463133364,52.68208955223308,3483.7042010335813,6148215.359194116,3501.1227220391293,-10911.688514679441,7410.565792640313,-1.0,0.0,False,middle_candle,0.0,market_on_signal_1to4
ETH/USD,asia,2026-07-06 00:55:00,2026-07-06 01:00:00,2026-07-06 01:10:00,long,1790.6775,1778.1225,1840.8975000000003,1790.6775,break even,0.7011312757322333,4.2787992831541,246.87315153680245,442070.1978110426,3099.4924175445703,-532.8359685620467,532.8359685620467,0.0,0.22082835523695918,True,middle_candle,0.16666666666666666,market_on_signal_1to4
ETH/USD,asia,2026-07-06 01:50:00,2026-07-06 01:55:00,2026-07-06 02:20:00,short,1783.796,1790.505,1756.9599999999998,1783.796,break even,0.3761080302904626,7.976431658965498,459.60759256039375,819846.1851788602,3083.507338487709,-988.1768513569883,988.1768513569883,-0.0,0.7074079594574529,True,middle_candle,0.4166666666666667,market_on_signal_1to4
ETH/USD,london,2026-07-06 07:40:00,2026-07-06 07:45:00,2026-07-06 08:30:00,long,1774.0,1767.4565,1800.174,1767.4565,stopped out,0.368855693348365,8.133262015740817,466.7016173220756,827928.6691293621,3053.862032946999,-4051.7808623551605,997.9188294081613,-1.0,0.28127149079239266,False,three_candles,0.75,market_on_signal_1to4
ETH/USD,london,2026-07-06 08:15:00,2026-07-06 08:20:00,2026-07-06 08:35:00,short,1770.921,1772.7395,1763.6470000000006,1763.6470000000006,target,0.10268668111112003,29.21508386032672,1679.330235329798,2973961.179680481,3053.862032946999,8630.873796111317,3584.5743356766793,4.0,5.047016772065343,True,middle_candle,0.25,market_on_signal_1to4
ETH/USD,new_york,2026-07-06 14:25:00,2026-07-06 14:30:00,2026-07-06 16:05:00,long,1751.238,1740.445,1794.4100000000005,1794.4100000000005,target,0.6163068640584615,4.867704993977524,295.67634772163893,517799.6558313475,3191.2348209596844,12140.825099027932,624.1141848108058,4.0,4.000509589548738,True,middle_candle,1.5833333333333333,market_on_signal_1to4
ETH/USD,new_york,2026-07-06 15:00:00,2026-07-06 15:05:00,2026-07-06 15:50:00,long,1755.05,1748.306,1782.0259999999996,1782.0259999999996,target,0.38426255662231357,7.807161921708283,473.19614782914067,830482.8992475333,3191.2348209596844,11763.94179025985,1000.9974935788861,4.0,4.497034400949045,True,middle_candle,0.75,market_on_signal_1to4
ETH/USD,asia,2026-07-07 01:00:00,2026-07-07 01:05:00,2026-07-07 12:05:00,short,1789.225,1804.254,1729.109,1789.225,break even,0.839972613841188,3.571545012974916,260.0557473975859,465298.2446374456,3908.3778276383173,-560.833193640407,560.833193640407,-0.0,2.230687337813552,True,middle_candle,11.0,market_on_signal_1to4
ETH/USD,new_york,2026-07-07 13:45:00,2026-07-07 13:50:00,2026-07-07 13:55:00,long,1778.298,1765.231,1830.566,1765.231,stopped out,0.7348037280590771,4.082722889722198,297.8153234735672,529604.3941023976,3891.552831829105,-4529.895501576063,638.3426697469583,-1.0,0.0,False,middle_candle,0.08333333333333333,market_on_signal_1to4
ETH/USD,asia,2026-07-08 00:10:00,2026-07-08 00:15:00,2026-07-08 01:25:00,long,1773.02,1769.2295,1788.1820000000002,1773.02,break even,0.21378777453159387,14.032607835377677,990.807536415185,1756721.5782148514,3755.6559667818237,-2117.4113257507083,2117.4113257507083,0.0,2.7014905685265354,True,middle_candle,1.1666666666666667,market_on_signal_1to4
ETH/USD,asia,2026-07-08 00:40:00,2026-07-08 00:45:00,2026-07-08 01:25:00,long,1782.596,1773.645,1818.4,1773.645,stopped out,0.5021328444583081,5.974514579376591,419.57948461421233,747940.7109553565,3755.6559667818237,-4657.163725328419,901.5077585465956,-1.0,0.0,False,middle_candle,0.6666666666666666,market_on_signal_1to4
ETH/USD,new_york,2026-07-08 14:15:00,2026-07-08 14:20:00,2026-07-08 14:20:00,short,1729.7,1738.115,1696.0400000000002,1738.115,stopped out,0.4865005492281877,6.166488413547264,422.1531450088491,730198.2949218063,3552.4187152494496,-4432.541188204122,880.1224729546717,-1.0,0.0,False,middle_candle,0.0,market_on_signal_1to4
ETH/USD,new_york,2026-07-08 15:05:00,2026-07-08 15:10:00,2026-07-08 16:20:00,short,1719.869,1728.261,1686.3009999999997,1728.261,stopped out,0.4879441399315909,6.148244756911305,407.46454714052726,700785.6432260314,3419.4424796033263,-4264.1133006893615,844.6708210860353,-1.0,1.0220448045757797,False,middle_candle,1.1666666666666667,market_on_signal_1to4
ETH/USD,asia,2026-07-09 01:50:00,2026-07-09 01:55:00,2026-07-09 03:30:00,short,1730.086,1744.5715,1672.144,1730.086,break even,0.837270517188163,3.5830713472092777,227.22854444669807,393124.92354761006,3291.519080582645,-473.84125969493016,473.84125969493016,-0.0,0.632425528977257,True,middle_candle,1.5833333333333333,market_on_signal_1to4
ETH/USD,london,2026-07-09 08:45:00,2026-07-09 08:50:00,2026-07-09 09:05:00,short,1753.245,1753.8455,1750.8429999999998,1750.8429999999998,target,0.03425077499151636,87.58925895087266,5457.625050444192,9568553.831566026,3277.3038427917973,1576.0478474884167,11533.167523678772,4.0,4.90424646128207,False,middle_candle,0.25,market_on_signal_1to4
ETH/USD,new_york,2026-07-09 14:15:00,2026-07-09 14:20:00,2026-07-09 15:20:00,short,1736.445,1747.407,1692.597,1747.407,stopped out,0.6312897903475198,4.752175697865358,303.2827292662336,526633.778820705,3324.5852782164498,-3959.3474065048713,634.7621282884218,-1.0,0.36786170406860347,False,middle_candle,1.0,market_on_signal_1to4
ETH/USD,asia,2026-07-10 01:15:00,2026-07-10 01:20:00,2026-07-10 08:35:00,long,1747.6155,1737.625,1787.5775000000006,1787.5775000000006,target,0.5716646482020851,5.247831940343268,320.8853266624561,560784.1705978716,3205.8048560213033,12147.295151934884,675.924272150329,4.0,4.06401081026971,True,middle_candle,7.25,market_on_signal_1to4
ETH/USD,london,2026-07-10 08:15:00,2026-07-10 08:20:00,2026-07-10 14:15:00,long,1785.835,1772.85,1837.7750000000005,1785.835,break even,0.7271108473067291,4.125918367346898,246.8852411260125,440896.3045862725,3205.8048560213037,-531.4210517988132,531.4210517988132,0.0,1.8844820947246659,True,middle_candle,5.916666666666667,market_on_signal_1to4
ETH/USD,new_york,2026-07-10 13:35:00,2026-07-10 13:40:00,2026-07-10 14:00:00,long,1798.49,1794.4,1814.8499999999997,1798.49,break even,0.22741299645813534,13.19185819070931,872.9153326600053,1569929.496635693,3570.22371057935,-1892.267128741313,1892.267128741313,0.0,2.88875305623479,True,middle_candle,0.3333333333333333,market_on_signal_1to4
ETH/USD,new_york,2026-07-10 14:10:00,2026-07-10 14:15:00,2026-07-10 14:30:00,short,1791.479,1802.98,1745.4750000000001,1791.479,break even,0.6419835231113497,4.673017128945318,305.491322208253,547281.2884183188,3513.4556967171106,-659.6489807143827,659.6489807143827,-0.0,1.3676202069385335,True,middle_candle,0.25,market_on_signal_1to4
ETH/USD,asia,2026-07-11 00:05:00,2026-07-11 00:10:00,2026-07-11 00:40:00,short,1792.3505,1796.024,1777.6565000000005,1792.3505,break even,0.20495433231390156,14.637407104941285,946.7057562928629,1696828.535644391,3477.7235957417147,-2045.2210548250034,2045.2210548250034,-0.0,0.863209473254432,True,middle_candle,0.5,market_on_signal_1to4
ETH/USD,asia,2026-07-11 00:35:00,2026-07-11 00:40:00,2026-07-11 01:05:00,short,1790.557,1793.48,1778.865,1793.48,stopped out,0.16324529182818542,18.37725282244268,1189.77885588153,2130366.858850665,3477.7235957417142,-6045.496981617816,2567.7733858761017,-1.0,0.2052685596989082,False,middle_candle,0.4166666666666667,market_on_signal_1to4
ETH/USD,london,2026-07-11 08:10:00,2026-07-11 08:25:00,2026-07-11 09:10:00,long,1799.141,1798.3025,1802.4950000000003,1799.141,break even,0.046605574549191384,64.36998211090717,3858.0823549769475,6941234.14621558,3235.00205464843,-8366.407049442461,8366.407049442461,0.0,3.6660703637442995,True,middle_candle,0.75,market_on_signal_1to4
ETH/USD,new_york,2026-07-11 14:20:00,2026-07-11 14:25:00,2026-07-11 14:35:00,long,1803.6645,1801.085,1813.9825000000003,1813.9825000000003,target,0.14301440206868032,20.976908315564604,1156.8171518376025,2086510.0297605935,2984.009843165157,9421.12749186218,2514.9118807984473,4.0,4.644504748982224,False,middle_candle,0.16666666666666666,market_on_signal_1to4
ETH/USD,new_york,2026-07-11 15:20:00,2026-07-11 15:25:00,2026-07-11 15:35:00,long,1825.0655,1813.85,1869.9275,1813.85,stopped out,0.6145258896187573,4.881812224154063,291.26152805679783,531571.3663337438,3266.643667921022,-3907.3571682718384,640.7135003508163,-1.0,0.049886318042001686,False,middle_candle,0.16666666666666666,market_on_signal_1to4
ETH/USD,asia,2026-07-12 00:05:00,2026-07-12 00:10:00,2026-07-12 01:15:00,short,1782.583,1798.2435,1719.9410000000003,1798.2435,stopped out,0.8785285173256986,3.4148009322818647,201.1061557978912,358488.4145206723,3149.4229528728665,-3581.5161419528554,432.0931890799889,-1.0,0.24858720985920246,False,middle_candle,1.0833333333333333,market_on_signal_1to4
ETH/USD,london,2026-07-12 07:05:00,2026-07-12 07:10:00,2026-07-12 09:20:00,long,1797.04,1790.08,1824.88,1797.04,break even,0.38730356586386705,7.745862068965477,437.06572824917606,785424.5962928993,3041.9774686142814,-946.6878282463754,946.6878282463754,0.0,1.5459770114942435,True,middle_candle,2.1666666666666665,market_on_signal_1to4
ETH/USD,london,2026-07-12 08:45:00,2026-07-12 08:50:00,2026-07-12 08:55:00,short,1804.049,1804.656,1801.621,1804.656,stopped out,0.03364653620827211,89.16222405272256,5011.495005954575,9040982.553997345,3041.9774686142814,-13939.252878188176,10897.275409573895,-1.0,0.3286655683689509,False,middle_candle,0.08333333333333333,market_on_signal_1to4
ETH/USD,new_york,2026-07-12 13:55:00,2026-07-12 14:00:00,2026-07-12 14:05:00,short,1806.189,1806.905,1803.3250000000005,1806.905,stopped out,0.03964147716545137,75.67831005587708,3624.859284108418,6547180.965504499,2595.3992474212446,-10486.846190417236,7891.446942995993,-1.0,3.717877094972663,False,middle_candle,0.08333333333333333,market_on_signal_1to4
ETH/USD,new_york,2026-07-12 14:30:00,2026-07-12 14:35:00,2026-07-12 14:50:00,long,1807.3975,1804.67,1818.3075,1818.3075,target,0.15090758950369046,19.879715857012176,836.2213975100854,1511384.4633062345,2280.7938617087275,7301.473806771784,1821.7016400631253,4.0,4.9998166819432175,True,middle_candle,0.25,market_on_signal_1to4
ETH/USD,asia,2026-07-13 01:30:00,2026-07-13 01:35:00,2026-07-13 02:35:00,short,1811.605,1826.656,1751.4010000000003,1811.605,break even,0.8308102483709159,3.610932828383513,166.0911617774163,300891.57913177623,2499.838075911881,-362.6705821670725,362.6705821670725,-0.0,0.8740283037671938,True,middle_candle,1.0,market_on_signal_1to4
ETH/USD,london,2026-07-13 08:05:00,2026-07-13 08:10:00,2026-07-13 08:45:00,short,1782.05,1787.6,1759.8500000000001,1787.6,stopped out,0.3114390729777478,9.63270270270278,448.4608934138539,799179.7351081583,2488.957958446869,-3452.2251280503983,963.2671696035296,-1.0,0.0,False,middle_candle,0.5833333333333334,market_on_signal_1to4
ETH/USD,london,2026-07-13 08:40:00,2026-07-13 08:45:00,2026-07-13 09:00:00,long,1786.709,1784.5415,1795.3790000000001,1786.709,break even,0.12131242412726517,24.72953633217972,1148.3081699870118,2051692.5420893237,2488.957958446869,-2472.9456730375973,2472.9456730375973,0.0,2.099653979238705,True,middle_candle,0.25,market_on_signal_1to4
ETH/USD,new_york,2026-07-13 13:30:00,2026-07-13 13:35:00,2026-07-13 13:40:00,long,1774.425,1767.0975,1803.7349999999994,1767.0975,stopped out,0.41295067416204534,7.264790174002174,315.41492110737215,559680.1213859488,2311.202834414229,-2985.7963741738927,674.5935397596636,-1.0,0.0,False,middle_candle,0.08333333333333333,market_on_signal_1to4
ETH/USD,asia,2026-07-14 00:50:00,2026-07-14 00:55:00,2026-07-14 12:45:00,long,1783.04,1771.5,1829.1999999999998,1829.1999999999998,target,0.6472092605886556,4.635285961871765,192.5155063422027,343262.8484284011,2221.6289431890123,8472.774260165115,413.74151259093395,4.0,5.815424610052022,True,middle_candle,11.833333333333334,market_on_signal_1to4
ETH/USD,london,2026-07-14 08:25:00,2026-07-14 08:30:00,2026-07-14 08:45:00,long,1784.772,1779.63,1805.3399999999992,1784.772,break even,0.2881040267328166,10.412905484247728,432.0554148559097,771120.4068832117,2221.6289431890123,-929.4467053289156,929.4467053289156,0.0,0.5758459743290769,True,middle_candle,0.25,market_on_signal_1to4
ETH/USD,asia,2026-07-15 00:10:00,2026-07-15 00:15:00,2026-07-15 02:25:00,short,1885.3395,1890.61,1864.2575000000006,1864.2575000000006,target,0.2795517730360954,10.731464756664744,464.4585465959899,875662.0440100103,2447.928769834098,8736.262267399654,1055.4528119367392,4.0,4.057300066407475,True,middle_candle,2.1666666666666665,market_on_signal_1to4
ETH/USD,asia,2026-07-15 00:40:00,2026-07-15 00:45:00,2026-07-15 01:25:00,short,1878.485,1884.7,1853.6249999999993,1878.485,break even,0.33085172359641657,9.067506033789007,393.8742992492423,739886.9630252129,2447.928769834098,-891.8004165901335,891.8004165901335,-0.0,0.7895414320192776,True,middle_candle,0.6666666666666666,market_on_signal_1to4
ETH/USD,london,2026-07-15 07:20:00,2026-07-15 07:25:00,2026-07-15 07:45:00,short,1869.019,1881.545,1818.9149999999997,1869.019,break even,0.6701911537549948,4.4763348235669564,214.21544190949777,400372.73102224764,2683.2626253583835,-482.5771856515368,482.5771856515368,-0.0,0.38631646175953344,True,middle_candle,0.3333333333333333,market_on_signal_1to4
ETH/USD,london,2026-07-15 08:30:00,2026-07-15 08:35:00,2026-07-15 12:45:00,long,1873.13,1867.58,1895.3300000000008,1895.3300000000008,target,0.29629550538404603,10.125027027026697,480.862217979955,900717.4463647932,2668.785309788838,9589.488654314831,1085.652584840519,4.0,5.971171171170952,True,middle_candle,4.166666666666667,market_on_signal_1to4
ETH/USD,new_york,2026-07-15 13:45:00,2026-07-15 13:50:00,2026-07-15 17:00:00,short,1918.515,1937.85,1841.1750000000009,1918.515,break even,1.0078107286103997,2.9767494181536374,152.9076787907066,293355.6753751525,2956.4699694182827,-353.58740805347315,353.58740805347315,-0.0,0.8233772950607825,True,middle_candle,3.1666666666666665,market_on_signal_1to4
ETH/USD,asia,2026-07-16 01:35:00,2026-07-16 01:40:00,2026-07-16 02:10:00,long,1918.535,1912.426,1942.9710000000007,1918.535,break even,0.31842004446101585,9.421517433294907,482.2167862459659,925149.7820004043,2945.8623471766787,-1115.1013630822913,1115.1013630822913,0.0,0.9279751186773169,True,middle_candle,0.5,market_on_signal_1to4
ETH/USD,london,2026-07-16 07:30:00,2026-07-16 07:35:00,2026-07-16 08:15:00,short,1912.5845,1921.5,1876.9224999999997,1876.9224999999997,target,0.4661493387612451,6.435705793281316,326.6680843793605,624780.314828657,2912.40930628421,10896.577132331116,753.0600928057227,4.0,4.1038079748751715,True,three_candles,0.6666666666666666,market_on_signal_1to4
ETH/USD,new_york,2026-07-16 14:05:00,2026-07-16 14:10:00,2026-07-16 14:55:00,long,1888.75,1880.19,1922.9899999999998,1880.19,stopped out,0.45320979483785284,6.619450934579481,378.4236705904397,714747.707827693,3239.306620254143,-4100.806194447693,861.4995741935498,-1.0,0.21612149532709354,False,middle_candle,0.75,market_on_signal_1to4
ETH/USD,new_york,2026-07-16 14:50:00,2026-07-16 14:55:00,2026-07-16 15:20:00,short,1879.6615,1887.165,1849.6474999999998,1879.6615,break even,0.3991942166182598,7.515138935163559,431.70608652683813,811461.3101601664,3239.306620254143,-978.0703953597733,978.0703953597733,-0.0,1.2724728460051926,True,middle_candle,0.4166666666666667,market_on_signal_1to4
ETH/USD,asia,2026-07-17 00:30:00,2026-07-17 00:35:00,2026-07-17 00:45:00,short,1852.886,1859.9315,1824.7040000000002,1859.9315,stopped out,0.3802446561742032,7.889657228017942,438.14354163082,811830.0342781635,3086.940322559919,-4065.4551484049816,978.5148258450628,-1.0,0.8780072386629718,False,middle_candle,0.16666666666666666,market_on_signal_1to4
ETH/USD,asia,2026-07-17 01:00:00,2026-07-17 01:05:00,2026-07-17 01:10:00,long,1866.936,1857.92,1902.9999999999993,1866.936,break even,0.4829303200538127,6.212076308784487,328.8572169596073,613955.3772017014,2964.9766681077695,-740.0125809995817,740.0125809995817,0.0,0.23447204968944854,True,middle_candle,0.08333333333333333,market_on_signal_1to4
ETH/USD,london,2026-07-17 08:45:00,2026-07-17 08:50:00,2026-07-17 12:40:00,long,1828.0,1821.164,1855.344,1828.0,break even,0.3739606126914668,8.022235225277925,430.4821958276443,786921.4539729338,2942.776290677782,-948.4920204667287,948.4920204667287,0.0,1.9071094207138692,True,middle_candle,3.8333333333333335,market_on_signal_1to4
ETH/USD,new_york,2026-07-17 13:30:00,2026-07-17 13:35:00,2026-07-17 13:40:00,short,1808.7,1824.295,1746.32,1808.7,break even,0.8622214850445086,3.479384418082713,186.87537865109172,338001.4973662296,2914.3215300637803,-407.39990190774694,407.39990190774694,-0.0,0.4483488297531228,True,middle_candle,0.08333333333333333,market_on_signal_1to4
ETH/USD,new_york,2026-07-17 13:55:00,2026-07-17 14:00:00,2026-07-17 14:20:00,long,1824.14,1803.3835,1907.1660000000008,1824.14,break even,1.1378786715931992,2.6364849565196207,139.81642054327665,255044.7253698127,2902.099533006548,-307.4104609222104,307.4104609222104,0.0,0.3545877195095432,True,middle_candle,0.3333333333333333,market_on_signal_1to4
ETH/USD,asia,2026-07-18 01:50:00,2026-07-18 01:55:00,2026-07-18 02:35:00,long,1843.1,1839.88,1855.979999999999,1843.1,break even,0.1747056589441593,17.17173913043585,898.4090742792116,1655857.764804015,2892.8772191788817,-1995.838172939813,1995.838172939813,0.0,0.6180124223602896,True,three_candles,0.6666666666666666,market_on_signal_1to4
ETH/USD,new_york,2026-07-18 14:50:00,2026-07-18 14:55:00,2026-07-18 18:25:00,long,1843.829,1839.987,1859.1969999999994,1859.1969999999994,target,0.2083707328607952,14.397415408641816,737.3769062964036,1359596.9237595915,2833.002073990687,9693.259184820281,1638.7491111424679,4.0,5.521603331598296,True,middle_candle,3.5,market_on_signal_1to4
ETH/USD,asia,2026-07-19 00:50:00,2026-07-19 00:55:00,2026-07-19 00:55:00,long,1860.8,1859.8505,1864.5979999999997,1859.8505,stopped out,0.05102644024075363,58.79304897314725,3289.9419163090906,6121923.917867956,3123.799849535296,-10502.67604700886,7378.876197473563,-1.0,0.0,False,middle_candle,0.0,market_on_signal_1to4
ETH/USD,asia,2026-07-19 01:40:00,2026-07-19 01:55:00,2026-07-19 02:00:00,short,1858.69,1860.8,1850.2500000000005,1858.69,break even,0.1135208130457419,26.426872037915942,1331.1467147512622,2474189.0872410233,2808.71956812503,-2982.189130218689,2982.189130218689,-0.0,0.4838862559241737,True,middle_candle,0.08333333333333333,market_on_signal_1to4
ETH/USD,london,2026-07-19 07:50:00,2026-07-19 07:55:00,2026-07-19 08:10:00,short,1868.9,1869.7825,1865.3700000000003,1868.9,break even,0.047220290010162994,63.53201133144934,3081.3075288596774,5758655.640685852,2719.253894218469,-6941.021745219968,6941.021745219968,-0.0,2.220963172804734,True,middle_candle,0.25,market_on_signal_1to4
ETH/USD,new_york,2026-07-19 14:00:00,2026-07-19 14:05:00,2026-07-19 15:15:00,long,1870.675,1866.96,1885.5349999999996,1870.675,break even,0.19859141753644638,15.106393001346229,675.9147353598723,1264416.7975693292,2511.0232418618702,-1524.0266191546143,1524.0266191546143,0.0,1.4253028263795935,True,three_candles,1.1666666666666667,market_on_signal_1to4
ETH/USD,new_york,2026-07-19 14:45:00,2026-07-19 14:50:00,2026-07-19 15:25:00,long,1875.375,1869.35,1899.4750000000004,1869.35,stopped out,0.32126907951743466,9.337966804979112,416.767343047607,781595.055967906,2511.0232418618702,-3453.0952492763527,942.0720074144826,-1.0,0.09875518672199474,False,three_candles,0.5833333333333334,market_on_signal_1to4
ETH/USD,asia,2026-07-20 00:45:00,2026-07-20 00:50:00,2026-07-20 01:05:00,short,1873.229,1884.64,1827.5849999999998,1873.229,break even,0.6091620405193416,4.924798001927939,206.9678017534773,387698.0883108645,2361.7095858089415,-467.30018765724,467.30018765724,-0.0,0.9717377968626774,True,middle_candle,0.25,market_on_signal_1to4
ETH/USD,asia,2026-07-20 01:05:00,2026-07-20 01:10:00,2026-07-20 01:50:00,long,1887.9,1869.8385,1960.1460000000002,1869.8385,stopped out,0.9566979183219462,3.1357860642803717,129.98314537437207,245395.18015227705,2347.690580179224,-2643.4702530554905,295.7796728762662,-1.0,0.0,False,middle_candle,0.6666666666666666,market_on_signal_1to4
ETH/USD,london,2026-07-20 07:10:00,2026-07-20 07:15:00,2026-07-20 07:15:00,long,1850.541,1848.362,1859.2569999999994,1848.362,stopped out,0.1177493500549223,25.477847636532157,1041.0217864101446,1926453.4976452154,2268.386472587559,-4590.379043881154,2321.9925712935947,-1.0,0.004130335016069357,False,middle_candle,0.0,market_on_signal_1to4
ETH/USD,london,2026-07-20 07:50:00,2026-07-20 07:55:00,2026-07-20 08:30:00,long,1861.71,1853.6,1894.1500000000005,1861.71,break even,0.43562101508828593,6.886720098643542,262.72196069927145,489112.1014534407,2130.6751012711247,-589.5365071064107,589.5365071064107,0.0,0.6197903822441261,True,middle_candle,0.5833333333333334,market_on_signal_1to4
ETH/USD,new_york,2026-07-20 15:00:00,2026-07-20 15:05:00,2026-07-21 02:55:00,long,1874.035,1863.2305,1917.2530000000008,1917.2530000000008,target,0.5765367242340825,5.2034846591697,195.5656445053353,366496.8626005561,2112.9890060579323,8010.210094002364,441.74593022936557,4.0,4.309778333101857,True,middle_candle,11.833333333333334,market_on_signal_1to4
ETH/USD,asia,2026-07-21 01:55:00,2026-07-21 02:00:00,2026-07-21 02:30:00,short,1907.315,1913.23,1883.6550000000002,1907.315,break even,0.31012182046489245,9.673617920541055,357.2255293420026,681341.6104969416,2112.9890060579323,-821.2345431752923,821.2345431752923,-0.0,0.6074387151310392,True,middle_candle,0.5,market_on_signal_1to4
ETH/USD,new_york,2026-07-21 14:00:00,2026-07-21 14:05:00,2026-07-21 14:25:00,long,1940.4665,1927.59,1991.9725000000003,1927.59,stopped out,0.6635775469455452,4.520948627344359,180.84559255874893,350924.8140329016,2328.6582725827448,-2751.6349041303024,422.97663154755753,-1.0,0.16685434706636118,False,middle_candle,0.3333333333333333,market_on_signal_1to4
ETH/USD,new_york,2026-07-21 14:55:00,2026-07-21 15:00:00,2026-07-21 23:55:00,short,1928.7755,1935.72,1900.9974999999997,1928.7755,break even,0.3600470868693667,8.33224350205191,323.4371409689417,623837.633290941,2246.1092254588357,-751.9238600701037,751.9238600701037,-0.0,1.9966965082438954,True,middle_candle,8.916666666666666,market_on_signal_1to4
ETH/USD,asia,2026-07-22 00:00:00,2026-07-22 00:05:00,2026-07-22 05:20:00,long,1930.8395,1924.555,1955.9775,1924.555,stopped out,0.32548018620915825,9.217150926883631,353.8151817418632,683160.3286068684,2223.5515096567324,-3046.978189805842,823.4266801491092,-1.0,1.9376243137878824,False,middle_candle,5.25,market_on_signal_1to4
ETH/USD,asia,2026-07-22 01:45:00,2026-07-22 01:50:00,2026-07-22 02:05:00,long,1933.898,1928.625,1954.9899999999996,1928.625,stopped out,0.2726617432770452,11.002643656362787,421.68623357799544,815498.1637440182,2223.5515096567324,-3206.4876046269874,982.9360949702551,-1.0,0.23743599468996798,False,middle_candle,0.25,market_on_signal_1to4
ETH/USD,london,2026-07-22 08:00:00,2026-07-22 08:05:00,2026-07-22 12:45:00,long,1918.0425,1910.4645,1948.3545,1918.0425,break even,0.39509030691447006,7.593200712589098,268.66554972601665,515311.9426603633,2035.9475358237473,-621.1156948344862,621.1156948344862,0.0,1.88143309580364,True,three_candles,4.666666666666667,market_on_signal_1to4
ETH/USD,new_york,2026-07-22 13:30:00,2026-07-22 13:35:00,2026-07-22 14:20:00,long,1928.65,1917.895,1971.6700000000005,1928.65,break even,0.5576439478391678,5.37977684797763,187.5698805187069,361756.65006240405,2017.314064978713,-436.03245813497256,436.03245813497256,0.0,2.270106927010666,True,three_candles,0.75,market_on_signal_1to4
ETH/USD,new_york,2026-07-22 14:00:00,2026-07-22 14:05:00,2026-07-22 14:20:00,long,1941.973,1927.8,1998.665,1927.8,stopped out,0.7298247709932116,4.110575742609185,142.3350077597342,276410.7420241943,2017.314064978713,-2350.477409118843,333.1633441401297,-1.0,0.7826148310167288,False,middle_candle,0.25,market_on_signal_1to4
ETH/USD,asia,2026-07-23 01:05:00,2026-07-23 01:10:00,2026-07-23 01:20:00,short,1931.73,1936.13,1914.1299999999997,1931.73,break even,0.22777510314588947,13.170886363636091,439.4815384002406,848959.6721738968,1933.7187689610985,-1023.2679140842016,1023.2679140842016,-0.0,0.9646590909090746,True,middle_candle,0.16666666666666666,market_on_signal_1to4
ETH/USD,asia,2026-07-23 01:35:00,2026-07-23 01:40:00,2026-07-23 09:00:00,short,1927.68,1931.9925,1910.43,1927.68,break even,0.2237145169322709,13.409947826086956,441.28016963213275,850646.9573964697,1903.0207315385726,-1025.3016323946913,1025.3016323946913,-0.0,3.7812173913043807,True,middle_candle,7.333333333333333,market_on_signal_1to4
ETH/USD,london,2026-07-23 07:00:00,2026-07-23 07:05:00,2026-07-23 08:20:00,short,1920.88,1925.025,1904.3000000000002,1920.88,break even,0.21578651451418007,13.902629674306453,459.11235984042963,881899.7497702845,1903.0207315385726,-1062.9712422829564,1062.9712422829564,-0.0,2.2934861278649525,True,middle_candle,1.25,market_on_signal_1to4
ETH/USD,london,2026-07-23 07:40:00,2026-07-23 07:45:00,2026-07-23 08:20:00,short,1911.405,1921.9335,1869.2909999999995,1921.9335,stopped out,0.5508251783374074,5.446374127368508,180.74946398238595,345485.4292032524,1903.0207315385724,-2319.4411647754564,416.4204332368841,-1.0,0.002991879185073901,False,middle_candle,0.5833333333333334,market_on_signal_1to4
ETH/USD,new_york,2026-07-23 15:05:00,2026-07-23 15:10:00,2026-07-24 07:00:00,short,1887.7674,1897.873,1847.3449999999996,1887.7674,break even,0.5353201882816757,5.604122664661125,175.22851788661362,330790.68361666607,1770.7893103549793,-398.7085652209624,398.7085652209624,-0.0,2.9044193318555687,True,middle_candle,15.833333333333334,market_on_signal_1to4
ETH/USD,asia,2026-07-24 00:05:00,2026-07-24 00:10:00,2026-07-24 01:00:00,short,1871.8,1879.131,1842.4759999999994,1871.8,break even,0.39165509135592114,7.659800845723502,241.54812581570695,452129.78190184024,1770.7893103549793,-544.9609845864081,544.9609845864081,-0.0,1.8256036011457746,True,middle_candle,0.8333333333333334,market_on_signal_1to4
ETH/USD,asia,2026-07-24 01:20:00,2026-07-24 01:25:00,2026-07-24 01:25:00,short,1871.98,1873.47,1866.02,1873.47,stopped out,0.07959486746653324,37.69087248322125,1177.4768327633399,2204213.081396317,1754.4404808173872,-4411.222181910385,2656.781701092998,-1.0,0.0,False,middle_candle,0.0,market_on_signal_1to4
ETH/USD,london,2026-07-24 08:20:00,2026-07-24 08:25:00,2026-07-24 13:05:00,short,1885.697,1892.5565,1858.2589999999998,1858.2589999999998,target,0.363764698146098,8.247089438005654,234.7317673887952,442632.9895697489,1610.1425584034466,5907.055920993864,533.5143126199223,4.0,4.2761134193454,True,middle_candle,4.666666666666667,market_on_signal_1to4
ETH/USD,new_york,2026-07-24 13:50:00,2026-07-24 13:55:00,2026-07-25 17:30:00,short,1848.09,1870.9995,1756.452,1870.9995,stopped out,1.23963118679285,2.4200746415242604,78.01803775871426,144184.35540150222,1787.3542360332626,-1961.1424964549533,173.78826042169072,-1.0,0.0842663523865619,False,middle_candle,27.583333333333332,market_on_signal_1to4
ETH/USD,new_york,2026-07-24 14:55:00,2026-07-24 15:00:00,2026-07-24 15:15:00,long,1859.877,1851.85,1891.9850000000001,1859.877,break even,0.4315876802605787,6.951078858851339,222.66777576096337,414134.6747789733,1787.3542360332626,-499.1647291394732,499.1647291394732,0.0,0.6899215148872532,True,middle_candle,0.25,market_on_signal_1to4
ETH/USD,asia,2026-07-25 01:20:00,2026-07-25 01:25:00,2026-07-25 01:35:00,short,1857.802,1858.385,1855.4699999999996,1858.385,stopped out,0.03138116979097254,95.59873070324527,3040.1017052466964,5647907.028210723,1772.3792941590784,-8579.913542399412,6807.534248240333,-1.0,0.0,False,middle_candle,0.16666666666666666,market_on_signal_1to4
ETH/USD,london,2026-07-25 08:05:00,2026-07-25 08:10:00,2026-07-25 09:50:00,short,1852.911,1855.7495,1841.5570000000007,1855.7495,stopped out,0.15319138371998653,19.583346838119827,533.7262243745574,988947.1921320856,1514.9818878870958,-2706.9795334774303,1191.9976455903345,-1.0,1.0255416593271878,False,middle_candle,1.6666666666666667,market_on_signal_1to4
ETH/USD,new_york,2026-07-25 13:40:00,2026-07-25 13:45:00,2026-07-25 21:10:00,long,1866.864,1859.395,1896.7400000000002,1866.864,break even,0.40008270554255965,7.498449591645416,191.96311445745926,358369.0277085102,1433.772501882773,-431.94928978977,431.94928978977,0.0,1.150220913107489,True,middle_candle,7.416666666666667,market_on_signal_1to4
ETH/USD,asia,2026-07-26 00:25:00,2026-07-26 00:30:00,2026-07-26 01:00:00,long,1877.179,1871.9,1898.295,1877.179,break even,0.28121985170300734,10.667810191324122,257.9995734600175,484311.38130810217,1361.9797482954314,-583.7501039941834,583.7501039941834,0.0,0.4204394771736933,True,middle_candle,0.5,market_on_signal_1to4
ETH/USD,london,2026-07-26 08:05:00,2026-07-26 08:15:00,2026-07-26 09:15:00,short,1877.9,1882.517,1859.4320000000002,1882.517,stopped out,0.2458597369401971,12.20207927225481,291.19931669387415,546843.1968194263,1344.4672451756057,-2003.5881854055342,659.1209402299286,-1.0,0.1306042884990406,False,middle_candle,1.0,market_on_signal_1to4
ETH/USD,new_york,2026-07-26 14:00:00,2026-07-26 14:05:00,2026-07-26 16:25:00,long,1889.285,1882.29,1917.2650000000006,1917.2650000000006,target,0.37024588667141894,8.10272337383832,183.61109358304762,346893.68494004814,1284.3595996134397,4719.320566674259,418.11783177950053,4.0,4.248034310221503,True,middle_candle,2.3333333333333335,market_on_signal_1to4
ETH/USD,new_york,2026-07-26 14:45:00,2026-07-26 14:50:00,2026-07-26 16:25:00,long,1894.645,1889.285,1916.0849999999996,1916.0849999999996,target,0.28290260180666565,10.60435634328378,239.61932828609397,453993.5622406065,1284.3595996134397,4590.2309624962545,547.2074359575043,4.0,4.543843283582178,True,middle_candle,1.5833333333333333,market_on_signal_1to4
SOL/USD,asia,2026-07-01 01:35:00,2026-07-01 01:40:00,2026-07-01 01:45:00,long,73.85085,72.56,79.01424999999996,73.85085,break even,1.7479148852044248,1.7163307123213494,2324.050044544307,171633.07123213494,3000.0,-228.9068171360228,228.9068171360228,0.0,0.30263004996708404,True,middle_candle,0.08333333333333333,market_on_signal_1to4
SOL/USD,new_york,2026-07-01 14:15:00,2026-07-01 14:20:00,2026-07-01 17:00:00,long,76.8425,75.905,80.5925,76.8425,break even,1.2200279793083255,2.45896,3192.674981851647,245333.12729293518,2993.132795485919,-327.20049174379596,327.20049174379596,0.0,1.4042666666666719,True,middle_candle,2.6666666666666665,market_on_signal_1to4
SOL/USD,new_york,2026-07-01 15:25:00,2026-07-01 15:30:00,2026-07-01 17:30:00,long,77.51665,76.776,80.47925000000001,77.51665,break even,0.9554721469516578,3.13980895159656,4041.224323885654,313262.17148613086,2993.132795485919,-417.7973748836774,417.7973748836774,0.0,0.8672787416458592,True,middle_candle,2.0,market_on_signal_1to4
SOL/USD,asia,2026-07-02 01:05:00,2026-07-02 01:10:00,2026-07-02 09:40:00,long,77.3403,76.77,79.62150000000001,79.62150000000001,target,0.7373904678414787,4.06840084166226,5209.15809133277,402877.8495311038,2970.782859487095,11345.813742886918,537.3176950614621,4.0,4.048132561809552,True,middle_candle,8.5,market_on_signal_1to4
SOL/USD,asia,2026-07-03 01:50:00,2026-07-03 01:55:00,2026-07-03 01:55:00,long,81.428438635,81.2565,82.11619317500002,81.2565,stopped out,0.21115305399715725,14.20770357430108,19257.785033443084,1568131.3668417416,3311.1572717737026,-5402.572157366547,2091.4148855928447,-1.0,0.3805929656239919,False,middle_candle,0.0,market_on_signal_1to4
SOL/USD,asia,2026-07-04 01:40:00,2026-07-04 01:45:00,2026-07-04 01:55:00,short,81.994,82.46,80.13000000000002,81.994,break even,0.5683342683610922,5.278583690987193,6757.682633160402,554089.429823354,3149.0801070527064,-738.9883947134675,738.9883947134675,-0.0,0.507832618025752,True,middle_candle,0.16666666666666666,market_on_signal_1to4
SOL/USD,asia,2026-07-05 00:20:00,2026-07-05 00:25:00,2026-07-05 00:35:00,short,81.3001,81.54935,80.30309999999999,81.3001,break even,0.3065801887082593,9.7853681043128,12545.277653806452,1019932.3277822299,3126.910455211302,-1360.2824978351398,1360.2824978351398,-0.0,0.8429287863590536,True,middle_candle,0.16666666666666666,market_on_signal_1to4
SOL/USD,london,2026-07-05 07:15:00,2026-07-05 07:20:00,2026-07-05 07:40:00,short,80.34045,80.554,79.48625000000001,80.554,stopped out,0.26580632794563375,11.286413018028677,14451.425803213666,1161034.0521717975,3086.101980276248,-4634.571675313816,1548.469695037568,-1.0,0.10981034886448748,False,three_candles,0.3333333333333333,market_on_signal_1to4
SOL/USD,new_york,2026-07-05 13:35:00,2026-07-05 13:40:00,2026-07-05 14:30:00,long,80.96195,80.765,81.74975,80.96195,break even,0.2432624214214221,12.332361005331235,14963.517796480415,1211475.5796627575,2947.0648300168336,-1615.7434985449254,1615.7434985449254,0.0,1.092785529322127,True,middle_candle,0.8333333333333334,market_on_signal_1to4
SOL/USD,new_york,2026-07-05 15:20:00,2026-07-05 15:25:00,2026-07-05 16:30:00,short,81.1485,81.454,79.92650000000002,81.1485,break even,0.3764702982803071,7.968756137479672,9488.027905271794,769939.2324709481,2898.5925250604855,-1026.8670124460184,1026.8670124460184,-0.0,0.387888707037641,True,middle_candle,1.0833333333333333,market_on_signal_1to4
SOL/USD,asia,2026-07-06 00:40:00,2026-07-06 00:45:00,2026-07-06 00:55:00,long,81.835022325,81.3011,83.97071162499996,81.835022325,break even,0.652437440390216,4.598142004551013,5371.168015286023,439549.6544422576,2867.786514687105,-586.2268364092381,586.2268364092381,0.0,0.29034621281289713,True,middle_candle,0.16666666666666666,market_on_signal_1to4
SOL/USD,asia,2026-07-06 01:20:00,2026-07-06 01:25:00,2026-07-06 12:00:00,short,81.75,82.2062,79.92520000000002,79.92520000000002,target,0.558042813455652,5.375931608943499,6247.697741330242,510749.29035374726,2850.199709594828,10719.613134656563,681.1857037227496,4.0,5.347775477860653,True,middle_candle,10.583333333333334,market_on_signal_1to4
SOL/USD,new_york,2026-07-06 15:05:00,2026-07-06 15:10:00,2026-07-06 16:15:00,long,80.5401768,80.16,82.060884,82.060884,target,0.47203372913380665,6.355478040743133,8342.929141479746,671940.988084651,3171.788103634525,11790.98554074453,896.1668737935711,4.0,4.7086597604061895,True,middle_candle,1.0833333333333333,market_on_signal_1to4
SOL/USD,asia,2026-07-07 00:20:00,2026-07-07 00:25:00,2026-07-07 01:05:00,long,82.268,81.864,83.88399999999999,81.864,stopped out,0.4910779403899407,6.109009900990153,8726.528885784386,717914.0783757099,3525.5176698568603,-4482.998797930716,957.4811280738556,-1.0,0.6732673267326931,False,middle_candle,0.6666666666666666,market_on_signal_1to4
SOL/USD,new_york,2026-07-07 13:35:00,2026-07-07 13:40:00,2026-07-07 13:45:00,short,80.6865,81.2963,78.24729999999997,81.2963,stopped out,0.7557645950685765,3.96948999672019,5560.88505398311,448688.35190820816,3391.0277059189393,-3989.4428119587456,598.4151060398063,-1.0,0.10068875040995605,False,middle_candle,0.08333333333333333,market_on_signal_1to4
SOL/USD,new_york,2026-07-07 14:50:00,2026-07-07 14:55:00,2026-07-07 15:00:00,long,81.6261,80.8409,84.76689999999995,81.6261,break even,0.9619472203130972,3.1186742231279085,4166.2562679065495,340075.25074976677,3271.344421560177,-453.5579458959708,453.5579458959708,0.0,0.3592715231788127,True,middle_candle,0.08333333333333333,market_on_signal_1to4
SOL/USD,asia,2026-07-08 00:30:00,2026-07-08 00:35:00,2026-07-08 01:35:00,short,80.437676565,80.80715,78.95978282500005,78.95978282500005,target,0.4593288254682808,6.531268741824622,8817.244690902862,709238.6766413079,3257.7376831832976,12085.039977339507,945.9107553936836,4.0,4.757247473015344,True,middle_candle,1.0,market_on_signal_1to4
SOL/USD,asia,2026-07-08 01:05:00,2026-07-08 01:10:00,2026-07-08 01:25:00,short,80.32395,80.415,79.95974999999996,79.95974999999996,target,0.11335348921462385,26.46588138385216,35779.65604813778,2873963.303427817,3257.737683183297,9197.949390797066,3833.001341936122,4.0,4.2421746293239755,True,middle_candle,0.25,market_on_signal_1to4
SOL/USD,new_york,2026-07-08 15:20:00,2026-07-08 15:25:00,2026-07-08 16:05:00,short,76.2769,76.81555,74.12229999999998,76.81555,stopped out,0.7061770994888414,4.248226120857667,7233.319157574242,551735.1620503747,3896.227364227395,-4632.075874892119,735.8485106647242,-1.0,0.1243850366657246,False,middle_candle,0.6666666666666666,market_on_signal_1to4
SOL/USD,asia,2026-07-09 00:20:00,2026-07-09 00:25:00,2026-07-09 01:00:00,short,77.5485,77.856435,76.31676,77.856435,stopped out,0.397086984274358,7.555019728189378,12201.487612582607,946207.0621243623,3757.265087980631,-5019.220289199229,1261.9552012185977,-1.0,0.42931138064850444,False,middle_candle,0.5833333333333334,market_on_signal_1to4
SOL/USD,asia,2026-07-09 01:00:00,2026-07-09 01:05:00,2026-07-09 01:40:00,long,77.815,77.59725,78.68599999999998,77.815,break even,0.27983036689583657,10.720780711825721,16563.43733320199,1288883.8760831128,3606.6884793046543,-1718.9828487837835,1718.9828487837835,0.0,3.8576349024111223,True,middle_candle,0.5833333333333334,market_on_signal_1to4
SOL/USD,london,2026-07-09 07:20:00,2026-07-09 07:25:00,2026-07-09 07:45:00,short,78.176,78.47155,76.99380000000004,78.47155,stopped out,0.37805720425705014,7.9353070546441105,12028.824205180992,940365.3610642293,3555.1189938411403,-4809.283125502248,1254.1641316611076,-1.0,0.6564033158518293,False,middle_candle,0.3333333333333333,market_on_signal_1to4
SOL/USD,new_york,2026-07-09 14:15:00,2026-07-09 14:20:00,2026-07-09 14:35:00,short,77.76525,78.204,76.01025,77.76525,break even,0.5641980190380651,5.317282051282064,7773.995441768849,604546.6990280149,3410.8405000760736,-806.28319292513,806.28319292513,-0.0,0.5555555555555376,True,middle_candle,0.25,market_on_signal_1to4
SOL/USD,new_york,2026-07-10 14:30:00,2026-07-10 14:35:00,2026-07-11 12:45:00,short,77.50225,78.374,74.01525000000004,78.374,stopped out,1.1248060540177758,2.667126469744792,3884.8890212656756,301087.6401483877,3386.65200428832,-3788.212221620488,401.5602173321683,-1.0,0.37700028677948205,False,middle_candle,22.166666666666668,market_on_signal_1to4
SOL/USD,asia,2026-07-11 00:45:00,2026-07-11 00:50:00,2026-07-11 01:15:00,short,77.79395,78.0055,76.94774999999998,77.79395,break even,0.27193631381360966,11.031994800283487,16008.754451847217,1245384.2433892798,3386.65200428832,-1660.96744187503,1660.96744187503,-0.0,0.9357125974946312,True,three_candles,0.4166666666666667,market_on_signal_1to4
SOL/USD,asia,2026-07-11 01:20:00,2026-07-11 01:25:00,2026-07-11 01:35:00,long,77.8676,77.755,78.318,77.755,stopped out,0.14460443111127155,20.74625222024858,29634.307113961408,2307552.3726271014,3336.8229810320686,-6414.402757474649,3077.5797764425806,-1.0,2.419182948490262,False,middle_candle,0.16666666666666666,market_on_signal_1to4
SOL/USD,london,2026-07-11 08:55:00,2026-07-11 09:00:00,2026-07-11 09:10:00,long,78.13735,77.982,78.75874999999999,78.13735,break even,0.1988165710764424,15.089285484390228,20240.688112699445,1581553.731302836,3144.3908983078295,-2109.316276654438,2109.316276654438,0.0,0.9166398455102062,True,three_candles,0.16666666666666666,market_on_signal_1to4
SOL/USD,new_york,2026-07-11 14:20:00,2026-07-11 14:25:00,2026-07-11 14:35:00,long,78.365,78.11865,79.35039999999996,78.365,break even,0.3143622790786608,9.543129693525762,12045.727799308592,943963.4589928178,2967.4650433595816,-1258.9629104667551,1258.9629104667551,0.0,1.3192612137203683,True,middle_candle,0.16666666666666666,market_on_signal_1to4
SOL/USD,asia,2026-07-12 00:05:00,2026-07-12 00:10:00,2026-07-12 00:15:00,short,76.41,77.47255,72.15979999999999,76.41,break even,1.3905902368799916,2.1573573008328983,2757.2313359800237,210680.0463822336,2929.696156045579,-280.98372012582945,280.98372012582945,-0.0,0.11679450378805548,True,middle_candle,0.08333333333333333,market_on_signal_1to4
SOL/USD,london,2026-07-12 08:05:00,2026-07-12 08:10:00,2026-07-12 10:05:00,long,76.6506,76.2685,78.17899999999997,76.6506,break even,0.4984957717225881,6.01810520806081,7645.293495006148,586016.3335683183,2921.266644441804,-781.5692671805425,781.5692671805425,0.0,0.6278461135828565,True,middle_candle,1.9166666666666667,market_on_signal_1to4
SOL/USD,new_york,2026-07-12 14:50:00,2026-07-12 14:55:00,2026-07-12 17:50:00,long,77.531,77.19645,78.86920000000003,77.19645,stopped out,0.4315048174278769,6.952413690031235,8661.842972429607,671561.3474954399,2897.8195664263876,-3793.480114030559,895.6605476041715,-1.0,0.475265281721681,False,middle_candle,2.9166666666666665,market_on_signal_1to4
SOL/USD,asia,2026-07-13 00:30:00,2026-07-13 00:35:00,2026-07-13 00:45:00,short,77.5174,77.978,75.675,77.5174,break even,0.5941891755915439,5.048897090751199,6044.322976564208,468540.2019035183,2784.015163005471,-624.8914940929112,624.8914940929112,-0.0,1.2723621363439013,True,middle_candle,0.16666666666666666,market_on_signal_1to4
SOL/USD,asia,2026-07-13 01:30:00,2026-07-13 01:35:00,2026-07-13 08:50:00,short,76.7845,77.52555,73.82029999999999,76.7845,break even,0.9651036341970077,3.1084744619121456,3731.554440567679,286525.54194176896,2765.2684181826835,-382.1387647684552,382.1387647684552,-0.0,1.8506173672491624,True,middle_candle,7.25,market_on_signal_1to4
SOL/USD,asia,2026-07-14 00:10:00,2026-07-14 00:15:00,2026-07-14 00:25:00,long,75.01755,74.712,76.23974999999999,75.01755,break even,0.4073046907023712,7.3654933726068545,9012.61415558717,676104.2330474684,2753.80425523963,-901.7193885074003,901.7193885074003,0.0,0.7319587628866268,True,middle_candle,0.16666666666666666,market_on_signal_1to4
SOL/USD,asia,2026-07-14 00:50:00,2026-07-14 00:55:00,2026-07-14 02:15:00,long,75.25005,74.98345,76.31644999999999,74.98345,stopped out,0.3542854788800763,8.467747561890572,10227.879495815605,769648.4434540991,2726.752673584408,-3753.2318610743896,1026.4791874899818,-1.0,0.904163540885237,False,middle_candle,1.3333333333333333,market_on_signal_1to4
SOL/USD,london,2026-07-14 07:45:00,2026-07-14 07:50:00,2026-07-14 08:05:00,short,74.92765,75.0447,74.45944999999998,75.0447,stopped out,0.15621736435081857,19.204011106363804,22333.666960717987,1673409.181249241,2614.1557177521763,-4845.979495629328,2231.8237778771518,-1.0,1.3669372063219842,False,middle_candle,0.25,market_on_signal_1to4
SOL/USD,asia,2026-07-15 00:10:00,2026-07-15 00:15:00,2026-07-15 00:20:00,short,77.685,77.76915,77.34840000000003,77.76915,stopped out,0.10832206989765585,27.69518716577739,29337.805500694878,2279107.420321482,2468.7763328832966,-5508.419111233832,3039.642778350536,-1.0,2.317290552584925,False,middle_candle,0.08333333333333333,market_on_signal_1to4
SOL/USD,new_york,2026-07-15 13:45:00,2026-07-15 13:50:00,2026-07-15 17:45:00,short,77.87105,78.6498,74.75604999999999,77.87105,break even,1.000050724884283,2.9998478330658016,2957.9759352119095,230340.69194968336,2303.5237595462813,-307.2050990674058,307.2050990674058,-0.0,1.0566266837881226,True,middle_candle,3.9166666666666665,market_on_signal_1to4
SOL/USD,new_york,2026-07-15 14:55:00,2026-07-15 15:00:00,2026-07-15 15:15:00,long,78.08575,77.909,78.79275,77.909,stopped out,0.2263537201089807,13.253592644978903,13032.666249201144,1017665.5185685583,2303.5237595462813,-3660.783016706235,1357.2592571599532,-1.0,0.6237623762375927,False,middle_candle,0.25,market_on_signal_1to4
SOL/USD,asia,2026-07-16 01:15:00,2026-07-16 01:20:00,2026-07-16 01:35:00,short,76.69305,76.92,75.78524999999999,76.92,stopped out,0.29591990408518404,10.13787838730988,9625.398176131532,738201.1435919644,2184.4841160730725,-3169.0220782077886,984.5379621347162,-1.0,0.05750165234629897,False,middle_candle,0.25,market_on_signal_1to4
SOL/USD,new_york,2026-07-16 14:05:00,2026-07-16 14:10:00,2026-07-16 14:15:00,long,76.56305,76.1675,78.14525,76.56305,break even,0.5166330233709342,5.806829730754644,5282.299213062415,404428.93876465835,2089.4134537268387,-539.3863808747383,539.3863808747383,0.0,0.7254455821008475,True,middle_candle,0.08333333333333333,market_on_signal_1to4
SOL/USD,new_york,2026-07-16 15:25:00,2026-07-16 15:30:00,2026-07-16 16:35:00,long,76.6246,76.1165,78.657,76.1165,stopped out,0.6631029721525449,4.52418421570558,4080.3618624298383,312656.0955639414,2073.2318623005963,-2490.220914468289,416.98905216769253,-1.0,0.3097815390671047,False,middle_candle,1.0833333333333333,market_on_signal_1to4
SOL/USD,asia,2026-07-17 01:40:00,2026-07-17 01:45:00,2026-07-17 02:10:00,short,75.17865,75.577,73.58525000000003,75.17865,break even,0.5298711801821309,5.661753483117953,5017.008246181951,377171.90698682674,1998.5252348665479,-503.03371093736854,503.03371093736854,-0.0,0.7108070792017342,True,middle_candle,0.4166666666666667,market_on_signal_1to4
SOL/USD,new_york,2026-07-17 13:55:00,2026-07-17 14:00:00,2026-07-19 14:00:00,long,74.305,73.42,77.84500000000003,76.1997,held to the cap,1.1910369423322857,2.518813559322019,2241.168614167701,166530.03387573102,1983.4342235384267,4024.241270806987,222.10090245655667,2.1409039548022477,2.469096045197718,True,middle_candle,48.0,market_on_signal_1to4
SOL/USD,new_york,2026-07-17 15:05:00,2026-07-17 15:10:00,2026-07-17 15:20:00,short,74.1015,74.44975,72.70850000000003,74.1015,break even,0.46996349601559084,6.383474515434441,5695.432084819717,422040.06063326827,1983.4342235384267,-562.8743125664442,562.8743125664442,-0.0,0.9361091170136802,True,middle_candle,0.16666666666666666,market_on_signal_1to4
SOL/USD,asia,2026-07-18 01:20:00,2026-07-18 01:25:00,2026-07-18 01:45:00,long,75.10565,74.9985,75.53424999999996,74.9985,stopped out,0.14266569825304765,21.028180121327186,18353.22439721526,1378430.8479487102,1966.5479941614333,-3804.95952977562,1838.4115356141867,-1.0,1.840877274848484,False,middle_candle,0.3333333333333333,market_on_signal_1to4
SOL/USD,london,2026-07-18 08:00:00,2026-07-18 08:05:00,2026-07-18 08:35:00,short,74.8665,74.97,74.45250000000001,74.97,stopped out,0.13824607801886934,21.700434782609364,17897.576891480403,1339928.9403460177,1852.3992082681648,-3639.460796813715,1787.0615885455504,-1.0,0.0,False,middle_candle,0.5,market_on_signal_1to4
SOL/USD,new_york,2026-07-18 14:40:00,2026-07-18 14:45:00,2026-07-19 02:05:00,long,74.87,74.584,76.01400000000001,76.01400000000001,target,0.3819954587952469,7.853496503496466,6095.158686586521,456344.53086473286,1743.2153843637534,6364.23539490703,608.6261425479831,4.0,4.6940559440559255,True,three_candles,11.333333333333334,market_on_signal_1to4
SOL/USD,london,2026-07-19 07:20:00,2026-07-19 07:25:00,2026-07-19 07:55:00,long,76.158,75.95485,76.97060000000003,75.95485,stopped out,0.2667480763675621,11.246566576420923,9520.76025700659,725082.0596531079,1934.1424462109644,-2901.183502145579,967.0410559346149,-1.0,0.6091557962096791,False,middle_candle,0.5,market_on_signal_1to4
SOL/USD,new_york,2026-07-19 14:30:00,2026-07-19 14:35:00,2026-07-19 14:55:00,long,76.3858,76.1185,77.45500000000003,76.3858,break even,0.3499341500645485,8.573041526374672,7361.893674787742,562344.1378636016,1967.8341792708068,-749.9976887283988,749.9976887283988,0.0,1.1717171717171266,True,middle_candle,0.3333333333333333,market_on_signal_1to4
SOL/USD,asia,2026-07-20 00:55:00,2026-07-20 01:00:00,2026-07-20 01:05:00,short,76.57305,76.83665,75.51864999999995,76.83665,stopped out,0.34424644179644265,8.7146870257963,7379.871959821221,565099.3045729883,1945.3342486089546,-2699.006499807146,753.6722511981915,-1.0,0.11399848254926911,False,middle_candle,0.08333333333333333,market_on_signal_1to4
SOL/USD,london,2026-07-21 08:55:00,2026-07-21 09:00:00,2026-07-21 09:20:00,short,78.27505,78.547,77.18724999999998,78.27505,break even,0.34742871451376134,8.63486486486474,6855.539818403065,536617.7220624908,1864.3640536147402,-715.6863994467119,715.6863994467119,-0.0,0.5348409634123723,True,middle_candle,0.3333333333333333,market_on_signal_1to4
SOL/USD,new_york,2026-07-21 15:00:00,2026-07-21 15:05:00,2026-07-21 18:05:00,short,77.824,78.31,75.87999999999998,77.824,break even,0.6244860197368476,4.80395061728391,3791.961855208484,295105.6394197451,1842.893461631339,-393.5820302784218,393.5820302784218,-0.0,0.9030864197530865,True,middle_candle,3.0,market_on_signal_1to4
SOL/USD,asia,2026-07-22 00:00:00,2026-07-22 00:05:00,2026-07-22 02:50:00,long,78.21275,78.0885,78.70975000000001,78.0885,stopped out,0.15886156668830023,18.884366197182565,14737.110669802289,1152629.952539579,1831.0860007229862,-3368.3471583621686,1537.2611576391826,-1.0,3.4225352112675527,False,three_candles,2.75,market_on_signal_1to4
SOL/USD,new_york,2026-07-22 14:00:00,2026-07-22 14:05:00,2026-07-22 14:25:00,long,77.9825,77.485,79.97250000000001,77.485,stopped out,0.637963645689741,4.702462311557767,3477.4584642655545,271180.9046895886,1730.0355859721212,-2091.7092268091124,361.6736408369912,-1.0,0.7809045226130485,False,middle_candle,0.3333333333333333,market_on_signal_1to4
SOL/USD,new_york,2026-07-22 15:00:00,2026-07-22 15:05:00,2026-07-22 16:15:00,long,78.175,77.655,80.25499999999998,78.175,break even,0.6651742884553835,4.510096153846188,3206.3159791689627,250653.75167153365,1667.2843091678478,-334.29660196857924,334.29660196857924,0.0,1.2096153846154032,True,middle_candle,1.1666666666666667,market_on_signal_1to4
SOL/USD,asia,2026-07-23 00:20:00,2026-07-23 00:25:00,2026-07-23 01:25:00,long,78.46,77.91135,80.65459999999997,77.91135,stopped out,0.6992735151669577,4.290166772988282,3020.6058709720323,236996.73663646565,1657.2554111087904,-1973.337668832326,316.08225772353546,-1.0,0.18208329536135262,False,middle_candle,1.0,market_on_signal_1to4
SOL/USD,asia,2026-07-24 00:30:00,2026-07-24 00:35:00,2026-07-24 00:55:00,short,75.6245,75.7674,75.05290000000001,75.7674,stopped out,0.1889599270077784,15.876382085374681,11183.032057689645,845711.2078467505,1598.0552810438207,-2725.9792843533605,1127.92400330954,-1.0,0.7522743177047144,False,middle_candle,0.3333333333333333,market_on_signal_1to4
SOL/USD,london,2026-07-24 07:40:00,2026-07-24 07:45:00,2026-07-24 08:30:00,short,75.79305,76.2555,73.94324999999998,75.79305,break even,0.6101482919608118,4.916837495945464,3278.7888474715246,248509.40705585163,1516.2759025132198,-331.4366921779151,331.4366921779151,-0.0,0.27570548167368714,True,middle_candle,0.75,market_on_signal_1to4
SOL/USD,london,2026-07-24 08:15:00,2026-07-24 08:20:00,2026-07-24 09:20:00,short,75.87025,76.0113,75.30604999999997,75.30604999999997,target,0.18590949680541055,16.136884083657474,10749.917777477096,815598.9492566317,1516.2759025132198,4977.340289187332,1087.7633208655473,4.0,4.535625664657643,True,three_candles,1.0,market_on_signal_1to4
SOL/USD,new_york,2026-07-24 13:35:00,2026-07-24 13:40:00,2026-07-25 15:40:00,short,74.3175,74.7865,72.44149999999996,74.3175,break even,0.6310761260806785,4.7537846481875485,3530.1769945063393,262353.9287892248,1655.6530104235023,-349.90111387710334,349.90111387710334,-0.0,1.7043710021321443,True,middle_candle,26.0,market_on_signal_1to4
SOL/USD,asia,2026-07-25 00:45:00,2026-07-25 00:50:00,2026-07-25 01:35:00,short,73.9529,74.1579,73.1329,74.1579,stopped out,0.2772034632854132,10.822375609756186,8076.356148407395,597269.9586075572,1655.6530104235023,-2452.2312235518243,796.5782131283219,-1.0,0.5019512195122252,False,middle_candle,0.75,market_on_signal_1to4
SOL/USD,asia,2026-07-25 01:40:00,2026-07-25 01:45:00,2026-07-25 02:15:00,long,74.1608,73.993,74.832,73.993,stopped out,0.22626508883399282,13.258784266984527,9428.403299862635,699217.9314404529,1582.0860737169476,-2514.632173495069,932.5460997781212,-1.0,0.4654350417163671,False,middle_candle,0.5,market_on_signal_1to4
SOL/USD,london,2026-07-25 08:55:00,2026-07-25 09:00:00,2026-07-25 09:25:00,long,73.7717,73.7045,74.0405,73.7717,break even,0.09109184145139627,32.933794642857286,22420.343876668187,1653986.8823664023,1506.6471085120954,-2205.920281617261,2205.920281617261,0.0,2.3132440476190856,True,middle_candle,0.4166666666666667,market_on_signal_1to4
SOL/USD,new_york,2026-07-25 14:00:00,2026-07-25 14:05:00,2026-07-25 15:05:00,short,73.7584,74.038,72.63999999999999,74.038,stopped out,0.3790754680144934,7.913991416308954,5151.893777051384,379995.4419652668,1440.4695000635777,-1947.2689561475372,506.7994560839596,-1.0,0.43776824034334066,False,middle_candle,1.0,market_on_signal_1to4
SOL/USD,new_york,2026-07-25 14:50:00,2026-07-25 14:55:00,2026-07-25 15:40:00,long,73.9645,73.799,74.62649999999998,74.62649999999998,target,0.2237559910497528,13.40746223565,8703.743202801366,643768.0141236017,1440.4695000635777,4903.285387367355,858.5926128869563,4.0,7.190960483383939,True,three_candles,0.75,market_on_signal_1to4
SOL/USD,asia,2026-07-26 01:45:00,2026-07-26 01:50:00,2026-07-26 04:00:00,long,74.616,74.515,75.02,75.02,target,0.13535970837353797,22.16316831683188,15036.167916672006,1121938.7052703984,1518.652959583859,4578.283559633208,1496.3282787022276,4.0,4.376237623762488,True,middle_candle,2.1666666666666665,market_on_signal_1to4
SOL/USD,new_york,2026-07-26 14:05:00,2026-07-26 14:10:00,2026-07-26 14:25:00,long,75.055,74.8739,75.77940000000001,74.8739,stopped out,0.2412897208713619,12.43318608503584,9144.12736815488,686312.4796168645,1656.001466372855,-2571.3355808416622,915.3341144688073,-1.0,0.0,False,middle_candle,0.25,market_on_signal_1to4
SOL/USD,new_york,2026-07-26 14:25:00,2026-07-26 14:30:00,2026-07-26 14:30:00,short,74.893,74.973,74.57300000000001,74.973,stopped out,0.10681906186158692,28.084875000000597,19735.76748684549,1478070.8343923192,1578.8613989476055,-3550.1626625876606,1971.3012636400554,-1.0,1.287499999999958,False,middle_candle,0.0,market_on_signal_1to4
XRP/USD,asia,2026-07-01 01:05:00,2026-07-01 01:10:00,2026-07-01 01:35:00,short,1.030895,1.03615,1.0098749999999999,1.03615,stopped out,0.5097512355768541,5.885223596574679,570884.8715509028,588522.3596574679,3000.0,-3759.887406893945,759.8874068939447,-1.0,1.9210275927687814,False,middle_candle,0.4166666666666667,market_on_signal_1to4
XRP/USD,london,2026-07-01 08:20:00,2026-07-01 08:25:00,2026-07-01 08:40:00,short,1.03934,1.041,1.0327,1.041,stopped out,0.1597167433178743,18.78325301204825,1739279.1432489099,1807702.384744322,2887.2033777931815,-5221.269798615077,2334.0664208218955,-1.0,1.4096385542168772,False,middle_candle,0.25,market_on_signal_1to4
XRP/USD,london,2026-07-01 08:55:00,2026-07-01 09:00:00,2026-07-01 09:10:00,long,1.0457,1.0402,1.0677000000000003,1.0457,break even,0.5259634694463097,5.703818181818119,496466.41524267255,519154.93041926273,2730.565283834729,-670.3216749183607,670.3216749183607,0.0,0.7818181818181679,True,middle_candle,0.16666666666666666,market_on_signal_1to4
XRP/USD,asia,2026-07-02 00:00:00,2026-07-02 00:05:00,2026-07-02 00:20:00,short,1.0494,1.05425,1.030000000000001,1.0494,break even,0.4621688583952543,6.4911340206188255,558856.8316674826,586464.3591518563,2710.4556335871785,-757.2301609254043,757.2301609254043,-0.0,0.31443298969078015,True,three_candles,0.25,market_on_signal_1to4
XRP/USD,asia,2026-07-02 01:05:00,2026-07-02 01:10:00,2026-07-02 03:40:00,long,1.04925,1.045215,1.06539,1.06539,target,0.38456040028591953,7.801115241635666,666106.2524806466,698911.9854153184,2687.738728759416,9848.534798742588,902.420116295076,4.0,4.151177199504336,True,middle_candle,2.5,market_on_signal_1to4
XRP/USD,london,2026-07-02 07:40:00,2026-07-02 07:45:00,2026-07-02 09:30:00,long,1.0581,1.05515,1.0699,1.0699,target,0.2788016255552413,10.760338983050817,1011252.4653293849,1070006.2335650222,2983.194772721694,10551.210066632008,1381.569024254767,4.0,5.1016949152542255,True,middle_candle,1.75,market_on_signal_1to4
XRP/USD,new_york,2026-07-02 14:05:00,2026-07-02 14:10:00,2026-07-03 06:00:00,short,1.10035,1.109,1.0657499999999998,1.10035,break even,0.7861135093379422,3.8162427745664527,381471.80054573825,419752.49573050305,3299.731074720654,-541.9753902019245,541.9753902019245,-0.0,2.815028901734074,True,middle_candle,15.833333333333334,market_on_signal_1to4
XRP/USD,london,2026-07-03 07:10:00,2026-07-03 07:15:00,2026-07-03 07:20:00,short,1.09804,1.1001,1.0897999999999992,1.1001,stopped out,0.18760700885215228,15.990873786406423,1593918.3558321947,1750186.1114379829,3283.4718130145966,-5543.274459385519,2259.8026463709216,-1.0,0.9514563106795133,False,middle_candle,0.08333333333333333,market_on_signal_1to4
XRP/USD,london,2026-07-03 08:40:00,2026-07-03 08:45:00,2026-07-03 08:50:00,long,1.10562,1.1005,1.1261,1.1005,stopped out,0.46308858378104717,6.478242187499983,608822.9646939498,673126.8462249248,3117.173579233031,-3986.3004786532347,869.1268994202037,-1.0,0.0,False,middle_candle,0.08333333333333333,market_on_signal_1to4
XRP/USD,new_york,2026-07-03 15:05:00,2026-07-03 15:10:00,2026-07-03 15:20:00,long,1.120035,1.110975,1.1562749999999993,1.120035,break even,0.8089032932006452,3.708725165562976,330859.2234959696,370573.9103883083,2997.5845648734335,-478.4770590388686,478.4770590388686,0.0,0.27759381898455715,True,middle_candle,0.16666666666666666,market_on_signal_1to4
XRP/USD,london,2026-07-04 08:20:00,2026-07-04 08:25:00,2026-07-04 08:55:00,long,1.147255,1.140905,1.1726549999999993,1.140905,stopped out,0.5534950817385722,5.4201023622048465,469800.0398586355,538980.4447280188,2983.230253102268,-3679.150205488264,695.9199523859963,-1.0,0.4165354330708769,False,middle_candle,0.5,market_on_signal_1to4
XRP/USD,new_york,2026-07-04 13:45:00,2026-07-04 13:50:00,2026-07-04 14:00:00,short,1.14831,1.155345,1.1201699999999994,1.155345,stopped out,0.6126394440525751,4.896844349680083,408366.13318231254,468930.9143945813,2872.8557469376196,-3478.3292530914023,605.4735061537828,-1.0,0.07249466950959509,False,middle_candle,0.16666666666666666,market_on_signal_1to4
XRP/USD,asia,2026-07-05 01:15:00,2026-07-05 01:20:00,2026-07-05 01:25:00,short,1.1445725,1.14965,1.1242624999999997,1.1445725,break even,0.44361541099406704,6.762614475627679,545249.8019389149,624077.9289297287,2768.5058693448777,-805.7959928492198,805.7959928492198,-0.0,0.7035942885278051,True,middle_candle,0.08333333333333333,market_on_signal_1to4
XRP/USD,new_york,2026-07-05 13:50:00,2026-07-05 13:55:00,2026-07-05 22:20:00,long,1.134745,1.12959,1.155364999999999,1.155364999999999,target,0.45428708652603,6.60375363724565,532363.1405547058,604096.4119287495,2744.331989559401,10197.331670175332,779.9962880622708,4.0,4.368574199806202,True,middle_candle,8.416666666666666,market_on_signal_1to4
XRP/USD,new_york,2026-07-05 14:35:00,2026-07-05 14:40:00,2026-07-05 15:15:00,long,1.13551,1.133885,1.14201,1.13551,break even,0.14310750235576855,20.963261538461698,1688819.685882721,1917671.6415166887,2744.331989559401,-2476.0563588345212,2476.0563588345212,0.0,2.7815384615385317,True,middle_candle,0.5833333333333334,market_on_signal_1to4
XRP/USD,asia,2026-07-06 00:55:00,2026-07-06 01:00:00,2026-07-06 01:20:00,long,1.1546,1.148295,1.17982,1.1546,break even,0.54607656331197,5.493735130848529,472001.62551936926,544973.0768246638,2975.9702488996254,-703.6575099989973,703.6575099989973,0.0,0.8961141950832558,True,middle_candle,0.3333333333333333,market_on_signal_1to4
XRP/USD,asia,2026-07-06 01:45:00,2026-07-06 01:50:00,2026-07-06 02:20:00,short,1.1525,1.158,1.1305000000000007,1.1525,break even,0.4772234273318732,6.286363636363821,537247.3679272259,619177.5915361278,2954.8605235996556,-799.468782652659,799.468782652659,-0.0,1.1818181818182478,True,middle_candle,0.5,market_on_signal_1to4
XRP/USD,london,2026-07-06 07:20:00,2026-07-06 07:25:00,2026-07-06 08:35:00,long,1.14025,1.136,1.1572500000000003,1.14025,break even,0.3727252795439673,8.0488235294116,689617.9906164743,786336.9138004348,2930.876460120076,-1015.3013026056867,1015.3013026056867,0.0,2.2647058823528936,True,three_candles,1.1666666666666667,market_on_signal_1to4
XRP/USD,london,2026-07-06 08:00:00,2026-07-06 08:05:00,2026-07-06 09:15:00,long,1.1484,1.138725,1.1871000000000005,1.138725,stopped out,0.8424764890282219,3.5609302325581034,302932.9674542683,347888.21982448176,2930.876460120076,-3380.062243656383,449.185783536307,-1.0,0.15245478036174448,False,middle_candle,1.1666666666666667,market_on_signal_1to4
XRP/USD,new_york,2026-07-06 14:25:00,2026-07-06 14:30:00,2026-07-06 16:10:00,long,1.1213,1.114755,1.14748,1.14748,target,0.5836974939802037,5.139648586707392,427657.0746726056,479531.8778303927,2799.0155537322134,10576.900972899573,619.1612420292807,4.0,4.236822001527874,True,middle_candle,1.6666666666666667,market_on_signal_1to4
XRP/USD,new_york,2026-07-06 15:25:00,2026-07-06 15:30:00,2026-07-06 16:35:00,long,1.12958,1.12432,1.1506200000000002,1.1506200000000002,target,0.4656598027585512,6.442471482889681,532132.2345498462,601085.9295028152,2799.0155537322134,10419.952996995022,776.1092179338317,4.0,4.47813688212924,True,middle_candle,1.0833333333333333,market_on_signal_1to4
XRP/USD,asia,2026-07-07 01:00:00,2026-07-07 01:05:00,2026-07-07 01:45:00,short,1.14245,1.150015,1.1121899999999998,1.14245,break even,0.6621733992734951,4.5305353602114735,453261.22575400287,517828.2873626606,3428.9211728290516,-668.6087419505427,668.6087419505427,-0.0,0.4957038995373296,True,middle_candle,0.6666666666666666,market_on_signal_1to4
XRP/USD,asia,2026-07-07 01:45:00,2026-07-07 01:50:00,2026-07-07 02:05:00,long,1.14304,1.1391,1.1588000000000003,1.1391,stopped out,0.3446948488241929,8.703350253806986,865193.6321244893,988950.9292635763,3408.862910570535,-4685.77507006918,1276.9121594986452,-1.0,0.015228426395925927,False,middle_candle,0.25,market_on_signal_1to4
XRP/USD,london,2026-07-07 07:35:00,2026-07-07 07:40:00,2026-07-07 08:10:00,short,1.1285118225,1.1318,1.1153591125,1.1285118225,break even,0.29137288900666247,10.296084890490283,993951.7129073691,1121686.259010092,3268.28965846846,-1448.2971610523623,1448.2971610523623,-0.0,1.858726452571336,True,middle_candle,0.5,market_on_signal_1to4
XRP/USD,london,2026-07-07 07:55:00,2026-07-07 08:00:00,2026-07-07 10:00:00,short,1.1258,1.1291668225,1.1123327099999996,1.1291668225,stopped out,0.299060445905142,10.031416862635053,970734.1739780977,1092852.5330645423,3268.28965846846,-4679.357333027554,1411.067674559094,-1.0,1.0098542468454332,False,middle_candle,2.0,market_on_signal_1to4
XRP/USD,new_york,2026-07-07 14:50:00,2026-07-07 14:55:00,2026-07-07 18:45:00,long,1.121805,1.1125,1.1590249999999995,1.121805,break even,0.8294667968140539,3.6167813003761813,331484.1508485864,371860.57784269843,3084.4600236460624,-480.1383763693103,480.1383763693103,0.0,1.3052122514777225,True,middle_candle,3.8333333333333335,market_on_signal_1to4
XRP/USD,new_york,2026-07-07 15:25:00,2026-07-07 15:30:00,2026-07-07 15:40:00,long,1.126555,1.119815,1.1535149999999998,1.126555,break even,0.5982841494645151,5.014339762611299,457635.01834511524,515551.0180917813,3084.4600236460624,-665.6683808705408,665.6683808705408,0.0,0.7396142433234482,True,middle_candle,0.16666666666666666,market_on_signal_1to4
XRP/USD,asia,2026-07-08 01:00:00,2026-07-08 01:05:00,2026-07-08 01:10:00,short,1.11195,1.11381,1.10451,1.11381,stopped out,0.16727370835019317,17.9346774193551,1639831.0865209203,1823410.1766569372,3050.085820928867,-5404.433804666152,2354.3479837372856,-1.0,0.3225806451612595,False,middle_candle,0.08333333333333333,market_on_signal_1to4
XRP/USD,asia,2026-07-08 01:55:00,2026-07-08 02:00:00,2026-07-08 02:15:00,short,1.0978,1.108395,1.0554200000000005,1.0978,break even,0.9651120422663426,3.1084473808400452,272576.95203293127,299234.97794175195,2887.9528067888823,-386.3657645437079,386.3657645437079,-0.0,0.3067484662576899,True,middle_candle,0.25,market_on_signal_1to4
XRP/USD,london,2026-07-08 07:30:00,2026-07-08 07:35:00,2026-07-08 07:35:00,long,1.09302,1.092345,1.095720000000001,1.092345,stopped out,0.06175550310151719,48.57866666665205,4261276.790891415,4657660.757980135,2876.361833852571,-8890.233180445339,6013.871346592767,-1.0,0.0,False,middle_candle,0.0,market_on_signal_1to4
XRP/USD,asia,2026-07-09 00:20:00,2026-07-09 00:25:00,2026-07-09 00:30:00,short,1.087385,1.09001,1.0768850000000005,1.09001,stopped out,0.24140483821276523,12.427257142857725,994154.2241673649,1081028.3910462302,2609.654838439211,-4005.4554352575874,1395.8005968183766,-1.0,0.0,False,middle_candle,0.08333333333333333,market_on_signal_1to4
XRP/USD,asia,2026-07-09 01:50:00,2026-07-09 01:55:00,2026-07-09 02:00:00,short,1.085,1.08775,1.0739999999999998,1.085,break even,0.25345622119815947,11.836363636363506,905269.5183205295,982217.4273777745,2489.4911753814836,-1268.2180067560112,1268.2180067560112,-0.0,1.0909090909090395,True,middle_candle,0.08333333333333333,market_on_signal_1to4
XRP/USD,london,2026-07-09 07:35:00,2026-07-09 07:40:00,2026-07-09 07:45:00,short,1.09413,1.097875,1.0791500000000005,1.097875,stopped out,0.3422810817727224,8.76472630173591,654591.3578581781,716208.0423733684,2451.4446351788033,-3376.1970480394543,924.752412860651,-1.0,0.0,False,middle_candle,0.08333333333333333,market_on_signal_1to4
XRP/USD,asia,2026-07-10 01:15:00,2026-07-10 01:20:00,2026-07-10 08:20:00,long,1.09558,1.091055,1.1136799999999996,1.1136799999999996,target,0.41302323883238923,7.263513812154873,519372.0936436854,569013.6783541489,2350.1587237376193,8665.9366775652,734.6982173852781,4.0,4.07071823204432,True,middle_candle,7.0,market_on_signal_1to4
XRP/USD,new_york,2026-07-11 14:20:00,2026-07-11 14:25:00,2026-07-11 14:45:00,long,1.11095,1.10879,1.1195900000000008,1.11095,break even,0.19442819208786727,15.429861111109956,1208396.6778075832,1342468.2892103347,2610.136824064575,-1733.3661676323136,1733.3661676323136,0.0,1.6759259259257804,True,middle_candle,0.3333333333333333,market_on_signal_1to4
XRP/USD,new_york,2026-07-12 13:35:00,2026-07-12 13:40:00,2026-07-12 14:45:00,short,1.0958,1.1005,1.0770000000000004,1.1005,stopped out,0.4289103851067646,6.994468085106491,544284.221071414,596426.6494500554,2558.1358390356054,-3328.229094824269,770.0932557886637,-1.0,0.38297872340426636,False,three_candles,1.0833333333333333,market_on_signal_1to4
XRP/USD,asia,2026-07-13 01:50:00,2026-07-13 01:55:00,2026-07-14 12:35:00,short,1.0849711,1.098785,1.0297155000000002,1.0849711,break even,1.2732044199149577,2.35625949225057,177957.63442553437,193078.8903760699,2458.2889661908775,-249.29930855851416,249.29930855851416,-0.0,2.314415190496542,True,middle_candle,34.666666666666664,market_on_signal_1to4
XRP/USD,london,2026-07-13 08:45:00,2026-07-13 08:50:00,2026-07-13 10:25:00,long,1.08226,1.07537,1.1098200000000003,1.07537,stopped out,0.6366307541625915,4.712307692307649,356790.85140651016,386140.4668432097,2458.2889661908775,-2956.865227961258,498.57626177038054,-1.0,0.0,False,middle_candle,1.5833333333333333,market_on_signal_1to4
XRP/USD,new_york,2026-07-13 13:50:00,2026-07-13 13:55:00,2026-07-13 14:00:00,short,1.06605,1.070705,1.0474299999999996,1.070705,stopped out,0.4366586933070753,6.8703544575723905,509040.38869001105,542662.5063629863,2369.58300935204,-3070.257160490056,700.6741511380158,-1.0,0.0,False,middle_candle,0.08333333333333333,market_on_signal_1to4
XRP/USD,new_york,2026-07-13 14:10:00,2026-07-13 14:15:00,2026-07-13 14:15:00,long,1.071395,1.0677,1.0861750000000001,1.0677,stopped out,0.3448774728274822,8.69874154262516,616366.7914850707,660372.2985631474,2277.475294537339,-3130.133796470565,852.658501933226,-1.0,1.3518267929634251,False,middle_candle,0.0,market_on_signal_1to4
XRP/USD,asia,2026-07-14 00:40:00,2026-07-14 00:45:00,2026-07-14 00:50:00,short,1.064,1.066,1.056,1.066,stopped out,0.18796992481203023,15.959999999999987,1091785.6403216098,1161659.9213021928,2183.5712806432216,-3683.4815742890137,1499.910293645792,-1.0,0.0,False,middle_candle,0.08333333333333333,market_on_signal_1to4
XRP/USD,london,2026-07-14 08:15:00,2026-07-14 08:20:00,2026-07-14 08:50:00,long,1.068,1.0665,1.0740000000000003,1.068,break even,0.1404494382022525,21.35999999999919,1382044.555609648,1476023.5853911042,2073.0668334145507,-1905.8098922018019,1905.8098922018019,0.0,1.1966666666666153,True,middle_candle,0.5,market_on_signal_1to4
XRP/USD,london,2026-07-14 08:55:00,2026-07-14 09:00:00,2026-07-14 09:25:00,short,1.06855,1.069795,1.0635700000000003,1.069795,stopped out,0.11651303167843718,25.748192771085566,1619190.79248883,1730186.3213139393,2015.892536648497,-4249.871884369172,2233.979347720675,-1.0,0.5943775100403376,False,three_candles,0.4166666666666667,market_on_signal_1to4
XRP/USD,asia,2026-07-15 00:30:00,2026-07-15 00:35:00,2026-07-15 00:45:00,short,1.1075,1.11075,1.0945,1.1075,break even,0.2934537246049639,10.223076923077,578743.8156494403,640958.775831755,1880.9174008606665,-827.5921791249975,827.5921791249975,-0.0,0.1846153846153657,True,middle_candle,0.16666666666666666,market_on_signal_1to4
XRP/USD,asia,2026-07-15 01:45:00,2026-07-15 01:50:00,2026-07-15 02:15:00,short,1.10252,1.10695,1.0847999999999993,1.10252,break even,0.4018067699452306,7.4662753950335965,418981.85902637726,461935.8792137614,1856.0896354869167,-596.4416672483268,596.4416672483268,-0.0,0.5237020316026627,True,middle_candle,0.4166666666666667,market_on_signal_1to4
XRP/USD,london,2026-07-15 08:55:00,2026-07-15 09:00:00,2026-07-15 09:05:00,long,1.10538,1.105,1.1069000000000002,1.1069000000000002,target,0.03437731820731757,87.26684210525238,4837358.909129578,5347119.790973653,1838.1963854694668,448.69952774727244,6904.086014130595,4.0,9.526315789472392,False,middle_candle,0.08333333333333333,market_on_signal_1to4
XRP/USD,new_york,2026-07-15 14:20:00,2026-07-15 14:25:00,2026-07-15 14:30:00,short,1.121025,1.12514,1.1045649999999996,1.12514,stopped out,0.3670747753172401,8.172721749696052,449977.4899882974,504436.01571413106,1851.6573713018847,-2502.974300276378,651.3169289744932,-1.0,0.7460510328067651,False,middle_candle,0.08333333333333333,market_on_signal_1to4
XRP/USD,asia,2026-07-16 00:20:00,2026-07-16 00:25:00,2026-07-16 00:45:00,short,1.1109,1.114,1.0984999999999996,1.1109,break even,0.27905302007382327,10.750645161289965,573086.4975140435,636641.7900883509,1776.5681422935936,-822.0181800265389,822.0181800265389,-0.0,1.064516129032249,True,middle_candle,0.3333333333333333,market_on_signal_1to4
XRP/USD,asia,2026-07-16 01:15:00,2026-07-16 01:20:00,2026-07-16 01:25:00,short,1.1065,1.109995,1.09252,1.109995,stopped out,0.31586082241301633,9.497854077253148,501261.11499078234,554645.4237373007,1751.9075968927973,-2468.053833094653,716.1462362018557,-1.0,0.01573676680976763,False,middle_candle,0.08333333333333333,market_on_signal_1to4
XRP/USD,london,2026-07-16 08:30:00,2026-07-16 08:35:00,2026-07-16 10:00:00,long,1.1073,1.1027,1.1256999999999997,1.1027,stopped out,0.41542490743248783,7.221521739130532,364753.47432608274,403891.5221212714,1677.865981899958,-2199.3620242760035,521.4960423760455,-1.0,0.5217391304347805,False,middle_candle,1.4166666666666667,market_on_signal_1to4
XRP/USD,new_york,2026-07-16 14:10:00,2026-07-16 14:15:00,2026-07-16 14:40:00,long,1.111775,1.105865,1.1354149999999994,1.111775,break even,0.5315823795282193,5.643527918781858,272738.5991830314,303223.95610671473,1611.8851211716774,-391.51624731499004,391.51624731499004,0.0,0.5964467005076284,True,middle_candle,0.4166666666666667,market_on_signal_1to4
XRP/USD,new_york,2026-07-16 14:55:00,2026-07-16 15:00:00,2026-07-16 15:25:00,short,1.1111,1.113,1.1035,1.1111,break even,0.17100171001710132,17.543684210526198,842178.7546064301,935744.8142432044,1600.1396337522278,-1208.2135686800013,1208.2135686800013,-0.0,2.860526315789496,True,middle_candle,0.4166666666666667,market_on_signal_1to4
XRP/USD,asia,2026-07-17 00:00:00,2026-07-17 00:05:00,2026-07-17 00:05:00,short,1.0858,1.086545,1.0828200000000001,1.086545,stopped out,0.06861300423650724,43.72348993288616,2099185.539183674,2279295.6584456335,1563.893226691828,-4506.870734715384,2942.9775080235563,-1.0,0.9463087248324588,False,middle_candle,0.0,market_on_signal_1to4
XRP/USD,asia,2026-07-17 00:50:00,2026-07-17 00:55:00,2026-07-17 01:15:00,long,1.09004,1.0861,1.1057999999999992,1.09004,break even,0.36145462551831425,8.299796954315074,362610.94026660593,395260.4293282111,1428.6871046503666,-510.3517610865514,510.3517610865514,0.0,1.1319796954315533,True,middle_candle,0.3333333333333333,market_on_signal_1to4
XRP/USD,new_york,2026-07-17 13:35:00,2026-07-17 13:40:00,2026-07-17 13:50:00,short,1.07015,1.07575,1.0477499999999997,1.07575,stopped out,0.5232911274120498,5.732946428571378,252388.6699674567,270093.7351656738,1413.37655181777,-1762.1157707538152,348.73921893604523,-1.0,0.22678571428569128,False,middle_candle,0.16666666666666666,market_on_signal_1to4
XRP/USD,new_york,2026-07-17 14:35:00,2026-07-17 14:40:00,2026-07-17 15:10:00,long,1.085,1.0759,1.1213999999999995,1.0759,stopped out,0.8387096774193444,3.5769230769231215,149506.93172474424,162215.0209213475,1360.5130786951554,-1569.9616231462321,209.44854445107669,-1.0,0.21978021978022272,False,middle_candle,0.5,market_on_signal_1to4
XRP/USD,asia,2026-07-18 01:00:00,2026-07-18 01:05:00,2026-07-18 01:15:00,short,1.086615,1.089555,1.0748550000000003,1.089555,stopped out,0.2705650115266164,11.087908163265523,446739.5340138755,485433.8787524874,1313.4142300007684,-1940.1960086206836,626.7817786199151,-1.0,0.0,False,three_candles,0.16666666666666666,market_on_signal_1to4
XRP/USD,london,2026-07-19 08:10:00,2026-07-19 08:15:00,2026-07-19 08:20:00,long,1.096095,1.094795,1.1012950000000004,1.094795,stopped out,0.1186028583288929,25.29449999999846,965544.8844169782,1058328.9200850278,1255.208349742148,-2621.6998781053994,1366.4915283632515,-1.0,1.3884615384614978,False,middle_candle,0.08333333333333333,market_on_signal_1to4
XRP/USD,new_york,2026-07-19 14:20:00,2026-07-19 14:25:00,2026-07-19 14:45:00,short,1.092445,1.09599,1.0782650000000005,1.09599,stopped out,0.32450146231617233,9.244950634696993,331892.0601971837,362573.8217021124,1176.5573533989862,-1644.704870073121,468.14751667413475,-1.0,0.5768688293371302,False,three_candles,0.3333333333333333,market_on_signal_1to4
XRP/USD,new_york,2026-07-19 14:35:00,2026-07-19 14:40:00,2026-07-19 17:00:00,long,1.0952,1.0925,1.1059999999999997,1.0925,stopped out,0.2465303140978748,12.16888888888923,435761.9827403774,477246.52349726134,1176.5573533989862,-1792.7677950898606,616.2104416908744,-1.0,2.062962962963048,False,middle_candle,2.3333333333333335,market_on_signal_1to4
XRP/USD,asia,2026-07-20 00:45:00,2026-07-20 00:50:00,2026-07-20 01:00:00,short,1.0967,1.103,1.0715000000000001,1.0967,break even,0.5744506246010734,5.222380952380975,170386.21800700022,186862.56528827714,1073.4331734440966,-241.27292336879614,241.27292336879614,-0.0,0.7047619047619078,True,middle_candle,0.16666666666666666,market_on_signal_1to4
XRP/USD,london,2026-07-20 08:10:00,2026-07-20 08:15:00,2026-07-20 10:00:00,long,1.08935,1.08375,1.1117500000000002,1.08935,break even,0.5140680222150869,5.835803571428519,190391.96173982558,207403.483521279,1066.1949857430327,-267.79491498926905,267.79491498926905,0.0,0.5624999999999926,True,middle_candle,1.75,market_on_signal_1to4
XRP/USD,new_york,2026-07-20 13:50:00,2026-07-20 13:55:00,2026-07-20 14:30:00,short,1.093695,1.0986,1.0740750000000003,1.093695,break even,0.44847969497894175,6.689266055045956,215731.11891811783,235944.0461051509,1058.1611382933545,-304.6458752582644,304.6458752582644,-0.0,1.5647298674822012,True,middle_candle,0.5833333333333334,market_on_signal_1to4
XRP/USD,asia,2026-07-21 01:40:00,2026-07-21 01:45:00,2026-07-21 02:50:00,short,1.1162,1.11799,1.1090400000000002,1.1162,break even,0.16036552589141356,18.70726256983284,586045.6771148777,654144.1847956266,1049.0217620356068,-844.6168954539132,844.6168954539132,-0.0,2.7374301675979,True,middle_candle,1.0833333333333333,market_on_signal_1to4
XRP/USD,asia,2026-07-22 01:35:00,2026-07-22 01:40:00,2026-07-22 01:40:00,long,1.1435,1.14317,1.1448199999999997,1.14317,stopped out,0.028858766943589107,103.9545454545639,3102070.4702187004,3547217.5826950837,1023.6832551719895,-5603.774268488121,4580.091013316132,-1.0,0.0,False,middle_candle,0.0,market_on_signal_1to4
XRP/USD,london,2026-07-22 07:25:00,2026-07-22 07:30:00,2026-07-22 07:30:00,long,1.1322,1.131,1.1370000000000005,1.131,stopped out,0.10598834128246686,28.304999999997882,712975.0225977347,807230.3205851553,855.5700271173457,-1897.8484469765929,1042.2784198592472,-1.0,1.1249999999998843,False,middle_candle,0.0,market_on_signal_1to4
XRP/USD,london,2026-07-22 08:00:00,2026-07-22 08:05:00,2026-07-22 09:35:00,long,1.132565,1.1293,1.1456250000000003,1.132565,break even,0.2882836746676856,10.406416539050303,244604.76989526182,277030.80121642724,798.6345737080478,-357.69620934814634,357.69620934814634,0.0,1.0826952526799345,True,middle_candle,1.5,market_on_signal_1to4
XRP/USD,new_york,2026-07-22 14:20:00,2026-07-22 14:25:00,2026-07-22 14:30:00,short,1.13953,1.144075,1.1213499999999998,1.13953,break even,0.3988486481268612,7.5216501650164656,173356.14684875685,197544.53001856388,787.9036874276036,-255.06524637272494,255.06524637272494,-0.0,0.7744774477447637,True,middle_candle,0.08333333333333333,market_on_signal_1to4
XRP/USD,new_york,2026-07-22 15:15:00,2026-07-22 15:20:00,2026-07-22 15:45:00,long,1.149665,1.1416,1.181925,1.149665,break even,0.7015087003605389,4.2764972101673955,96745.40979992841,111224.81155763469,780.2517300364216,-143.61108333418304,143.61108333418304,0.0,0.678859268443909,True,middle_candle,0.4166666666666667,market_on_signal_1to4
XRP/USD,london,2026-07-23 08:40:00,2026-07-23 08:45:00,2026-07-23 10:00:00,long,1.138,1.13275,1.1589999999999998,1.13275,stopped out,0.461335676625657,6.502857142857171,147798.74238788564,168194.96883741385,775.9433975363962,-993.1131220594506,217.16972452305433,-1.0,0.0,False,middle_candle,1.25,market_on_signal_1to4
XRP/USD,new_york,2026-07-23 13:55:00,2026-07-23 14:00:00,2026-07-23 15:40:00,short,1.11051,1.11881,1.0773100000000002,1.11051,break even,0.747404345751049,4.013891566265073,89897.59082826685,99832.17359069863,746.1500038746126,-128.90115433944584,128.90115433944584,-0.0,0.8909638554216944,True,middle_candle,1.6666666666666667,market_on_signal_1to4
XRP/USD,asia,2026-07-24 01:05:00,2026-07-24 01:10:00,2026-07-24 01:15:00,long,1.108,1.10636,1.1145600000000004,1.10636,stopped out,0.14801444043322073,20.268292682925768,452611.5666124331,501493.6158065759,742.2829692444292,-1389.8007347732064,647.5177655287773,-1.0,0.0,False,middle_candle,0.08333333333333333,market_on_signal_1to4
XRP/USD,london,2026-07-24 07:05:00,2026-07-24 07:10:00,2026-07-24 07:20:00,long,1.11685,1.111855,1.1368299999999993,1.11685,break even,0.44724000537223985,6.707807807807994,140258.04748773825,156647.20033668046,700.588947201233,-202.25949432119575,202.25949432119575,0.0,0.7407407407407687,True,middle_candle,0.16666666666666666,market_on_signal_1to4
XRP/USD,london,2026-07-24 07:30:00,2026-07-24 07:35:00,2026-07-24 07:45:00,short,1.11225,1.1196,1.08285,1.11225,break even,0.6608226567768009,4.539795918367367,94492.6751525987,105099.47793847791,694.5211623715975,-135.70218437080226,135.70218437080226,-0.0,0.27891156462583594,True,middle_candle,0.16666666666666666,market_on_signal_1to4
XRP/USD,new_york,2026-07-24 13:50:00,2026-07-24 13:55:00,2026-07-24 17:00:00,short,1.0878,1.098,1.0470000000000002,1.0878,break even,0.9376723662437935,3.1994117647058866,67691.18596475237,73634.47209245762,690.4500968404733,-95.07524589024702,95.07524589024702,-0.0,0.39901960784313956,True,middle_candle,3.0833333333333335,market_on_signal_1to4
XRP/USD,new_york,2026-07-25 14:25:00,2026-07-25 14:30:00,2026-07-26 18:45:00,long,1.091,1.0867,1.1081999999999999,1.1011,still open when the record ran out,0.3941338221814822,7.611627906976796,159906.47429390016,174457.96345464507,687.5978394637659,1389.7990219634485,225.25636840494272,2.3488372093023413,3.7197674418604865,True,three_candles,28.25,market_on_signal_1to4
DOT/USD,asia,2026-07-01 00:10:00,2026-07-01 00:15:00,2026-07-01 00:25:00,long,0.82295,0.819525,0.83665,0.819525,stopped out,0.41618567349170804,7.208321167883187,875912.4087591212,720832.1167883187,3000.0,-4742.456990283925,1742.4569902839246,-1.0,0.20569343065693269,False,middle_candle,0.16666666666666666,market_on_signal_1to4
DOT/USD,asia,2026-07-01 01:05:00,2026-07-01 01:10:00,2026-07-01 01:35:00,short,0.8160025,0.821016,0.7959485,0.821016,stopped out,0.6143976274582497,4.882831355340577,570006.241207037,465126.5178405452,2857.726290291482,-3982.0698558760896,1124.3435655846074,-1.0,2.109803530467739,False,middle_candle,0.4166666666666667,market_on_signal_1to4
DOT/USD,london,2026-07-01 07:20:00,2026-07-01 07:25:00,2026-07-01 09:35:00,long,0.8345335,0.829519,0.8545915000000002,0.8345335,break even,0.6008746203717445,4.992722105892878,546069.2381324522,455713.0725410089,2738.2641946152,-1101.588581195296,1101.588581195296,0.0,1.1300229334928449,True,middle_candle,2.1666666666666665,market_on_signal_1to4
DOT/USD,london,2026-07-01 08:50:00,2026-07-01 08:55:00,2026-07-01 12:00:00,long,0.8347295,0.8303335,0.8523135000000003,0.8303335,stopped out,0.526637671245603,5.696516151046319,622899.043361046,519952.20701524423,2738.2641946152,-3995.1371011165666,1256.8729065013665,-1.0,1.2444267515923229,False,middle_candle,3.0833333333333335,market_on_signal_1to4
DOT/USD,new_york,2026-07-01 14:05:00,2026-07-01 14:10:00,2026-07-01 14:20:00,long,0.84108,0.8333605,0.8719580000000005,0.84108,break even,0.9178080563085677,3.2686572964569813,334913.1969876041,281688.79172233405,2585.3624241458438,-680.9222186271592,680.9222186271592,0.0,0.48189649588702593,True,middle_candle,0.16666666666666666,market_on_signal_1to4
DOT/USD,new_york,2026-07-01 14:30:00,2026-07-01 14:35:00,2026-07-01 15:20:00,short,0.8377,0.8442865,0.8113539999999998,0.8442865,stopped out,0.7862599976125164,3.8155317695285516,389423.0255199285,326219.6684780441,2564.934757587029,-3353.500816824643,788.5660592376144,-1.0,0.33075229636376763,False,middle_candle,0.75,market_on_signal_1to4
DOT/USD,london,2026-07-02 07:00:00,2026-07-02 07:05:00,2026-07-02 07:30:00,short,0.8368,0.839588,0.8256479999999999,0.8368,break even,0.33317399617590976,9.004304160688623,883905.9300869004,739652.4822967182,2464.3297330822893,-1787.9511860557807,1787.9511860557807,-0.0,0.5236728837876651,True,middle_candle,0.4166666666666667,market_on_signal_1to4
DOT/USD,london,2026-07-02 08:15:00,2026-07-02 08:20:00,2026-07-02 09:05:00,long,0.841277,0.8384085,0.8527510000000003,0.841277,break even,0.340969740049954,8.798434721979971,840401.3238628457,707010.3045353632,2410.691197500616,-1709.0457245846926,1709.0457245846926,0.0,1.6639358549764094,True,middle_candle,0.75,market_on_signal_1to4
DOT/USD,asia,2026-07-03 01:30:00,2026-07-03 01:35:00,2026-07-03 04:05:00,long,0.848561,0.841655,0.8761849999999999,0.848561,break even,0.8138483856788101,3.6861902693310333,341647.8172260478,289909.01343315234,2359.419825763075,-700.7928409927622,700.7928409927622,0.0,1.0461917173472446,True,middle_candle,2.5,market_on_signal_1to4
DOT/USD,london,2026-07-03 07:20:00,2026-07-03 07:25:00,2026-07-03 08:40:00,long,0.853935,0.8529,0.858075,0.858075,target,0.12120360448980405,24.75173913043459,2259319.845925869,1929312.292630707,2338.3960405332928,4689.885622016239,4663.698540116932,4.0,6.845410628019278,True,middle_candle,1.25,market_on_signal_1to4
DOT/USD,london,2026-07-03 07:35:00,2026-07-03 07:40:00,2026-07-03 08:05:00,long,0.855679,0.8538095,0.8631569999999998,0.855679,break even,0.2184814632589988,13.731142016582208,1250813.608201836,1070294.9374525389,2338.3960405332928,-2587.208383193247,2587.208383193247,0.0,0.8906124632254911,True,middle_candle,0.4166666666666667,market_on_signal_1to4
DOT/USD,new_york,2026-07-03 13:50:00,2026-07-03 13:55:00,2026-07-03 14:10:00,long,0.875617,0.87021,0.8972449999999997,0.87021,stopped out,0.6175074261920382,4.858241168855241,444142.1042533769,388898.3769000291,2401.476357697982,-3341.554747044395,940.0783893464128,-1.0,0.05770297762159838,False,middle_candle,0.25,market_on_signal_1to4
DOT/USD,new_york,2026-07-03 14:10:00,2026-07-03 14:15:00,2026-07-03 15:05:00,short,0.869,0.873701,0.8501960000000002,0.873701,stopped out,0.5409666283083954,5.545628589661828,489519.1906587263,425392.1766824332,2301.2297152866504,-3329.524035987778,1028.2943207011274,-1.0,0.39544777706870066,False,middle_candle,0.8333333333333334,market_on_signal_1to4
DOT/USD,asia,2026-07-04 00:35:00,2026-07-04 00:40:00,2026-07-04 03:10:00,short,0.877996,0.88295,0.8581799999999999,0.877996,break even,0.564239472617189,5.316891400888156,444356.8821572488,390143.5651065358,2201.3439942070167,-943.0883646847951,943.0883646847951,-0.0,2.0419862737182046,True,middle_candle,2.5,market_on_signal_1to4
DOT/USD,asia,2026-07-04 01:00:00,2026-07-04 01:05:00,2026-07-04 02:00:00,short,0.8717955,0.877338,0.8496254999999999,0.8717955,break even,0.6357568948222383,4.718784844384297,397175.28086730075,346255.62257134885,2201.3439942070167,-836.9986796131283,836.9986796131283,-0.0,0.706450157870989,True,middle_candle,0.9166666666666666,market_on_signal_1to4
DOT/USD,london,2026-07-04 07:00:00,2026-07-04 07:05:00,2026-07-04 07:10:00,short,0.87317,0.875005,0.8658299999999999,0.875005,stopped out,0.21015380739146228,14.275258855585589,1170540.2631487972,1022080.6415736353,2147.9413828780794,-4618.6020499954575,2470.6606671173777,-1.0,0.13405994550406775,False,middle_candle,0.08333333333333333,market_on_signal_1to4
DOT/USD,london,2026-07-04 08:00:00,2026-07-04 08:05:00,2026-07-04 08:35:00,short,0.8720025,0.8733215,0.8667265000000002,0.8733215,stopped out,0.1512610342286816,19.83326383624019,1523414.1936150705,1328420.9853678255,2009.3833213782157,-5220.5560453507405,3211.1727239725246,-1.0,1.1842304776346564,False,middle_candle,0.5,market_on_signal_1to4
DOT/USD,new_york,2026-07-04 13:40:00,2026-07-04 13:45:00,2026-07-04 14:10:00,short,0.86913,0.874165,0.8489899999999999,0.874165,stopped out,0.5793149471310405,5.178530287984099,367977.4856043077,319820.2720632719,1852.7666400176934,-2625.8635313910904,773.0968913733969,-1.0,0.08272095332669907,False,middle_candle,0.4166666666666667,market_on_signal_1to4
DOT/USD,new_york,2026-07-04 14:35:00,2026-07-04 14:40:00,2026-07-04 14:55:00,short,0.87275,0.87498,0.8638300000000002,0.87498,stopped out,0.25551417931824166,11.741031390134768,795511.5399443933,694282.6964864692,1773.9907340759607,-3452.270196866991,1678.2794627910303,-1.0,0.13901345291481562,False,middle_candle,0.25,market_on_signal_1to4
DOT/USD,asia,2026-07-05 00:00:00,2026-07-05 00:05:00,2026-07-05 00:15:00,short,0.88185,0.8842295,0.8723320000000001,0.88185,break even,0.269830470034584,11.118092036142146,702005.7273250539,619063.7506415988,1670.422628169951,-1496.4537991772215,1496.4537991772215,-0.0,0.36982559361210326,True,middle_candle,0.16666666666666666,market_on_signal_1to4
DOT/USD,asia,2026-07-05 00:20:00,2026-07-05 00:25:00,2026-07-05 00:40:00,short,0.87945,0.881918,0.8695779999999999,0.87945,break even,0.28062993916652745,10.690235008103615,658642.2261728595,579242.9058077213,1625.5290141946343,-1400.1954502166445,1400.1954502166445,-0.0,1.201377633711493,True,middle_candle,0.25,market_on_signal_1to4
DOT/USD,london,2026-07-05 07:15:00,2026-07-05 07:20:00,2026-07-05 07:30:00,short,0.866725,0.86885,0.8582249999999998,0.86885,stopped out,0.24517580547463655,12.23611764705857,745187.3650296953,645872.5189553626,1583.523150688135,-3144.7813955348297,1561.2582448466947,-1.0,0.1835294117647028,False,three_candles,0.16666666666666666,market_on_signal_1to4
DOT/USD,new_york,2026-07-05 14:35:00,2026-07-05 14:40:00,2026-07-05 15:40:00,long,0.874923,0.87218,0.8858950000000002,0.874923,break even,0.31351330345642425,9.56897192854521,542901.8260379374,474997.2943425903,1489.17970882209,-1148.204050037147,1148.204050037147,0.0,2.6560335399197266,True,middle_candle,1.0,market_on_signal_1to4
DOT/USD,new_york,2026-07-05 14:55:00,2026-07-05 15:00:00,2026-07-05 15:40:00,long,0.878174,0.8749155,0.8912080000000002,0.8749155,stopped out,0.3710540280172327,8.085075955193975,457013.8741206279,401337.70189200825,1489.17970882209,-2459.327497522212,970.1477887001221,-1.0,1.2381463863740603,False,middle_candle,0.6666666666666666,market_on_signal_1to4
DOT/USD,asia,2026-07-06 01:00:00,2026-07-06 01:05:00,2026-07-06 01:10:00,long,0.881335,0.87533,0.9053549999999997,0.881335,break even,0.6813527205886443,4.403005828476323,229967.32096508343,202678.24882276182,1380.9537623953092,-489.9311826077183,489.9311826077183,0.0,0.3119067443796896,True,middle_candle,0.08333333333333333,market_on_signal_1to4
DOT/USD,asia,2026-07-06 01:35:00,2026-07-06 01:40:00,2026-07-06 01:50:00,long,0.88658,0.880985,0.9089600000000001,0.880985,stopped out,0.6310767217848379,4.753780160857895,244192.28363129112,216495.9948218301,1366.255826917078,-1889.5884459276567,523.3326190105787,-1.0,0.0,False,middle_candle,0.16666666666666666,market_on_signal_1to4
DOT/USD,london,2026-07-06 07:20:00,2026-07-06 07:25:00,2026-07-06 08:15:00,long,0.86718,0.86492,0.8762199999999997,0.86718,break even,0.26061486657901806,11.51123893805346,579454.9440439334,502491.7383760181,1309.5681735392482,-1214.66596964954,1214.66596964954,0.0,1.3840707964602292,True,middle_candle,0.8333333333333334,market_on_signal_1to4
DOT/USD,london,2026-07-06 07:40:00,2026-07-06 07:45:00,2026-07-06 08:15:00,long,0.868265,0.8668495,0.8739269999999996,0.868265,break even,0.16302626502276416,18.401942776405356,925162.962585191,803286.6197090308,1309.5681735392482,-1941.7730607646915,1941.7730607646915,0.0,1.4433062522078115,True,middle_candle,0.5,market_on_signal_1to4
DOT/USD,new_york,2026-07-06 14:15:00,2026-07-06 14:20:00,2026-07-06 14:25:00,short,0.85918,0.863115,0.8434400000000004,0.863115,stopped out,0.45799483228193283,6.550292249047164,308735.705877217,265259.54377558734,1214.8750026268212,-1856.0830391813697,641.2080365545485,-1.0,0.02414231257943314,False,middle_candle,0.08333333333333333,market_on_signal_1to4
DOT/USD,asia,2026-07-07 00:35:00,2026-07-07 00:40:00,2026-07-07 00:45:00,short,0.88321,0.88425,0.8790500000000003,0.88425,stopped out,0.11775228994236135,25.477211538463262,1114608.1840879407,984433.0942683102,1159.1925114513801,-3538.848310109945,2379.655798658565,-1.0,0.0,False,middle_candle,0.08333333333333333,market_on_signal_1to4
DOT/USD,asia,2026-07-07 01:25:00,2026-07-07 01:30:00,2026-07-07 14:35:00,short,0.8778,0.884366,0.8515360000000002,0.8515360000000002,target,0.7480063795853225,4.0106609808102585,160375.73288883458,140777.818329819,1053.0270621480815,3871.8080761768,340.3001724155261,4.0,4.134937557112423,True,middle_candle,13.083333333333334,market_on_signal_1to4
DOT/USD,london,2026-07-07 07:25:00,2026-07-07 07:30:00,2026-07-07 09:05:00,short,0.862395,0.86773,0.8410550000000001,0.862395,break even,0.618626035633321,4.84945641986881,197380.89262382113,170220.29489432022,1053.0270621480815,-411.4710427281086,411.4710427281086,-0.0,0.5216494845360808,True,middle_candle,1.5833333333333333,market_on_signal_1to4
DOT/USD,london,2026-07-07 08:45:00,2026-07-07 08:50:00,2026-07-07 09:00:00,short,0.860148,0.8621,0.8523400000000002,0.8621,stopped out,0.22693768979291398,13.219487704918343,539460.5851168578,464015.943367095,1053.0270621480815,-2174.6860522130573,1121.6589900649758,-1.0,0.0,False,middle_candle,0.16666666666666666,market_on_signal_1to4
DOT/USD,new_york,2026-07-07 14:50:00,2026-07-07 14:55:00,2026-07-07 18:50:00,long,0.8617,0.85589,0.88494,0.8617,break even,0.6742485783915495,4.4493975903614595,187882.37376680793,161898.2414748584,1091.5965915851507,-391.3542640545026,391.3542640545026,0.0,2.5759036144578262,True,middle_candle,3.9166666666666665,market_on_signal_1to4
DOT/USD,new_york,2026-07-07 15:15:00,2026-07-07 15:20:00,2026-07-07 18:30:00,long,0.8665205,0.8617,0.8858025,0.8665205,break even,0.5563053615003921,5.392721709366242,226448.83136296016,196222.55457704794,1091.5965915851507,-474.3259268157053,474.3259268157053,0.0,2.104657193237197,True,middle_candle,3.1666666666666665,market_on_signal_1to4
DOT/USD,london,2026-07-08 08:05:00,2026-07-08 08:10:00,2026-07-08 08:15:00,long,0.841635,0.836425,0.8624750000000002,0.836425,stopped out,0.619033191347799,4.8462667946256754,204534.77655643658,172143.62666707652,1065.6261858590444,-1481.7464705035736,416.12028464452914,-1.0,0.07044145873320592,False,middle_candle,0.08333333333333333,market_on_signal_1to4
DOT/USD,new_york,2026-07-08 14:25:00,2026-07-08 14:30:00,2026-07-08 16:40:00,short,0.8242,0.8313,0.7958000000000001,0.8242,break even,0.8614413977189996,3.482535211267608,143827.29461182226,118542.45621906391,1021.1737917439374,-286.5509550332528,286.5509550332528,-0.0,1.2535211267605668,True,middle_candle,2.1666666666666665,market_on_signal_1to4
DOT/USD,new_york,2026-07-08 14:45:00,2026-07-08 14:50:00,2026-07-08 15:35:00,short,0.819419,0.8242,0.8002949999999999,0.819419,break even,0.5834621847919118,5.1417213971972,213590.00036476256,175019.70450889337,1021.1737917439373,-423.0725857745108,423.0725857745108,-0.0,0.861535243672862,True,middle_candle,0.75,market_on_signal_1to4
DOT/USD,london,2026-07-09 07:45:00,2026-07-09 07:50:00,2026-07-09 08:00:00,long,0.8359335,0.83265,0.8490675,0.83265,stopped out,0.39279440290405815,7.637583371402479,304518.07081458997,254556.85674928804,999.8850855197046,-1615.2216724128712,615.3365868931667,-1.0,0.0,False,middle_candle,0.16666666666666666,market_on_signal_1to4
DOT/USD,london,2026-07-09 08:45:00,2026-07-09 08:50:00,2026-07-09 13:50:00,short,0.833005,0.83524,0.824065,0.833005,break even,0.268305712450704,11.1812751677853,425695.0493724043,354606.10460245964,951.4284353473181,-857.1841783561347,857.1841783561347,-0.0,3.541387024608524,True,middle_candle,5.0,market_on_signal_1to4
DOT/USD,new_york,2026-07-09 13:40:00,2026-07-09 13:45:00,2026-07-09 16:25:00,long,0.831206,0.826076,0.8517259999999999,0.826076,stopped out,0.617175525681957,4.860853801169621,185463.63262131074,154158.4842166292,951.4284353473181,-1324.0734967683557,372.6450614210376,-1.0,0.6696881091618045,False,middle_candle,2.6666666666666665,market_on_signal_1to4
DOT/USD,new_york,2026-07-09 14:15:00,2026-07-09 14:20:00,2026-07-09 14:35:00,short,0.8292,0.832839,0.8146440000000003,0.8292,break even,0.43885672937770714,6.835943940643132,254386.61994961463,210937.38526222046,925.7129099966344,-509.8958729807883,509.8958729807883,-0.0,0.27067875790052975,True,middle_candle,0.25,market_on_signal_1to4
DOT/USD,asia,2026-07-10 00:05:00,2026-07-10 00:10:00,2026-07-10 00:40:00,short,0.823449,0.826185,0.8125050000000001,0.823449,break even,0.33226101434332433,9.029046052631708,318236.0485760864,262051.15596392978,870.6938289041599,-633.4524473684381,633.4524473684381,-0.0,0.95084064327488,True,middle_candle,0.5,market_on_signal_1to4
DOT/USD,asia,2026-07-10 01:45:00,2026-07-10 01:50:00,2026-07-10 03:10:00,long,0.83966,0.82808,0.8859799999999997,0.83966,break even,1.379129647714542,2.175284974093278,73548.38130251401,61755.63384446891,851.6902554831066,-149.28099536012954,149.28099536012954,0.0,0.2153281519861877,True,three_candles,1.3333333333333333,market_on_signal_1to4
DOT/USD,london,2026-07-10 07:10:00,2026-07-10 07:15:00,2026-07-10 07:45:00,long,0.84351,0.841946,0.849766,0.84351,break even,0.18541570342971747,16.179859335038255,541695.5406792184,456925.60551832744,847.2118256223029,-1104.5196195231833,1104.5196195231833,0.0,2.769820971866992,True,three_candles,0.5,market_on_signal_1to4
DOT/USD,london,2026-07-10 07:40:00,2026-07-10 07:45:00,2026-07-10 08:00:00,short,0.84445,0.84746,0.8324100000000002,0.84746,stopped out,0.35644502338799894,8.416445182724372,281465.72279811127,237683.72961686508,847.2118256223029,-1421.7612477442394,574.5494221219366,-1.0,0.3438538205980142,False,middle_candle,0.25,market_on_signal_1to4
DOT/USD,asia,2026-07-11 01:35:00,2026-07-11 01:40:00,2026-07-11 02:00:00,short,0.8768405,0.880852,0.8607945000000002,0.880852,stopped out,0.45749483514960193,6.5574510781504065,192302.9788369165,168619.0401148513,771.4233996042801,-1179.023752446729,407.60035284244896,-1.0,0.3724292658606545,False,middle_candle,0.3333333333333333,market_on_signal_1to4
DOT/USD,london,2026-07-11 07:00:00,2026-07-11 07:05:00,2026-07-11 08:00:00,short,0.8756685,0.8783515,0.8649365,0.8756685,break even,0.30639448604123487,9.791298919120418,274339.4286361837,240230.395964704,736.0526870308784,-580.7054416393298,580.7054416393298,-0.0,0.3237048080506678,True,three_candles,0.9166666666666666,market_on_signal_1to4
DOT/USD,london,2026-07-11 07:50:00,2026-07-11 07:55:00,2026-07-11 08:20:00,short,0.87523,0.8766425,0.8695799999999998,0.87523,break even,0.1613861499263095,18.588955752211877,521099.2474554748,456081.6943504552,736.0526870308784,-1102.479645333091,1102.479645333091,-0.0,0.8640707964601234,True,three_candles,0.4166666666666667,market_on_signal_1to4
DOT/USD,new_york,2026-07-11 13:45:00,2026-07-11 13:50:00,2026-07-11 14:00:00,long,0.8789585,0.877636,0.8842485,0.877636,stopped out,0.15046216630250508,19.93856710775041,518379.6857631027,455634.2310288081,685.5571344217055,-1786.9551331764317,1101.3979987547261,-1.0,0.5266540642722015,False,middle_candle,0.16666666666666666,market_on_signal_1to4
DOT/USD,london,2026-07-12 07:15:00,2026-07-12 07:20:00,2026-07-12 07:30:00,long,0.84815,0.8456435,0.8581759999999998,0.8456435,stopped out,0.2955255556210537,10.151406343507015,252123.8701082869,213838.86043234353,631.9484804264129,-1148.8580471294536,516.9095667030408,-1.0,0.0,False,three_candles,0.16666666666666666,market_on_signal_1to4
DOT/USD,london,2026-07-12 07:30:00,2026-07-12 07:35:00,2026-07-12 08:05:00,short,0.8457,0.84808,0.8361800000000003,0.84808,stopped out,0.2814236726971666,10.660084033613723,251043.16765232972,212307.20688357524,597.4827390125291,-1110.6898618724244,513.2071228598952,-1.0,0.0,False,middle_candle,0.5,market_on_signal_1to4
DOT/USD,new_york,2026-07-12 15:25:00,2026-07-12 15:30:00,2026-07-12 16:35:00,long,0.845702,0.8423665,0.8590439999999997,0.8423665,stopped out,0.39440606738543077,7.6063738569931,169138.67280958398,143040.91387241078,564.1620431563565,-909.932763506732,345.7707203503755,-1.0,0.0,False,middle_candle,1.0833333333333333,market_on_signal_1to4
DOT/USD,asia,2026-07-13 01:00:00,2026-07-13 01:05:00,2026-07-14 05:30:00,short,0.844465,0.8544,0.8047249999999999,0.844465,break even,1.176484519784719,2.5499698037242,54037.65075502296,45632.90474484046,536.8640602511546,-110.30775683786273,110.30775683786273,-0.0,2.0246602918973267,True,middle_candle,28.416666666666668,market_on_signal_1to4
DOT/USD,asia,2026-07-13 01:30:00,2026-07-13 01:35:00,2026-07-13 07:55:00,short,0.837633,0.844465,0.8103049999999997,0.837633,break even,0.8156316668517192,3.678130854800904,78580.80507188961,65821.87549478211,536.8640602511546,-159.11026215159873,159.11026215159873,-0.0,1.9369145199062971,True,middle_candle,6.333333333333333,market_on_signal_1to4
DOT/USD,asia,2026-07-14 00:35:00,2026-07-14 00:40:00,2026-07-14 00:50:00,short,0.8375885,0.84019,0.8271824999999998,0.8375885,break even,0.3105940446890131,9.658910244089821,204532.28998139515,171313.8939670818,532.0907523866065,-414.11458385858936,414.11458385858936,-0.0,0.799923121276176,True,middle_candle,0.16666666666666666,market_on_signal_1to4
DOT/USD,asia,2026-07-14 00:55:00,2026-07-14 01:00:00,2026-07-14 01:30:00,long,0.840612,0.83765,0.8524600000000001,0.83765,stopped out,0.35236232649546045,8.513963538149842,175444.7383088606,147480.95235928794,519.6673148708486,-876.1708756682608,356.5035607974122,-1.0,0.0,False,middle_candle,0.5,market_on_signal_1to4
DOT/USD,london,2026-07-14 08:00:00,2026-07-14 08:05:00,2026-07-14 08:20:00,short,0.8433465,0.8443835,0.8391985000000002,0.8443835,stopped out,0.1229625071070971,24.397680810029996,472587.2284432851,398554.78505234496,490.0729558956652,-1453.4936402011392,963.420684305474,-1.0,0.5337512054002014,False,middle_candle,0.25,market_on_signal_1to4
DOT/USD,asia,2026-07-15 01:15:00,2026-07-15 01:20:00,2026-07-15 01:50:00,long,0.8555725,0.85144,0.8721024999999999,0.8555725,break even,0.48300991441403085,6.211052631578973,108038.26901140543,92434.57191376066,446.4681466896311,-223.44074608197928,223.44074608197928,0.0,0.7542649727767814,True,middle_candle,0.5,market_on_signal_1to4
DOT/USD,london,2026-07-15 07:20:00,2026-07-15 07:25:00,2026-07-15 08:30:00,short,0.852175,0.858851,0.825471,0.852175,break even,0.7834071640214763,3.8294263031755453,65872.51712210466,56134.91227852954,439.7649243071717,-135.69410688095437,135.69410688095437,-0.0,0.362717195925698,True,middle_candle,1.0833333333333333,market_on_signal_1to4
DOT/USD,new_york,2026-07-15 13:45:00,2026-07-15 13:50:00,2026-07-15 14:35:00,short,0.858525,0.86455,0.8344249999999998,0.858525,break even,0.701785038292427,4.274813278008257,72314.37362667866,62083.69761784429,435.6941011007431,-150.0740191473101,150.0740191473101,-0.0,0.6925311203319474,True,middle_candle,0.75,market_on_signal_1to4
DOT/USD,asia,2026-07-16 01:10:00,2026-07-16 01:15:00,2026-07-16 01:35:00,short,0.8411065,0.84285,0.8341324999999999,0.8411065,break even,0.20728647323496,14.472724404932531,247313.95499072064,208017.37508340256,431.19188052632364,-502.8373748516384,502.8373748516384,-0.0,2.4356180097504496,True,middle_candle,0.3333333333333333,market_on_signal_1to4
DOT/USD,london,2026-07-16 08:10:00,2026-07-16 08:15:00,2026-07-16 08:25:00,short,0.831412,0.83539,0.8155000000000003,0.83539,stopped out,0.47846314462624134,6.270075414781414,104602.00082473153,86967.35870969169,416.10675928077427,-626.3316904137089,210.22493113293467,-1.0,0.06460532931122863,False,middle_candle,0.16666666666666666,market_on_signal_1to4
DOT/USD,london,2026-07-16 08:25:00,2026-07-16 08:30:00,2026-07-16 08:35:00,long,0.83555,0.831155,0.8531300000000002,0.83555,break even,0.5260008377715323,5.703412969283227,90402.00422488277,75535.3946301008,397.3168085683632,-182.59061065910436,182.59061065910436,0.0,0.33105802047780925,True,middle_candle,0.08333333333333333,market_on_signal_1to4
DOT/USD,new_york,2026-07-16 14:00:00,2026-07-16 14:05:00,2026-07-16 14:20:00,long,0.8481135,0.838835,0.8852274999999998,0.8481135,break even,1.0940163079587777,2.7421894702807657,42230.86600728475,35816.56757746929,391.83909024859014,-86.57886779712544,86.57886779712544,0.0,0.31971762677156795,True,middle_candle,0.25,market_on_signal_1to4
DOT/USD,new_york,2026-07-16 15:25:00,2026-07-16 15:30:00,2026-07-16 15:45:00,long,0.8520185,0.8468445,0.8727145000000001,0.8520185,break even,0.6072638094125904,4.940192307692296,75230.3293804939,64097.63239327435,389.24172421467637,-154.94227438413176,154.94227438413176,0.0,1.581271743332032,True,middle_candle,0.25,market_on_signal_1to4
DOT/USD,asia,2026-07-17 00:45:00,2026-07-17 00:50:00,2026-07-17 01:50:00,long,0.862547,0.858187,0.8799869999999996,0.862547,break even,0.5054797013959726,5.934956422018457,88209.50825301826,76084.84671511613,384.59345598315247,-183.91879319157357,183.91879319157357,0.0,1.4410550458715952,True,middle_candle,1.0,market_on_signal_1to4
DOT/USD,asia,2026-07-17 01:05:00,2026-07-17 01:10:00,2026-07-17 01:50:00,long,0.8683635,0.862353,0.8924054999999996,0.862353,stopped out,0.6921640534177126,4.334232592962374,63986.932199177725,55563.916398740665,384.5934559831525,-518.9073028299197,134.3138468467672,-1.0,0.07761417519341862,False,middle_candle,0.6666666666666666,market_on_signal_1to4
DOT/USD,london,2026-07-17 08:00:00,2026-07-17 08:05:00,2026-07-17 08:05:00,short,0.848553,0.849945,0.8429850000000002,0.849945,stopped out,0.1640439666113901,18.287780172414468,261141.28814836277,221592.2234821577,363.5086731025076,-899.1603315210941,535.6516584185865,-1.0,0.0,False,middle_candle,0.0,market_on_signal_1to4
DOT/USD,london,2026-07-17 08:50:00,2026-07-17 08:55:00,2026-07-17 12:30:00,long,0.8500225,0.8427095,0.8792745000000001,0.8500225,break even,0.8603301677308559,3.4870333652399768,46018.57830669685,39116.82697870422,336.5338631568747,-94.5565368403054,94.5565368403054,0.0,1.4053739915219363,True,middle_candle,3.5833333333333335,market_on_signal_1to4
DOT/USD,new_york,2026-07-17 13:35:00,2026-07-17 13:40:00,2026-07-17 13:55:00,short,0.8343405,0.843942,0.7959345000000003,0.843942,stopped out,1.150789156225777,2.6069067333229374,34754.69114739031,28997.246389259206,333.6971670516656,-403.7917889382036,70.09462188653798,-1.0,0.03546320887362176,False,middle_candle,0.25,market_on_signal_1to4
DOT/USD,new_york,2026-07-17 13:55:00,2026-07-17 14:00:00,2026-07-17 14:30:00,long,0.844158,0.837917,0.8691219999999997,0.844158,break even,0.7393165734376671,4.057801634353507,51527.54580732613,43497.39001362081,321.58341338351937,-105.14560814248112,105.14560814248112,0.0,0.7481974042621434,True,middle_candle,0.5,market_on_signal_1to4
DOT/USD,asia,2026-07-18 00:15:00,2026-07-18 00:20:00,2026-07-18 00:20:00,long,0.8514465,0.850052,0.8570244999999999,0.850052,stopped out,0.16378010832154047,18.31724273933355,228346.3930722501,194424.7371689916,318.4290451392448,-788.4091340865164,469.9800889472716,-1.0,0.0,False,middle_candle,0.0,market_on_signal_1to4
DOT/USD,asia,2026-07-18 01:00:00,2026-07-18 01:05:00,2026-07-18 03:55:00,short,0.8492665,0.851095,0.8419525,0.8492665,break even,0.21530344126372705,13.933822805578261,161212.34406160665,136912.24319799646,294.77677111664946,-330.9559738801966,330.9559738801966,-0.0,1.4965818977303882,True,three_candles,2.8333333333333335,market_on_signal_1to4
DOT/USD,london,2026-07-18 07:05:00,2026-07-18 07:10:00,2026-07-18 07:40:00,short,0.8440845,0.8462835,0.8352885000000002,0.8440845,break even,0.26051894093541,11.515477489768331,129535.28508424287,109338.7263426906,284.84809190024373,-264.3029126857153,264.3029126857153,-0.0,0.31809913597088657,True,middle_candle,0.5,market_on_signal_1to4
DOT/USD,new_york,2026-07-18 14:20:00,2026-07-18 14:25:00,2026-07-18 16:05:00,long,0.834145,0.830969,0.8468490000000003,0.830969,stopped out,0.38074915032758905,7.879203400503611,87191.12232986977,72730.03873584923,276.9190045196723,-452.7282691838834,175.80926466421113,-1.0,0.13901133501258633,False,three_candles,1.6666666666666667,market_on_signal_1to4
DOT/USD,new_york,2026-07-18 14:35:00,2026-07-18 14:40:00,2026-07-18 14:50:00,short,0.832293,0.833918,0.8257929999999996,0.833918,stopped out,0.19524374228788405,15.365409230768295,170411.69508901876,141832.46094072468,276.9190045196723,-619.7685491771174,342.84954465744516,-1.0,0.0,False,middle_candle,0.16666666666666666,market_on_signal_1to4
DOT/USD,asia,2026-07-19 00:25:00,2026-07-19 00:30:00,2026-07-19 00:45:00,short,0.833945,0.8373965,0.8201390000000003,0.833945,break even,0.4138762148582869,7.2485441112561,70909.48861910659,59134.61348646085,244.7440999688422,-142.9452409755496,142.9452409755496,-0.0,0.302766912936431,True,middle_candle,0.25,market_on_signal_1to4
DOT/USD,asia,2026-07-19 01:55:00,2026-07-19 02:00:00,2026-07-19 02:00:00,short,0.833106,0.833945,0.8297499999999999,0.833945,stopped out,0.10070747299863812,29.789249106077452,286598.02471938735,238766.53398186993,240.45574273957578,-817.6226121019586,577.1668693623828,-1.0,0.0,False,three_candles,0.0,market_on_signal_1to4
DOT/USD,london,2026-07-19 08:55:00,2026-07-19 09:00:00,2026-07-19 09:15:00,short,0.83567,0.83646,0.8325100000000002,0.8325100000000002,target,0.09453492407289449,31.734303797470066,273325.3979449731,228409.83530067565,215.92706437651708,311.5764852113855,552.1317722946828,4.0,6.265822784810477,True,three_candles,0.25,market_on_signal_1to4
DOT/USD,new_york,2026-07-19 13:30:00,2026-07-19 13:35:00,2026-07-19 14:10:00,short,0.823155,0.82707,0.807495,0.82707,stopped out,0.47560908941815355,6.307701149425283,57541.3432778693,47365.4444258945,225.27435893285843,-339.77015873923864,114.49579980638022,-1.0,0.14176245210727254,False,three_candles,0.5833333333333334,market_on_signal_1to4
DOT/USD,asia,2026-07-20 00:45:00,2026-07-20 00:50:00,2026-07-20 01:05:00,short,0.81571,0.823213,0.7856980000000003,0.81571,break even,0.919812188155095,3.261535385845694,28666.034142434153,23383.170710324965,215.08125417068135,-56.5237984133455,56.5237984133455,-0.0,0.7072504331600752,True,middle_candle,0.25,market_on_signal_1to4
DOT/USD,asia,2026-07-20 01:40:00,2026-07-20 01:45:00,2026-07-20 02:00:00,short,0.8102355,0.8158,0.7879775000000001,0.8102355,break even,0.6867756349851336,4.368238835474907,38347.65751069856,31070.633457009604,213.38554021828108,-75.10659028475922,75.10659028475922,-0.0,0.582801689280261,True,middle_candle,0.25,market_on_signal_1to4
DOT/USD,asia,2026-07-21 01:15:00,2026-07-21 01:20:00,2026-07-21 01:35:00,short,0.8286645,0.83075,0.8203225000000002,0.8286645,break even,0.2516700063777273,11.920371613522152,101238.23663857205,83892.532744984,211.1323425097382,-202.79219905659073,202.79219905659073,-0.0,0.7765523855190722,True,middle_candle,0.25,market_on_signal_1to4
DOT/USD,asia,2026-07-21 01:55:00,2026-07-21 02:00:00,2026-07-21 02:30:00,short,0.8272,0.828505,0.82198,0.8272,break even,0.1577611218568666,19.016091954022983,157125.34600616113,129974.08621629649,205.04857653804035,-314.18446793465813,314.18446793465813,-0.0,2.377394636015331,True,middle_candle,0.5,market_on_signal_1to4
DOT/USD,london,2026-07-21 07:20:00,2026-07-21 07:25:00,2026-07-21 07:55:00,short,0.854035,0.8595365,0.8320289999999998,0.8595365,stopped out,0.6441773463616887,4.657102608379492,35558.12823775316,30367.88604952952,195.6230425000007,-269.03089169921645,73.40784919921576,-1.0,0.19912751067890894,False,middle_candle,0.5,market_on_signal_1to4
DOT/USD,london,2026-07-21 08:50:00,2026-07-21 08:55:00,2026-07-21 09:00:00,long,0.8596,0.856643,0.871428,0.856643,stopped out,0.3439972080037212,8.721001014541802,63426.4848660889,54521.40639089002,187.55211574902407,-319.34591831874945,131.79380256972541,-1.0,0.0,False,middle_candle,0.08333333333333333,market_on_signal_1to4
DOT/USD,new_york,2026-07-21 14:20:00,2026-07-21 14:25:00,2026-07-21 15:05:00,short,0.8577275,0.861087,0.8442894999999997,0.8577275,break even,0.39167451200994147,7.659421044798171,52975.66250914058,45438.68256480888,177.97173819946153,-109.8382663873372,109.8382663873372,-0.0,0.5886292603065706,True,middle_candle,0.6666666666666666,market_on_signal_1to4
DOT/USD,asia,2026-07-22 00:20:00,2026-07-22 00:25:00,2026-07-22 02:00:00,long,0.8517,0.84578,0.8753800000000002,0.8517,break even,0.6950804273805373,4.316047297297271,29506.180778351427,25130.41416892191,174.6765902078415,-60.74738460942805,60.74738460942805,0.0,0.24222972972971732,True,middle_candle,1.5833333333333333,market_on_signal_1to4
DOT/USD,asia,2026-07-22 01:15:00,2026-07-22 01:20:00,2026-07-22 01:40:00,short,0.849608,0.8514135,0.842386,0.8514135,stopped out,0.21250976921121453,14.116998061478697,96746.93448232624,82196.96951166024,174.6765902078415,-373.37012892513303,198.6935387172915,-1.0,0.8906120188313709,False,middle_candle,0.3333333333333333,market_on_signal_1to4
DOT/USD,london,2026-07-22 08:00:00,2026-07-22 08:05:00,2026-07-22 08:30:00,long,0.841185,0.839635,0.8473849999999997,0.841185,break even,0.18426386585589857,16.281000000000628,104292.2998721362,87729.11826794287,161.65306480180487,-212.06632143211326,212.06632143211326,0.0,1.2451612903226204,True,middle_candle,0.4166666666666667,market_on_signal_1to4
DOT/USD,london,2026-07-22 08:35:00,2026-07-22 08:40:00,2026-07-22 09:00:00,short,0.8404485,0.842376,0.8327385000000002,0.842376,stopped out,0.22934183355672247,13.080910505836775,80566.05715115118,67711.62188359929,155.29107515884155,-318.9693937668166,163.67831860797506,-1.0,0.2690012970169111,False,middle_candle,0.3333333333333333,market_on_signal_1to4
DOT/USD,new_york,2026-07-22 13:35:00,2026-07-22 13:40:00,2026-07-22 14:20:00,long,0.83835,0.83497,0.8518700000000002,0.83835,break even,0.40317289914714016,7.4409763313608375,43113.015782791364,36143.796781503144,145.72199334583695,-87.36987419197683,87.36987419197683,0.0,2.1918639053253908,True,middle_candle,0.6666666666666666,market_on_signal_1to4
DOT/USD,new_york,2026-07-22 14:20:00,2026-07-22 14:25:00,2026-07-22 14:30:00,short,0.8384565,0.8424275,0.8225725000000003,0.8384565,break even,0.4736083505822838,6.334347771342316,36036.48882399383,30215.028291654984,143.10089712007758,-73.03834836466037,73.03834836466037,-0.0,0.5695039032989316,True,middle_candle,0.08333333333333333,market_on_signal_1to4
DOT/USD,asia,2026-07-23 00:20:00,2026-07-23 00:25:00,2026-07-23 01:30:00,long,0.8405225,0.833765,0.8675524999999998,0.833765,stopped out,0.8039642008393556,3.7315094339622785,20852.348748670127,17526.868301104085,140.9097466691378,-183.2771904577349,42.367443788597086,-1.0,0.15183129855717153,False,middle_candle,1.0833333333333333,market_on_signal_1to4
DOT/USD,asia,2026-07-23 01:30:00,2026-07-23 01:35:00,2026-07-23 17:55:00,short,0.83345,0.839735,0.8083100000000001,0.8083100000000001,target,0.754094426780249,3.978281622911704,21545.175967447252,17956.826910068914,135.41143095540565,498.23894734199405,43.40677647962856,4.0,4.470962609387443,True,three_candles,16.333333333333332,market_on_signal_1to4
DOT/USD,london,2026-07-23 07:40:00,2026-07-23 07:45:00,2026-07-23 08:00:00,short,0.819105,0.82045,0.8137249999999998,0.82045,stopped out,0.1642036124794795,18.269999999999445,100677.6438330123,82465.56145183955,135.41143095540565,-334.7542330626035,199.34280210719783,-1.0,0.0063197026022056586,False,middle_candle,0.25,market_on_signal_1to4
DOT/USD,london,2026-07-23 08:05:00,2026-07-23 08:15:00,2026-07-23 09:00:00,long,0.8208365,0.8190965,0.8277964999999998,0.8208365,break even,0.21197887764493462,14.152353448276154,72051.03676064954,59142.1208359829,125.3688039635276,-142.96338838234314,142.96338838234314,0.0,1.9508620689656027,True,middle_candle,0.75,market_on_signal_1to4
DOT/USD,asia,2026-07-24 00:05:00,2026-07-24 00:10:00,2026-07-24 01:25:00,short,0.813177,0.817283,0.7967530000000003,0.817283,stopped out,0.5049331203415669,5.941380905991314,33128.85307655113,26939.62135823062,136.02707073231707,-201.14782556271803,65.12075483040095,-1.0,0.6032635168046997,False,middle_candle,1.25,market_on_signal_1to4
DOT/USD,asia,2026-07-24 01:30:00,2026-07-24 01:35:00,2026-07-24 01:50:00,long,0.8176215,0.81605,0.8239074999999998,0.8176215,break even,0.19220384982537125,15.608428253261733,82718.8265767992,67632.69106396243,129.99263596543562,-163.48752028583888,163.48752028583888,0.0,0.9475023862551778,True,middle_candle,0.25,market_on_signal_1to4
DOT/USD,london,2026-07-24 08:10:00,2026-07-24 08:15:00,2026-07-24 10:05:00,short,0.81028,0.811828,0.804088,0.804088,target,0.19104507083970895,15.70310077519386,80806.20824086625,65475.65441340911,125.08801035686047,342.07869445951997,158.27334696792192,4.0,4.71576227390181,True,three_candles,1.8333333333333333,market_on_signal_1to4
DOT/USD,new_york,2026-07-24 13:30:00,2026-07-24 13:35:00,2026-07-24 14:15:00,long,0.795315,0.791282,0.8114469999999998,0.791282,stopped out,0.5070946731798034,5.916055045871629,33560.71688337405,26691.341548100634,135.35037119064597,-199.87096284763714,64.52059165699119,-1.0,0.41904289610711354,False,middle_candle,0.6666666666666666,market_on_signal_1to4
DOT/USD,new_york,2026-07-24 14:15:00,2026-07-24 14:20:00,2026-07-24 15:00:00,short,0.791525,0.796045,0.7734450000000002,0.796045,stopped out,0.5710495562363751,5.253484513274373,28618.195200269423,22652.016955893258,129.3542423052169,-184.11063338374746,54.75639107853055,-1.0,0.27367256637169296,False,middle_candle,0.6666666666666666,market_on_signal_1to4
DOT/USD,london,2026-07-25 07:40:00,2026-07-25 07:45:00,2026-07-25 08:25:00,short,0.810915,0.81288,0.8030550000000001,0.810915,break even,0.24231886202622893,12.380381679389348,63018.28157949347,51102.469807034955,123.83092330370432,-123.52925689934273,123.52925689934273,-0.0,1.2300254452926256,True,middle_candle,0.6666666666666666,market_on_signal_1to4
DOT/USD,london,2026-07-25 08:50:00,2026-07-25 08:55:00,2026-07-25 09:10:00,short,0.81079,0.81247,0.80407,0.81247,stopped out,0.2072053182698374,14.478392857142728,71503.00333138292,57973.92007105196,120.12504559672436,-260.2645592633038,140.13951366657946,-1.0,0.31547619047620584,False,middle_candle,0.25,market_on_signal_1to4
DOT/USD,new_york,2026-07-25 14:20:00,2026-07-25 14:25:00,2026-07-26 02:55:00,short,0.8192185,0.823712,0.8012444999999998,0.8192185,break even,0.5485105622004434,5.469356848781525,24995.46207161995,20476.744945119386,112.31710881882522,-49.49813768961424,49.49813768961424,-0.0,1.5441192834093465,True,middle_candle,12.5,market_on_signal_1to4
DOT/USD,new_york,2026-07-25 14:40:00,2026-07-25 14:45:00,2026-07-25 15:05:00,long,0.8203765,0.819211,0.8250384999999997,0.8203765,break even,0.14206891591847529,21.116512226513485,96368.17573473352,79058.18672064561,112.31710881882522,-191.1062047350677,191.1062047350677,0.0,2.3316173316175046,True,middle_candle,0.3333333333333333,market_on_signal_1to4
DOT/USD,asia,2026-07-26 00:20:00,2026-07-26 00:25:00,2026-07-26 00:55:00,long,0.8156335,0.813601,0.8237635,0.8156335,break even,0.24919280534700852,12.038870848708529,52439.81435511609,42771.66932181358,106.58392267677307,-103.39133407091593,103.39133407091593,0.0,0.5156211562115334,True,middle_candle,0.5,market_on_signal_1to4
DOT/USD,asia,2026-07-26 00:45:00,2026-07-26 00:50:00,2026-07-26 01:45:00,short,0.815077,0.8166815,0.8086590000000005,0.815077,break even,0.19685256730344464,15.239831723279254,66428.12257823613,54144.034866700975,106.58392267677307,-130.88158787376122,130.88158787376122,-0.0,0.3240885010907505,True,three_candles,0.9166666666666666,market_on_signal_1to4
DOT/USD,new_york,2026-07-26 14:05:00,2026-07-26 14:10:00,2026-07-26 14:25:00,long,0.824917,0.8220425,0.836415,0.8220425,stopped out,0.34845929954165106,8.609326839450333,34117.512919723136,28144.11640519925,98.07079088774422,-166.1031540739216,68.03236318617736,-1.0,0.06366324578185183,False,middle_candle,0.25,market_on_signal_1to4
BTC/USD,asia,2026-07-01 01:00:00,2026-07-01 01:05:00,2026-07-01 01:10:00,short,58298.7025,58470.86,58126.545,58298.7025,break even,0.2953024554877549,10.159075701029511,17.42590360570977,1015907.5701029511,3000.0,-1220.668823629545,1220.668823629545,-0.0,3.3495636263304975,True,middle_candle,0.08333333333333333,market_on_signal_1to1
BTC/USD,asia,2026-07-02 00:00:00,2026-07-02 00:05:00,2026-07-02 00:35:00,short,59844.5635,60096.405,59592.721999999994,59592.721999999994,target,0.4208260287503013,7.128836609534107,11.766845159717866,704181.7123554035,2963.3799352911137,2117.2668756599105,846.113059631203,1.0,1.1027114276240844,True,middle_candle,0.5,market_on_signal_1to1
BTC/USD,asia,2026-07-02 01:05:00,2026-07-02 01:10:00,2026-07-02 01:25:00,long,59759.2585,59565.403,59953.11400000001,59953.11400000001,target,0.32439408531149216,9.24801078638446,15.614196871178951,933092.8270946742,3026.897941560911,1905.7355867303459,1121.1623548305652,1.0,1.038159866498457,True,middle_candle,0.25,market_on_signal_1to1
BTC/USD,asia,2026-07-03 00:05:00,2026-07-03 00:10:00,2026-07-03 00:45:00,short,61316.245,61511.061,61121.429000000004,61316.245,break even,0.3177233048109826,9.442178003860105,15.830681305246175,970677.9334293943,3084.0700091628214,-1166.322927392245,1166.322927392245,-0.0,0.8009865719448424,True,middle_candle,0.5833333333333334,market_on_signal_1to1
BTC/USD,asia,2026-07-03 01:35:00,2026-07-03 01:40:00,2026-07-03 02:25:00,long,61628.116,61331.733,61924.499,61331.733,stopped out,0.4809217273492534,6.238021344004177,10.287635665139488,634007.6041369536,3049.0803213410536,-3810.8753301484135,761.7950088073599,-1.0,0.09981341709881658,False,middle_candle,0.75,market_on_signal_1to1
BTC/USD,new_york,2026-07-03 15:05:00,2026-07-03 15:10:00,2026-07-03 15:15:00,long,62278.2775,62002.85,62553.704999999994,62002.85,stopped out,0.4422529187644889,6.783448729702059,10.655268850919473,663591.7903346691,2934.7540614366017,-3732.096097184949,797.3420357483475,-1.0,0.04383367673890243,False,middle_candle,0.08333333333333333,market_on_signal_1to1
BTC/USD,asia,2026-07-06 01:50:00,2026-07-06 01:55:00,2026-07-06 02:20:00,short,63520.4255,63746.19,63294.66099999999,63520.4255,break even,0.35542032066520834,8.440710408412125,12.503255288236161,794212.096043886,2822.7911785210526,-954.2895175906607,954.2895175906607,-0.0,0.7488754875101896,True,middle_candle,0.4166666666666667,market_on_signal_1to1
BTC/USD,london,2026-07-06 07:40:00,2026-07-06 07:45:00,2026-07-06 08:05:00,long,63033.603,62910.85,63156.35600000001,63156.35600000001,target,0.19474215998727576,15.404984725423695,22.76247825302222,1434801.0174971363,2794.162492993333,1070.1701518463758,1723.9923411469574,1.0,1.2378271814130397,True,middle_candle,0.3333333333333333,market_on_signal_1to1
BTC/USD,new_york,2026-07-06 13:45:00,2026-07-06 13:50:00,2026-07-06 14:25:00,long,61838.4415,61392.08,62284.803,62284.803,target,0.7218188058636618,4.15616769143397,6.331790706744938,391548.0692092905,2826.2675975487246,2355.8010560033267,470.4665415453979,1.0,1.1554928012384644,False,middle_candle,0.5833333333333334,market_on_signal_1to1
BTC/USD,asia,2026-07-07 00:20:00,2026-07-07 00:25:00,2026-07-07 00:30:00,long,64177.94,63957.7,64398.18000000001,64177.94,break even,0.3431708777190499,8.742000544859945,13.153567150511966,844168.843371528,2896.9416292288242,-1014.3152972849799,1014.3152972849799,0.0,0.5215446785324883,True,middle_candle,0.08333333333333333,market_on_signal_1to1
BTC/USD,asia,2026-07-07 01:00:00,2026-07-07 01:05:00,2026-07-07 01:40:00,short,63886.1945,64176.885,63595.50399999999,63886.1945,break even,0.4550130153706436,6.59321799301997,9.861045236463637,629984.6539500144,2866.5121703102745,-756.9612128826838,756.9612128826838,-0.0,0.5183726334365658,True,middle_candle,0.5833333333333334,market_on_signal_1to1
BTC/USD,new_york,2026-07-07 15:15:00,2026-07-07 15:20:00,2026-07-07 15:45:00,long,63539.395,63114.25,63964.53999999999,63964.53999999999,target,0.669104576774766,4.483604064495676,6.689019825997756,425016.2728869026,2843.8033339237945,2333.122904801986,510.68042912180874,1.0,1.1951334250667585,True,middle_candle,0.4166666666666667,market_on_signal_1to1
BTC/USD,london,2026-07-08 07:25:00,2026-07-08 07:30:00,2026-07-08 07:35:00,long,62748.12,62553.075,62943.16500000001,62748.12,break even,0.3108379980149294,9.651329693147462,14.939101341063711,937400.5236412267,2913.797021067854,-1126.3382891682734,1126.3382891682734,0.0,0.44310287369577883,True,middle_candle,0.08333333333333333,market_on_signal_1to1
BTC/USD,asia,2026-07-09 00:20:00,2026-07-09 00:25:00,2026-07-09 01:00:00,short,62127.55,62267.371,61987.72900000001,62127.55,break even,0.22505474624381017,13.330089900659054,20.597813435699088,1279691.684117067,2880.0068723928052,-1537.619945583624,1537.619945583624,-0.0,0.8374278541850431,True,middle_candle,0.5833333333333334,market_on_signal_1to1
BTC/USD,asia,2026-07-09 01:30:00,2026-07-09 01:35:00,2026-07-09 01:40:00,short,62221.8475,62425.619,62018.07600000001,62018.07600000001,target,0.3274918829756627,9.160532385539899,13.907137524263023,865327.7901962214,2833.878274025297,1794.1393383210057,1039.7389357042912,1.0,1.0098026465919179,False,middle_candle,0.08333333333333333,market_on_signal_1to1
BTC/USD,london,2026-07-09 08:35:00,2026-07-09 08:40:00,2026-07-09 08:45:00,long,63034.375,62922.3925,63146.3575,62922.3925,stopped out,0.1776530662832752,16.88684615899832,25.787086858883956,1625472.9032204633,2887.7024541749274,-4840.797553579247,1953.0950994043196,-1.0,0.0,False,middle_candle,0.08333333333333333,market_on_signal_1to1
BTC/USD,asia,2026-07-10 01:15:00,2026-07-10 01:20:00,2026-07-10 01:45:00,long,63215.855,62926.895,63504.81500000001,63504.81500000001,target,0.45710051695101866,6.5631078696011835,9.490858691747954,599972.7468830284,2742.4785275675495,2021.5782717762913,720.9002557912581,1.0,2.0524159093645706,True,middle_candle,0.4166666666666667,market_on_signal_1to1
BTC/USD,new_york,2026-07-10 14:15:00,2026-07-10 14:20:00,2026-07-10 15:15:00,short,64091.062,64483.92,63698.204,64091.062,break even,0.6129684666482828,4.894215874438089,7.135213934095366,457303.43863337,2803.1258757208384,-549.4752346631026,549.4752346631026,-0.0,0.8803740791838294,True,middle_candle,0.9166666666666666,market_on_signal_1to1
BTC/USD,london,2026-07-11 08:10:00,2026-07-11 08:15:00,2026-07-11 08:45:00,long,64190.022,64110.05,64269.99399999999,64190.022,break even,0.12458634147219064,24.079686140150766,34.845216059135,2236715.1854306287,2786.641618680945,-2687.5363217514564,2687.5363217514564,0.0,0.8917371079879314,True,middle_candle,0.5,market_on_signal_1to1
BTC/USD,new_york,2026-07-11 13:30:00,2026-07-11 13:35:00,2026-07-11 14:15:00,long,64179.74,64097.9125,64261.5675,64261.5675,target,0.1274974002699285,23.52989154013032,33.06975685470558,2122408.396798222,2706.0155290284015,155.82510105609208,2550.1904279723094,1.0,1.4376584888943236,True,middle_candle,0.6666666666666666,market_on_signal_1to1
BTC/USD,asia,2026-07-13 01:30:00,2026-07-13 01:35:00,2026-07-13 03:05:00,short,63562.65,64083.12,63042.18,63042.18,target,0.818829926065073,3.663764482102707,5.208158552961898,331044.3592464236,2710.690282060085,2312.922275931754,397.7680061283308,1.0,1.1888581474436528,True,middle_candle,1.5,market_on_signal_1to1
BTC/USD,asia,2026-07-14 00:10:00,2026-07-14 00:15:00,2026-07-14 00:55:00,long,62366.18,62142.1785,62590.1815,62590.1815,target,0.3591714291303371,8.352557460552775,12.410979169059386,774025.3608338081,2780.077950338037,1850.043905436993,930.034044901044,1.0,1.0442340787896411,False,middle_candle,0.6666666666666666,market_on_signal_1to1
BTC/USD,london,2026-07-14 07:05:00,2026-07-14 07:10:00,2026-07-14 08:15:00,short,62509.05,62607.89,62410.21000000001,62509.05,break even,0.1581211040641259,18.97279947389788,28.688580205395056,1793295.89448805,2835.579267501147,-2154.743654211167,2154.743654211167,-0.0,0.9912990692028193,True,middle_candle,1.0833333333333333,market_on_signal_1to1
BTC/USD,london,2026-07-15 07:20:00,2026-07-15 07:25:00,2026-07-15 08:00:00,short,64617.94,64929.395,64306.48500000001,64617.94,break even,0.4819946287362217,6.224135749947937,8.89674899383494,574889.5926786866,2770.936957874812,-690.7614663613992,690.7614663613992,-0.0,0.6101459279831964,True,middle_candle,0.5833333333333334,market_on_signal_1to1
BTC/USD,new_york,2026-07-15 14:30:00,2026-07-15 14:35:00,2026-07-15 15:40:00,long,65425.357,64989.1,65861.614,65425.357,break even,0.666801099763208,4.499092759543061,6.304114578984263,412448.94689895015,2750.2141138839697,-495.58009570434206,495.58009570434206,0.0,0.16975658843295233,True,middle_candle,1.0833333333333333,market_on_signal_1to1
BTC/USD,asia,2026-07-16 00:20:00,2026-07-16 00:25:00,2026-07-16 01:05:00,short,64621.823,64807.2785,64436.36749999999,64621.823,break even,0.2869858685354693,10.45347638651839,14.749342624040729,953129.4084171155,2735.3467110128395,-1145.2374093652447,1145.2374093652447,-0.0,0.9071070957722591,True,middle_candle,0.6666666666666666,market_on_signal_1to1
BTC/USD,asia,2026-07-16 00:35:00,2026-07-16 00:40:00,2026-07-16 01:20:00,short,64460.5,64640.519,64280.481,64460.5,break even,0.27927025077372997,10.742282759042087,15.194766724694816,979462.2604571902,2735.3467110128395,-1176.8777794820962,1176.8777794820962,-0.0,0.6481121437181655,True,middle_candle,0.6666666666666666,market_on_signal_1to1
BTC/USD,london,2026-07-16 07:05:00,2026-07-16 07:10:00,2026-07-16 07:15:00,short,64641.2,64752.703,64529.69699999999,64529.69699999999,target,0.17249525070698604,17.391783180720928,23.906829909036684,1545366.173516022,2665.683255347419,808.840797808167,1856.842457539252,1.0,1.1065666394625435,False,middle_candle,0.08333333333333333,market_on_signal_1to1
BTC/USD,london,2026-07-16 08:10:00,2026-07-16 08:15:00,2026-07-16 08:20:00,short,63914.25,64433.54,63394.96,63914.25,break even,0.8124792202051981,3.6924021259796964,5.18005060617701,331079.049455849,2689.9484792816643,-397.8096883230274,397.8096883230274,-0.0,0.18188295557395084,True,middle_candle,0.08333333333333333,market_on_signal_1to1
BTC/USD,new_york,2026-07-16 14:05:00,2026-07-16 14:10:00,2026-07-16 14:15:00,long,64552.9635,64190.8,64915.12699999999,64552.9635,break even,0.5610331119809784,5.347277969756826,7.394489474041447,477336.2091189317,2678.0141886319734,-573.5457102676631,573.5457102676631,0.0,0.31172937085047503,True,middle_candle,0.08333333333333333,market_on_signal_1to1
BTC/USD,new_york,2026-07-16 15:25:00,2026-07-16 15:30:00,2026-07-16 16:10:00,long,64768.77,64453.904,65083.63599999999,64453.904,stopped out,0.4861386127913106,6.171079443318851,8.450603803916554,547335.2141369963,2660.8078173239433,-3318.461182288953,657.6533649650098,-1.0,0.08702749741160475,False,middle_candle,0.6666666666666666,market_on_signal_1to1
BTC/USD,asia,2026-07-17 01:00:00,2026-07-17 01:05:00,2026-07-17 01:15:00,long,63868.384,63598.5625,64138.2055,63868.384,break even,0.42246489280204463,7.101181781288788,9.492401390753859,606264.3371068015,2561.253981855275,-728.4599475026153,728.4599475026153,0.0,0.5565549817194003,True,middle_candle,0.16666666666666666,market_on_signal_1to1
BTC/USD,asia,2026-07-17 01:40:00,2026-07-17 01:45:00,2026-07-17 02:10:00,short,63676.1365,63980.14,63372.133,63372.133,target,0.477421396318539,6.28375691398292,8.353193905432686,531899.1153332999,2539.400183430196,1900.2941402124084,639.1060432177879,1.0,1.0253845761644331,True,middle_candle,0.4166666666666667,market_on_signal_1to1
BTC/USD,london,2026-07-17 08:55:00,2026-07-17 09:00:00,2026-07-17 09:10:00,long,62810.65,62724.05,62897.25,62897.25,target,0.1378747075535734,21.758885681293666,29.98162826370222,1883165.559301508,2596.4090076365687,333.6820080343359,2262.726999602233,1.0,1.1789838337182479,False,middle_candle,0.16666666666666666,market_on_signal_1to1
BTC/USD,new_york,2026-07-17 13:30:00,2026-07-17 13:35:00,2026-07-17 13:40:00,short,62662.273,62948.44,62376.106,62662.273,break even,0.45668148680147824,6.56912987870716,9.108036453810493,570730.2667626251,2606.4194678775993,-685.7638074970833,685.7638074970833,-0.0,0.6900655910709519,True,middle_candle,0.08333333333333333,market_on_signal_1to1
BTC/USD,new_york,2026-07-17 15:25:00,2026-07-17 15:30:00,2026-07-17 16:45:00,long,63220.3695,62887.971,63552.768000000004,63552.768000000004,target,0.5257775344068544,5.705835270014705,7.779356867292312,491813.8156225824,2585.8465536526865,1994.905202856435,590.9413507962515,1.0,1.1316477059914303,True,middle_candle,1.25,market_on_signal_1to1
BTC/USD,new_york,2026-07-18 14:00:00,2026-07-18 14:05:00,2026-07-18 14:30:00,long,64118.09,63924.7315,64311.44849999999,64118.09,break even,0.30156621945537493,9.948063829622445,13.682841508071537,877317.6632702665,2645.6937097383793,-1054.1454276839497,1054.1454276839497,0.0,0.17825438240369632,True,middle_candle,0.4166666666666667,market_on_signal_1to1
BTC/USD,london,2026-07-19 07:40:00,2026-07-19 07:45:00,2026-07-19 07:45:00,long,64709.224,64660.1565,64758.29150000001,64660.1565,stopped out,0.07582767489222966,39.56339165434994,53.27496503607506,3447381.6461115493,2614.069346907861,-6756.288011677356,4142.218664769495,-1.0,0.3449635705915278,False,middle_candle,0.0,market_on_signal_1to1
BTC/USD,asia,2026-07-20 00:45:00,2026-07-20 00:50:00,2026-07-20 01:05:00,short,64620.543,65001.3585,64239.72749999999,64620.543,break even,0.589310275526475,5.090696912284239,6.3321495752077155,409186.9439071419,2411.3807065575406,-491.6606196891342,491.6606196891342,-0.0,0.6999347453031504,True,middle_candle,0.25,market_on_signal_1to1
BTC/USD,london,2026-07-20 07:00:00,2026-07-20 07:05:00,2026-07-20 07:25:00,long,63930.64,63781.6915,64079.5885,64079.5885,target,0.23298452823246976,12.876391504446287,16.0903324838242,1028665.2535036707,2396.6308879668663,1160.6330060181513,1235.997881948715,1.0,1.2038389107644545,True,middle_candle,0.3333333333333333,market_on_signal_1to1
BTC/USD,london,2026-07-21 07:35:00,2026-07-21 07:40:00,2026-07-21 07:45:00,long,66013.3385,65895.915,66130.762,66130.762,target,0.17787844497518396,16.86544988865027,20.706671817373177,1366916.5358886656,2431.449878147411,789.0244755156532,1642.4254026317576,1.0,1.17098366170314,False,middle_candle,0.08333333333333333,market_on_signal_1to1
BTC/USD,london,2026-07-23 07:05:00,2026-07-23 07:10:00,2026-07-23 07:15:00,short,65663.51,65762.915,65564.105,65564.105,target,0.1513854498487803,19.816963935415952,24.698160177183336,1621767.8877760796,2455.1206124128807,506.4772928526338,1948.643319560247,1.0,3.5022835873446905,True,middle_candle,0.08333333333333333,market_on_signal_1to1
BTC/USD,london,2026-07-23 07:40:00,2026-07-23 07:45:00,2026-07-23 09:00:00,short,65356.0,65666.252,65045.74800000001,65666.252,stopped out,0.474710814615327,6.319636940293837,7.962285275190858,520383.11644537374,2470.3149311984594,-3095.5838683358,625.2689371373408,-1.0,0.1579425757126513,False,middle_candle,1.25,market_on_signal_1to1
BTC/USD,new_york,2026-07-23 15:05:00,2026-07-23 15:10:00,2026-07-23 15:15:00,short,64770.465,64906.6675,64634.26249999999,64770.465,break even,0.21028488833607525,14.266360382517973,17.455240653793204,1130584.0538330898,2377.447415148386,-1358.458926403024,1358.458926403024,-0.0,0.7275563958076322,True,middle_candle,0.08333333333333333,market_on_signal_1to1
BTC/USD,asia,2026-07-24 00:00:00,2026-07-24 00:05:00,2026-07-24 00:30:00,short,64972.6505,65112.635,64832.666000000005,64832.666000000005,target,0.2154514229029315,13.924252435091162,16.69251700978549,1084557.0736420979,2336.6936473562946,1033.5386692832008,1303.1549780730938,1.0,1.8020852308648834,True,middle_candle,0.4166666666666667,market_on_signal_1to1
BTC/USD,asia,2026-07-24 00:30:00,2026-07-24 00:35:00,2026-07-24 01:00:00,short,64797.8855,64984.25,64611.52099999999,64984.25,stopped out,0.28760892205348787,10.430830791271756,12.704671798731779,823235.8685293008,2367.6998074347907,-3356.8629840665712,989.1631766317804,-1.0,0.5100998312446385,False,middle_candle,0.4166666666666667,market_on_signal_1to1
BTC/USD,london,2026-07-24 07:00:00,2026-07-24 07:05:00,2026-07-24 07:10:00,long,65500.4055,65374.7565,65626.0545,65626.0545,target,0.1918293467664068,15.638900150419321,18.042275847104527,1181776.3841282025,2266.9939179127937,847.0245909190371,1419.9693269937566,1.0,1.8806317599026294,True,middle_candle,0.08333333333333333,market_on_signal_1to1
BTC/USD,london,2026-07-24 07:40:00,2026-07-24 07:45:00,2026-07-24 09:15:00,short,65325.9675,65690.0,64961.935,64961.935,target,0.5572554283256519,5.383527638328978,6.297252733314629,411374.1273957976,2292.404655640365,1798.1160146875554,494.28864095280954,1.0,1.1634222219169836,True,middle_candle,1.5,market_on_signal_1to1
BTC/USD,new_york,2026-07-24 13:30:00,2026-07-24 13:35:00,2026-07-24 13:40:00,short,64256.603,64667.825,63845.38100000001,64256.603,break even,0.6399684714114039,4.687730933656339,5.705794281631393,366634.9579544586,2346.348136080992,-440.53206807227883,440.53206807227883,-0.0,0.2276823710793818,True,middle_candle,0.08333333333333333,market_on_signal_1to1
BTC/USD,new_york,2026-07-26 15:20:00,2026-07-26 15:25:00,2026-07-26 15:40:00,long,64718.645,64547.44,64889.84999999999,64718.645,break even,0.264537367863611,11.340552846003696,13.627710487654557,881966.9572132921,2333.132174038823,-1059.7318100824643,1059.7318100824643,0.0,0.25270874098307927,True,middle_candle,0.25,market_on_signal_1to1
ETH/USD,asia,2026-07-01 00:50:00,2026-07-01 00:55:00,2026-07-01 01:05:00,long,1571.157,1567.51,1574.8039999999999,1567.51,stopped out,0.2321219330722477,12.924241842610597,822.59391280506,1292424.1842610596,3000.0,-4557.784477270077,1557.7844772700776,-1.0,0.43405538799015964,False,middle_candle,0.16666666666666666,market_on_signal_1to1
ETH/USD,london,2026-07-01 08:00:00,2026-07-01 08:05:00,2026-07-01 08:10:00,short,1575.48,1576.765,1574.195,1574.195,target,0.0815624444613757,36.781634241242784,2228.222930491607,3510520.6625309167,2863.266465681897,-1368.033646017273,4231.30011169917,1.0,1.7603112840465367,False,middle_candle,0.08333333333333333,market_on_signal_1to1
ETH/USD,london,2026-07-01 08:50:00,2026-07-01 08:55:00,2026-07-01 09:05:00,long,1575.805,1570.815,1580.795,1580.795,target,0.3166635465682625,9.473777555110203,565.5762437477704,891237.8727789554,2822.2254563013794,1747.9987893313162,1074.2266669700632,1.0,1.470941883767516,False,middle_candle,0.16666666666666666,market_on_signal_1to1
ETH/USD,new_york,2026-07-01 13:55:00,2026-07-01 14:00:00,2026-07-01 14:15:00,long,1595.0,1578.21,1611.79,1611.79,target,1.0526645768025056,2.849910661107809,171.2129493735155,273084.65425075724,2874.665419981319,2545.5110753373265,329.15434464399254,1.0,1.1619714115544926,True,middle_candle,0.25,market_on_signal_1to1
ETH/USD,asia,2026-07-02 00:00:00,2026-07-02 00:05:00,2026-07-02 00:50:00,short,1601.667610837,1612.1555,1591.179721674,1601.667610837,break even,0.6548105919129704,4.581477509757088,281.3750895320568,450669.3673998564,2951.0307522414387,-543.2007180506412,543.2007180506412,-0.0,0.5833023921135785,True,middle_candle,0.75,market_on_signal_1to1
ETH/USD,asia,2026-07-02 01:05:00,2026-07-02 01:10:00,2026-07-02 01:30:00,long,1604.565,1596.1305,1612.9995000000001,1612.9995000000001,target,0.525656486337423,5.707149208607457,347.9441259944152,558298.9665262288,2934.7347306999195,2261.8059242587588,672.9288064411609,1.0,1.211512241389515,True,middle_candle,0.3333333333333333,market_on_signal_1to1
ETH/USD,london,2026-07-02 08:05:00,2026-07-02 08:10:00,2026-07-02 08:35:00,long,1617.385,1613.125,1621.645,1621.645,target,0.2633881234214483,11.39003521126763,704.8330770957015,1139986.4463984312,3002.588908427682,1628.5406569914917,1374.0482514361902,1.0,1.3767605633802869,True,middle_candle,0.4166666666666667,market_on_signal_1to1
ETH/USD,london,2026-07-02 08:30:00,2026-07-02 08:35:00,2026-07-02 09:20:00,long,1621.2165,1617.3085,1625.1245,1625.1245,target,0.24105355453758964,12.445367195496727,768.3185538453831,1245610.7167502735,3002.588908427682,1501.2296311063226,1501.3592773213593,1.0,1.0658904810645267,False,middle_candle,0.75,market_on_signal_1to1
ETH/USD,asia,2026-07-03 00:50:00,2026-07-03 00:55:00,2026-07-03 01:00:00,short,1695.3755,1696.956,1693.7950000000003,1696.956,stopped out,0.09322418543855339,32.18049035115874,1959.1787517057926,3321543.655762584,3096.4820170706166,-7100.004398137962,4003.5223810673456,-1.0,0.936728883264983,False,middle_candle,0.08333333333333333,market_on_signal_1to1
ETH/USD,asia,2026-07-03 01:35:00,2026-07-03 01:40:00,2026-07-03 02:25:00,long,1714.024,1700.855,1727.1929999999998,1700.855,stopped out,0.7683089618348325,3.9046791707799007,218.95982118053814,375302.3885391507,2883.481885126478,-3335.8412902415557,452.35940511507766,-1.0,0.14461994076999904,False,middle_candle,0.75,market_on_signal_1to1
ETH/USD,london,2026-07-03 07:50:00,2026-07-03 07:55:00,2026-07-03 07:55:00,long,1717.736,1717.0465,1718.4255000000003,1717.0465,stopped out,0.04014004480316999,74.73833212470853,4036.8479280906513,6934239.012606723,2783.406646419231,-11141.38232272197,8357.975676302738,-1.0,0.931109499636922,False,middle_candle,0.0,market_on_signal_1to1
ETH/USD,new_york,2026-07-03 13:40:00,2026-07-03 13:45:00,2026-07-03 14:10:00,long,1747.469,1737.818,1757.1200000000001,1737.818,stopped out,0.5522844754327583,5.431983214174659,253.77320243887212,443460.80429265345,2449.165176737572,-2983.67727084526,534.512094107688,-1.0,0.3922909543052566,False,middle_candle,0.4166666666666667,market_on_signal_1to1
ETH/USD,new_york,2026-07-03 14:50:00,2026-07-03 14:55:00,2026-07-03 15:05:00,long,1737.1435,1731.465,1742.822,1742.822,target,0.32688721455653985,9.17747732675885,415.5419316038074,721855.9654629986,2359.6548586122144,1489.5875606484328,870.0672979637815,1.0,1.0633089724399096,False,middle_candle,0.16666666666666666,market_on_signal_1to1
ETH/USD,asia,2026-07-04 00:05:00,2026-07-04 00:10:00,2026-07-04 00:20:00,long,1760.121,1756.5,1763.7420000000002,1756.5,stopped out,0.2057244928047614,14.582609776304508,663.9995817264856,1168719.6077880037,2404.3424854316672,-3813.0233856070663,1408.680900175399,-1.0,0.6310411488538511,False,middle_candle,0.16666666666666666,market_on_signal_1to1
ETH/USD,asia,2026-07-04 01:00:00,2026-07-04 01:05:00,2026-07-04 02:30:00,short,1751.61,1759.053,1744.1669999999997,1744.1669999999997,target,0.4249233562265694,7.060096735187224,307.66515972905955,538909.370433018,2289.951783863455,1640.3936417772095,649.5581420862457,1.0,1.1305925030229376,True,middle_candle,1.4166666666666667,market_on_signal_1to1
ETH/USD,london,2026-07-04 07:20:00,2026-07-04 07:25:00,2026-07-04 08:35:00,long,1755.5355,1750.6,1760.471,1760.471,target,0.28113928769882734,10.670867186708437,473.9466301523146,832030.1343377586,2339.163593116771,1336.301186426855,1002.862406689916,1.0,1.6781481106270788,True,three_candles,1.1666666666666667,market_on_signal_1to1
ETH/USD,london,2026-07-04 08:35:00,2026-07-04 08:40:00,2026-07-04 09:05:00,long,1762.125,1757.377,1766.873,1757.377,stopped out,0.2694474001560643,11.133898483571919,501.10628237353694,883011.9078274688,2379.252628709577,-3443.5643771350606,1064.3117484254833,-1.0,0.210614995787698,False,middle_candle,0.4166666666666667,market_on_signal_1to1
ETH/USD,new_york,2026-07-04 14:00:00,2026-07-04 14:05:00,2026-07-04 14:10:00,long,1764.468,1762.539,1766.3970000000002,1766.3970000000002,target,0.1093247369745491,27.4411819595633,1179.8578006197108,2081821.33374386,2275.9456973955253,-233.3148051925382,2509.2605025880634,1.0,3.1736651114564887,True,middle_candle,0.08333333333333333,market_on_signal_1to1
ETH/USD,new_york,2026-07-04 14:55:00,2026-07-04 15:00:00,2026-07-04 15:05:00,long,1772.029,1767.3615,1776.6965,1772.029,break even,0.2633986238374213,11.389581146223843,486.1159621295641,861411.5822564893,2268.9462532397492,-1038.2764480278122,1038.2764480278122,0.0,4.358328869844648,True,middle_candle,0.08333333333333333,market_on_signal_1to1
ETH/USD,asia,2026-07-05 00:00:00,2026-07-05 00:05:00,2026-07-05 00:10:00,short,1777.095,1779.7355,1774.4545,1774.4545,target,0.14858519099991696,20.190437417156033,847.4902328342876,1506070.6553186483,2237.7979597989147,422.5011577905557,1815.296802008359,1.0,1.3236129520924642,True,middle_candle,0.08333333333333333,market_on_signal_1to1
ETH/USD,asia,2026-07-05 00:20:00,2026-07-05 00:25:00,2026-07-05 00:55:00,short,1773.95,1777.095,1770.805,1770.805,target,0.17728797316722464,16.92162162162172,715.5716993744498,1269388.4161053053,2250.4729945326317,720.4539850493886,1530.019009483243,1.0,1.5294117647058738,False,middle_candle,0.5,market_on_signal_1to1
ETH/USD,new_york,2026-07-05 13:50:00,2026-07-05 13:55:00,2026-07-05 14:40:00,long,1766.06,1763.05,1769.07,1769.07,target,0.1704358855305024,17.601926910299053,754.8460511907375,1333103.4171659139,2272.086614084113,665.270651379037,1606.8159627050761,1.0,1.1710963455149839,False,three_candles,0.75,market_on_signal_1to1
ETH/USD,new_york,2026-07-05 14:30:00,2026-07-05 14:35:00,2026-07-05 14:35:00,short,1764.85,1765.855,1763.8449999999998,1765.855,stopped out,0.056945349463133364,52.68208955223307,2260.7827005809613,3989942.3491203096,2272.086614084113,-7081.243183849021,4809.1565697649075,-1.0,0.0,False,middle_candle,0.0,market_on_signal_1to1
ETH/USD,asia,2026-07-06 00:55:00,2026-07-06 01:00:00,2026-07-06 01:10:00,long,1790.6775,1778.1225,1803.2325,1790.6775,break even,0.7011312757322333,4.2787992831541,165.63978001672666,296607.42718090204,2079.607438110014,-357.5068089348702,357.5068089348702,0.0,0.22082835523695918,True,middle_candle,0.16666666666666666,market_on_signal_1to1
ETH/USD,asia,2026-07-06 01:50:00,2026-07-06 01:55:00,2026-07-06 02:20:00,short,1783.796,1790.505,1777.087,1783.796,break even,0.3761080302904626,7.976431658965497,308.37415916559087,550076.5916229443,2068.8822338419677,-663.0182150528119,663.0182150528119,-0.0,0.7074079594574529,True,middle_candle,0.4166666666666667,market_on_signal_1to1
ETH/USD,london,2026-07-06 07:40:00,2026-07-06 07:45:00,2026-07-06 08:30:00,long,1774.0,1767.4565,1780.5435,1767.4565,stopped out,0.368855693348365,8.133262015740817,313.13390194702913,555499.5420540296,2048.9916873903835,-2718.5462920476502,669.5546046572666,-1.0,0.28127149079239266,False,three_candles,0.75,market_on_signal_1to1
ETH/USD,london,2026-07-06 08:15:00,2026-07-06 08:20:00,2026-07-06 08:30:00,short,1770.921,1772.7395,1769.1025000000002,1769.1025000000002,target,0.10268668111112003,29.215083860326725,1126.7482471215526,1995382.132540747,2048.9916873903835,-356.08193328876405,2405.0736206791476,1.0,3.0277701402257438,False,middle_candle,0.16666666666666666,market_on_signal_1to1
ETH/USD,new_york,2026-07-06 14:25:00,2026-07-06 14:30:00,2026-07-06 15:05:00,long,1751.238,1740.445,1762.0310000000002,1762.0310000000002,target,0.6163068640584615,4.867704993977524,181.2983267516232,317496.5191438591,1956.7528406302908,1574.0679952578198,382.68484537247116,1.0,1.2269063281756523,False,middle_candle,0.5833333333333334,market_on_signal_1to1
ETH/USD,new_york,2026-07-06 15:00:00,2026-07-06 15:05:00,2026-07-06 15:10:00,long,1755.05,1748.306,1761.7939999999999,1761.7939999999999,target,0.38426255662231357,7.807161921708284,290.1472183615533,509222.87558544416,1956.7528406302908,1342.9764189894493,613.7764216408416,1.0,1.3982799525504424,True,middle_candle,0.08333333333333333,market_on_signal_1to1
ETH/USD,asia,2026-07-07 01:00:00,2026-07-07 01:05:00,2026-07-07 03:20:00,short,1789.225,1804.254,1774.196,1774.196,target,0.839972613841188,3.5715450129749153,136.02130368339272,243372.71708291833,2044.2641730577086,1750.9222149918476,293.34195806586104,1.0,1.0343336216647714,True,middle_candle,2.25,market_on_signal_1to1
ETH/USD,new_york,2026-07-07 13:45:00,2026-07-07 13:50:00,2026-07-07 13:55:00,long,1778.298,1765.231,1791.365,1765.231,stopped out,0.7348037280590771,4.0827228897221985,160.464669741139,285354.001271328,2096.7918395074644,-2440.7346712191243,343.9428317116598,-1.0,0.0,False,middle_candle,0.08333333333333333,market_on_signal_1to1
ETH/USD,asia,2026-07-08 00:10:00,2026-07-08 00:15:00,2026-07-08 00:20:00,long,1773.02,1769.2295,1776.8105,1776.8105,target,0.21378777453159387,14.032607835377675,533.8530007573818,946532.047402853,2023.5697993708907,882.6959681326834,1140.8738312382072,1.0,1.183221210922055,False,middle_candle,0.08333333333333333,market_on_signal_1to1
ETH/USD,asia,2026-07-08 00:40:00,2026-07-08 00:45:00,2026-07-08 01:25:00,long,1782.596,1773.645,1791.547,1773.645,stopped out,0.5021328444583081,5.974514579376592,229.03035173889688,408268.58888835064,2050.050678414871,-2542.144898000262,492.0942195853908,-1.0,0.0,False,middle_candle,0.6666666666666666,market_on_signal_1to1
ETH/USD,new_york,2026-07-08 14:15:00,2026-07-08 14:20:00,2026-07-08 14:20:00,short,1729.7,1738.115,1721.285,1738.115,stopped out,0.4865005492281877,6.166488413547264,234.55571378192175,405711.0181285901,1973.7863314748631,-2462.7978603480306,489.0115288731672,-1.0,0.0,False,middle_candle,0.0,market_on_signal_1to1
ETH/USD,new_york,2026-07-08 15:05:00,2026-07-08 15:10:00,2026-07-08 15:15:00,short,1719.869,1728.261,1711.4769999999999,1711.4769999999999,target,0.4879441399315909,6.148244756911305,226.39447040805652,389368.83142623375,1899.9023956644223,1430.5884282262693,469.31396743815304,1.0,1.0220448045757797,False,middle_candle,0.08333333333333333,market_on_signal_1to1
ETH/USD,asia,2026-07-09 01:50:00,2026-07-09 01:55:00,2026-07-09 03:30:00,short,1730.086,1744.5715,1715.6005,1730.086,break even,0.837270517188163,3.5830713472092777,134.121711263761,232042.09495347523,1942.8200485112102,-279.68493470928325,279.68493470928325,-0.0,0.632425528977257,True,middle_candle,1.5833333333333333,market_on_signal_1to1
ETH/USD,london,2026-07-09 08:45:00,2026-07-09 08:50:00,2026-07-09 09:00:00,short,1753.245,1753.8455,1752.6444999999999,1752.6444999999999,target,0.03425077499151636,87.58925895087266,3221.364696869103,5647841.547962271,1934.4295004699316,-4873.025823129522,6807.455323599454,1.0,3.432139883430282,False,middle_candle,0.16666666666666666,market_on_signal_1to1
ETH/USD,new_york,2026-07-09 14:15:00,2026-07-09 14:20:00,2026-07-09 15:20:00,short,1736.445,1747.407,1725.483,1747.407,stopped out,0.6312897903475198,4.752175697865359,163.13069930451087,283267.4871538214,1788.2387257760463,-2129.6666406798663,341.42791490382,-1.0,0.36786170406860347,False,middle_candle,1.0,market_on_signal_1to1
ETH/USD,asia,2026-07-10 01:15:00,2026-07-10 01:20:00,2026-07-10 01:45:00,long,1747.6155,1737.625,1757.6060000000002,1757.6060000000002,target,0.5716646482020851,5.247831940343267,172.59884155504037,301636.41078363266,1724.3487265556498,1360.7803840405654,363.5683425150845,1.0,2.630949401931804,False,middle_candle,0.4166666666666667,market_on_signal_1to1
ETH/USD,london,2026-07-10 08:15:00,2026-07-10 08:20:00,2026-07-10 10:25:00,long,1785.835,1772.85,1798.8200000000002,1798.8200000000002,target,0.7271108473067291,4.125918367346899,135.93932522732769,242765.20486734476,1765.1721380768672,1472.562426521631,292.60971155523606,1.0,1.1031959953792765,True,middle_candle,2.0833333333333335,market_on_signal_1to1
ETH/USD,new_york,2026-07-10 13:35:00,2026-07-10 13:40:00,2026-07-10 13:45:00,long,1798.49,1794.4,1802.58,1802.58,target,0.22741299645813534,13.19185819070931,442.38362124023286,795622.5189643464,1809.3490108725161,850.3694243694939,958.9795865030222,1.0,1.399388753056277,False,middle_candle,0.08333333333333333,market_on_signal_1to1
ETH/USD,new_york,2026-07-10 14:10:00,2026-07-10 14:15:00,2026-07-10 14:20:00,short,1791.479,1802.98,1779.978,1779.978,target,0.6419835231113497,4.673017128945318,159.5391786456486,285811.0882209279,1834.8600936036007,1490.3663259349073,344.4937676686935,1.0,1.0905573428397568,True,middle_candle,0.08333333333333333,market_on_signal_1to1
ETH/USD,asia,2026-07-11 00:05:00,2026-07-11 00:10:00,2026-07-11 00:40:00,short,1792.3505,1796.024,1788.6770000000001,1792.3505,break even,0.20495433231390156,14.637407104941285,511.65675333652143,917068.2376710909,1879.5710833816481,-1105.3605175751543,1105.3605175751543,-0.0,0.863209473254432,True,middle_candle,0.5,market_on_signal_1to1
ETH/USD,asia,2026-07-11 00:35:00,2026-07-11 00:40:00,2026-07-11 01:05:00,short,1790.557,1793.48,1787.634,1793.48,stopped out,0.16324529182818542,18.37725282244268,643.0280818958764,1151378.4332352348,1879.571083381648,-3267.3503222720724,1387.7792388904245,-1.0,0.2052685596989082,False,middle_candle,0.4166666666666667,market_on_signal_1to1
ETH/USD,london,2026-07-11 08:10:00,2026-07-11 08:25:00,2026-07-11 08:30:00,long,1799.141,1798.3025,1799.9795000000001,1799.9795000000001,target,0.046605574549191384,64.36998211090717,2085.1398427979616,3751460.5819113674,1748.3897581862311,-2773.3200123047745,4521.709770491006,1.0,3.096004770423131,False,middle_candle,0.08333333333333333,market_on_signal_1to1
ETH/USD,new_york,2026-07-11 14:20:00,2026-07-11 14:25:00,2026-07-11 14:30:00,long,1803.6645,1801.085,1806.2440000000001,1806.2440000000001,target,0.14301440206868032,20.976908315564604,645.5476479228743,1164351.375616987,1665.1901578170882,261.7743744291872,1403.415783387901,1.0,1.293080054274023,False,middle_candle,0.08333333333333333,market_on_signal_1to1
ETH/USD,new_york,2026-07-11 15:20:00,2026-07-11 15:25:00,2026-07-11 15:35:00,long,1825.0655,1813.85,1836.281,1813.85,stopped out,0.6145258896187573,4.8818122241540625,149.17243003432398,272249.4556068085,1673.0433890499635,-2001.1910522198514,328.14766316988795,-1.0,0.049886318042001686,False,middle_candle,0.16666666666666666,market_on_signal_1to1
ETH/USD,asia,2026-07-12 00:05:00,2026-07-12 00:10:00,2026-07-12 01:15:00,short,1782.583,1798.2435,1766.9225000000001,1798.2435,stopped out,0.8785285173256986,3.414800932281865,102.99847753796958,183603.33508506644,1613.0076574833681,-1834.308395161889,221.30073767852087,-1.0,0.24858720985920246,False,middle_candle,1.0833333333333333,market_on_signal_1to1
ETH/USD,london,2026-07-12 07:05:00,2026-07-12 07:10:00,2026-07-12 08:05:00,long,1797.04,1790.08,1804.0,1804.0,target,0.38730356586386705,7.745862068965475,223.8474720730608,402262.86121417314,1557.9784056285114,1073.1230086057717,484.8553970227397,1.0,1.4647988505746958,True,middle_candle,0.9166666666666666,market_on_signal_1to1
ETH/USD,london,2026-07-12 08:45:00,2026-07-12 08:50:00,2026-07-12 08:55:00,short,1804.049,1804.656,1803.442,1804.656,stopped out,0.03364653620827211,89.16222405272255,2619.723386963362,4726109.356527866,1590.1720958866845,-7286.6453460288885,5696.473250142204,-1.0,0.3286655683689509,False,middle_candle,0.08333333333333333,market_on_signal_1to1
ETH/USD,new_york,2026-07-12 13:55:00,2026-07-12 14:00:00,2026-07-12 14:05:00,short,1806.189,1806.905,1805.4730000000002,1806.905,stopped out,0.03964147716545137,75.67831005587708,1915.6043791983523,3459943.5580598926,1371.5727355058182,-5541.91126105572,4170.338525549902,-1.0,3.717877094972663,False,middle_candle,0.08333333333333333,market_on_signal_1to1
ETH/USD,new_york,2026-07-12 14:30:00,2026-07-12 14:35:00,2026-07-12 14:45:00,long,1807.3975,1804.67,1810.125,1810.125,target,0.15090758950369046,19.87971585701218,441.9121531344317,798710.9207947891,1205.3153976741464,242.61329925156667,962.7020984225798,1.0,3.6056828597617105,True,middle_candle,0.16666666666666666,market_on_signal_1to1
ETH/USD,asia,2026-07-13 01:30:00,2026-07-13 01:35:00,2026-07-13 02:35:00,short,1811.605,1826.656,1796.554,1811.605,break even,0.8308102483709159,3.6109328283835125,80.56566318860533,145953.15826079337,1212.5937966516933,-175.92023355490014,175.92023355490014,-0.0,0.8740283037671938,True,middle_candle,1.0,market_on_signal_1to1
ETH/USD,london,2026-07-13 08:05:00,2026-07-13 08:10:00,2026-07-13 08:45:00,short,1782.05,1787.6,1776.5,1787.6,stopped out,0.3114390729777478,9.632702702702781,217.53444858469484,387657.26410035545,1207.3161896450465,-1674.5671710724725,467.250981427426,-1.0,0.0,False,middle_candle,0.5833333333333334,market_on_signal_1to1
ETH/USD,london,2026-07-13 08:40:00,2026-07-13 08:45:00,2026-07-13 08:50:00,long,1786.709,1784.5415,1788.8765,1788.8765,target,0.12131242412726517,24.729536332179727,557.0086226736039,995212.3192085322,1207.3161896450465,7.767062252788492,1199.549127392258,1.0,2.099653979238705,True,middle_candle,0.08333333333333333,market_on_signal_1to1
ETH/USD,new_york,2026-07-13 13:30:00,2026-07-13 13:35:00,2026-07-13 13:40:00,long,1774.425,1767.0975,1781.7524999999998,1767.0975,stopped out,0.41295067416204534,7.264790174002172,157.94093297584115,280254.3399956569,1157.3121863804558,-1495.108295312305,337.79610893184906,-1.0,0.0,False,middle_candle,0.08333333333333333,market_on_signal_1to1
ETH/USD,asia,2026-07-14 00:50:00,2026-07-14 00:55:00,2026-07-14 10:45:00,long,1783.04,1771.5,1794.58,1794.58,target,0.6472092605886556,4.635285961871765,96.40025455122101,171885.5098750091,1112.458937521087,905.2819267442162,207.17701077687065,1.0,1.118587521663782,False,middle_candle,9.833333333333334,market_on_signal_1to1
ETH/USD,london,2026-07-14 08:25:00,2026-07-14 08:30:00,2026-07-14 08:45:00,long,1784.772,1779.63,1789.9139999999998,1784.772,break even,0.2881040267328166,10.412905484247728,216.34751799321756,386130.9923837909,1112.458937521087,-465.41133588603594,465.41133588603594,0.0,0.5758459743290769,True,middle_candle,0.25,market_on_signal_1to1
ETH/USD,asia,2026-07-15 00:10:00,2026-07-15 00:15:00,2026-07-15 00:25:00,short,1885.3395,1890.61,1880.0690000000002,1880.0690000000002,target,0.2795517730360954,10.731464756664744,213.5765212497605,402664.25178476283,1125.655055246832,640.3158542162428,485.33920103058927,1.0,1.2603168579831772,False,middle_candle,0.16666666666666666,market_on_signal_1to1
ETH/USD,asia,2026-07-15 00:40:00,2026-07-15 00:45:00,2026-07-15 01:25:00,short,1878.485,1884.7,1872.2699999999998,1878.485,break even,0.33085172359641657,9.067506033789007,184.20990038186525,346035.53471882816,1144.8645308733194,-417.08348631455027,417.08348631455027,-0.0,0.7895414320192776,True,middle_candle,0.6666666666666666,market_on_signal_1to1
ETH/USD,london,2026-07-15 07:20:00,2026-07-15 07:25:00,2026-07-15 07:45:00,short,1869.019,1881.545,1856.493,1869.019,break even,0.6701911537549948,4.4763348235669564,90.40012983265821,168959.560259705,1132.3520262838829,-203.6503057310338,203.6503057310338,-0.0,0.38631646175953344,True,middle_candle,0.3333333333333333,market_on_signal_1to1
ETH/USD,london,2026-07-15 08:30:00,2026-07-15 08:35:00,2026-07-15 09:00:00,long,1873.13,1867.58,1878.6800000000003,1878.6800000000003,target,0.29629550538404603,10.125027027026697,202.9265796598045,380107.86415816966,1126.2425171119519,668.0909770179953,458.15154009395656,1.0,1.1234234234233687,True,middle_candle,0.4166666666666667,market_on_signal_1to1
ETH/USD,new_york,2026-07-15 13:45:00,2026-07-15 13:50:00,2026-07-15 17:00:00,short,1918.515,1937.85,1899.1800000000003,1918.515,break even,1.0078107286103997,2.976749418153637,59.285505374838536,113740.13134420836,1146.2852464224918,-137.09323394623053,137.09323394623053,-0.0,0.8233772950607825,True,middle_candle,3.1666666666666665,market_on_signal_1to1
ETH/USD,asia,2026-07-16 01:35:00,2026-07-16 01:40:00,2026-07-16 02:10:00,long,1918.535,1912.426,1924.6440000000002,1918.535,break even,0.31842004446101585,9.421517433294907,186.9655343598096,358699.9214629973,1142.172449404105,-432.34812258835336,432.34812258835336,0.0,0.9279751186773169,True,middle_candle,0.5,market_on_signal_1to1
ETH/USD,london,2026-07-16 07:30:00,2026-07-16 07:35:00,2026-07-16 08:10:00,short,1912.5845,1921.5,1903.6689999999999,1903.6689999999999,target,0.4661493387612451,6.435705793281316,126.6560490972403,242240.39633462077,1129.2020057264542,837.2248562942209,291.9771494322333,1.0,3.174134933542681,False,three_candles,0.5833333333333334,market_on_signal_1to1
ETH/USD,new_york,2026-07-16 14:05:00,2026-07-16 14:10:00,2026-07-16 14:55:00,long,1888.75,1880.19,1897.31,1880.19,stopped out,0.45320979483785284,6.619450934579482,134.85032142701968,254698.54459528343,1154.318751415281,-1461.3119537907555,306.9932023754746,-1.0,0.21612149532709354,False,middle_candle,0.75,market_on_signal_1to1
ETH/USD,new_york,2026-07-16 14:50:00,2026-07-16 14:55:00,2026-07-16 15:10:00,short,1879.6615,1887.165,1872.158,1872.158,target,0.3991942166182598,7.5151389351635585,153.83737607986623,289162.19307834544,1154.318751415281,805.7858306634423,348.5329207518387,1.0,1.2724728460051926,False,middle_candle,0.25,market_on_signal_1to1
ETH/USD,asia,2026-07-17 00:30:00,2026-07-17 00:35:00,2026-07-17 00:45:00,short,1852.886,1859.9315,1845.8405,1859.9315,stopped out,0.3802446561742032,7.889657228017944,161.04647898963452,298400.76626918797,1134.6529677214614,-1494.3213237925072,359.6683560710457,-1.0,0.8780072386629718,False,middle_candle,0.16666666666666666,market_on_signal_1to1
ETH/USD,asia,2026-07-17 01:00:00,2026-07-17 01:05:00,2026-07-17 01:10:00,long,1866.936,1857.92,1875.9519999999998,1866.936,break even,0.4829303200538127,6.212076308784487,120.87658917565487,225668.8558892404,1089.823328007686,-272.00314338635724,272.00314338635724,0.0,0.23447204968944854,True,middle_candle,0.08333333333333333,market_on_signal_1to1
ETH/USD,london,2026-07-17 08:45:00,2026-07-17 08:50:00,2026-07-17 10:00:00,long,1828.0,1821.164,1834.836,1834.836,target,0.3739606126914668,8.022235225277925,158.23043208105523,289245.22984416893,1081.6632337060955,733.0302270951265,348.63300661096895,1.0,1.2276184903452365,True,middle_candle,1.1666666666666667,market_on_signal_1to1
ETH/USD,new_york,2026-07-17 13:30:00,2026-07-17 13:35:00,2026-07-17 13:40:00,short,1808.7,1824.295,1793.105,1808.7,break even,0.8622214850445086,3.4793844180827125,70.76974289957982,128001.23398247003,1103.6541405189494,-154.28242352437292,154.28242352437292,-0.0,0.4483488297531228,True,middle_candle,0.08333333333333333,market_on_signal_1to1
ETH/USD,new_york,2026-07-17 13:55:00,2026-07-17 14:00:00,2026-07-17 14:20:00,long,1824.14,1803.3835,1844.8965000000003,1824.14,break even,1.1378786715931992,2.636484956519621,52.948506145699334,96585.488000616,1099.0256678132182,-116.41640242358952,116.41640242358952,0.0,0.3545877195095432,True,middle_candle,0.3333333333333333,market_on_signal_1to1
ETH/USD,asia,2026-07-18 01:50:00,2026-07-18 01:55:00,2026-07-18 02:35:00,long,1843.1,1839.88,1846.3199999999997,1843.1,break even,0.1747056589441593,17.17173913043585,340.22769432937224,627073.663418466,1095.5331757405106,-755.8243113012286,755.8243113012286,0.0,0.6180124223602896,True,three_candles,0.6666666666666666,market_on_signal_1to1
ETH/USD,new_york,2026-07-18 14:50:00,2026-07-18 14:55:00,2026-07-18 17:40:00,long,1843.829,1839.987,1847.6709999999998,1847.6709999999998,target,0.2083707328607952,14.397415408641814,279.24478042725394,514879.6242504032,1072.8584464014737,452.26383351243146,620.5946128890422,1.0,1.0991671004685315,True,middle_candle,2.75,market_on_signal_1to1
ETH/USD,asia,2026-07-19 00:50:00,2026-07-19 00:55:00,2026-07-19 00:55:00,long,1860.8,1859.8505,1861.7495,1859.8505,stopped out,0.05102644024075363,58.79304897314725,1144.2089114343455,2129143.94239703,1086.4263614068466,-3652.7257418506224,2566.2993804437756,-1.0,0.0,False,middle_candle,0.0,market_on_signal_1to1
ETH/USD,asia,2026-07-19 01:40:00,2026-07-19 01:55:00,2026-07-19 02:00:00,short,1858.69,1860.8,1856.5800000000002,1858.69,break even,0.1135208130457419,26.426872037915945,462.9595209248219,860498.2319477573,976.8445891513279,-1037.175568803654,1037.175568803654,-0.0,0.4838862559241737,True,middle_candle,0.08333333333333333,market_on_signal_1to1
ETH/USD,london,2026-07-19 07:50:00,2026-07-19 07:55:00,2026-07-19 08:00:00,short,1868.9,1869.7825,1868.0175000000002,1868.0175000000002,target,0.047220290010162994,63.53201133144934,1071.6479570394183,2002802.866910969,945.7293220872184,-1468.2886567621417,2414.01797884936,1.0,2.220963172804734,False,middle_candle,0.08333333333333333,market_on_signal_1to1
ETH/USD,new_york,2026-07-19 14:00:00,2026-07-19 14:05:00,2026-07-19 14:45:00,long,1870.675,1866.96,1874.3899999999999,1874.3899999999999,target,0.19859141753644638,15.106393001346225,242.7135026606659,454038.08158974117,901.680662384354,354.41956637323506,547.261096011119,1.0,1.3795423956931663,True,three_candles,0.6666666666666666,market_on_signal_1to1
ETH/USD,new_york,2026-07-19 14:45:00,2026-07-19 14:50:00,2026-07-19 15:25:00,long,1875.375,1869.35,1881.4,1869.35,stopped out,0.32126907951743466,9.337966804979112,151.4212862034087,283971.6946137176,912.3132493755512,-1254.5899594838893,342.2767101083382,-1.0,0.09875518672199474,False,three_candles,0.5833333333333334,market_on_signal_1to1
ETH/USD,asia,2026-07-20 00:45:00,2026-07-20 00:50:00,2026-07-20 01:05:00,short,1873.229,1884.64,1861.818,1873.229,break even,0.6091620405193416,4.92479800192794,76.65196306993514,143586.68012953154,874.6755505910343,-173.06787057409866,173.06787057409866,-0.0,0.9717377968626774,True,middle_candle,0.25,market_on_signal_1to1
ETH/USD,asia,2026-07-20 01:05:00,2026-07-20 01:10:00,2026-07-20 01:50:00,long,1887.9,1869.8385,1905.9615000000001,1869.8385,stopped out,0.9566979183219462,3.135786064280371,48.14016081022122,90883.80959361664,869.4835144738116,-979.0275709408854,109.54405646707384,-1.0,0.0,False,middle_candle,0.6666666666666666,market_on_signal_1to1
ETH/USD,london,2026-07-20 07:10:00,2026-07-20 07:15:00,2026-07-20 07:15:00,long,1850.541,1848.362,1852.7199999999998,1848.362,stopped out,0.1177493500549223,25.47784763653215,385.5496499979986,713475.4348569462,840.112687345585,-1700.078765718788,859.966078373203,-1.0,0.004130335016069357,False,middle_candle,0.0,market_on_signal_1to1
ETH/USD,london,2026-07-20 07:50:00,2026-07-20 07:55:00,2026-07-20 08:30:00,long,1861.71,1853.6,1869.8200000000002,1861.71,break even,0.43562101508828593,6.886720098643543,97.30090312873106,181146.06436378992,789.1103243740213,-218.33894059001824,218.33894059001824,0.0,0.6197903822441261,True,middle_candle,0.5833333333333334,market_on_signal_1to1
ETH/USD,new_york,2026-07-20 15:00:00,2026-07-20 15:05:00,2026-07-20 15:15:00,long,1874.035,1863.2305,1884.8395000000003,1884.8395000000003,target,0.5765367242340825,5.203484659169699,72.42909492862296,135734.65891456194,782.5601561563204,618.9564823318891,163.60367382443133,1.0,1.010101476514391,False,middle_candle,0.16666666666666666,market_on_signal_1to1
ETH/USD,asia,2026-07-21 01:55:00,2026-07-21 02:00:00,2026-07-21 02:30:00,short,1907.315,1913.23,1901.4,1907.315,break even,0.31012182046489245,9.673617920541055,135.44021143301475,258327.14686936053,801.1288506262773,-311.3668285932292,311.3668285932292,-0.0,0.6074387151310392,True,middle_candle,0.5,market_on_signal_1to1
ETH/USD,new_york,2026-07-21 14:00:00,2026-07-21 14:05:00,2026-07-21 14:25:00,long,1940.4665,1927.59,1953.343,1927.59,stopped out,0.6635775469455452,4.520948627344359,61.490921117421316,119321.07248249862,791.7878457684803,-935.6078986489738,143.82005288049342,-1.0,0.16685434706636118,False,middle_candle,0.3333333333333333,market_on_signal_1to1
ETH/USD,new_york,2026-07-21 14:55:00,2026-07-21 15:00:00,2026-07-21 16:45:00,short,1928.7755,1935.72,1921.831,1921.831,target,0.3600470868693667,8.33224350205191,109.97474387054565,212116.59159628363,763.7196088090111,508.051278098339,255.66833071067208,1.0,1.0541435668514614,True,middle_candle,1.75,market_on_signal_1to1
ETH/USD,asia,2026-07-22 00:00:00,2026-07-22 00:05:00,2026-07-22 00:15:00,long,1930.8395,1924.555,1937.124,1937.124,target,0.32548018620915825,9.217150926883631,123.94958185248846,239326.74864926792,778.9611471519613,490.4958750056453,288.465272146316,1.0,1.1950831410613239,False,middle_candle,0.16666666666666666,market_on_signal_1to1
ETH/USD,asia,2026-07-22 01:45:00,2026-07-22 01:50:00,2026-07-22 02:05:00,long,1933.898,1928.625,1939.1709999999998,1928.625,stopped out,0.2726617432770452,11.002643656362787,150.51697769811196,291084.4821364233,793.6760234021309,-1144.5259172437388,350.84989384160787,-1.0,0.23743599468996798,False,middle_candle,0.25,market_on_signal_1to1
ETH/USD,london,2026-07-22 08:00:00,2026-07-22 08:05:00,2026-07-22 10:20:00,long,1918.0425,1910.4645,1925.6205,1925.6205,target,0.39509030691447006,7.593200712589098,100.20325229411736,192194.0965383396,759.3402458848188,527.6848932100686,231.65535267475028,1.0,1.1246371074162134,True,three_candles,2.25,market_on_signal_1to1
ETH/USD,new_york,2026-07-22 13:30:00,2026-07-22 13:35:00,2026-07-22 13:45:00,long,1928.65,1917.895,1939.4050000000002,1939.4050000000002,target,0.5576439478391678,5.37977684797763,72.0753875110286,139008.19612314532,775.1707926811204,607.6214595976023,167.549333083518,1.0,1.1425383542538248,True,three_candles,0.16666666666666666,market_on_signal_1to1
ETH/USD,new_york,2026-07-22 14:00:00,2026-07-22 14:05:00,2026-07-22 14:20:00,long,1941.973,1927.8,1956.146,1927.8,stopped out,0.7298247709932116,4.110575742609186,55.979639911737,108710.94925831564,793.3994364690486,-924.4308975993767,131.03146113032818,-1.0,0.7826148310167288,False,middle_candle,0.25,market_on_signal_1to1
ETH/USD,asia,2026-07-23 01:05:00,2026-07-23 01:10:00,2026-07-23 01:20:00,short,1931.73,1936.13,1927.33,1931.73,break even,0.22777510314588947,13.17088636363609,174.01511580478441,336150.2196535762,765.6665095410673,-405.1685201996304,405.1685201996304,-0.0,0.9646590909090746,True,middle_candle,0.16666666666666666,market_on_signal_1to1
ETH/USD,asia,2026-07-23 01:35:00,2026-07-23 01:40:00,2026-07-23 02:20:00,short,1927.68,1931.9925,1923.3675,1923.3675,target,0.2237145169322709,13.409947826086956,174.72729366610514,336818.30945427757,753.5114539350784,347.5376718611895,405.9737820738889,1.0,1.260289855072504,True,middle_candle,0.6666666666666666,market_on_signal_1to1
ETH/USD,london,2026-07-23 07:00:00,2026-07-23 07:05:00,2026-07-23 07:10:00,short,1920.88,1925.025,1916.7350000000001,1916.7350000000001,target,0.21578651451418007,13.902629674306453,184.30339785064356,354024.71086334425,763.9375840909142,337.2245854725384,426.7129986183758,1.0,1.8603136308805903,False,middle_candle,0.08333333333333333,market_on_signal_1to1
ETH/USD,london,2026-07-23 07:40:00,2026-07-23 07:45:00,2026-07-23 08:20:00,short,1911.405,1921.9335,1900.8764999999999,1921.9335,stopped out,0.5508251783374074,5.446374127368507,73.51990517690851,140526.3143546688,774.0543216550902,-943.4334727229259,169.37915106783572,-1.0,0.002991879185073901,False,middle_candle,0.5833333333333334,market_on_signal_1to1
ETH/USD,new_york,2026-07-23 15:05:00,2026-07-23 15:10:00,2026-07-23 17:55:00,short,1887.7674,1897.873,1877.6617999999999,1877.6617999999999,target,0.5353201882816757,5.604122664661124,73.79584759671819,139309.39534845293,745.7513174734023,577.8389429956858,167.91237447771653,1.0,1.1921508866370936,False,middle_candle,2.75,market_on_signal_1to1
ETH/USD,asia,2026-07-24 00:05:00,2026-07-24 00:10:00,2026-07-24 00:30:00,short,1871.8,1879.131,1864.4689999999998,1864.4689999999998,target,0.39165509135592114,7.659800845723502,104.09036772108298,194836.35030032313,763.086485763273,528.2463722758181,234.84011348745491,1.0,1.8256036011457746,True,middle_candle,0.3333333333333333,market_on_signal_1to1
ETH/USD,asia,2026-07-24 01:20:00,2026-07-24 01:25:00,2026-07-24 01:25:00,short,1871.98,1873.47,1870.49,1873.47,stopped out,0.07959486746653324,37.69087248322125,522.7744140480155,978623.247609604,778.9338769315478,-1958.4878676311978,1179.55399069965,-1.0,0.0,False,middle_candle,0.0,market_on_signal_1to1
ETH/USD,london,2026-07-24 08:20:00,2026-07-24 08:25:00,2026-07-24 09:15:00,short,1885.697,1892.5565,1878.8374999999999,1878.8374999999999,target,0.363764698146098,8.247089438005654,104.99004896896405,197979.4203706286,720.1792409026116,481.5507227829009,238.6285181197107,1.0,1.0812741453458545,False,middle_candle,0.8333333333333334,market_on_signal_1to1
ETH/USD,new_york,2026-07-24 13:50:00,2026-07-24 13:55:00,2026-07-25 17:30:00,short,1848.09,1870.9995,1825.1805,1870.9995,stopped out,1.23963118679285,2.42007464152426,32.06642495847135,59261.63930150132,734.6257625860987,-806.0549906411579,71.42922805505923,-1.0,0.0842663523865619,False,middle_candle,27.583333333333332,market_on_signal_1to1
ETH/USD,new_york,2026-07-24 14:55:00,2026-07-24 15:00:00,2026-07-24 15:15:00,long,1859.877,1851.85,1867.904,1859.877,break even,0.4315876802605787,6.9510788588513375,91.51934254218199,170214.7202493258,734.6257625860989,-205.16317493615443,205.16317493615443,0.0,0.6899215148872532,True,middle_candle,0.25,market_on_signal_1to1
ETH/USD,asia,2026-07-25 01:20:00,2026-07-25 01:25:00,2026-07-25 01:35:00,short,1857.802,1858.385,1857.2189999999998,1858.385,stopped out,0.03138116979097254,95.59873070324527,1249.5212132725721,2321363.009060211,728.4708673380142,-3526.4556974427674,2797.984830104753,-1.0,0.0,False,middle_candle,0.16666666666666666,market_on_signal_1to1
ETH/USD,london,2026-07-25 08:05:00,2026-07-25 08:10:00,2026-07-25 09:05:00,short,1852.911,1855.7495,1850.0725000000002,1850.0725000000002,target,0.15319138371998653,19.58334683811983,219.3683975391109,406470.1168525915,622.6771964147312,132.750710808809,489.92648560592215,1.0,1.0255416593271878,False,middle_candle,0.9166666666666666,market_on_signal_1to1
ETH/USD,new_york,2026-07-25 13:40:00,2026-07-25 13:45:00,2026-07-25 18:00:00,long,1866.864,1859.395,1874.333,1874.333,target,0.40008270554255965,7.498449591645417,83.90142157437293,156632.54348602015,626.6597177389957,437.867409571721,188.7923081672747,1.0,1.0593118221984175,True,middle_candle,4.25,market_on_signal_1to1
ETH/USD,asia,2026-07-26 00:25:00,2026-07-26 00:30:00,2026-07-26 01:00:00,long,1877.179,1871.9,1882.458,1877.179,break even,0.28121985170300734,10.667810191324122,116.61566400964438,218908.47554996022,615.6140903069122,-263.8547230138356,263.8547230138356,0.0,0.4204394771736933,True,middle_candle,0.5,market_on_signal_1to1
ETH/USD,london,2026-07-26 08:05:00,2026-07-26 08:15:00,2026-07-26 09:15:00,short,1877.9,1882.517,1873.2830000000001,1882.517,stopped out,0.2458597369401971,12.202079272254814,131.62192952490844,247172.82145482558,607.6984486164972,-905.620747776755,297.92229916025786,-1.0,0.1306042884990406,False,middle_candle,1.0,market_on_signal_1to1
ETH/USD,new_york,2026-07-26 14:00:00,2026-07-26 14:05:00,2026-07-26 14:45:00,long,1889.285,1882.29,1896.2800000000002,1896.2800000000002,target,0.37024588667141894,8.10272337383832,82.99211239216369,156795.75306082898,580.5298261831948,391.54079828158274,188.9890279016121,1.0,1.2354538956396968,False,middle_candle,0.6666666666666666,market_on_signal_1to1
ETH/USD,new_york,2026-07-26 14:45:00,2026-07-26 14:50:00,2026-07-26 15:00:00,long,1894.645,1889.285,1900.0049999999999,1900.0049999999999,target,0.28290260180666565,10.60435634328378,110.49926308426367,209356.87630628474,592.2760501316423,339.9340589407642,252.34199119087808,1.0,1.3162313432836186,False,middle_candle,0.16666666666666666,market_on_signal_1to1
SOL/USD,asia,2026-07-01 01:35:00,2026-07-01 01:40:00,2026-07-01 01:45:00,long,73.85085,72.56,75.14169999999999,73.85085,break even,1.7479148852044248,1.7163307123213494,2324.050044544307,171633.07123213494,3000.0,-228.9068171360228,228.9068171360228,0.0,0.30263004996708404,True,middle_candle,0.08333333333333333,market_on_signal_1to1
SOL/USD,new_york,2026-07-01 14:15:00,2026-07-01 14:20:00,2026-07-01 15:30:00,long,76.8425,75.905,77.78,77.78,target,1.2200279793083255,2.45896,3192.674981851647,245333.12729293518,2993.132795485919,2665.9323037421227,327.20049174379596,1.0,1.0633573333333364,True,middle_candle,1.1666666666666667,market_on_signal_1to1
SOL/USD,new_york,2026-07-01 15:25:00,2026-07-01 15:30:00,2026-07-01 17:30:00,long,77.51665,76.776,78.2573,77.51665,break even,0.9554721469516578,3.13980895159656,4041.224323885654,313262.17148613086,2993.132795485919,-417.7973748836774,417.7973748836774,0.0,0.8672787416458592,True,middle_candle,2.0,market_on_signal_1to1
SOL/USD,asia,2026-07-02 01:05:00,2026-07-02 01:10:00,2026-07-02 01:30:00,long,77.3403,76.77,77.9106,77.9106,target,0.7373904678414787,4.06840084166226,5366.60852770762,415055.11351546564,3060.5768433516723,2507.0183462112486,553.5584971404236,1.0,1.8230755742591453,True,middle_candle,0.3333333333333333,market_on_signal_1to1
SOL/USD,asia,2026-07-03 01:50:00,2026-07-03 01:55:00,2026-07-03 01:55:00,long,81.428438635,81.2565,81.60037727000001,81.2565,stopped out,0.21115305399715725,14.207703574301082,18237.82882618525,1485077.92540866,3135.78739373801,-5116.434006094477,1980.646612356467,-1.0,0.3805929656239919,False,middle_candle,0.0,market_on_signal_1to1
SOL/USD,asia,2026-07-04 01:40:00,2026-07-04 01:45:00,2026-07-04 01:55:00,short,81.994,82.46,81.528,81.994,break even,0.5683342683610922,5.278583690987193,6399.773333809473,524743.014732374,2982.2943735551758,-699.8491168073863,699.8491168073863,-0.0,0.507832618025752,True,middle_candle,0.16666666666666666,market_on_signal_1to1
SOL/USD,asia,2026-07-05 00:20:00,2026-07-05 00:25:00,2026-07-05 00:35:00,short,81.3001,81.54935,81.05085,81.3001,break even,0.3065801887082593,9.7853681043128,11880.83811454729,965913.3267965062,2961.298900050954,-1288.2374223042968,1288.2374223042968,-0.0,0.8429287863590536,True,middle_candle,0.16666666666666666,market_on_signal_1to1
SOL/USD,london,2026-07-05 07:15:00,2026-07-05 07:20:00,2026-07-05 07:40:00,short,80.34045,80.554,80.1269,80.554,stopped out,0.26580632794563375,11.286413018028677,13686.030331921584,1099541.8355802295,2922.6517773818255,-4389.1093783773495,1466.4576009955238,-1.0,0.10981034886448748,False,three_candles,0.3333333333333333,market_on_signal_1to1
SOL/USD,new_york,2026-07-05 13:35:00,2026-07-05 13:40:00,2026-07-05 14:00:00,long,80.96195,80.765,81.1589,81.1589,target,0.2432624214214221,12.332361005331235,14171.000233716626,1147311.8123721539,2790.9784960305046,1260.8101354267026,1530.168360603802,1.0,1.092785529322127,True,middle_candle,0.3333333333333333,market_on_signal_1to1
SOL/USD,new_york,2026-07-05 15:20:00,2026-07-05 15:25:00,2026-07-05 16:30:00,short,81.1485,81.454,80.843,81.1485,break even,0.3764702982803071,7.968756137479673,9259.58363369346,751401.3224987738,2828.802800093306,-1002.1430245943692,1002.1430245943692,-0.0,0.387888707037641,True,middle_candle,1.0833333333333333,market_on_signal_1to1
SOL/USD,asia,2026-07-06 00:40:00,2026-07-06 00:45:00,2026-07-06 00:55:00,long,81.835022325,81.3011,82.36894464999999,81.835022325,break even,0.652437440390216,4.598142004551013,5241.845823464148,428966.5699873966,2798.738509355475,-572.1121896185421,572.1121896185421,0.0,0.29034621281289713,True,middle_candle,0.16666666666666666,market_on_signal_1to1
SOL/USD,asia,2026-07-06 01:20:00,2026-07-06 01:25:00,2026-07-06 02:05:00,short,81.75,82.2062,81.2938,81.2938,target,0.558042813455652,5.375931608943499,6097.271248721933,498451.92458301806,2781.5751436669184,2116.7904216286825,664.7847220382357,1.0,1.0332345243314456,True,middle_candle,0.6666666666666666,market_on_signal_1to1
SOL/USD,new_york,2026-07-06 15:05:00,2026-07-06 15:10:00,2026-07-06 15:40:00,long,80.5401768,80.16,80.9203536,80.9203536,target,0.47203372913380665,6.355478040743133,7483.567793499687,602727.8731832507,2845.078856315779,2041.2214291947616,803.8574271210174,1.0,1.6064146602317813,False,middle_candle,0.5,market_on_signal_1to1
SOL/USD,asia,2026-07-07 00:20:00,2026-07-07 00:25:00,2026-07-07 01:05:00,long,82.268,81.864,82.672,81.864,stopped out,0.4910779403899407,6.109009900990154,7193.850245523881,591823.6719987587,2906.3154991916217,-3695.6300065324704,789.3145073408488,-1.0,0.6732673267326931,False,middle_candle,0.6666666666666666,market_on_signal_1to1
SOL/USD,new_york,2026-07-07 13:35:00,2026-07-07 13:40:00,2026-07-07 13:45:00,short,80.6865,81.2963,80.07669999999999,81.2963,stopped out,0.7557645950685765,3.9694899967201906,4584.202359782906,369883.2437026234,2795.446598995648,-3288.7594286274166,493.31282963176847,-1.0,0.10068875040995605,False,middle_candle,0.08333333333333333,market_on_signal_1to1
SOL/USD,new_york,2026-07-07 14:50:00,2026-07-07 14:55:00,2026-07-07 15:00:00,long,81.6261,80.8409,82.41129999999998,81.6261,break even,0.9619472203130972,3.118674223127909,3434.5183598278945,280346.3390911477,2696.783816136825,-373.897569485872,373.897569485872,0.0,0.3592715231788127,True,middle_candle,0.08333333333333333,market_on_signal_1to1
SOL/USD,asia,2026-07-08 00:30:00,2026-07-08 00:35:00,2026-07-08 01:25:00,short,80.437676565,80.80715,80.06820313000001,80.06820313000001,target,0.4593288254682808,6.531268741824622,7268.633234896383,584671.969218205,2685.5668890522493,1905.790598960833,779.7762900914164,1.0,1.353213837958369,True,middle_candle,0.8333333333333334,market_on_signal_1to1
SOL/USD,asia,2026-07-08 01:05:00,2026-07-08 01:10:00,2026-07-08 01:25:00,short,80.32395,80.415,80.23289999999999,80.23289999999999,target,0.11335348921462385,26.465881383852164,29495.51772709455,2369196.4911352564,2685.5668890522493,-474.22757283269993,3159.794461884949,1.0,4.2421746293239755,True,middle_candle,0.25,market_on_signal_1to1
SOL/USD,new_york,2026-07-08 15:20:00,2026-07-08 15:25:00,2026-07-08 16:05:00,short,76.2769,76.81555,75.73825,76.81555,stopped out,0.7061770994888414,4.248226120857668,5065.46696340123,386378.11702065927,2728.513779836093,-3243.8258018332226,515.3120219971298,-1.0,0.1243850366657246,False,middle_candle,0.6666666666666666,market_on_signal_1to1
SOL/USD,asia,2026-07-09 00:20:00,2026-07-09 00:25:00,2026-07-09 01:00:00,short,77.5485,77.856435,77.240565,77.856435,stopped out,0.397086984274358,7.555019728189378,8544.65717044536,662625.346582282,2631.1990057810963,-3514.941619899191,883.7426141180952,-1.0,0.42931138064850444,False,middle_candle,0.5833333333333334,market_on_signal_1to1
SOL/USD,asia,2026-07-09 01:00:00,2026-07-09 01:05:00,2026-07-09 01:10:00,long,77.815,77.59725,78.03275,78.03275,target,0.27983036689583657,10.720780711825721,11599.314613934219,902600.6666832912,2525.7507571841206,1321.9533522196602,1203.7974049644604,1.0,3.8576349024111223,True,middle_candle,0.08333333333333333,market_on_signal_1to1
SOL/USD,london,2026-07-09 07:20:00,2026-07-09 07:25:00,2026-07-09 07:45:00,short,78.176,78.47155,77.88045000000001,78.47155,stopped out,0.37805720425705014,7.9353070546441105,8680.119633736369,678577.0324869744,2565.4093577507106,-3470.426715845496,905.0173580947853,-1.0,0.6564033158518293,False,middle_candle,0.3333333333333333,market_on_signal_1to1
SOL/USD,new_york,2026-07-09 14:15:00,2026-07-09 14:20:00,2026-07-09 14:35:00,short,77.76525,78.204,77.3265,77.76525,break even,0.5641980190380651,5.317282051282064,5609.792720855502,436246.9333855083,2461.296556275345,-581.8220013762152,581.8220013762152,-0.0,0.5555555555555376,True,middle_candle,0.25,market_on_signal_1to1
SOL/USD,new_york,2026-07-10 14:30:00,2026-07-10 14:35:00,2026-07-11 12:45:00,short,77.50225,78.374,76.63050000000001,78.374,stopped out,1.1248060540177758,2.6671264697447916,2803.3747017310952,217267.84697723878,2443.841896234059,-2733.6117579543006,289.769861720242,-1.0,0.37700028677948205,False,middle_candle,22.166666666666668,market_on_signal_1to1
SOL/USD,asia,2026-07-11 00:45:00,2026-07-11 00:50:00,2026-07-11 01:15:00,short,77.79395,78.0055,77.58239999999999,77.79395,break even,0.27193631381360966,11.031994800283487,11552.077032540908,898681.7030656358,2443.841896234059,-1198.5706879818338,1198.5706879818338,-0.0,0.9357125974946312,True,three_candles,0.4166666666666667,market_on_signal_1to1
SOL/USD,asia,2026-07-11 01:20:00,2026-07-11 01:25:00,2026-07-11 01:30:00,long,77.8676,77.755,77.9802,77.9802,target,0.14460443111127155,20.74625222024858,21384.411861408473,1665152.8290594104,2407.8847755946044,187.07248453267175,2220.8122910619327,1.0,2.419182948490262,False,middle_candle,0.08333333333333333,market_on_signal_1to1
SOL/USD,london,2026-07-11 08:55:00,2026-07-11 09:00:00,2026-07-11 09:10:00,long,78.13735,77.982,78.2927,78.13735,break even,0.1988165710764424,15.089285484390226,15535.867075188971,1213931.4832075168,2413.496950130584,-1619.0189340981563,1619.0189340981563,0.0,0.9166398455102062,True,three_candles,0.16666666666666666,market_on_signal_1to1
SOL/USD,new_york,2026-07-11 14:20:00,2026-07-11 14:25:00,2026-07-11 14:35:00,long,78.365,78.11865,78.61134999999999,78.365,break even,0.3143622790786608,9.543129693525762,9266.969877690603,726206.0944652241,2282.9180293690106,-968.5401797884531,968.5401797884531,0.0,1.3192612137203683,True,middle_candle,0.16666666666666666,market_on_signal_1to1
SOL/USD,asia,2026-07-12 00:05:00,2026-07-12 00:10:00,2026-07-12 00:15:00,short,76.41,77.47255,75.34745,76.41,break even,1.3905902368799916,2.157357300832898,2121.181896358151,162079.5087007263,2253.861823975357,-216.16524247517583,216.16524247517583,-0.0,0.11679450378805548,True,middle_candle,0.08333333333333333,market_on_signal_1to1
SOL/USD,london,2026-07-12 08:05:00,2026-07-12 08:10:00,2026-07-12 10:05:00,long,76.6506,76.2685,77.03269999999999,76.6506,break even,0.4984957717225881,6.018105208060811,5881.64581706657,450831.68086564285,2247.376866701102,-601.2736612483085,601.2736612483085,0.0,0.6278461135828565,True,middle_candle,1.9166666666666667,market_on_signal_1to1
SOL/USD,new_york,2026-07-12 14:50:00,2026-07-12 14:55:00,2026-07-12 17:50:00,long,77.531,77.19645,77.86555000000001,77.19645,stopped out,0.4315048174278769,6.952413690031235,6663.693489354667,516642.8199231567,2229.338656863652,-2918.384553763309,689.0458968996574,-1.0,0.475265281721681,False,middle_candle,2.9166666666666665,market_on_signal_1to1
SOL/USD,asia,2026-07-13 00:30:00,2026-07-13 00:35:00,2026-07-13 00:40:00,short,77.5174,77.978,77.0568,77.0568,target,0.5941891755915439,5.0488970907512,4649.993747830559,360455.4253480806,2141.787120250753,1661.048160424974,480.73895982577903,1.0,1.2723621363439013,True,middle_candle,0.08333333333333333,market_on_signal_1to1
SOL/USD,asia,2026-07-13 01:30:00,2026-07-13 01:35:00,2026-07-13 03:05:00,short,76.7845,77.52555,76.04344999999999,76.04344999999999,target,0.9651036341970077,3.1084744619121456,2957.4503273240653,227086.34465841466,2191.6185650635025,1888.7537849972757,302.86478006622673,1.0,1.2692800755684335,True,middle_candle,1.5,market_on_signal_1to1
SOL/USD,asia,2026-07-14 00:10:00,2026-07-14 00:15:00,2026-07-14 00:25:00,long,75.01755,74.712,75.3231,75.01755,break even,0.4073046907023712,7.3654933726068545,7358.1449144606295,551990.004027796,2248.2811786134207,-736.1883930982517,736.1883930982517,0.0,0.7319587628866268,True,middle_candle,0.16666666666666666,market_on_signal_1to1
SOL/USD,asia,2026-07-14 00:50:00,2026-07-14 00:55:00,2026-07-14 02:15:00,long,75.25005,74.98345,75.51665,74.98345,stopped out,0.3542854788800763,8.467747561890574,8350.320805778318,628362.0581508587,2226.195526820473,-3064.241235073365,838.0457082528917,-1.0,0.904163540885237,False,middle_candle,1.3333333333333333,market_on_signal_1to1
SOL/USD,london,2026-07-14 07:45:00,2026-07-14 07:50:00,2026-07-14 08:00:00,short,74.92765,75.0447,74.8106,74.8106,target,0.15621736435081857,19.204011106363804,18233.817084734397,1366217.0646889992,2134.268289768272,312.1462619459046,1822.1220278223675,1.0,1.3669372063219842,False,middle_candle,0.16666666666666666,market_on_signal_1to1
SOL/USD,asia,2026-07-15 00:10:00,2026-07-15 00:15:00,2026-07-15 00:20:00,short,77.685,77.76915,77.60085000000001,77.76915,stopped out,0.10832206989765585,27.69518716577739,25473.94744654549,1978943.6073848866,2143.632677626649,-4782.9473458672255,2639.314668240577,-1.0,2.317290552584925,False,middle_candle,0.08333333333333333,market_on_signal_1to1
SOL/USD,new_york,2026-07-15 13:45:00,2026-07-15 13:50:00,2026-07-15 16:35:00,short,77.87105,78.6498,77.0923,77.0923,target,1.000050724884283,2.9998478330658016,2568.403540610757,200004.28053107727,2000.1442572506328,1733.3987929803573,266.74546427027553,1.0,1.0566266837881226,True,middle_candle,2.75,market_on_signal_1to1
SOL/USD,new_york,2026-07-15 14:55:00,2026-07-15 15:00:00,2026-07-15 15:15:00,long,78.08575,77.909,78.2625,77.909,stopped out,0.2263537201089807,13.253592644978903,11316.233421502975,883636.573893126,2000.1442572506328,-3178.649274860458,1178.5050176098248,-1.0,0.6237623762375927,False,middle_candle,0.25,market_on_signal_1to1
SOL/USD,asia,2026-07-16 01:15:00,2026-07-16 01:20:00,2026-07-16 01:35:00,short,76.69305,76.92,76.4661,76.92,stopped out,0.29591990408518404,10.13787838730988,8622.105057476141,661255.5342782706,1956.7867427942292,-2838.7024399182155,881.9156971239865,-1.0,0.05750165234629897,False,middle_candle,0.25,market_on_signal_1to1
SOL/USD,new_york,2026-07-16 14:05:00,2026-07-16 14:10:00,2026-07-16 14:15:00,long,76.56305,76.1675,76.9586,76.56305,break even,0.5166330233709342,5.806829730754644,4731.704385277923,362273.71943525295,1871.6256695966829,-483.16401642544184,483.16401642544184,0.0,0.7254455821008475,True,middle_candle,0.08333333333333333,market_on_signal_1to1
SOL/USD,new_york,2026-07-16 15:25:00,2026-07-16 15:30:00,2026-07-16 16:35:00,long,76.6246,76.1165,77.1327,76.1165,stopped out,0.6631029721525449,4.52418421570558,3655.049693178358,280066.7207199144,1857.1307491039197,-2230.655391910147,373.5246428062276,-1.0,0.3097815390671047,False,middle_candle,1.0833333333333333,market_on_signal_1to1
SOL/USD,asia,2026-07-17 01:40:00,2026-07-17 01:45:00,2026-07-17 02:10:00,short,75.17865,75.577,74.78030000000001,75.17865,break even,0.5298711801821309,5.661753483117953,4494.065739542222,337857.79531003593,1790.2110873466152,-450.6005282887124,450.6005282887124,-0.0,0.7108070792017342,True,middle_candle,0.4166666666666667,market_on_signal_1to1
SOL/USD,new_york,2026-07-17 13:55:00,2026-07-17 14:00:00,2026-07-17 17:05:00,long,74.305,73.42,75.19000000000001,75.19000000000001,target,1.1910369423322857,2.5188135593220196,2007.5627926530437,149171.95330808443,1776.693071497954,1577.7426198595651,198.95045163838887,1.0,1.2751412429378326,True,middle_candle,3.0833333333333335,market_on_signal_1to1
SOL/USD,new_york,2026-07-17 15:05:00,2026-07-17 15:10:00,2026-07-17 15:20:00,short,74.1015,74.44975,73.75325000000001,74.1015,break even,0.46996349601559084,6.383474515434441,5101.774792528326,378049.1647885377,1776.693071497954,-504.20370859432245,504.20370859432245,-0.0,0.9361091170136802,True,middle_candle,0.16666666666666666,market_on_signal_1to1
SOL/USD,asia,2026-07-18 01:20:00,2026-07-18 01:25:00,2026-07-18 01:45:00,long,75.10565,74.9985,75.21279999999999,74.9985,stopped out,0.14266569825304765,21.028180121327186,16881.93410019672,1267928.6338524397,1808.899238835911,-3499.9341066921143,1691.0348678562032,-1.0,1.840877274848484,False,middle_candle,0.3333333333333333,market_on_signal_1to1
SOL/USD,london,2026-07-18 08:00:00,2026-07-18 08:05:00,2026-07-18 08:35:00,short,74.8665,74.97,74.763,74.97,stopped out,0.13824607801886934,21.700434782609356,16462.813677634782,1232513.2401966443,1703.9012156351475,-3347.7026162978236,1643.8014006626759,-1.0,0.0,False,middle_candle,0.5,market_on_signal_1to1
SOL/USD,new_york,2026-07-18 14:40:00,2026-07-18 14:45:00,2026-07-18 16:15:00,long,74.87,74.584,75.156,75.156,target,0.3819954587952469,7.853496503496466,5606.538941070648,419761.5705179595,1603.4701371462131,1043.6346440591792,559.8354930870339,1.0,1.1223776223776099,True,three_candles,1.5,market_on_signal_1to1
SOL/USD,london,2026-07-19 07:20:00,2026-07-19 07:25:00,2026-07-19 07:55:00,long,76.158,75.95485,76.36115000000001,75.95485,stopped out,0.2667480763675621,11.246566576420925,8047.1532191381975,612855.0948631269,1634.7791764679887,-2452.143266754382,817.3640902863932,-1.0,0.6091557962096791,False,middle_candle,0.5,market_on_signal_1to1
SOL/USD,new_york,2026-07-19 14:30:00,2026-07-19 14:35:00,2026-07-19 14:50:00,long,76.3858,76.1185,76.65310000000001,76.65310000000001,target,0.3499341500645485,8.573041526374672,5840.684169342771,446145.3328225831,1561.214878465357,966.191393869062,595.023484596295,1.0,1.1717171717171266,True,middle_candle,0.25,market_on_signal_1to1
SOL/USD,asia,2026-07-20 00:55:00,2026-07-20 01:00:00,2026-07-20 01:05:00,short,76.57305,76.83665,76.30944999999998,76.83665,stopped out,0.34424644179644265,8.714687025796298,6032.62754279728,461936.6904659932,1590.2006202814289,-2206.2850192484784,616.0843989670497,-1.0,0.11399848254926911,False,middle_candle,0.08333333333333333,market_on_signal_1to1
SOL/USD,london,2026-07-21 08:55:00,2026-07-21 09:00:00,2026-07-21 09:20:00,short,78.27505,78.547,78.00309999999999,78.27505,break even,0.34742871451376134,8.63486486486474,5604.015700327092,438654.6091438881,1524.0120697039747,-585.0331155897509,585.0331155897509,-0.0,0.5348409634123723,True,middle_candle,0.3333333333333333,market_on_signal_1to1
SOL/USD,new_york,2026-07-21 15:00:00,2026-07-21 15:05:00,2026-07-21 18:05:00,short,77.824,78.31,77.338,77.824,break even,0.6244860197368476,4.803950617283909,3099.714148634299,241232.15390331566,1506.4610762362822,-321.7310285509613,321.7310285509613,-0.0,0.9030864197530865,True,middle_candle,3.0,market_on_signal_1to1
SOL/USD,asia,2026-07-22 00:00:00,2026-07-22 00:05:00,2026-07-22 00:10:00,long,78.21275,78.0885,78.337,78.337,target,0.15886156668830023,18.884366197182562,12046.753685148578,942209.7342881045,1496.8091453797533,240.1851754062659,1256.6239699734874,1.0,2.4728370221326963,False,three_candles,0.08333333333333333,market_on_signal_1to1
SOL/USD,new_york,2026-07-22 14:00:00,2026-07-22 14:05:00,2026-07-22 14:25:00,long,77.9825,77.485,78.48,77.485,stopped out,0.637963645689741,4.702462311557768,3023.145126918461,235752.41485991888,1504.014700641941,-1818.4374079343297,314.42270729238857,-1.0,0.7809045226130485,False,middle_candle,0.3333333333333333,market_on_signal_1to1
SOL/USD,new_york,2026-07-22 15:00:00,2026-07-22 15:05:00,2026-07-22 15:25:00,long,78.175,77.655,78.695,78.695,target,0.6651742884553835,4.510096153846188,2787.4261123152355,217907.0363302435,1449.4615784039113,1158.8392306255153,290.622347778396,1.0,1.2096153846154032,True,middle_candle,0.3333333333333333,market_on_signal_1to1
SOL/USD,asia,2026-07-23 00:20:00,2026-07-23 00:25:00,2026-07-23 01:25:00,long,78.46,77.91135,79.00864999999999,77.91135,stopped out,0.6992735151669577,4.290166772988283,2705.2342209472167,212252.6769755186,1484.2267553226768,-1767.3078909469023,283.08113562422557,-1.0,0.18208329536135262,False,middle_candle,1.0,market_on_signal_1to1
SOL/USD,asia,2026-07-24 00:30:00,2026-07-24 00:35:00,2026-07-24 00:55:00,short,75.6245,75.7674,75.4816,75.7674,stopped out,0.1889599270077784,15.876382085374681,10015.447995761346,757413.2469554539,1431.20751859427,-2441.368639481862,1010.1611208875921,-1.0,0.7522743177047144,False,middle_candle,0.3333333333333333,market_on_signal_1to1
SOL/USD,london,2026-07-24 07:40:00,2026-07-24 07:45:00,2026-07-24 08:30:00,short,75.79305,76.2555,75.33059999999999,75.79305,break even,0.6101482919608118,4.916837495945464,2936.4611512807915,222563.34686208257,1357.9664594098138,-296.83246343844047,296.83246343844047,-0.0,0.27570548167368714,True,middle_candle,0.75,market_on_signal_1to1
SOL/USD,london,2026-07-24 08:15:00,2026-07-24 08:20:00,2026-07-24 08:25:00,short,75.87025,76.0113,75.72919999999999,75.72919999999999,target,0.18590949680541055,16.136884083657474,9627.55377107229,730444.9114996974,1357.9664594098138,383.77297452801474,974.193484881799,1.0,1.4512584190003004,False,three_candles,0.08333333333333333,market_on_signal_1to1
SOL/USD,new_york,2026-07-24 13:35:00,2026-07-24 13:40:00,2026-07-24 14:15:00,short,74.3175,74.7865,73.84849999999999,73.84849999999999,target,0.6310761260806785,4.753784648187549,2901.0120996641303,215595.966716789,1360.5746747425012,1073.0345976803364,287.54007706216464,1.0,1.40820895522385,True,middle_candle,0.5833333333333334,market_on_signal_1to1
SOL/USD,asia,2026-07-25 00:45:00,2026-07-25 00:50:00,2026-07-25 01:35:00,short,73.9529,74.1579,73.7479,74.1579,stopped out,0.2772034632854132,10.822375609756188,6793.97908620938,502434.4559645336,1392.7657126729111,-2062.861931942669,670.0962192697575,-1.0,0.5019512195122252,False,middle_candle,0.75,market_on_signal_1to1
SOL/USD,asia,2026-07-25 01:40:00,2026-07-25 01:45:00,2026-07-25 02:15:00,long,74.1608,73.993,74.3286,73.993,stopped out,0.22626508883399282,13.258784266984526,7931.345975653356,588194.9626312334,1330.879854714631,-2115.354756811171,784.4749020965398,-1.0,0.4654350417163671,False,middle_candle,0.5,market_on_signal_1to1
SOL/USD,london,2026-07-25 08:55:00,2026-07-25 09:00:00,2026-07-25 09:15:00,long,73.7717,73.7045,73.8389,73.8389,target,0.09109184145139627,32.93379464285728,18860.404940629487,1391364.1351586361,1267.419212010296,-588.2414329339108,1855.6606449442068,1.0,1.0706845238095444,True,middle_candle,0.25,market_on_signal_1to1
SOL/USD,new_york,2026-07-25 14:00:00,2026-07-25 14:05:00,2026-07-25 15:05:00,short,73.7584,74.038,73.47879999999999,74.038,stopped out,0.3790754680144934,7.913991416308953,4469.85682769052,329689.4878395284,1249.7719690222787,-1689.4784356302246,439.7064666079459,-1.0,0.43776824034334066,False,middle_candle,1.0,market_on_signal_1to1
SOL/USD,new_york,2026-07-25 14:50:00,2026-07-25 14:55:00,2026-07-25 15:10:00,long,73.9645,73.799,74.13,74.13,target,0.2237559910497528,13.407462235649996,7551.492259953599,558542.349261338,1249.7719690222787,504.8447211018238,744.9272479204549,1.0,1.3419939577039577,True,three_candles,0.25,market_on_signal_1to1
SOL/USD,asia,2026-07-26 01:45:00,2026-07-26 01:50:00,2026-07-26 01:55:00,long,74.616,74.515,74.717,74.717,target,0.13535970837353797,22.163168316831882,12022.108490954828,897041.6471610854,1214.2329575864267,17.849610158139285,1196.3833474282874,1.0,3.207920792079218,False,middle_candle,0.08333333333333333,market_on_signal_1to1
SOL/USD,new_york,2026-07-26 14:05:00,2026-07-26 14:10:00,2026-07-26 14:25:00,long,75.055,74.8739,75.23610000000001,74.8739,stopped out,0.2412897208713619,12.433186085035844,6707.7219541201885,503448.0712664908,1214.7684458911708,-1886.2165226491484,671.4480767579777,-1.0,0.0,False,middle_candle,0.25,market_on_signal_1to1
SOL/USD,new_york,2026-07-26 14:25:00,2026-07-26 14:30:00,2026-07-26 14:30:00,short,74.893,74.973,74.813,74.973,stopped out,0.10681906186158692,28.084875000000597,14477.274377646514,1084246.5099650803,1158.1819502116964,-2604.240194145739,1446.058243934043,-1.0,1.287499999999958,False,middle_candle,0.0,market_on_signal_1to1
XRP/USD,asia,2026-07-01 01:05:00,2026-07-01 01:10:00,2026-07-01 01:35:00,short,1.030895,1.03615,1.0256399999999999,1.03615,stopped out,0.5097512355768541,5.885223596574679,570884.8715509028,588522.3596574679,3000.0,-3759.887406893945,759.8874068939447,-1.0,1.9210275927687814,False,middle_candle,0.4166666666666667,market_on_signal_1to1
XRP/USD,london,2026-07-01 08:20:00,2026-07-01 08:25:00,2026-07-01 08:30:00,short,1.03934,1.041,1.03768,1.03768,target,0.1597167433178743,18.78325301204825,1739279.1432489099,1807702.384744322,2887.2033777931815,553.136956971286,2334.0664208218955,1.0,1.4096385542168772,False,middle_candle,0.08333333333333333,market_on_signal_1to1
XRP/USD,london,2026-07-01 08:55:00,2026-07-01 09:00:00,2026-07-01 09:10:00,long,1.0457,1.0402,1.0512000000000001,1.0457,break even,0.5259634694463097,5.703818181818119,527963.1793640524,552091.0966609896,2903.7974865023198,-712.8481440452439,712.8481440452439,0.0,0.7818181818181679,True,middle_candle,0.16666666666666666,market_on_signal_1to1
XRP/USD,asia,2026-07-02 00:00:00,2026-07-02 00:05:00,2026-07-02 00:20:00,short,1.0494,1.05425,1.0445500000000003,1.0494,break even,0.4621688583952543,6.4911340206188255,594311.7612744499,623670.7622814077,2882.4120421809625,-805.2702680343693,805.2702680343693,-0.0,0.31443298969078015,True,three_candles,0.25,market_on_signal_1to1
XRP/USD,asia,2026-07-02 01:05:00,2026-07-02 01:10:00,2026-07-02 01:30:00,long,1.04925,1.045215,1.053285,1.053285,target,0.38456040028591953,7.8011152416356655,708365.2872713566,743252.2776694709,2858.2539341399315,1898.5825866061004,959.6713475338312,1.0,2.1016109045848874,True,middle_candle,0.3333333333333333,market_on_signal_1to1
XRP/USD,london,2026-07-02 07:40:00,2026-07-02 07:45:00,2026-07-02 08:25:00,long,1.0581,1.05515,1.06105,1.06105,target,0.2788016255552413,10.760338983050818,988207.2582163074,1045622.0999186749,2915.2114117381147,1565.126656146755,1350.0847555913597,1.0,1.38983050847457,True,middle_candle,0.6666666666666666,market_on_signal_1to1
XRP/USD,new_york,2026-07-02 14:05:00,2026-07-02 14:10:00,2026-07-02 14:25:00,short,1.10035,1.109,1.0917,1.0917,target,0.7861135093379422,3.8162427745664527,342446.8452511562,376811.3861721097,2962.165211422517,2475.6344578703674,486.5307535521498,1.0,1.1271676300577889,True,middle_candle,0.25,market_on_signal_1to1
XRP/USD,london,2026-07-03 07:10:00,2026-07-03 07:15:00,2026-07-03 07:20:00,short,1.09804,1.1001,1.0959799999999997,1.1001,stopped out,0.18760700885215228,15.990873786406423,1473997.20638756,1618507.8925017964,3036.4342451586285,-5126.21680870709,2089.782563548462,-1.0,0.9514563106795133,False,middle_candle,0.08333333333333333,market_on_signal_1to1
XRP/USD,london,2026-07-03 08:40:00,2026-07-03 08:45:00,2026-07-03 08:50:00,long,1.10562,1.1005,1.11074,1.1005,stopped out,0.46308858378104717,6.4782421874999825,563017.136894025,622483.0068927719,2882.6477408974156,-3686.384404732243,803.7366638348277,-1.0,0.0,False,middle_candle,0.08333333333333333,market_on_signal_1to1
XRP/USD,new_york,2026-07-03 15:05:00,2026-07-03 15:10:00,2026-07-03 15:20:00,long,1.120035,1.110975,1.1290949999999997,1.120035,break even,0.8089032932006452,3.7087251655629774,305966.46895756025,342693.154058881,2772.0562087554486,-442.47802640782083,442.47802640782083,0.0,0.27759381898455715,True,middle_candle,0.16666666666666666,market_on_signal_1to1
XRP/USD,london,2026-07-04 08:20:00,2026-07-04 08:25:00,2026-07-04 08:55:00,long,1.147255,1.140905,1.1536049999999998,1.140905,stopped out,0.5534950817385722,5.4201023622048465,434453.8374745317,498429.3373118439,2758.7818679632137,-3402.3431030371107,643.561235073897,-1.0,0.4165354330708769,False,middle_candle,0.5,market_on_signal_1to1
XRP/USD,new_york,2026-07-04 13:45:00,2026-07-04 13:50:00,2026-07-04 14:00:00,short,1.14831,1.155345,1.1412749999999998,1.155345,stopped out,0.6126394440525751,4.896844349680083,377642.014907186,433650.1021380707,2656.7115748721003,-3216.6312554170895,559.9196805449893,-1.0,0.07249466950959509,False,middle_candle,0.16666666666666666,market_on_signal_1to1
XRP/USD,asia,2026-07-05 01:15:00,2026-07-05 01:20:00,2026-07-05 01:25:00,short,1.1445725,1.14965,1.139495,1.1445725,break even,0.44361541099406704,6.762614475627678,504227.00880542654,577124.3680359491,2560.2126372095877,-745.1705653756106,745.1705653756106,-0.0,0.7035942885278051,True,middle_candle,0.08333333333333333,market_on_signal_1to1
XRP/USD,new_york,2026-07-05 13:50:00,2026-07-05 13:55:00,2026-07-05 15:05:00,long,1.134745,1.12959,1.1398999999999997,1.1398999999999997,target,0.45428708652603,6.60375363724565,492309.8972353868,558646.194338369,2537.85752024832,1816.5455751354336,721.3119451128862,1.0,1.0252182347236494,False,middle_candle,1.1666666666666667,market_on_signal_1to1
XRP/USD,new_york,2026-07-05 14:35:00,2026-07-05 14:40:00,2026-07-05 14:55:00,long,1.13551,1.133885,1.137135,1.137135,target,0.14310750235576855,20.9632615384617,1561758.473998978,1773392.3648105797,2537.85752024832,248.09145887768682,2289.766061370633,1.0,1.5323076923076309,False,middle_candle,0.25,market_on_signal_1to1
XRP/USD,asia,2026-07-06 00:55:00,2026-07-06 01:00:00,2026-07-06 01:20:00,long,1.1546,1.148295,1.160905,1.1546,break even,0.54607656331197,5.493735130848529,412338.87886894704,476086.4695420863,2599.796631268713,-614.7126049861346,614.7126049861346,0.0,0.8961141950832558,True,middle_candle,0.3333333333333333,market_on_signal_1to1
XRP/USD,asia,2026-07-06 01:45:00,2026-07-06 01:50:00,2026-07-06 02:05:00,short,1.1525,1.158,1.1470000000000002,1.1470000000000002,target,0.4772234273318732,6.286363636363821,469337.3187489464,540911.2598581607,2581.3552531191294,1882.942273784609,698.4129793345205,1.0,1.135454545454589,False,middle_candle,0.25,market_on_signal_1to1
XRP/USD,london,2026-07-06 07:20:00,2026-07-06 07:25:00,2026-07-06 07:40:00,long,1.14025,1.136,1.1445,1.1445,target,0.3727252795439673,8.0488235294116,620669.0638429679,707717.900046944,2637.8435213326675,1724.0533975519793,913.7901237806881,1.0,1.3529411764705421,False,three_candles,0.25,market_on_signal_1to1
XRP/USD,london,2026-07-06 08:00:00,2026-07-06 08:05:00,2026-07-06 09:15:00,long,1.1484,1.138725,1.1580750000000002,1.138725,stopped out,0.8424764890282219,3.560930232558103,277991.2272102531,319245.1253282547,2689.5651232592268,-3101.7675595275996,412.2024362683728,-1.0,0.15245478036174448,False,middle_candle,1.1666666666666667,market_on_signal_1to1
XRP/USD,new_york,2026-07-06 14:25:00,2026-07-06 14:30:00,2026-07-06 15:05:00,long,1.1213,1.114755,1.127845,1.127845,target,0.5836974939802037,5.139648586707391,396716.89785689674,444838.6575669383,2596.5120964733983,2022.1459939153528,574.3661025580454,1.0,1.1688311688311548,False,middle_candle,0.5833333333333334,market_on_signal_1to1
XRP/USD,new_york,2026-07-06 15:25:00,2026-07-06 15:30:00,2026-07-06 15:40:00,long,1.12958,1.12432,1.13484,1.13484,target,0.4656598027585512,6.442471482889681,505166.6304735433,570626.122450305,2657.1764762908592,1920.3963057853925,736.7801705054667,1.0,1.2490494296577779,False,middle_candle,0.16666666666666666,market_on_signal_1to1
XRP/USD,asia,2026-07-07 01:00:00,2026-07-07 01:05:00,2026-07-07 01:45:00,short,1.14245,1.150015,1.134885,1.14245,break even,0.6621733992734951,4.530535360211474,358861.64778115076,409981.4895075757,2714.788365464421,-529.3592772205819,529.3592772205819,-0.0,0.4957038995373296,True,middle_candle,0.6666666666666666,market_on_signal_1to1
XRP/USD,asia,2026-07-07 01:45:00,2026-07-07 01:50:00,2026-07-07 02:05:00,long,1.14304,1.1391,1.14698,1.1391,stopped out,0.3446948488241929,8.703350253806986,685001.9256720218,782984.6011201479,2698.9075871478035,-3709.880455756176,1010.9728686083726,-1.0,0.015228426395925927,False,middle_candle,0.25,market_on_signal_1to1
XRP/USD,london,2026-07-07 07:35:00,2026-07-07 07:40:00,2026-07-07 08:00:00,short,1.1285118225,1.1318,1.125223645,1.125223645,target,0.29137288900666247,10.296084890490281,786943.8841045311,888075.4768560332,2587.6111734751184,1440.947227474828,1146.6639460002905,1.0,1.0832208723525556,True,middle_candle,0.3333333333333333,market_on_signal_1to1
XRP/USD,london,2026-07-07 07:55:00,2026-07-07 08:00:00,2026-07-07 08:05:00,short,1.1258,1.1291668225,1.1224331774999998,1.1224331774999998,target,0.299060445905142,10.031416862635053,768561.8037407824,865246.8786513727,2587.6111734751184,1470.4230222481303,1117.188151226988,1.0,1.0098542468454332,False,middle_candle,0.08333333333333333,market_on_signal_1to1
XRP/USD,new_york,2026-07-07 14:50:00,2026-07-07 14:55:00,2026-07-07 15:35:00,long,1.121805,1.1125,1.1311099999999998,1.1311099999999998,target,0.8294667968140539,3.6167813003761813,287474.7212215837,322490.5796399787,2674.952280966807,2258.559383927217,416.3928970395899,1.0,1.0462117141322038,True,middle_candle,0.6666666666666666,market_on_signal_1to1
XRP/USD,new_york,2026-07-07 15:25:00,2026-07-07 15:30:00,2026-07-07 15:40:00,long,1.126555,1.119815,1.133295,1.126555,break even,0.5982841494645151,5.014339762611299,396877.1930217833,447103.9861846551,2674.952280966807,-577.2910461236244,577.2910461236244,0.0,0.7396142433234482,True,middle_candle,0.16666666666666666,market_on_signal_1to1
XRP/USD,asia,2026-07-08 01:00:00,2026-07-08 01:05:00,2026-07-08 01:10:00,short,1.11195,1.11381,1.11009,1.11381,stopped out,0.16727370835019317,17.934677419355104,1465263.6188714812,1629299.8810041435,2725.390331100915,-4829.107277980285,2103.71694687937,-1.0,0.3225806451612595,False,middle_candle,0.08333333333333333,market_on_signal_1to1
XRP/USD,asia,2026-07-08 01:55:00,2026-07-08 02:00:00,2026-07-08 02:15:00,short,1.0978,1.108395,1.0872050000000002,1.0978,break even,0.9651120422663426,3.1084473808400452,243559.8973819281,267380.0553458807,2580.5171127615063,-345.2353739460211,345.2353739460211,-0.0,0.3067484662576899,True,middle_candle,0.25,market_on_signal_1to1
XRP/USD,london,2026-07-08 07:30:00,2026-07-08 07:35:00,2026-07-08 07:35:00,long,1.09302,1.092345,1.0936950000000003,1.092345,stopped out,0.06175550310151719,48.57866666665204,3807644.520803484,4161831.6141286246,2570.1600515431255,-7943.827476906699,5373.667425363574,-1.0,0.0,False,middle_candle,0.0,market_on_signal_1to1
XRP/USD,asia,2026-07-09 00:20:00,2026-07-09 00:25:00,2026-07-09 00:30:00,short,1.087385,1.09001,1.0847600000000002,1.09001,stopped out,0.24140483821276523,12.427257142857723,888321.9913280129,965948.0085402114,2331.845227235925,-3579.05651047621,1247.2112832402847,-1.0,0.0,False,middle_candle,0.08333333333333333,market_on_signal_1to1
XRP/USD,asia,2026-07-09 01:50:00,2026-07-09 01:55:00,2026-07-09 02:00:00,short,1.085,1.08775,1.08225,1.085,break even,0.25345622119815947,11.836363636363505,808899.4661533141,877655.9207763458,2224.4735319216384,-1133.2104393994744,1133.2104393994744,-0.0,1.0909090909090395,True,middle_candle,0.08333333333333333,market_on_signal_1to1
XRP/USD,london,2026-07-09 07:35:00,2026-07-09 07:40:00,2026-07-09 07:45:00,short,1.09413,1.097875,1.0903850000000002,1.097875,stopped out,0.3422810817727224,8.764726301735912,584907.1345099387,639964.4430813593,2190.4772187396543,-3016.785536813514,826.3083180738597,-1.0,0.0,False,middle_candle,0.08333333333333333,market_on_signal_1to1
XRP/USD,asia,2026-07-10 01:15:00,2026-07-10 01:20:00,2026-07-10 01:45:00,long,1.09558,1.091055,1.1001049999999999,1.1001049999999999,target,0.41302323883238923,7.263513812154871,464082.57516802195,508439.5877025815,2099.9736526352485,1443.4873976586177,656.4862549766309,1.0,2.6342541436464573,False,middle_candle,0.4166666666666667,market_on_signal_1to1
XRP/USD,new_york,2026-07-11 14:20:00,2026-07-11 14:25:00,2026-07-11 14:35:00,long,1.11095,1.10879,1.1131100000000003,1.1131100000000003,target,0.19442819208786727,15.429861111109956,992258.4604466883,1102349.5366332484,2143.2782745650075,719.9482733556792,1423.3300012093282,1.0,1.6666666666664611,False,middle_candle,0.16666666666666666,market_on_signal_1to1
XRP/USD,new_york,2026-07-12 13:35:00,2026-07-12 13:40:00,2026-07-12 14:45:00,short,1.0958,1.1005,1.0911000000000002,1.1005,stopped out,0.4289103851067646,6.994468085106492,460612.0686735556,504738.7048524823,2164.8767227656776,-2816.584477442308,651.7077546766305,-1.0,0.38297872340426636,False,three_candles,1.0833333333333333,market_on_signal_1to1
XRP/USD,asia,2026-07-13 01:50:00,2026-07-13 01:55:00,2026-07-13 03:10:00,short,1.0849711,1.098785,1.0711572,1.0711572,target,1.2732044199149577,2.35625949225057,150600.42337373356,163397.10700826542,2080.379188442408,1869.4043598721753,210.9748285702328,1.0,1.1199661210809506,True,middle_candle,1.25,market_on_signal_1to1
XRP/USD,london,2026-07-13 08:45:00,2026-07-13 08:50:00,2026-07-13 10:25:00,long,1.08226,1.07537,1.08915,1.07537,stopped out,0.6366307541625915,4.7123076923076495,310081.46868484095,335588.77029885596,2136.4613192385737,-2569.7663182084448,433.3049989698711,-1.0,0.0,False,middle_candle,1.5833333333333333,market_on_signal_1to1
XRP/USD,new_york,2026-07-13 13:50:00,2026-07-13 13:55:00,2026-07-13 14:00:00,short,1.06605,1.070705,1.0613949999999999,1.070705,stopped out,0.4366586933070753,6.87035445757239,442399.21153432585,471619.679456168,2059.3683296923205,-2668.3135114364504,608.9451817441297,-1.0,0.0,False,middle_candle,0.08333333333333333,market_on_signal_1to1
XRP/USD,new_york,2026-07-13 14:10:00,2026-07-13 14:15:00,2026-07-13 14:15:00,long,1.071395,1.0677,1.07509,1.0677,stopped out,0.3448774728274822,8.69874154262516,535674.9456966779,573919.4584446923,1979.3189243492268,-2720.3513794242413,741.0324550750146,-1.0,1.3518267929634251,False,middle_candle,0.0,market_on_signal_1to1
XRP/USD,asia,2026-07-14 00:40:00,2026-07-14 00:45:00,2026-07-14 00:50:00,short,1.064,1.066,1.062,1.066,stopped out,0.18796992481203023,15.959999999999985,948854.191483249,1009580.8597381769,1897.7083829664996,-3201.257464776594,1303.5490818100943,-1.0,0.0,False,middle_candle,0.08333333333333333,market_on_signal_1to1
XRP/USD,london,2026-07-14 08:15:00,2026-07-14 08:20:00,2026-07-14 08:40:00,long,1.068,1.0665,1.0695000000000001,1.0695000000000001,target,0.1404494382022525,21.359999999999186,1201113.772682089,1282789.509224471,1801.6706590232016,145.3604479333826,1656.310211089819,1.0,1.1966666666666153,True,middle_candle,0.3333333333333333,market_on_signal_1to1
XRP/USD,london,2026-07-14 08:55:00,2026-07-14 09:00:00,2026-07-14 09:25:00,short,1.06855,1.069795,1.0673050000000002,1.069795,stopped out,0.11651303167843718,25.74819277108557,1450627.6887239274,1550068.2167859527,1806.0314724612033,-3807.4461994186413,2001.414726957438,-1.0,0.5943775100403376,False,three_candles,0.4166666666666667,market_on_signal_1to1
XRP/USD,asia,2026-07-15 00:30:00,2026-07-15 00:35:00,2026-07-15 00:45:00,short,1.1075,1.11075,1.10425,1.1075,break even,0.2934537246049639,10.223076923077,520556.3343011252,576516.1402384961,1691.8080864786439,-744.3852347314593,744.3852347314593,-0.0,0.1846153846153657,True,middle_candle,0.16666666666666666,market_on_signal_1to1
XRP/USD,asia,2026-07-15 01:45:00,2026-07-15 01:50:00,2026-07-15 02:15:00,short,1.10252,1.10695,1.0980899999999998,1.10252,break even,0.4018067699452306,7.466275395033596,376857.00438750366,415492.3844773105,1669.4765294367,-536.4748262213948,536.4748262213948,-0.0,0.5237020316026627,True,middle_candle,0.4166666666666667,market_on_signal_1to1
XRP/USD,london,2026-07-15 08:55:00,2026-07-15 09:00:00,2026-07-15 09:05:00,long,1.10538,1.105,1.10576,1.10576,target,0.03437731820731757,87.26684210525237,4351006.012236458,4809515.025805936,1653.3822846500584,-4556.560024940762,6209.9423095908205,1.0,9.526315789472392,False,middle_candle,0.08333333333333333,market_on_signal_1to1
XRP/USD,new_york,2026-07-15 14:20:00,2026-07-15 14:25:00,2026-07-15 14:30:00,short,1.121025,1.12514,1.1169099999999998,1.12514,stopped out,0.3670747753172401,8.172721749696052,368574.8442045692,413181.6147244271,1516.6854839018356,-2050.176693941732,533.4912100398966,-1.0,0.7460510328067651,False,middle_candle,0.08333333333333333,market_on_signal_1to1
XRP/USD,asia,2026-07-16 00:20:00,2026-07-16 00:25:00,2026-07-16 00:35:00,short,1.1109,1.114,1.1078,1.1078,target,0.27905302007382327,10.750645161289967,469412.9622850114,521470.8598024192,1455.1801830835836,781.8682299801417,673.311953103442,1.0,1.064516129032249,False,middle_candle,0.16666666666666666,market_on_signal_1to1
XRP/USD,asia,2026-07-16 01:15:00,2026-07-16 01:20:00,2026-07-16 01:25:00,short,1.1065,1.109995,1.103005,1.109995,stopped out,0.31586082241301633,9.497854077253148,423071.88268468576,468129.0381906048,1478.6362299829877,-2083.074370837066,604.4381408540781,-1.0,0.01573676680976763,False,middle_candle,0.08333333333333333,market_on_signal_1to1
XRP/USD,london,2026-07-16 08:30:00,2026-07-16 08:35:00,2026-07-16 10:00:00,long,1.1073,1.1027,1.1118999999999999,1.1027,stopped out,0.41542490743248783,7.221521739130533,307857.39105606417,340890.4891163798,1416.1439988578759,-1856.294463081903,440.1504642240271,-1.0,0.5217391304347805,False,middle_candle,1.4166666666666667,market_on_signal_1to1
XRP/USD,new_york,2026-07-16 14:10:00,2026-07-16 14:15:00,2026-07-16 14:40:00,long,1.111775,1.105865,1.1176849999999998,1.111775,break even,0.5315823795282193,5.643527918781859,230195.45938501708,255925.55685777735,1360.4551649654186,-330.44557197747497,330.44557197747497,0.0,0.5964467005076284,True,middle_candle,0.4166666666666667,market_on_signal_1to1
XRP/USD,new_york,2026-07-16 14:55:00,2026-07-16 15:00:00,2026-07-16 15:05:00,short,1.1111,1.113,1.1092,1.1092,target,0.17100171001710132,17.543684210526198,710811.4725295187,789782.6271275482,1350.5417978060946,330.7914642977179,1019.7503335083767,1.0,2.578947368420985,False,middle_candle,0.08333333333333333,market_on_signal_1to1
XRP/USD,asia,2026-07-17 00:00:00,2026-07-17 00:05:00,2026-07-17 00:05:00,short,1.0858,1.086545,1.085055,1.086545,stopped out,0.06861300423650724,43.72348993288616,1826128.243939643,1982810.0472696645,1360.4655417350261,-3920.6272084216453,2560.161666686619,-1.0,0.9463087248324588,False,middle_candle,0.0,market_on_signal_1to1
XRP/USD,asia,2026-07-17 00:50:00,2026-07-17 00:55:00,2026-07-17 01:05:00,long,1.09004,1.0861,1.0939799999999997,1.0939799999999997,target,0.36145462551831425,8.299796954315074,315443.3313407182,343845.84889463644,1242.8467254823768,798.8803643064564,443.96636117592044,1.0,1.0685279187817833,True,middle_candle,0.16666666666666666,market_on_signal_1to1
XRP/USD,new_york,2026-07-17 13:35:00,2026-07-17 13:40:00,2026-07-17 13:50:00,short,1.07015,1.07575,1.0645499999999999,1.07575,stopped out,0.5232911274120498,5.732946428571378,226216.63150206415,242085.72820193393,1266.8131364115704,-1579.3890194357382,312.5758830241677,-1.0,0.22678571428569128,False,middle_candle,0.16666666666666666,market_on_signal_1to1
XRP/USD,new_york,2026-07-17 14:35:00,2026-07-17 14:40:00,2026-07-17 15:10:00,long,1.085,1.0759,1.0940999999999999,1.0759,stopped out,0.8387096774193444,3.5769230769231215,134003.45778335314,145393.75169493814,1219.4314658284982,-1407.1607494165542,187.7292835880559,-1.0,0.21978021978022272,False,middle_candle,0.5,market_on_signal_1to1
XRP/USD,asia,2026-07-18 01:00:00,2026-07-18 01:05:00,2026-07-18 01:15:00,short,1.086615,1.089555,1.0836750000000002,1.089555,stopped out,0.2705650115266164,11.087908163265524,400413.8242673554,435095.6676562724,1177.2166433460018,-1739.0028069822383,561.7861636362366,-1.0,0.0,False,three_candles,0.16666666666666666,market_on_signal_1to1
XRP/USD,london,2026-07-19 08:10:00,2026-07-19 08:15:00,2026-07-19 08:20:00,long,1.096095,1.094795,1.0973950000000001,1.094795,stopped out,0.1186028583288929,25.294499999998465,865420.430104974,948583.0063359115,1125.0465591365344,-2349.836525192859,1224.7899660563244,-1.0,1.3884615384614978,False,middle_candle,0.08333333333333333,market_on_signal_1to1
XRP/USD,new_york,2026-07-19 14:20:00,2026-07-19 14:25:00,2026-07-19 14:45:00,short,1.092445,1.09599,1.0889000000000002,1.09599,stopped out,0.32450146231617233,9.244950634696993,297475.73014972516,324975.87402341655,1054.5514633807488,-1474.1533190493665,419.6018556686177,-1.0,0.5768688293371302,False,three_candles,0.3333333333333333,market_on_signal_1to1
XRP/USD,new_york,2026-07-19 14:35:00,2026-07-19 14:40:00,2026-07-19 14:45:00,long,1.0952,1.0925,1.0978999999999999,1.0978999999999999,target,0.2465303140978748,12.168888888889228,390574.6160669549,427757.319516529,1054.5514633807488,502.2404169550804,552.3110464256685,1.0,2.062962962963048,False,middle_candle,0.08333333333333333,market_on_signal_1to1
XRP/USD,asia,2026-07-20 00:45:00,2026-07-20 00:50:00,2026-07-20 01:00:00,short,1.0967,1.103,1.0904,1.0967,break even,0.5744506246010734,5.222380952380975,162760.96449490864,178499.9497615663,1025.3940763179198,-230.47529414848603,230.47529414848603,-0.0,0.7047619047619078,True,middle_candle,0.16666666666666666,market_on_signal_1to1
XRP/USD,london,2026-07-20 08:10:00,2026-07-20 08:15:00,2026-07-20 10:00:00,long,1.08935,1.08375,1.09495,1.08935,break even,0.5140680222150869,5.83580357142852,181871.3959809744,198121.60521187447,1018.4798174934656,-255.81035344475333,255.81035344475333,0.0,0.5624999999999926,True,middle_candle,1.75,market_on_signal_1to1
XRP/USD,new_york,2026-07-20 13:50:00,2026-07-20 13:55:00,2026-07-20 14:00:00,short,1.093695,1.0986,1.0887900000000001,1.0887900000000001,target,0.44847969497894175,6.689266055045957,206076.55594090433,225384.8988497874,1010.8055068901228,719.7933753549678,291.0121315351551,1.0,1.2222222222222776,True,middle_candle,0.08333333333333333,market_on_signal_1to1
XRP/USD,asia,2026-07-21 01:40:00,2026-07-21 01:45:00,2026-07-21 01:50:00,short,1.1162,1.11799,1.1144100000000001,1.1144100000000001,target,0.16036552589141356,18.70726256983284,576759.3900283778,643778.8311496753,1032.3993081507722,201.16593428156955,831.2333738692026,1.0,1.5921787709497686,False,middle_candle,0.08333333333333333,market_on_signal_1to1
XRP/USD,asia,2026-07-22 01:35:00,2026-07-22 01:40:00,2026-07-22 01:40:00,long,1.1435,1.14317,1.14383,1.14317,stopped out,0.028858766943589107,103.9545454545639,3146770.5641800105,3598332.140139842,1038.4342861792193,-5684.523316178754,4646.089029999534,-1.0,0.0,False,middle_candle,0.0,market_on_signal_1to1
XRP/USD,london,2026-07-22 07:25:00,2026-07-22 07:30:00,2026-07-22 07:30:00,long,1.1322,1.131,1.1334000000000002,1.131,stopped out,0.10598834128246686,28.30499999999788,723248.822244826,818862.316545592,867.8985866938563,-1925.1959894385143,1057.297402744658,-1.0,1.1249999999998843,False,middle_candle,0.0,market_on_signal_1to1
XRP/USD,london,2026-07-22 08:00:00,2026-07-22 08:05:00,2026-07-22 08:50:00,long,1.132565,1.1293,1.1358300000000001,1.1358300000000001,target,0.2882836746676856,10.406416539050303,248129.46615947408,281022.7488409048,810.1427070107011,447.2921807890443,362.85052622165676,1.0,1.0826952526799345,True,middle_candle,0.75,market_on_signal_1to1
XRP/USD,new_york,2026-07-22 14:20:00,2026-07-22 14:25:00,2026-07-22 14:30:00,short,1.13953,1.144075,1.134985,1.13953,break even,0.3988486481268612,7.521650165016466,181201.64409997105,206484.70950124,823.5614724343723,-266.60861374488593,266.60861374488593,-0.0,0.7744774477447637,True,middle_candle,0.08333333333333333,market_on_signal_1to1
XRP/USD,new_york,2026-07-22 15:15:00,2026-07-22 15:20:00,2026-07-22 15:45:00,long,1.149665,1.1416,1.15773,1.149665,break even,0.7015087003605389,4.2764972101673955,101123.77111246457,116258.46031601158,815.5632140220256,-150.11042229633253,150.11042229633253,0.0,0.678859268443909,True,middle_candle,0.4166666666666667,market_on_signal_1to1
XRP/USD,london,2026-07-23 08:40:00,2026-07-23 08:45:00,2026-07-23 10:00:00,long,1.138,1.13275,1.1432499999999999,1.13275,stopped out,0.461335676625657,6.50285714285717,154487.6002577408,175806.889093309,811.0599013531356,-1038.0579735163751,226.9980721632395,-1.0,0.0,False,middle_candle,1.25,market_on_signal_1to1
XRP/USD,new_york,2026-07-23 13:55:00,2026-07-23 14:00:00,2026-07-23 15:40:00,short,1.11051,1.11881,1.1022100000000001,1.11051,break even,0.747404345751049,4.013891566265073,93966.04363224664,104350.23111404623,779.9181621476447,-134.73477299348045,134.73477299348045,-0.0,0.8909638554216944,True,middle_candle,1.6666666666666667,market_on_signal_1to1
XRP/USD,asia,2026-07-24 01:05:00,2026-07-24 01:10:00,2026-07-24 01:15:00,long,1.108,1.10636,1.1096400000000002,1.10636,stopped out,0.14801444043322073,20.268292682925768,473095.19448646315,524189.4754910012,775.8761189578402,-1452.698290138876,676.8221711810357,-1.0,0.0,False,middle_candle,0.08333333333333333,market_on_signal_1to1
XRP/USD,london,2026-07-24 07:05:00,2026-07-24 07:10:00,2026-07-24 07:20:00,long,1.11685,1.111855,1.1218449999999998,1.11685,break even,0.44724000537223985,6.707807807807994,146605.63969042923,163736.50868825588,732.2951702536736,-211.4130567161498,211.4130567161498,0.0,0.7407407407407687,True,middle_candle,0.16666666666666666,market_on_signal_1to1
XRP/USD,london,2026-07-24 07:30:00,2026-07-24 07:35:00,2026-07-24 07:45:00,short,1.11225,1.1196,1.1049,1.11225,break even,0.6608226567768009,4.539795918367367,98769.0855173051,109855.91536662259,725.9527785521892,-141.84359402842307,141.84359402842307,-0.0,0.27891156462583594,True,middle_candle,0.16666666666666666,market_on_signal_1to1
XRP/USD,new_york,2026-07-24 13:50:00,2026-07-24 13:55:00,2026-07-24 17:00:00,short,1.0878,1.098,1.0776000000000001,1.0878,break even,0.9376723662437935,3.1994117647058866,70754.65399326837,76966.91261387734,721.6974707313364,-99.37802138364333,99.37802138364333,-0.0,0.39901960784313956,True,middle_candle,3.0833333333333335,market_on_signal_1to1
XRP/USD,new_york,2026-07-25 14:25:00,2026-07-25 14:30:00,2026-07-25 15:00:00,long,1.091,1.0867,1.0953,1.0953,target,0.3941338221814822,7.611627906976795,167143.2860674028,182353.32509953645,718.7161300898272,483.2654406223537,235.45068946747347,1.0,1.1534883720930487,False,three_candles,0.5,market_on_signal_1to1
DOT/USD,asia,2026-07-01 00:10:00,2026-07-01 00:15:00,2026-07-01 00:25:00,long,0.82295,0.819525,0.826375,0.819525,stopped out,0.41618567349170804,7.208321167883187,875912.4087591212,720832.1167883187,3000.0,-4742.456990283925,1742.4569902839246,-1.0,0.20569343065693269,False,middle_candle,0.16666666666666666,market_on_signal_1to1
DOT/USD,asia,2026-07-01 01:05:00,2026-07-01 01:10:00,2026-07-01 01:15:00,short,0.8160025,0.821016,0.810989,0.810989,target,0.6143976274582497,4.882831355340577,570006.241207037,465126.5178405452,2857.726290291482,1733.3827247068748,1124.3435655846074,1.0,2.109803530467739,False,middle_candle,0.08333333333333333,market_on_signal_1to1
DOT/USD,london,2026-07-01 07:20:00,2026-07-01 07:25:00,2026-07-01 09:05:00,long,0.8345335,0.829519,0.8395480000000001,0.8395480000000001,target,0.6008746203717445,4.992722105892877,580262.7923088382,484248.7389852679,2909.7277720326883,1739.1603394375024,1170.567432595186,1.0,1.1300229334928449,True,middle_candle,1.6666666666666667,market_on_signal_1to1
DOT/USD,london,2026-07-01 08:50:00,2026-07-01 08:55:00,2026-07-01 09:05:00,long,0.8347295,0.8303335,0.8391255000000001,0.8391255000000001,target,0.526637671245603,5.6965161510463185,661903.4968227125,552510.3749510744,2909.727772032688,1574.1524797894208,1335.575292243267,1.0,1.2444267515923229,False,middle_candle,0.16666666666666666,market_on_signal_1to1
DOT/USD,new_york,2026-07-01 14:05:00,2026-07-01 14:10:00,2026-07-01 14:20:00,long,0.84108,0.8333605,0.8487995000000002,0.84108,break even,0.9178080563085677,3.2686572964569813,389808.55710984604,327860.18121394934,3009.127156609496,-792.5316468102993,792.5316468102993,0.0,0.48189649588702593,True,middle_candle,0.16666666666666666,market_on_signal_1to1
DOT/USD,new_york,2026-07-01 14:30:00,2026-07-01 14:35:00,2026-07-01 15:20:00,short,0.8377,0.8442865,0.8311135,0.8442865,stopped out,0.7862599976125164,3.8155317695285516,453253.0489949388,379690.0791430602,2985.351207205187,-3903.1705123327456,917.8193051275584,-1.0,0.33075229636376763,False,middle_candle,0.75,market_on_signal_1to1
DOT/USD,london,2026-07-02 07:00:00,2026-07-02 07:05:00,2026-07-02 07:30:00,short,0.8368,0.839588,0.834012,0.8368,break even,0.33317399617590976,9.004304160688624,1028786.259625248,860888.3420544076,2868.2560918352046,-2081.0128662831935,2081.0128662831935,-0.0,0.5236728837876651,True,middle_candle,0.4166666666666667,market_on_signal_1to1
DOT/USD,london,2026-07-02 08:15:00,2026-07-02 08:20:00,2026-07-02 08:35:00,long,0.841277,0.8384085,0.8441455000000001,0.8441455000000001,target,0.340969740049954,8.798434721979971,978150.847427805,822895.8104715216,2805.825705846709,816.6516334981413,1989.1740723485675,1.0,1.2055081052814707,True,middle_candle,0.25,market_on_signal_1to1
DOT/USD,asia,2026-07-03 01:30:00,2026-07-03 01:35:00,2026-07-03 03:30:00,long,0.848561,0.841655,0.855467,0.855467,target,0.8138483856788101,3.6861902693310338,409835.68706221646,347770.58044920146,2830.3252548516534,1989.6644895978195,840.6607652538339,1.0,1.0161453808282714,True,middle_candle,1.9166666666666667,market_on_signal_1to1
DOT/USD,london,2026-07-03 07:20:00,2026-07-03 07:25:00,2026-07-03 07:35:00,long,0.853935,0.8529,0.85497,0.85497,target,0.12120360448980405,24.75173913043459,2792285.2072846037,2384430.0684825783,2890.0151895395875,-2873.8329297455075,5763.848119285095,1.0,1.28743961352652,True,middle_candle,0.16666666666666666,market_on_signal_1to1
DOT/USD,london,2026-07-03 07:35:00,2026-07-03 07:40:00,2026-07-03 08:05:00,long,0.855679,0.8538095,0.8575484999999999,0.855679,break even,0.2184814632589988,13.731142016582206,1499759.4017904627,1283312.6251646613,2803.8002016472224,-3102.132941024937,3102.132941024937,0.0,0.8906124632254911,True,middle_candle,0.4166666666666667,market_on_signal_1to1
DOT/USD,new_york,2026-07-03 13:50:00,2026-07-03 13:55:00,2026-07-03 14:10:00,long,0.875617,0.87021,0.8810239999999999,0.87021,stopped out,0.6175074261920382,4.858241168855241,501338.30468217214,438980.3423308895,2710.7362134164746,-3771.8770092785326,1061.1407958620582,-1.0,0.05770297762159838,False,middle_candle,0.25,market_on_signal_1to1
DOT/USD,new_york,2026-07-03 14:10:00,2026-07-03 14:15:00,2026-07-03 15:05:00,short,0.869,0.873701,0.864299,0.873701,stopped out,0.5409666283083954,5.545628589661828,552559.0093890966,480173.779159125,2597.5799031381184,-3758.2969946222215,1160.717091484103,-1.0,0.39544777706870066,False,middle_candle,0.8333333333333334,market_on_signal_1to1
DOT/USD,asia,2026-07-04 00:35:00,2026-07-04 00:40:00,2026-07-04 01:00:00,short,0.877996,0.88295,0.873042,0.873042,target,0.564239472617189,5.3168914008881565,501580.741481519,440385.8846978078,2484.830993299452,1420.2926003196505,1064.5383929798015,1.0,1.454884941461448,False,middle_candle,0.3333333333333333,market_on_signal_1to1
DOT/USD,asia,2026-07-04 01:00:00,2026-07-04 01:05:00,2026-07-04 02:00:00,short,0.8717955,0.877338,0.8662529999999999,0.8717955,break even,0.6357568948222383,4.718784844384297,456010.7841784463,397548.1495982406,2527.439771309041,-960.9873590653519,960.9873590653519,-0.0,0.706450157870989,True,middle_candle,0.9166666666666666,market_on_signal_1to1
DOT/USD,london,2026-07-04 07:00:00,2026-07-04 07:05:00,2026-07-04 07:10:00,short,0.87317,0.875005,0.871335,0.875005,stopped out,0.21015380739146228,14.27525885558559,1361640.4090120103,1188943.555937017,2498.610150537081,-5372.626113263471,2874.0159627263897,-1.0,0.13405994550406775,False,middle_candle,0.08333333333333333,market_on_signal_1to1
DOT/USD,london,2026-07-04 08:00:00,2026-07-04 08:05:00,2026-07-04 08:15:00,short,0.8720025,0.8733215,0.8706835,0.8706835,target,0.1512610342286816,19.83326383624019,1772123.8568152,1545296.4334524965,2337.4313671391765,-1397.991222696452,3735.4225898356285,1.0,1.1842304776346564,False,middle_candle,0.16666666666666666,market_on_signal_1to1
DOT/USD,new_york,2026-07-04 13:40:00,2026-07-04 13:45:00,2026-07-04 14:10:00,short,0.86913,0.874165,0.864095,0.874165,stopped out,0.5793149471310405,5.178530287984099,455906.97725089925,396242.431138074,2295.491630458283,-3253.3226952835876,957.8310648253047,-1.0,0.08272095332669907,False,middle_candle,0.4166666666666667,market_on_signal_1to1
DOT/USD,new_york,2026-07-04 14:35:00,2026-07-04 14:40:00,2026-07-04 14:55:00,short,0.87275,0.87498,0.8705200000000001,0.87498,stopped out,0.25551417931824166,11.74103139013477,985601.7711209959,860183.9457458492,2197.8919495997757,-4277.202088932834,2079.310139333059,-1.0,0.13901345291481562,False,middle_candle,0.25,market_on_signal_1to1
DOT/USD,asia,2026-07-05 00:00:00,2026-07-05 00:05:00,2026-07-05 00:15:00,short,0.88185,0.8842295,0.8794705,0.88185,break even,0.269830470034584,11.118092036142144,869752.4214884677,766991.1728896053,2069.5758869317906,-1854.0366051420315,1854.0366051420315,-0.0,0.36982559361210326,True,middle_candle,0.16666666666666666,market_on_signal_1to1
DOT/USD,asia,2026-07-05 00:20:00,2026-07-05 00:25:00,2026-07-05 00:30:00,short,0.87945,0.881918,0.8769819999999999,0.8769819999999999,target,0.28062993916652745,10.690235008103615,816027.0619033666,717654.9995909157,2013.9547887775298,279.177797678758,1734.7769910987718,1.0,1.0413290113451923,False,middle_candle,0.08333333333333333,market_on_signal_1to1
DOT/USD,london,2026-07-05 07:15:00,2026-07-05 07:20:00,2026-07-05 07:30:00,short,0.866725,0.86885,0.8645999999999999,0.86885,stopped out,0.24517580547463655,12.236117647058572,951684.7636272238,824848.9767548055,2022.3301227078919,-4016.225555501189,1993.895432793297,-1.0,0.1835294117647028,False,three_candles,0.16666666666666666,market_on_signal_1to1
DOT/USD,new_york,2026-07-05 14:35:00,2026-07-05 14:40:00,2026-07-05 14:55:00,long,0.874923,0.87218,0.8776660000000001,0.8776660000000001,target,0.31351330345642425,9.56897192854521,693344.2785427711,606622.856215477,1901.8433560428566,435.4627499896678,1466.3806060531888,1.0,1.0997083485234858,True,middle_candle,0.25,market_on_signal_1to1
DOT/USD,new_york,2026-07-05 14:55:00,2026-07-05 15:00:00,2026-07-05 15:05:00,long,0.878174,0.8749155,0.8814325000000001,0.8814325000000001,target,0.3710540280172327,8.085075955193975,587665.2565728143,516072.34902557463,1914.9072385425466,667.4130563210169,1247.4941822215296,1.0,1.2381463863740603,False,middle_candle,0.08333333333333333,market_on_signal_1to1
DOT/USD,asia,2026-07-06 01:00:00,2026-07-06 01:05:00,2026-07-06 01:10:00,long,0.881335,0.87533,0.8873399999999999,0.881335,break even,0.6813527205886443,4.4030058284763225,322219.75524266454,283983.54798679374,1934.929630232177,-686.4692995644251,686.4692995644251,0.0,0.3119067443796896,True,middle_candle,0.08333333333333333,market_on_signal_1to1
DOT/USD,asia,2026-07-06 01:35:00,2026-07-06 01:40:00,2026-07-06 01:50:00,long,0.88658,0.880985,0.892175,0.880985,stopped out,0.6310767217848379,4.753780160857894,342151.1262279247,303344.3454911535,1914.3355512452445,-2647.6054249839335,733.2698737386888,-1.0,0.0,False,middle_candle,0.16666666666666666,market_on_signal_1to1
DOT/USD,london,2026-07-06 07:20:00,2026-07-06 07:25:00,2026-07-06 08:05:00,long,0.86718,0.86492,0.8694399999999999,0.8694399999999999,target,0.26061486657901806,11.51123893805346,811905.9241131789,704068.5792724664,1834.9073884957263,132.97265359704784,1701.9347348986785,1.0,1.3840707964602292,True,middle_candle,0.6666666666666666,market_on_signal_1to1
DOT/USD,london,2026-07-06 07:40:00,2026-07-06 07:45:00,2026-07-06 08:05:00,long,0.868265,0.8668495,0.8696804999999999,0.8696804999999999,target,0.16302626502276416,18.40194277640536,1296296.2829359605,1125528.6921033917,1834.9073884957263,-885.8167463538364,2720.7241348495627,1.0,1.4433062522078115,False,middle_candle,0.3333333333333333,market_on_signal_1to1
DOT/USD,new_york,2026-07-06 14:15:00,2026-07-06 14:20:00,2026-07-06 14:25:00,short,0.85918,0.863115,0.8552450000000001,0.863115,stopped out,0.45799483228193283,6.550292249047162,460564.69268438726,395707.97266057186,1812.3220657130228,-2768.8611918351944,956.5391261221716,-1.0,0.02414231257943314,False,middle_candle,0.08333333333333333,market_on_signal_1to1
DOT/USD,asia,2026-07-07 00:35:00,2026-07-07 00:40:00,2026-07-07 00:45:00,short,0.88321,0.88425,0.8821700000000001,0.88425,stopped out,0.11775228994236135,25.477211538463262,1662746.3749596959,1468554.225828153,1729.256229957967,-5279.170997638487,3549.9147676805205,-1.0,0.0,False,middle_candle,0.08333333333333333,market_on_signal_1to1
DOT/USD,asia,2026-07-07 01:25:00,2026-07-07 01:30:00,2026-07-07 02:30:00,short,0.8778,0.884366,0.8712340000000001,0.8712340000000001,target,0.7480063795853225,4.0106609808102585,239244.7608938199,210009.05111259513,1570.8811000288122,1063.2292756838438,507.6518243449684,1.0,1.1912123058178623,True,middle_candle,1.0,market_on_signal_1to1
DOT/USD,london,2026-07-07 07:25:00,2026-07-07 07:30:00,2026-07-07 09:05:00,short,0.862395,0.86773,0.85706,0.862395,break even,0.618626035633321,4.84945641986881,300426.9874975321,259086.7318829342,1602.7779782993273,-626.2865881596239,626.2865881596239,-0.0,0.5216494845360808,True,middle_candle,1.5833333333333333,market_on_signal_1to1
DOT/USD,london,2026-07-07 08:45:00,2026-07-07 08:50:00,2026-07-07 09:00:00,short,0.860148,0.8621,0.8581960000000001,0.8621,stopped out,0.22693768979291398,13.219487704918345,821095.2757681175,706263.4592613948,1602.7779782993275,-3310.0183646672867,1707.240386367959,-1.0,0.0,False,middle_candle,0.16666666666666666,market_on_signal_1to1
DOT/USD,new_york,2026-07-07 14:50:00,2026-07-07 14:55:00,2026-07-07 15:20:00,long,0.8617,0.85589,0.86751,0.86751,target,0.6742485783915495,4.4493975903614595,255540.24607823146,220199.03004561205,1484.6888297145201,952.4049175239218,532.2839121905984,1.0,1.110154905335624,True,middle_candle,0.4166666666666667,market_on_signal_1to1
DOT/USD,new_york,2026-07-07 15:15:00,2026-07-07 15:20:00,2026-07-07 15:35:00,long,0.8665205,0.8617,0.871341,0.871341,target,0.5563053615003921,5.392721709366241,307994.77849072055,266883.7894551684,1484.6888297145201,839.5545277059094,645.1343020086107,1.0,1.0053936313660348,False,middle_candle,0.25,market_on_signal_1to1
DOT/USD,london,2026-07-08 08:05:00,2026-07-08 08:10:00,2026-07-08 08:15:00,long,0.841635,0.836425,0.8468450000000001,0.836425,stopped out,0.619033191347799,4.8462667946256754,295287.44972579676,248524.25274997097,1538.4476130714152,-2139.201674070676,600.7540609992606,-1.0,0.07044145873320592,False,middle_candle,0.08333333333333333,market_on_signal_1to1
DOT/USD,new_york,2026-07-08 14:25:00,2026-07-08 14:30:00,2026-07-08 15:10:00,short,0.8242,0.8313,0.8171,0.8171,target,0.8614413977189996,3.482535211267608,207643.88209145013,171140.0876197732,1474.271562849295,1060.57711854577,413.69444430352496,1.0,1.2147887323943662,True,middle_candle,0.6666666666666666,market_on_signal_1to1
DOT/USD,new_york,2026-07-08 14:45:00,2026-07-08 14:50:00,2026-07-08 15:35:00,short,0.819419,0.8242,0.814638,0.819419,break even,0.5834621847919118,5.141721397197201,308360.50258299184,252676.4546660526,1474.271562849295,-610.7911182907455,610.7911182907455,-0.0,0.861535243672862,True,middle_candle,0.75,market_on_signal_1to1
DOT/USD,london,2026-07-09 07:45:00,2026-07-09 07:50:00,2026-07-09 08:00:00,long,0.8359335,0.83265,0.839217,0.83265,stopped out,0.39279440290405815,7.637583371402479,453103.43927423423,378764.34385454806,1487.7651428569457,-2403.346681537849,915.5815386809031,-1.0,0.0,False,middle_candle,0.16666666666666666,market_on_signal_1to1
DOT/USD,london,2026-07-09 08:45:00,2026-07-09 08:50:00,2026-07-09 09:25:00,short,0.833005,0.83524,0.83077,0.83077,target,0.268305712450704,11.181275167785298,633407.0435842588,527631.2343409054,1415.66474241081,140.22943485856354,1275.4353075522465,1.0,1.0357941834451765,True,middle_candle,0.5833333333333334,market_on_signal_1to1
DOT/USD,new_york,2026-07-09 13:40:00,2026-07-09 13:45:00,2026-07-09 16:25:00,long,0.831206,0.826076,0.836336,0.826076,stopped out,0.617175525681957,4.860853801169621,276778.0946309115,230059.6129257814,1419.871625456567,-1975.9913812058267,556.1197557492598,-1.0,0.6696881091618045,False,middle_candle,2.6666666666666665,market_on_signal_1to1
DOT/USD,new_york,2026-07-09 14:15:00,2026-07-09 14:20:00,2026-07-09 14:35:00,short,0.8292,0.832839,0.8255610000000001,0.8292,break even,0.43885672937770714,6.835943940643133,390181.81518455275,323538.7611510312,1419.871625456567,-782.0855409540085,782.0855409540085,-0.0,0.27067875790052975,True,middle_candle,0.25,market_on_signal_1to1
DOT/USD,asia,2026-07-10 00:05:00,2026-07-10 00:10:00,2026-07-10 00:40:00,short,0.823449,0.826185,0.820713,0.823449,break even,0.33226101434332433,9.029046052631708,488716.8559180524,402433.4062888643,1337.129317791772,-972.7964189999111,972.7964189999111,-0.0,0.95084064327488,True,middle_candle,0.5,market_on_signal_1to1
DOT/USD,asia,2026-07-10 01:45:00,2026-07-10 01:50:00,2026-07-10 03:10:00,long,0.83966,0.82808,0.8512399999999999,0.83966,break even,1.379129647714542,2.175284974093278,112948.65502778786,94838.46768063234,1307.9454252217747,-229.25164835082143,229.25164835082143,0.0,0.2153281519861877,True,three_candles,1.3333333333333333,market_on_signal_1to1
DOT/USD,london,2026-07-10 07:10:00,2026-07-10 07:15:00,2026-07-10 07:20:00,long,0.84351,0.841946,0.845074,0.845074,target,0.18541570342971747,16.179859335038262,831884.8310557813,701703.1738438621,1301.06787577125,-395.148998993378,1696.216874764628,1.0,2.445971867007681,True,three_candles,0.08333333333333333,market_on_signal_1to1
DOT/USD,london,2026-07-10 07:40:00,2026-07-10 07:45:00,2026-07-10 08:00:00,short,0.84445,0.84746,0.8414400000000001,0.84746,stopped out,0.35644502338799894,8.416445182724372,428310.1015951718,361686.4652920428,1289.2134058014487,-2163.512837057613,874.2994312561642,-1.0,0.3438538205980142,False,middle_candle,0.25,market_on_signal_1to1
DOT/USD,asia,2026-07-11 01:35:00,2026-07-11 01:40:00,2026-07-11 02:00:00,short,0.8768405,0.880852,0.8728290000000001,0.880852,stopped out,0.45749483514960193,6.5574510781504065,305199.5564476473,267611.33167533326,1224.3080206897205,-1871.200999923898,646.8929792341777,-1.0,0.3724292658606545,False,middle_candle,0.3333333333333333,market_on_signal_1to1
DOT/USD,london,2026-07-11 07:00:00,2026-07-11 07:05:00,2026-07-11 08:00:00,short,0.8756685,0.8783515,0.8729855,0.8756685,break even,0.30639448604123487,9.79129891912042,435397.6856846841,381264.03832697874,1168.1719906920034,-921.6240137671514,921.6240137671514,-0.0,0.3237048080506678,True,three_candles,0.9166666666666666,market_on_signal_1to1
DOT/USD,london,2026-07-11 07:50:00,2026-07-11 07:55:00,2026-07-11 08:20:00,short,0.87523,0.8766425,0.8738174999999999,0.87523,break even,0.1613861499263095,18.588955752211877,827024.4181890063,723836.5815315639,1168.1719906920034,-1749.7196392031408,1749.7196392031408,-0.0,0.8640707964601234,True,three_candles,0.4166666666666667,market_on_signal_1to1
DOT/USD,new_york,2026-07-11 13:45:00,2026-07-11 13:50:00,2026-07-11 14:00:00,long,0.8789585,0.877636,0.880281,0.877636,stopped out,0.15046216630250508,19.938567107750405,822708.2654842278,723126.4229676186,1088.0316811028947,-2836.034664339775,1748.0029832368807,-1.0,0.5266540642722015,False,middle_candle,0.16666666666666666,market_on_signal_1to1
DOT/USD,london,2026-07-12 07:15:00,2026-07-12 07:20:00,2026-07-12 07:30:00,long,0.84815,0.8456435,0.8506564999999999,0.8456435,stopped out,0.2955255556210537,10.151406343507013,400139.89274794114,339378.65003416623,1002.9506411727012,-1823.3257151079997,820.3750739352984,-1.0,0.0,False,three_candles,0.16666666666666666,market_on_signal_1to1
DOT/USD,london,2026-07-12 07:30:00,2026-07-12 07:35:00,2026-07-12 08:05:00,short,0.8457,0.84808,0.8433200000000001,0.84808,stopped out,0.2814236726971666,10.660084033613723,398424.73517625465,336947.79853855853,948.2508697194612,-1762.7498816949571,814.4990119754959,-1.0,0.0,False,middle_candle,0.5,market_on_signal_1to1
DOT/USD,new_york,2026-07-12 15:25:00,2026-07-12 15:30:00,2026-07-12 16:35:00,long,0.845702,0.8423665,0.8490374999999999,0.8423665,stopped out,0.39440606738543077,7.606373856993102,268436.0285620237,227016.88622696057,895.3683732686128,-1444.132990030023,548.7646167614103,-1.0,0.0,False,middle_candle,1.0833333333333333,market_on_signal_1to1
DOT/USD,asia,2026-07-13 01:00:00,2026-07-13 01:05:00,2026-07-13 01:50:00,short,0.844465,0.8544,0.83453,0.83453,target,1.176484519784719,2.5499698037242005,85761.89064596979,72422.91498434888,852.0443835677122,676.9775246804084,175.0668588873038,1.0,1.039859084046296,True,middle_candle,0.75,market_on_signal_1to1
DOT/USD,asia,2026-07-13 01:30:00,2026-07-13 01:35:00,2026-07-13 02:00:00,short,0.837633,0.844465,0.8308009999999999,0.8308009999999999,target,0.8156316668517192,3.678130854800904,124713.75637700595,104464.35789534062,852.0443835677122,599.5242108244772,252.52017274323492,1.0,1.1801814988290193,False,middle_candle,0.4166666666666667,market_on_signal_1to1
DOT/USD,asia,2026-07-14 00:35:00,2026-07-14 00:40:00,2026-07-14 00:50:00,short,0.8375885,0.84019,0.8349869999999999,0.8375885,break even,0.3105940446890131,9.658910244089817,342240.79786002176,286656.9565183788,890.3394356328583,-692.9316911189251,692.9316911189251,-0.0,0.799923121276176,True,middle_candle,0.16666666666666666,market_on_signal_1to1
DOT/USD,asia,2026-07-14 00:55:00,2026-07-14 01:00:00,2026-07-14 01:30:00,long,0.840612,0.83765,0.843574,0.83765,stopped out,0.35236232649546045,8.51396353814984,293569.03609023796,246777.65456588712,869.5514848992908,-1466.0835195151628,596.532034615872,-1.0,0.0,False,middle_candle,0.5,market_on_signal_1to1
DOT/USD,london,2026-07-14 08:00:00,2026-07-14 08:05:00,2026-07-14 08:20:00,short,0.8433465,0.8443835,0.8423095,0.8443835,stopped out,0.1229625071070971,24.397680810029996,796112.805510002,671398.9481320409,825.5689793138359,-2448.5318900875513,1622.9629107737155,-1.0,0.5337512054002014,False,middle_candle,0.25,market_on_signal_1to1
DOT/USD,asia,2026-07-15 01:15:00,2026-07-15 01:20:00,2026-07-15 01:50:00,long,0.8555725,0.85144,0.8597049999999999,0.8555725,break even,0.48300991441403085,6.211052631578972,181999.52150301568,155713.78561113888,752.1130226112093,-376.404668857699,376.404668857699,0.0,0.7542649727767814,True,middle_candle,0.5,market_on_signal_1to1
DOT/USD,london,2026-07-15 07:20:00,2026-07-15 07:25:00,2026-07-15 08:30:00,short,0.852175,0.858851,0.845499,0.852175,break even,0.7834071640214763,3.8294263031755458,110967.77749333087,94563.96578537923,740.8208825454785,-228.58809891248467,228.58809891248467,-0.0,0.362717195925698,True,middle_candle,1.0833333333333333,market_on_signal_1to1
DOT/USD,new_york,2026-07-15 13:45:00,2026-07-15 13:50:00,2026-07-15 14:35:00,short,0.858525,0.86455,0.8524999999999999,0.858525,break even,0.701785038292427,4.274813278008257,121819.62482624015,104585.19340394782,733.963239578104,-252.81226666044998,252.81226666044998,-0.0,0.6925311203319474,True,middle_candle,0.75,market_on_signal_1to1
DOT/USD,asia,2026-07-16 01:10:00,2026-07-16 01:15:00,2026-07-16 01:20:00,short,0.8411065,0.84285,0.839363,0.839363,target,0.20728647323496,14.472724404932531,416621.09066721355,350422.70739728265,726.3788715782905,-120.69284156781316,847.0717131461037,1.0,2.4356180097504496,True,middle_candle,0.08333333333333333,market_on_signal_1to1
DOT/USD,london,2026-07-16 08:10:00,2026-07-16 08:15:00,2026-07-16 08:25:00,short,0.831412,0.83539,0.8274340000000001,0.83539,stopped out,0.47846314462624134,6.270075414781415,181688.81003802657,151058.25693133575,722.7580863312562,-1087.9090134331998,365.1509271019436,-1.0,0.06460532931122863,False,middle_candle,0.16666666666666666,market_on_signal_1to1
DOT/USD,london,2026-07-16 08:25:00,2026-07-16 08:30:00,2026-07-16 08:35:00,long,0.83555,0.831155,0.839945,0.83555,break even,0.5260008377715323,5.703412969283227,157024.0764341875,131201.46706458536,690.12081592826,-317.15139780505626,317.15139780505626,0.0,0.33105802047780925,True,middle_candle,0.08333333333333333,market_on_signal_1to1
DOT/USD,new_york,2026-07-16 14:00:00,2026-07-16 14:05:00,2026-07-16 14:20:00,long,0.8481135,0.838835,0.8573919999999999,0.8481135,break even,1.0940163079587777,2.742189470280766,73353.04995356048,62211.71193178901,680.6062739941085,-150.38346628624063,150.38346628624063,0.0,0.31971762677156795,True,middle_candle,0.25,market_on_signal_1to1
DOT/USD,new_york,2026-07-16 15:25:00,2026-07-16 15:30:00,2026-07-16 15:35:00,long,0.8520185,0.8468445,0.8571925,0.8571925,target,0.6072638094125904,4.940192307692297,130671.58291563964,111334.60606840892,676.094770005521,406.9672462920134,269.1275237135076,1.0,1.581271743332032,True,middle_candle,0.08333333333333333,market_on_signal_1to1
DOT/USD,asia,2026-07-17 00:45:00,2026-07-17 00:50:00,2026-07-17 01:00:00,long,0.862547,0.858187,0.8669069999999999,0.8669069999999999,target,0.5054797013959726,5.934956422018457,157867.84114548028,136168.43277651057,688.3037873942814,359.14581562605883,329.1579717682225,1.0,1.0405963302752517,False,middle_candle,0.16666666666666666,market_on_signal_1to1
DOT/USD,asia,2026-07-17 01:05:00,2026-07-17 01:10:00,2026-07-17 01:50:00,long,0.8683635,0.862353,0.8743739999999999,0.862353,stopped out,0.6921640534177126,4.334232592962374,116309.4853777677,100998.91180583718,699.0781618630633,-943.2213621844651,244.1432003214018,-1.0,0.07761417519341862,False,middle_candle,0.6666666666666666,market_on_signal_1to1
DOT/USD,london,2026-07-17 08:00:00,2026-07-17 08:05:00,2026-07-17 08:05:00,short,0.848553,0.849945,0.847161,0.849945,stopped out,0.1640439666113901,18.287780172414465,481883.27657870244,408903.4999906877,670.7815209975291,-1659.2180033852442,988.436482387715,-1.0,0.0,False,middle_candle,0.0,market_on_signal_1to1
DOT/USD,london,2026-07-17 08:50:00,2026-07-17 08:55:00,2026-07-17 10:35:00,long,0.8500225,0.8427095,0.8573355,0.8573355,target,0.8603301677308559,3.4870333652399768,84917.95171557102,72182.16961214897,621.004980895972,446.5200722948698,174.48490860110223,1.0,1.213934089976749,True,middle_candle,1.6666666666666667,market_on_signal_1to1
DOT/USD,new_york,2026-07-17 13:35:00,2026-07-17 13:40:00,2026-07-17 13:55:00,short,0.8343405,0.843942,0.8247390000000001,0.843942,stopped out,1.150789156225777,2.606906733322938,66073.07015204111,55127.43838718906,634.4005830648181,-767.6593379635157,133.2587548986976,-1.0,0.03546320887362176,False,middle_candle,0.25,market_on_signal_1to1
DOT/USD,new_york,2026-07-17 13:55:00,2026-07-17 14:00:00,2026-07-17 14:30:00,long,0.844158,0.837917,0.8503989999999999,0.844158,break even,0.7393165734376671,4.057801634353507,97960.39143180875,82694.0481102928,611.3708029259126,-199.89511958298175,199.89511958298175,0.0,0.7481974042621434,True,middle_candle,0.5,market_on_signal_1to1
DOT/USD,asia,2026-07-18 00:15:00,2026-07-18 00:20:00,2026-07-18 00:20:00,long,0.8514465,0.850052,0.852841,0.850052,stopped out,0.16378010832154047,18.317242739333548,434115.417238034,369626.0526033637,605.3739493384234,-1498.8656295085511,893.4916801701279,-1.0,0.0,False,middle_candle,0.0,market_on_signal_1to1
DOT/USD,asia,2026-07-18 01:00:00,2026-07-18 01:05:00,2026-07-18 02:05:00,short,0.8492665,0.851095,0.847438,0.847438,target,0.21530344126372705,13.933822805578263,306485.0863840107,260287.51661554642,560.4079804531668,-68.78124717331184,629.1892276264787,1.0,1.4965818977303882,False,three_candles,1.0,market_on_signal_1to1
DOT/USD,london,2026-07-18 07:05:00,2026-07-18 07:10:00,2026-07-18 07:40:00,short,0.8440845,0.8462835,0.8418855000000001,0.8440845,break even,0.26051894093541,11.515477489768333,253908.38701135956,214320.13389628995,558.3445430379672,-518.0729420465644,518.0729420465644,-0.0,0.31809913597088657,True,middle_candle,0.5,market_on_signal_1to1
DOT/USD,new_york,2026-07-18 14:20:00,2026-07-18 14:25:00,2026-07-18 16:05:00,long,0.834145,0.830969,0.8373210000000001,0.830969,stopped out,0.38074915032758905,7.879203400503609,170907.54243594417,142561.67198523064,542.8023547765703,-887.4146106843866,344.6122559078164,-1.0,0.13901133501258633,False,three_candles,1.6666666666666667,market_on_signal_1to1
DOT/USD,new_york,2026-07-18 14:35:00,2026-07-18 14:40:00,2026-07-18 14:50:00,short,0.832293,0.833918,0.8306679999999999,0.833918,stopped out,0.19524374228788405,15.365409230768297,334032.21832402295,278012.67708555603,542.8023547765703,-1214.8383549670723,672.036000190502,-1.0,0.0,False,middle_candle,0.16666666666666666,market_on_signal_1to1
DOT/USD,asia,2026-07-19 00:25:00,2026-07-19 00:30:00,2026-07-19 00:45:00,short,0.833945,0.8373965,0.8304935000000001,0.833945,break even,0.4138762148582869,7.248544111256099,138993.12351355495,115912.62038851158,479.7347658070267,-280.1938911351265,280.1938911351265,-0.0,0.302766912936431,True,middle_candle,0.25,market_on_signal_1to1
DOT/USD,asia,2026-07-19 01:55:00,2026-07-19 02:00:00,2026-07-19 02:00:00,short,0.833106,0.833945,0.832267,0.833945,stopped out,0.10070747299863812,29.789249106077452,561774.6711239017,468017.8491613493,471.32894907297276,-1602.661687800432,1131.3327387274592,-1.0,0.0,False,three_candles,0.0,market_on_signal_1to1
DOT/USD,london,2026-07-19 08:55:00,2026-07-19 09:00:00,2026-07-19 09:05:00,short,0.83567,0.83646,0.8348800000000001,0.8348800000000001,target,0.09453492407289449,31.734303797470062,535758.3524544084,447717.1823955755,423.24909843895983,-659.0111338204852,1082.260232259445,1.0,1.5329113924052384,False,three_candles,0.08333333333333333,market_on_signal_1to1
DOT/USD,new_york,2026-07-19 13:30:00,2026-07-19 13:35:00,2026-07-19 14:10:00,short,0.823155,0.82707,0.81924,0.82707,stopped out,0.47560908941815355,6.3077011494252835,103059.70994236146,84834.11553760454,403.4787644243453,-608.547037868746,205.0682734444007,-1.0,0.14176245210727254,False,three_candles,0.5833333333333334,market_on_signal_1to1
DOT/USD,asia,2026-07-20 00:45:00,2026-07-20 00:50:00,2026-07-20 01:05:00,short,0.81571,0.823213,0.8082070000000001,0.81571,break even,0.919812188155095,3.261535385845694,51342.4434610538,41880.5445556162,385.2223532882829,-101.23723113638793,101.23723113638793,-0.0,0.7072504331600752,True,middle_candle,0.25,market_on_signal_1to1
DOT/USD,asia,2026-07-20 01:40:00,2026-07-20 01:45:00,2026-07-20 02:00:00,short,0.8102355,0.8158,0.804671,0.8102355,break even,0.6867756349851336,4.368238835474906,68682.76329485005,55649.21305958448,382.1852363541912,-134.52003322425185,134.52003322425185,-0.0,0.582801689280261,True,middle_candle,0.25,market_on_signal_1to1
DOT/USD,asia,2026-07-21 01:15:00,2026-07-21 01:20:00,2026-07-21 01:35:00,short,0.8286645,0.83075,0.8265790000000001,0.8286645,break even,0.2516700063777273,11.920371613522152,181323.2487928413,150256.13929929544,378.1496353574637,-363.21197981806574,363.21197981806574,-0.0,0.7765523855190722,True,middle_candle,0.25,market_on_signal_1to1
DOT/USD,asia,2026-07-21 01:55:00,2026-07-21 02:00:00,2026-07-21 02:10:00,short,0.8272,0.828505,0.825895,0.825895,target,0.1577611218568666,19.016091954022976,281420.13483748777,232790.73553756988,367.2532759629217,-195.46838274737235,562.721658710294,1.0,1.118390804597745,True,middle_candle,0.16666666666666666,market_on_signal_1to1
DOT/USD,london,2026-07-21 07:20:00,2026-07-21 07:25:00,2026-07-21 07:55:00,short,0.854035,0.8595365,0.8485334999999999,0.8595365,stopped out,0.6441773463616887,4.657102608379492,65689.2164828678,56100.889998946004,361.3892244805004,-497.00108979992467,135.61186531942425,-1.0,0.19912751067890894,False,middle_candle,0.5,market_on_signal_1to1
DOT/USD,london,2026-07-21 08:50:00,2026-07-21 08:55:00,2026-07-21 09:00:00,long,0.8596,0.856643,0.862557,0.856643,stopped out,0.3439972080037212,8.721001014541802,117172.53695857436,100721.51276959052,346.4791917865029,-589.9518394527877,243.4726476662848,-1.0,0.0,False,middle_candle,0.08333333333333333,market_on_signal_1to1
DOT/USD,new_york,2026-07-21 14:20:00,2026-07-21 14:25:00,2026-07-21 15:05:00,short,0.8577275,0.861087,0.8543679999999999,0.8577275,break even,0.39167451200994147,7.659421044798171,97865.94332576648,83942.31090395137,328.7806366029194,-202.91252707616152,202.91252707616152,-0.0,0.5886292603065706,True,middle_candle,0.6666666666666666,market_on_signal_1to1
DOT/USD,asia,2026-07-22 00:20:00,2026-07-22 00:25:00,2026-07-22 02:00:00,long,0.8517,0.84578,0.85762,0.8517,break even,0.6950804273805373,4.3160472972972705,54508.99675517436,46425.31253638201,322.6932607906342,-112.22323266554768,112.22323266554768,0.0,0.24222972972971732,True,middle_candle,1.5833333333333333,market_on_signal_1to1
DOT/USD,asia,2026-07-22 01:15:00,2026-07-22 01:20:00,2026-07-22 01:40:00,short,0.849608,0.8514135,0.8478025,0.8514135,stopped out,0.21250976921121453,14.116998061478695,178727.92068160148,151848.6712344541,322.6932607906342,-689.7548448896957,367.0615840990615,-1.0,0.8906120188313709,False,middle_candle,0.3333333333333333,market_on_signal_1to1
DOT/USD,london,2026-07-22 08:00:00,2026-07-22 08:05:00,2026-07-22 08:20:00,long,0.841185,0.839635,0.8427349999999999,0.8427349999999999,target,0.18426386585589857,16.281000000000628,192667.0441703153,162068.62755040667,298.6339184639772,-93.13221737241685,391.766135836394,1.0,1.2451612903226204,True,middle_candle,0.25,market_on_signal_1to1
DOT/USD,london,2026-07-22 08:35:00,2026-07-22 08:40:00,2026-07-22 09:00:00,short,0.8404485,0.842376,0.8385210000000001,0.842376,stopped out,0.22934183355672247,13.080910505836773,153483.76235684,128995.19784716264,295.8399519428046,-607.6581672622151,311.81821531941046,-1.0,0.2690012970169111,False,middle_candle,0.3333333333333333,market_on_signal_1to1
DOT/USD,new_york,2026-07-22 13:35:00,2026-07-22 13:40:00,2026-07-22 14:05:00,long,0.83835,0.83497,0.8417300000000001,0.8417300000000001,target,0.40317289914714016,7.440976331360837,82133.19731506926,68856.36596908832,277.6102069249382,111.16471509120035,166.44549183373786,1.0,2.1918639053253908,True,middle_candle,0.4166666666666667,market_on_signal_1to1
DOT/USD,new_york,2026-07-22 14:20:00,2026-07-22 14:25:00,2026-07-22 14:30:00,short,0.8384565,0.8424275,0.8344855000000001,0.8384565,break even,0.4736083505822838,6.334347771342316,70749.21893167406,59320.14248318517,280.9451483776739,-143.39371752052242,143.39371752052242,-0.0,0.5695039032989316,True,middle_candle,0.08333333333333333,market_on_signal_1to1
DOT/USD,asia,2026-07-23 00:20:00,2026-07-23 00:25:00,2026-07-23 01:30:00,long,0.8405225,0.833765,0.8472799999999999,0.833765,stopped out,0.8039642008393556,3.7315094339622794,40938.71059593924,34409.90737687534,276.64333685205827,-359.8219054083566,83.17856855629833,-1.0,0.15183129855717153,False,middle_candle,1.0833333333333333,market_on_signal_1to1
DOT/USD,asia,2026-07-23 01:30:00,2026-07-23 01:35:00,2026-07-23 03:10:00,short,0.83345,0.839735,0.827165,0.827165,target,0.754094426780249,3.9782816229117035,42298.91482733628,35254.03056284342,265.8486796898079,180.62962443515846,85.21905525464943,1.0,1.3937151949085207,True,three_candles,1.5833333333333333,market_on_signal_1to1
DOT/USD,london,2026-07-23 07:40:00,2026-07-23 07:45:00,2026-07-23 08:00:00,short,0.819105,0.82045,0.8177599999999999,0.82045,stopped out,0.1642036124794795,18.269999999999445,201685.9244779586,165201.94916951825,271.2675684228625,-670.6078370300804,399.34026860721787,-1.0,0.0063197026022056586,False,middle_candle,0.25,market_on_signal_1to1
DOT/USD,london,2026-07-23 08:05:00,2026-07-23 08:15:00,2026-07-23 08:25:00,long,0.8208365,0.8190965,0.8225764999999999,0.8225764999999999,target,0.21197887764493462,14.152353448276154,144338.69730572717,118478.47111099251,251.14933331196005,-35.246951450315066,286.3962847622751,1.0,1.2543103448275985,True,middle_candle,0.16666666666666666,market_on_signal_1to1
DOT/USD,asia,2026-07-24 00:05:00,2026-07-24 00:10:00,2026-07-24 01:25:00,short,0.813177,0.817283,0.8090710000000001,0.817283,stopped out,0.5049331203415669,5.941380905991315,60908.89546236094,49529.712885396286,250.09192476845055,-369.8193792393209,119.72745447087034,-1.0,0.6032635168046997,False,middle_candle,1.25,market_on_signal_1to1
DOT/USD,asia,2026-07-24 01:30:00,2026-07-24 01:35:00,2026-07-24 01:50:00,long,0.8176215,0.81605,0.819193,0.8176215,break even,0.19220384982537125,15.608428253261732,152082.30568964622,124345.76290142708,238.99734339127113,-300.57920385837366,300.57920385837366,0.0,0.9475023862551778,True,middle_candle,0.25,market_on_signal_1to1
DOT/USD,london,2026-07-24 08:10:00,2026-07-24 08:15:00,2026-07-24 08:20:00,short,0.81028,0.811828,0.808732,0.808732,target,0.19104507083970895,15.703100775193857,148565.87033302375,120379.95341344248,229.97996727551984,-61.01274299643896,290.9927102719588,1.0,1.0529715762274074,False,three_candles,0.08333333333333333,market_on_signal_1to1
DOT/USD,new_york,2026-07-24 13:30:00,2026-07-24 13:35:00,2026-07-24 14:15:00,long,0.795315,0.791282,0.799348,0.791282,stopped out,0.5070946731798034,5.9160550458716274,56570.68806983116,44991.516782257764,228.1495849856264,-336.9069240315272,108.75733904590079,-1.0,0.41904289610711354,False,middle_candle,0.6666666666666666,market_on_signal_1to1
DOT/USD,new_york,2026-07-24 14:15:00,2026-07-24 14:20:00,2026-07-24 15:00:00,short,0.791525,0.796045,0.7870050000000001,0.796045,stopped out,0.5710495562363751,5.2534845132743735,48239.46399661117,38182.74173991766,218.04237726468097,-310.3409634449956,92.29858618031469,-1.0,0.27367256637169296,False,middle_candle,0.6666666666666666,market_on_signal_1to1
DOT/USD,london,2026-07-25 07:40:00,2026-07-25 07:45:00,2026-07-25 08:05:00,short,0.810915,0.81288,0.8089500000000001,0.8089500000000001,target,0.24231886202622893,12.380381679389346,106225.01188871823,86139.45551573994,208.73214836133076,0.5084955759911907,208.22365278533957,1.0,1.2300254452926256,True,middle_candle,0.3333333333333333,market_on_signal_1to1
DOT/USD,london,2026-07-25 08:50:00,2026-07-25 08:55:00,2026-07-25 09:10:00,short,0.81079,0.81247,0.80911,0.81247,stopped out,0.2072053182698374,14.478392857142728,124254.4066836957,100744.23039507364,208.74740322861064,-452.2749658805124,243.52756265190177,-1.0,0.31547619047620584,False,middle_candle,0.25,market_on_signal_1to1
DOT/USD,new_york,2026-07-25 14:20:00,2026-07-25 14:25:00,2026-07-25 20:45:00,short,0.8192185,0.823712,0.8147249999999999,0.8147249999999999,target,0.5485105622004434,5.4693568487815245,43435.8861137629,35583.48146828767,195.17915425219527,109.16372211619323,86.01543213600205,1.0,1.0211416490486158,True,middle_candle,6.333333333333333,market_on_signal_1to1
DOT/USD,new_york,2026-07-25 14:40:00,2026-07-25 14:45:00,2026-07-25 14:50:00,long,0.8203765,0.819211,0.8215419999999999,0.8215419999999999,target,0.14206891591847529,21.116512226513482,167463.88181227536,137383.4332375681,195.17915425219527,-136.91582045646308,332.09497470865836,1.0,1.8219648219649787,False,middle_candle,0.08333333333333333,market_on_signal_1to1
DOT/USD,asia,2026-07-26 00:20:00,2026-07-26 00:25:00,2026-07-26 00:55:00,long,0.8156335,0.813601,0.817666,0.8156335,break even,0.24919280534700852,12.03887084870853,95619.47911536928,77990.45041904555,194.34659130198736,-188.52518130510128,188.52518130510128,0.0,0.5156211562115334,True,middle_candle,0.5,market_on_signal_1to1
DOT/USD,asia,2026-07-26 00:45:00,2026-07-26 00:50:00,2026-07-26 01:45:00,short,0.815077,0.8166815,0.8134725000000002,0.815077,break even,0.19685256730344464,15.239831723279254,121125.95282143955,98726.9782478405,194.34659130198736,-238.65128838047684,238.65128838047684,-0.0,0.3240885010907505,True,three_candles,0.9166666666666666,market_on_signal_1to1
DOT/USD,new_york,2026-07-26 14:05:00,2026-07-26 14:10:00,2026-07-26 14:25:00,long,0.824917,0.8220425,0.8277915,0.8220425,stopped out,0.34845929954165106,8.609326839450333,63152.30377854227,52095.40897608375,181.53129721141988,-307.4607715202539,125.92947430883403,-1.0,0.06366324578185183,False,middle_candle,0.25,market_on_signal_1to1
