market,symbol,year,entered_utc,side,level_timeframe,entry,stop,units,risk_dollars,share_of_the_days_budget,size_worked_out_from,what_happened,day_boundary_cut,pnl_dollars,result_x_risked
sp500,QQQ,2016,2016-01-11 15:08,short,premarket_ny,104.23,105.070423,3061.621066,2573.06,1.0,"his set size, worked out off the tightest stop this market normally gives and then held still",flat by the close,True,-715.34,-0.278
sp500,SPY,2016,2016-02-12 14:58,short,london,184.18,185.448418,1333.693781,1691.68,1.0,"his set size, worked out off the tightest stop this market normally gives and then held still",stopped out,False,-1700.28,-1.0051
sp500,QQQ,2016,2016-02-16 15:22,short,premarket_ny,99.4167,99.959942,3132.312889,1701.6,1.0,"his set size, worked out off the tightest stop this market normally gives and then held still",stopped out,False,-1712.5,-1.0064
sp500,SPY,2016,2016-02-22 15:13,long,premarket_ny,194.6599,193.770534,1218.515861,1083.71,0.5,"his set size, worked out off the tightest stop this market normally gives and then held still",flat by the close,True,64.93,0.0599
sp500,SPY,2016,2016-02-29 15:06,long,15m,195.11,194.690489,1966.825043,825.1,1.0,"his set size, worked out off the tightest stop this market normally gives and then held still",the 1-minute broke structure against the trade — the rest closed by hand,False,1265.5,1.5337
sp500,SPY,2016,2016-03-01 15:20,long,premarket_ny,195.25,194.434675,1231.69158,1004.23,0.5,"his set size, worked out off the tightest stop this market normally gives and then held still",the 1-minute broke structure against the trade — the rest closed by hand,False,1587.92,1.5812
sp500,QQQ,2016,2016-03-01 15:20,long,london,103.87,103.149613,1493.140286,1075.64,0.5,"his set size, worked out off the tightest stop this market normally gives and then held still",the 1-minute broke structure against the trade — the rest closed by hand,False,1450.38,1.3484
sp500,QQQ,2016,2016-03-10 15:23,long,premarket_ny,105.58,104.979442,1514.872927,909.77,0.5,"his set size, worked out off the tightest stop this market normally gives and then held still",stopped out,False,-915.37,-1.0062
sp500,SPY,2016,2016-03-10 15:23,long,premarket_ny,200.64,199.579936,1236.06871,1310.31,0.5,"his set size, worked out off the tightest stop this market normally gives and then held still",stopped out,False,-1318.99,-1.0066
sp500,SPY,2016,2016-03-22 14:11,long,premarket_ny,204.28,203.549572,1919.05711,1401.73,1.0,"his set size, worked out off the tightest stop this market normally gives and then held still",the 1-minute broke structure against the trade — the rest closed by hand,False,1627.07,1.1608
sp500,QQQ,2016,2016-03-30 14:06,long,premarket_ny,109.98,109.329002,2890.913254,1881.98,1.0,"his set size, worked out off the tightest stop this market normally gives and then held still",stopped out,False,-1893.11,-1.0059
sp500,QQQ,2016,2016-04-04 14:20,long,premarket_ny,110.265,110.008973,1414.326824,362.11,0.5,"his set size, worked out off the tightest stop this market normally gives and then held still",stopped out,False,-367.56,-1.0151
sp500,QQQ,2016,2016-04-08 14:14,long,4h,109.92,109.409008,2826.860923,1444.5,1.0,"his set size, worked out off the tightest stop this market normally gives and then held still",stopped out,False,-1455.38,-1.0075
sp500,QQQ,2016,2016-04-21 14:19,long,london,110.35,110.138965,1386.879262,292.68,0.5,"his set size, worked out off the tightest stop this market normally gives and then held still",the 1-minute broke structure against the trade — the rest closed by hand,False,726.22,2.4813
sp500,SPY,2016,2016-04-26 14:17,long,4h,209.2,208.78908,1142.95041,469.66,0.5,"his set size, worked out off the tightest stop this market normally gives and then held still",stopped out,False,-478.03,-1.0178
sp500,SPY,2016,2016-05-11 14:22,long,premarket_ny,207.769,207.539223,1145.130092,263.12,0.5,"his set size, worked out off the tightest stop this market normally gives and then held still",stopped out,False,-271.45,-1.0316
sp500,QQQ,2016,2016-05-11 14:24,long,premarket_ny,107.2901,106.999271,1430.123874,415.92,0.5,"his set size, worked out off the tightest stop this market normally gives and then held still",stopped out,False,-421.29,-1.0129
sp500,QQQ,2016,2016-05-16 13:58,long,premarket_ny,106.0,105.5494,1437.102046,647.56,0.5,"his set size, worked out off the tightest stop this market normally gives and then held still",the 1-minute broke structure against the trade — the rest closed by hand,False,1176.68,1.8171
sp500,SPY,2016,2016-05-16 14:00,long,london,205.59,204.709441,1148.930495,1011.7,0.5,"his set size, worked out off the tightest stop this market normally gives and then held still",the 1-minute broke structure against the trade — the rest closed by hand,False,1470.98,1.454
sp500,QQQ,2016,2016-05-20 14:00,long,london,106.45,105.659355,2941.424822,2325.62,1.0,"his set size, worked out off the tightest stop this market normally gives and then held still",flat by the close,True,-10.96,-0.0047
sp500,QQQ,2016,2016-05-25 14:06,long,premarket_ny,109.17,108.673083,2867.818089,1425.07,1.0,"his set size, worked out off the tightest stop this market normally gives and then held still",flat by the close,True,333.18,0.2338
sp500,QQQ,2016,2016-05-27 14:02,long,premarket_ny,109.91,109.599009,2858.183258,888.87,1.0,"his set size, worked out off the tightest stop this market normally gives and then held still",flat by the close,True,546.35,0.6147
sp500,QQQ,2016,2016-06-01 14:23,long,premarket_ny,110.27,109.898973,1432.331535,531.43,0.5,"his set size, worked out off the tightest stop this market normally gives and then held still",flat by the close,True,-91.47,-0.1721
sp500,SPY,2016,2016-06-01 14:24,long,4h,209.4599,208.869054,1169.236345,690.84,0.5,"his set size, worked out off the tightest stop this market normally gives and then held still",flat by the close,True,926.93,1.3418
sp500,QQQ,2016,2016-06-08 13:59,long,premarket_ny,110.5593,110.298944,720.320399,187.54,0.5,"his set size, worked out off the tightest stop this market normally gives and then held still",stopped out,False,-190.33,-1.0149
sp500,QQQ,2016,2016-06-27 14:04,short,premarket_ny,102.89,103.610289,3090.145967,2225.8,1.0,"his set size, worked out off the tightest stop this market normally gives and then held still",flat by the close,True,1827.51,0.8211
sp500,SPY,2016,2016-06-28 14:24,short,premarket_ny,201.8281,202.320183,2010.851911,989.51,1.0,"his set size, worked out off the tightest stop this market normally gives and then held still",the 1-minute broke structure against the trade — the rest closed by hand,False,1165.86,1.1782
sp500,SPY,2016,2016-06-30 14:04,short,premarket_ny,206.69,207.360669,1228.45882,823.89,0.5,"his set size, worked out off the tightest stop this market normally gives and then held still",stopped out,False,-832.78,-1.0108
sp500,QQQ,2016,2016-06-30 14:26,short,premarket_ny,106.17,106.670617,1542.325292,772.11,0.5,"his set size, worked out off the tightest stop this market normally gives and then held still",stopped out,False,-777.85,-1.0074
sp500,QQQ,2016,2016-07-05 14:06,short,premarket_ny,107.2244,107.670722,1503.191688,670.91,0.5,"his set size, worked out off the tightest stop this market normally gives and then held still",flat by the close,True,-299.67,-0.4467
sp500,SPY,2016,2016-07-05 14:09,short,premarket_ny,208.285,209.100829,1199.919927,978.93,0.5,"his set size, worked out off the tightest stop this market normally gives and then held still",flat by the close,True,-242.73,-0.248
sp500,QQQ,2016,2016-07-06 14:28,short,premarket_ny,107.04,107.440604,1497.696163,599.98,0.5,"his set size, worked out off the tightest stop this market normally gives and then held still",stopped out,False,-605.59,-1.0094
sp500,SPY,2016,2016-07-06 14:28,short,premarket_ny,207.34,208.160734,1198.916655,983.99,0.5,"his set size, worked out off the tightest stop this market normally gives and then held still",stopped out,False,-992.69,-1.0088
sp500,SPY,2016,2016-07-18 14:18,long,london,216.22,215.648378,1829.177023,1045.6,1.0,"his set size, worked out off the tightest stop this market normally gives and then held still",flat by the close,True,480.04,0.4591
sp500,QQQ,2016,2016-07-19 14:24,long,london,112.22,111.958778,2825.328042,738.04,1.0,"his set size, worked out off the tightest stop this market normally gives and then held still",stopped out,False,-749.13,-1.015
sp500,QQQ,2016,2016-08-01 14:25,long,premarket_ny,115.8,115.15842,2717.337891,1743.39,1.0,"his set size, worked out off the tightest stop this market normally gives and then held still",flat by the close,True,-37.92,-0.0217
sp500,SPY,2016,2016-08-09 14:10,long,premarket_ny,218.4419,218.008156,1116.40433,484.23,0.5,"his set size, worked out off the tightest stop this market normally gives and then held still",stopped out,False,-492.77,-1.0176
sp500,QQQ,2016,2016-08-09 14:10,long,premarket_ny,117.0464,116.658295,1343.683941,521.49,0.5,"his set size, worked out off the tightest stop this market normally gives and then held still",flat by the close,True,-202.22,-0.3878
sp500,QQQ,2016,2016-08-15 14:13,long,premarket_ny,117.691,117.298231,2653.804767,1042.33,1.0,"his set size, worked out off the tightest stop this market normally gives and then held still",flat by the close,True,26.22,0.0252
sp500,QQQ,2016,2016-08-26 14:03,long,london,116.98,116.518302,2670.649802,1233.03,1.0,"his set size, worked out off the tightest stop this market normally gives and then held still",stopped at break even,False,630.02,0.511
sp500,QQQ,2016,2016-08-29 13:55,long,15m,117.05,116.778295,2686.228901,729.86,1.0,"his set size, worked out off the tightest stop this market normally gives and then held still",flat by the close,True,-333.35,-0.4567
sp500,SPY,2016,2016-09-07 14:24,long,london,219.125,218.648087,1108.722768,528.76,1.0,"his set size, worked out off the tightest stop this market normally gives and then held still",stopped out,False,-537.27,-1.0161
sp500,SPY,2016,2016-09-13 14:20,short,premarket_ny,213.71,215.171271,1130.595792,1652.11,0.5,"his set size, worked out off the tightest stop this market normally gives and then held still",flat by the close,True,115.91,0.0702
sp500,SPY,2016,2016-09-29 13:58,long,london,216.575,216.058343,1805.853729,933.01,1.0,"his set size, worked out off the tightest stop this market normally gives and then held still",stopped out,False,-946.7,-1.0147
sp500,QQQ,2016,2016-10-12 14:01,short,london,117.35,117.641735,658.273725,192.04,0.5,"his set size, worked out off the tightest stop this market normally gives and then held still",stopped out,False,-194.75,-1.0141
sp500,QQQ,2016,2016-10-17 13:54,short,premarket_ny,116.73,117.181673,2641.756444,1193.21,1.0,"his set size, worked out off the tightest stop this market normally gives and then held still",stopped out,False,-1204.0,-1.009
sp500,QQQ,2016,2016-11-03 14:15,short,premarket_ny,114.78,115.381478,2653.163462,1595.82,1.0,"his set size, worked out off the tightest stop this market normally gives and then held still",flat by the close,True,1926.15,1.207
sp500,QQQ,2016,2016-11-08 15:09,short,15m,116.12,116.321612,1337.739817,269.7,1.0,"his set size, worked out off the tightest stop this market normally gives and then held still",stopped out,False,-275.14,-1.0202
sp500,QQQ,2016,2016-11-10 15:23,short,15m,116.21,118.391621,1334.987942,2912.44,1.0,"his set size, worked out off the tightest stop this market normally gives and then held still",flat by the close,True,715.46,0.2457
sp500,QQQ,2016,2016-11-22 15:06,long,london,119.07,118.818093,2620.994542,660.25,1.0,"his set size, worked out off the tightest stop this market normally gives and then held still",stopped out,False,-671.17,-1.0165
sp500,QQQ,2016,2016-11-23 15:17,long,1h,118.32,118.038168,2619.506692,738.26,1.0,"his set size, worked out off the tightest stop this market normally gives and then held still",stopped out,False,-749.11,-1.0147
sp500,SPY,2016,2016-11-28 15:08,long,4h,221.23,212.598277,334.961315,2891.29,0.5,"his set size, worked out off the tightest stop this market normally gives and then held still",flat by the close,True,-257.16,-0.0889
sp500,QQQ,2016,2016-11-28 15:09,long,premarket_ny,118.8399,118.398216,1293.965791,571.52,0.5,"his set size, worked out off the tightest stop this market normally gives and then held still",flat by the close,True,-406.38,-0.711
sp500,QQQ,2016,2016-12-01 14:52,short,london,116.89,117.661689,2612.987161,2016.41,1.0,"his set size, worked out off the tightest stop this market normally gives and then held still",flat by the close,True,3592.62,1.7817
sp500,SPY,2016,2016-12-21 14:55,short,4h,226.11,226.472611,1756.764684,637.02,1.0,"his set size, worked out off the tightest stop this market normally gives and then held still",flat by the close,True,372.59,0.5849
sp500,QQQ,2017,2017-01-17 15:15,long,premarket_ny,122.88,122.421912,1298.47316,594.81,0.5,"his set size, worked out off the tightest stop this market normally gives and then held still",flat by the close,True,-187.37,-0.315
sp500,QQQ,2017,2017-02-02 14:56,long,15m,125.459,124.847454,2538.796259,1552.59,1.0,"his set size, worked out off the tightest stop this market normally gives and then held still",flat by the close,True,-376.73,-0.2426
sp500,SPY,2017,2017-02-06 14:51,long,london,229.1,228.55709,1073.82756,582.99,0.5,"his set size, worked out off the tightest stop this market normally gives and then held still",stopped out,False,-591.6,-1.0148
sp500,QQQ,2017,2017-02-06 14:51,long,london,125.49,125.287451,1264.294491,256.08,0.5,"his set size, worked out off the tightest stop this market normally gives and then held still",the 1-minute broke structure against the trade — the rest closed by hand,False,361.09,1.4101
sp500,SPY,2017,2017-02-07 15:05,long,premarket_ny,229.495,229.17705,534.747142,170.02,0.5,"his set size, worked out off the tightest stop this market normally gives and then held still",stopped out,False,-174.32,-1.0253
sp500,QQQ,2017,2017-02-07 15:26,long,premarket_ny,126.3801,125.957362,626.239901,264.74,0.5,"his set size, worked out off the tightest stop this market normally gives and then held still",flat by the close,True,-96.77,-0.3655
sp500,QQQ,2017,2017-02-09 15:09,long,london,126.7664,126.487323,2490.502007,695.04,1.0,"his set size, worked out off the tightest stop this market normally gives and then held still",flat by the close,True,732.61,1.0541
sp500,QQQ,2017,2017-02-22 15:09,long,premarket_ny,130.269,130.097973,2441.485222,417.56,1.0,"his set size, worked out off the tightest stop this market normally gives and then held still",the 1-minute broke structure against the trade — the rest closed by hand,False,589.47,1.4117
sp500,QQQ,2017,2017-02-27 15:09,long,london,130.1,129.78699,2459.11548,769.73,1.0,"his set size, worked out off the tightest stop this market normally gives and then held still",flat by the close,True,578.99,0.7522
sp500,QQQ,2017,2017-03-01 15:20,long,premarket_ny,130.99,130.586901,2456.51237,990.22,1.0,"his set size, worked out off the tightest stop this market normally gives and then held still",flat by the close,True,1327.54,1.3407
sp500,QQQ,2017,2017-03-09 15:02,long,4h,130.92,130.426908,1245.092023,613.94,1.0,"his set size, worked out off the tightest stop this market normally gives and then held still",stopped out,False,-619.65,-1.0093
sp500,QQQ,2017,2017-03-29 14:11,long,premarket_ny,131.98,131.576802,2455.201641,989.93,1.0,"his set size, worked out off the tightest stop this market normally gives and then held still",flat by the close,True,504.25,0.5094
sp500,QQQ,2017,2017-04-24 14:21,long,premarket_ny,134.1852,133.790781,2426.844704,957.19,1.0,"his set size, worked out off the tightest stop this market normally gives and then held still",flat by the close,True,-121.09,-0.1265
sp500,SPY,2017,2017-05-09 14:27,long,premarket_ny,240.1,239.77599,525.147227,170.15,0.5,"his set size, worked out off the tightest stop this market normally gives and then held still",stopped out,False,-174.57,-1.0259
sp500,QQQ,2017,2017-05-09 14:27,long,premarket_ny,138.52,137.916148,587.02755,354.48,0.5,"his set size, worked out off the tightest stop this market normally gives and then held still",flat by the close,True,-155.47,-0.4386
sp500,QQQ,2017,2017-05-15 13:56,long,london,138.8744,138.516113,2334.534139,836.43,1.0,"his set size, worked out off the tightest stop this market normally gives and then held still",flat by the close,True,351.91,0.4207
sp500,SPY,2017,2017-06-07 13:55,long,premarket_ny,243.71,243.465629,1673.272167,408.9,1.0,"his set size, worked out off the tightest stop this market normally gives and then held still",stopped out,False,-423.17,-1.0349
sp500,QQQ,2017,2017-06-23 14:23,long,1h,140.58,140.135942,2304.592473,1023.37,1.0,"his set size, worked out off the tightest stop this market normally gives and then held still",the 1-minute broke structure against the trade — the rest closed by hand,False,1308.04,1.2782
sp500,QQQ,2017,2017-07-05 14:18,short,premarket_ny,136.295,137.04363,2407.672565,1802.45,1.0,"his set size, worked out off the tightest stop this market normally gives and then held still",stopped out,False,-1813.94,-1.0064
sp500,SPY,2017,2017-07-06 13:58,short,premarket_ny,241.3,242.05413,1035.769526,781.1,0.5,"his set size, worked out off the tightest stop this market normally gives and then held still",flat by the close,True,700.75,0.8971
sp500,QQQ,2017,2017-07-06 14:04,short,premarket_ny,136.11,136.793611,1184.208426,809.54,0.5,"his set size, worked out off the tightest stop this market normally gives and then held still",stopped out,False,-815.18,-1.007
sp500,SPY,2017,2017-07-10 14:08,short,premarket_ny,242.1,242.24421,1031.177567,148.71,0.5,"his set size, worked out off the tightest stop this market normally gives and then held still",stopped out,False,-157.44,-1.0588
sp500,QQQ,2017,2017-07-10 14:15,short,15m,137.85,138.273785,1167.93643,494.95,0.5,"his set size, worked out off the tightest stop this market normally gives and then held still",stopped out,False,-500.59,-1.0114
sp500,QQQ,2017,2017-07-17 14:23,long,4h,142.5668,142.125743,1121.930938,494.84,0.5,"his set size, worked out off the tightest stop this market normally gives and then held still",stopped out,False,-500.43,-1.0113
sp500,QQQ,2017,2017-08-07 14:23,long,premarket_ny,144.11,143.695589,1104.376034,457.67,0.5,"his set size, worked out off the tightest stop this market normally gives and then held still",flat by the close,True,458.27,1.0013
sp500,QQQ,2017,2017-08-18 13:51,short,london,141.19,141.984119,1132.394826,899.26,0.5,"his set size, worked out off the tightest stop this market normally gives and then held still",stopped out,False,-904.85,-1.0062
sp500,SPY,2017,2017-08-18 13:52,short,london,242.37,243.584237,1022.88126,1242.02,0.5,"his set size, worked out off the tightest stop this market normally gives and then held still",stopped out,False,-1250.7,-1.007
sp500,QQQ,2017,2017-08-21 14:12,short,london,140.58,141.544058,1112.843283,1072.85,0.5,"his set size, worked out off the tightest stop this market normally gives and then held still",flat by the close,True,-645.36,-0.6015
sp500,SPY,2017,2017-08-21 14:21,short,15m,241.87,242.874187,1002.946607,1007.15,0.5,"his set size, worked out off the tightest stop this market normally gives and then held still",stopped out,False,-1015.64,-1.0084
sp500,SPY,2017,2017-08-24 14:08,short,4h,244.0699,245.114407,1579.6794,1649.99,1.0,"his set size, worked out off the tightest stop this market normally gives and then held still",flat by the close,True,-21.55,-0.0131
sp500,SPY,2017,2017-09-25 14:07,long,1h,249.35,249.025065,1545.883258,502.31,1.0,"his set size, worked out off the tightest stop this market normally gives and then held still",stopped out,False,-515.8,-1.0269
sp500,QQQ,2017,2017-10-02 13:55,long,1h,145.87,145.615413,1048.43971,266.92,0.5,"his set size, worked out off the tightest stop this market normally gives and then held still",stopped out,False,-272.27,-1.0201
sp500,SPY,2017,2017-10-05 13:50,long,premarket_ny,253.755,253.374625,1506.625254,573.08,1.0,"his set size, worked out off the tightest stop this market normally gives and then held still",flat by the close,True,1214.52,2.1193
sp500,QQQ,2017,2017-10-09 14:09,long,premarket_ny,147.95,147.626405,1043.861543,337.79,0.5,"his set size, worked out off the tightest stop this market normally gives and then held still",stopped out,False,-343.19,-1.016
sp500,SPY,2017,2017-10-27 14:28,long,premarket_ny,256.87,256.134313,1501.923116,1104.95,1.0,"his set size, worked out off the tightest stop this market normally gives and then held still",flat by the close,True,1165.51,1.0548
sp500,QQQ,2017,2017-10-30 14:04,long,premarket_ny,151.7584,151.054824,2052.622696,1444.18,1.0,"his set size, worked out off the tightest stop this market normally gives and then held still",stopped out,False,-1455.08,-1.0075
sp500,QQQ,2017,2017-11-10 15:00,long,premarket_ny,153.44,153.204656,999.932858,235.33,0.5,"his set size, worked out off the tightest stop this market normally gives and then held still",stopped out,False,-240.7,-1.0228
sp500,QQQ,2017,2017-11-13 15:09,long,4h,153.68,152.994632,1991.744512,1365.08,1.0,"his set size, worked out off the tightest stop this market normally gives and then held still",flat by the close,True,168.54,0.1235
sp500,QQQ,2017,2017-11-21 15:09,long,premarket_ny,155.265,154.469474,987.438062,785.53,0.5,"his set size, worked out off the tightest stop this market normally gives and then held still",flat by the close,True,147.69,0.188
sp500,SPY,2017,2017-11-21 15:13,long,premarket_ny,259.84,259.064016,914.91278,709.96,0.5,"his set size, worked out off the tightest stop this market normally gives and then held still",flat by the close,True,42.0,0.0592
sp500,QQQ,2017,2017-11-30 15:09,short,premarket_ny,154.47,154.825447,1988.958732,706.97,1.0,"his set size, worked out off the tightest stop this market normally gives and then held still",stopped out,False,-717.72,-1.0152
sp500,SPY,2017,2017-12-07 15:05,long,15m,263.5,262.91365,1450.625966,850.57,1.0,"his set size, worked out off the tightest stop this market normally gives and then held still",flat by the close,True,668.42,0.7858
sp500,QQQ,2018,2018-01-03 15:27,long,london,159.5,158.46405,2000.706983,2072.63,1.0,"his set size, worked out off the tightest stop this market normally gives and then held still",flat by the close,True,1095.82,0.5287
sp500,QQQ,2018,2018-01-18 14:56,long,london,165.7261,165.203427,973.321862,508.73,0.5,"his set size, worked out off the tightest stop this market normally gives and then held still",stopped out,False,-514.37,-1.0111
sp500,QQQ,2018,2018-01-22 15:08,long,premarket_ny,166.66,166.073334,1925.886464,1129.85,1.0,"his set size, worked out off the tightest stop this market normally gives and then held still",flat by the close,True,2405.75,2.1293
sp500,QQQ,2018,2018-01-24 15:13,long,premarket_ny,170.045,169.272995,966.34804,746.03,0.5,"his set size, worked out off the tightest stop this market normally gives and then held still",stopped out,False,-751.78,-1.0077
sp500,SPY,2018,2018-02-08 14:59,short,london,266.95,268.476695,1531.90373,2338.75,1.0,"his set size, worked out off the tightest stop this market normally gives and then held still",the 1-minute broke structure against the trade — the rest closed by hand,False,4684.8,2.0031
sp500,SPY,2018,2018-02-09 15:14,short,15m,259.96,261.465996,1017.582884,1532.48,0.5,"his set size, worked out off the tightest stop this market normally gives and then held still",the 1-minute broke structure against the trade — the rest closed by hand,False,1903.8,1.2423
sp500,QQQ,2018,2018-02-21 15:23,long,15m,166.59,165.783341,2084.587017,1681.55,1.0,"his set size, worked out off the tightest stop this market normally gives and then held still",stopped out,False,-1693.71,-1.0072
sp500,QQQ,2018,2018-02-26 15:00,long,premarket_ny,169.5701,168.803043,2016.077841,1546.45,1.0,"his set size, worked out off the tightest stop this market normally gives and then held still",flat by the close,True,1036.19,0.67
sp500,QQQ,2018,2018-02-28 15:16,long,premarket_ny,169.5,168.72305,2036.419746,1582.2,1.0,"his set size, worked out off the tightest stop this market normally gives and then held still",stopped out,False,-1594.28,-1.0076
sp500,SPY,2018,2018-03-01 15:17,long,premarket_ny,271.55,269.922845,1569.835904,2554.37,1.0,"his set size, worked out off the tightest stop this market normally gives and then held still",stopped out,False,-2569.29,-1.0058
sp500,QQQ,2018,2018-03-12 13:59,long,premarket_ny,173.98,173.422602,953.806999,531.65,0.5,"his set size, worked out off the tightest stop this market normally gives and then held still",stopped out,False,-537.46,-1.0109
sp500,SPY,2018,2018-03-12 14:01,long,london,279.595,278.93204,920.306948,610.13,0.5,"his set size, worked out off the tightest stop this market normally gives and then held still",stopped out,False,-619.13,-1.0148
sp500,SPY,2018,2018-03-23 14:05,short,premarket_ny,263.98,265.046398,1558.396214,1661.87,1.0,"his set size, worked out off the tightest stop this market normally gives and then held still",the 1-minute broke structure against the trade — the rest closed by hand,False,4824.42,2.903
sp500,QQQ,2018,2018-03-26 14:24,short,premarket_ny,161.65,162.326165,1062.762764,718.6,0.5,"his set size, worked out off the tightest stop this market normally gives and then held still",stopped out,False,-724.62,-1.0084
sp500,SPY,2018,2018-03-29 13:57,short,london,260.31,261.746031,1643.366203,2359.92,1.0,"his set size, worked out off the tightest stop this market normally gives and then held still",stopped out,False,-2374.9,-1.0063
sp500,SPY,2018,2018-04-03 14:19,short,premarket_ny,257.0,259.2557,1006.689863,2270.79,0.5,"his set size, worked out off the tightest stop this market normally gives and then held still",stopped out,False,-2279.85,-1.004
sp500,QQQ,2018,2018-04-03 14:19,short,premarket_ny,154.56,157.270456,319.631707,866.35,0.5,"his set size, worked out off the tightest stop this market normally gives and then held still",stopped out,False,-868.08,-1.002
sp500,SPY,2018,2018-04-25 14:15,short,premarket_ny,261.43,263.086143,959.840243,1589.63,0.5,"his set size, worked out off the tightest stop this market normally gives and then held still",stopped out,False,-1598.42,-1.0055
sp500,QQQ,2018,2018-04-25 14:20,short,premarket_ny,156.77,158.835677,703.434098,1453.07,0.5,"his set size, worked out off the tightest stop this market normally gives and then held still",stopped out,False,-1456.93,-1.0027
sp500,SPY,2018,2018-05-07 13:52,long,1h,267.67,266.603233,909.223393,969.93,0.5,"his set size, worked out off the tightest stop this market normally gives and then held still",stopped out,False,-978.45,-1.0088
sp500,QQQ,2018,2018-05-07 13:56,long,london,166.55,165.493345,942.374211,995.76,0.5,"his set size, worked out off the tightest stop this market normally gives and then held still",flat by the close,True,-429.56,-0.4314
sp500,SPY,2018,2018-05-14 14:12,long,london,273.6301,273.172637,876.688187,401.05,0.5,"his set size, worked out off the tightest stop this market normally gives and then held still",stopped out,False,-409.45,-1.0209
sp500,QQQ,2018,2018-05-14 14:12,long,london,170.4,169.72296,907.898217,614.68,0.5,"his set size, worked out off the tightest stop this market normally gives and then held still",stopped out,False,-620.1,-1.0088
sp500,SPY,2018,2018-05-29 14:20,long,premarket_ny,270.84,269.892916,876.314723,829.94,0.5,"his set size, worked out off the tightest stop this market normally gives and then held still",stopped out,False,-838.25,-1.01
sp500,QQQ,2018,2018-05-30 14:29,long,4h,169.55,169.203045,1789.745403,620.96,1.0,"his set size, worked out off the tightest stop this market normally gives and then held still",the 1-minute broke structure against the trade — the rest closed by hand,False,726.75,1.1704
sp500,QQQ,2018,2018-06-05 14:21,long,london,174.9951,174.3725,873.654459,543.94,1.0,"his set size, worked out off the tightest stop this market normally gives and then held still",stopped out,False,-549.29,-1.0098
sp500,QQQ,2018,2018-08-15 14:16,short,premarket_ny,178.64,180.597864,1459.799995,2858.09,1.0,"his set size, worked out off the tightest stop this market normally gives and then held still",flat by the close,True,-1074.78,-0.376
sp500,SPY,2018,2018-08-22 14:12,long,london,286.0,285.2114,1317.410919,1038.91,1.0,"his set size, worked out off the tightest stop this market normally gives and then held still",flat by the close,True,362.27,0.3487
sp500,QQQ,2018,2018-09-20 14:20,long,15m,184.75,183.501425,1633.255493,2039.24,1.0,"his set size, worked out off the tightest stop this market normally gives and then held still",flat by the close,True,-43.23,-0.0212
sp500,SPY,2018,2018-09-27 14:26,long,15m,291.23,290.070877,1298.134524,1504.7,1.0,"his set size, worked out off the tightest stop this market normally gives and then held still",flat by the close,True,-636.34,-0.4229
sp500,SPY,2018,2018-10-15 14:14,short,premarket_ny,274.47,275.987447,1368.129017,2076.06,1.0,"his set size, worked out off the tightest stop this market normally gives and then held still",stopped out,False,-2089.21,-1.0063
sp500,SPY,2018,2018-10-22 13:51,short,premarket_ny,275.67,277.387567,1331.858914,2287.56,1.0,"his set size, worked out off the tightest stop this market normally gives and then held still",flat by the close,True,386.71,0.169
sp500,SPY,2018,2018-10-23 14:13,short,premarket_ny,269.4101,271.746941,1183.329464,2765.25,1.0,"his set size, worked out off the tightest stop this market normally gives and then held still",stopped out,False,-2776.41,-1.004
sp500,QQQ,2018,2018-10-26 14:26,short,premarket_ny,166.0199,167.776602,859.181967,1509.33,0.5,"his set size, worked out off the tightest stop this market normally gives and then held still",stopped at break even,False,751.04,0.4976
sp500,SPY,2018,2018-11-07 14:51,long,london,277.846,276.982215,1297.837333,1121.05,1.0,"his set size, worked out off the tightest stop this market normally gives and then held still",flat by the close,True,3860.13,3.4433
sp500,QQQ,2018,2018-11-13 15:20,short,london,167.34,168.496734,896.370987,1036.86,0.5,"his set size, worked out off the tightest stop this market normally gives and then held still",stopped out,False,-1042.11,-1.0051
sp500,SPY,2018,2018-12-14 15:15,long,premarket_ny,263.62,262.543638,1410.632589,1518.35,1.0,"his set size, worked out off the tightest stop this market normally gives and then held still",stopped out,False,-1531.37,-1.0086
sp500,SPY,2018,2018-12-21 15:06,short,london,246.0731,248.274607,1246.005955,2743.09,1.0,"his set size, worked out off the tightest stop this market normally gives and then held still",stopped out,False,-2753.82,-1.0039
sp500,QQQ,2018,2018-12-27 15:07,short,premarket_ny,149.75,151.314975,944.899302,1478.74,0.5,"his set size, worked out off the tightest stop this market normally gives and then held still",the 1-minute broke structure against the trade — the rest closed by hand,False,1955.71,1.3226
sp500,SPY,2018,2018-12-27 15:19,short,premarket_ny,240.89,243.834089,401.391656,1181.73,0.5,"his set size, worked out off the tightest stop this market normally gives and then held still",stopped out,False,-1185.12,-1.0029
sp500,SPY,2018,2018-12-31 15:26,short,premarket_ny,249.0,250.1849,1436.998363,1702.7,1.0,"his set size, worked out off the tightest stop this market normally gives and then held still",flat by the close,True,-70.0,-0.0411
sp500,SPY,2019,2019-01-07 15:25,long,15m,253.01,251.664699,1580.965179,2126.87,1.0,"his set size, worked out off the tightest stop this market normally gives and then held still",flat by the close,True,2341.64,1.101
sp500,QQQ,2019,2019-01-09 14:50,long,premarket_ny,160.3901,159.673961,2036.193193,1458.2,1.0,"his set size, worked out off the tightest stop this market normally gives and then held still",stopped out,False,-1469.63,-1.0078
sp500,QQQ,2019,2019-01-17 15:14,long,premarket_ny,162.61,161.553739,1979.555131,2090.93,1.0,"his set size, worked out off the tightest stop this market normally gives and then held still",the 1-minute broke structure against the trade — the rest closed by hand,False,2255.32,1.0786
sp500,SPY,2019,2019-01-24 15:27,long,4h,263.89,262.443611,1563.1867,2260.98,1.0,"his set size, worked out off the tightest stop this market normally gives and then held still",stopped out,False,-2275.41,-1.0064
sp500,SPY,2019,2019-01-25 15:01,long,15m,265.85,265.083415,938.564144,719.49,0.5,"his set size, worked out off the tightest stop this market normally gives and then held still",flat by the close,True,-126.05,-0.1752
sp500,QQQ,2019,2019-01-25 15:25,long,15m,164.81,163.933519,976.370825,855.77,0.5,"his set size, worked out off the tightest stop this market normally gives and then held still",flat by the close,True,316.57,0.3699
sp500,QQQ,2019,2019-01-28 15:19,long,prev_day,162.59,161.843741,1983.143579,1479.94,1.0,"his set size, worked out off the tightest stop this market normally gives and then held still",stopped out,False,-1491.22,-1.0076
sp500,QQQ,2019,2019-02-12 15:01,long,london,170.25,169.312975,932.982755,874.23,1.0,"his set size, worked out off the tightest stop this market normally gives and then held still",flat by the close,True,689.51,0.7887
sp500,QQQ,2019,2019-02-15 15:24,long,15m,171.98,171.382802,929.994625,555.39,1.0,"his set size, worked out off the tightest stop this market normally gives and then held still",stopped out,False,-560.99,-1.0101
sp500,QQQ,2019,2019-02-19 14:51,long,premarket_ny,172.126,171.362787,924.005566,705.21,0.5,"his set size, worked out off the tightest stop this market normally gives and then held still",flat by the close,True,62.81,0.0891
sp500,SPY,2019,2019-02-19 15:25,long,premarket_ny,277.525,276.442248,888.630515,962.17,0.5,"his set size, worked out off the tightest stop this market normally gives and then held still",flat by the close,True,271.29,0.282
sp500,SPY,2019,2019-03-07 15:17,short,london,274.59,277.827459,926.780855,3000.42,1.0,"his set size, worked out off the tightest stop this market normally gives and then held still",flat by the close,True,-351.82,-0.1173
sp500,QQQ,2019,2019-03-15 14:20,long,london,177.91,177.052209,893.806476,766.7,1.0,"his set size, worked out off the tightest stop this market normally gives and then held still",flat by the close,True,271.51,0.3541
sp500,QQQ,2019,2019-03-21 14:24,long,london,180.605,178.76194,1626.645449,2998.01,1.0,"his set size, worked out off the tightest stop this market normally gives and then held still",flat by the close,True,3186.08,1.0627
sp500,QQQ,2019,2019-03-26 13:52,long,london,180.15,178.201985,1588.072091,3093.59,1.0,"his set size, worked out off the tightest stop this market normally gives and then held still",stopped out,False,-3103.6,-1.0032
sp500,QQQ,2019,2019-03-28 14:21,long,15m,178.68,177.752132,1786.231499,1657.39,1.0,"his set size, worked out off the tightest stop this market normally gives and then held still",stopped out,False,-1668.56,-1.0067
sp500,QQQ,2019,2019-03-29 14:09,long,premarket_ny,179.48,178.938452,1748.602983,946.95,1.0,"his set size, worked out off the tightest stop this market normally gives and then held still",stopped out,False,-957.94,-1.0116
sp500,SPY,2019,2019-04-09 14:06,long,prev_day,287.5,286.96125,419.045129,225.76,0.5,"his set size, worked out off the tightest stop this market normally gives and then held still",stopped out,False,-229.98,-1.0187
sp500,QQQ,2019,2019-04-09 14:06,long,premarket_ny,184.92,184.201508,420.157859,301.88,0.5,"his set size, worked out off the tightest stop this market normally gives and then held still",stopped out,False,-304.6,-1.009
sp500,SPY,2019,2019-04-23 14:12,long,premarket_ny,291.33,290.390867,1329.831268,1248.89,1.0,"his set size, worked out off the tightest stop this market normally gives and then held still",flat by the close,True,2120.82,1.6982
sp500,QQQ,2019,2019-05-13 14:01,short,premarket_ny,179.5,181.27795,1670.054085,2969.27,1.0,"his set size, worked out off the tightest stop this market normally gives and then held still",flat by the close,True,1475.86,0.497
sp500,QQQ,2019,2019-05-20 13:50,short,premarket_ny,179.75,180.697975,891.665962,845.28,0.5,"his set size, worked out off the tightest stop this market normally gives and then held still",stopped out,False,-850.89,-1.0066
sp500,QQQ,2019,2019-05-21 14:06,short,premarket_ny,181.3933,181.858139,876.103541,407.25,0.5,"his set size, worked out off the tightest stop this market normally gives and then held still",stopped out,False,-412.81,-1.0137
sp500,SPY,2019,2019-05-21 14:09,short,london,285.73,286.228573,862.428513,429.98,0.5,"his set size, worked out off the tightest stop this market normally gives and then held still",stopped out,False,-438.61,-1.0201
sp500,SPY,2019,2019-05-24 14:07,short,4h,283.5,284.22835,861.782046,627.68,0.5,"his set size, worked out off the tightest stop this market normally gives and then held still",flat by the close,True,482.66,0.769
sp500,QQQ,2019,2019-05-24 14:07,short,4h,179.34,179.867934,878.559278,463.82,0.5,"his set size, worked out off the tightest stop this market normally gives and then held still",flat by the close,True,985.06,2.1238
sp500,QQQ,2019,2019-05-29 14:01,short,premarket_ny,176.04,176.617604,1816.662928,1049.31,1.0,"his set size, worked out off the tightest stop this market normally gives and then held still",stopped out,False,-1060.5,-1.0107
sp500,QQQ,2019,2019-05-30 14:23,short,london,176.87,177.237687,894.501994,328.9,0.5,"his set size, worked out off the tightest stop this market normally gives and then held still",stopped out,False,-334.43,-1.0168
sp500,QQQ,2019,2019-05-31 14:10,short,premarket_ny,174.34,174.857434,1808.844288,935.96,1.0,"his set size, worked out off the tightest stop this market normally gives and then held still",stopped out,False,-946.99,-1.0118
sp500,SPY,2019,2019-06-18 14:02,long,premarket_ny,293.1505,290.960685,826.034188,1808.86,0.5,"his set size, worked out off the tightest stop this market normally gives and then held still",flat by the close,True,-855.57,-0.473
sp500,QQQ,2019,2019-06-18 14:02,long,15m,187.44,185.410356,555.462365,1127.39,0.5,"his set size, worked out off the tightest stop this market normally gives and then held still",flat by the close,True,-636.87,-0.5649
sp500,QQQ,2019,2019-06-20 14:11,long,premarket_ny,189.55,189.061045,811.314562,396.7,0.5,"his set size, worked out off the tightest stop this market normally gives and then held still",stopped out,False,-402.08,-1.0136
sp500,SPY,2019,2019-06-20 14:11,long,premarket_ny,295.99,295.590401,805.634937,321.93,0.5,"his set size, worked out off the tightest stop this market normally gives and then held still",stopped out,False,-330.28,-1.0259
sp500,SPY,2019,2019-07-01 14:19,long,premarket_ny,296.175,295.970483,1291.807858,264.2,1.0,"his set size, worked out off the tightest stop this market normally gives and then held still",stopped out,False,-277.59,-1.0507
sp500,QQQ,2019,2019-07-08 14:14,long,london,189.41,188.911059,803.406604,400.85,0.5,"his set size, worked out off the tightest stop this market normally gives and then held still",flat by the close,True,191.51,0.4778
sp500,QQQ,2019,2019-07-09 14:18,long,premarket_ny,189.7605,188.631024,401.766461,453.79,0.5,"his set size, worked out off the tightest stop this market normally gives and then held still",flat by the close,True,402.91,0.8879
sp500,SPY,2019,2019-07-09 14:18,long,premarket_ny,296.29,295.450371,398.992536,335.01,0.5,"his set size, worked out off the tightest stop this market normally gives and then held still",flat by the close,True,440.74,1.3156
sp500,QQQ,2019,2019-08-12 14:07,short,premarket_ny,184.75,185.798475,1665.22233,1745.94,1.0,"his set size, worked out off the tightest stop this market normally gives and then held still",stopped out,False,-1756.71,-1.0062
sp500,QQQ,2019,2019-09-27 14:13,short,premarket_ny,188.43,189.848843,1602.950348,2274.33,1.0,"his set size, worked out off the tightest stop this market normally gives and then held still",the 1-minute broke structure against the trade — the rest closed by hand,False,3539.96,1.5565
sp500,SPY,2019,2019-10-09 14:14,short,premarket_ny,290.41,291.279041,418.260756,363.49,0.5,"his set size, worked out off the tightest stop this market normally gives and then held still",stopped out,False,-367.74,-1.0117
sp500,QQQ,2019,2019-10-09 14:14,short,premarket_ny,186.68,187.308668,419.622361,263.8,0.5,"his set size, worked out off the tightest stop this market normally gives and then held still",stopped out,False,-266.54,-1.0104
sp500,QQQ,2019,2019-10-15 14:00,long,premarket_ny,192.21,191.540779,1619.667732,1083.92,1.0,"his set size, worked out off the tightest stop this market normally gives and then held still",flat by the close,True,2127.07,1.9624
sp500,QQQ,2019,2019-11-06 15:24,long,4h,199.66,199.440034,796.614424,175.23,0.5,"his set size, worked out off the tightest stop this market normally gives and then held still",stopped out,False,-180.79,-1.0318
sp500,QQQ,2019,2019-11-07 15:09,long,premarket_ny,201.01,200.579899,1579.658385,679.41,1.0,"his set size, worked out off the tightest stop this market normally gives and then held still",stopped out,False,-690.53,-1.0164
sp500,QQQ,2019,2019-11-11 14:58,long,4h,200.39,199.919961,786.774727,369.81,0.5,"his set size, worked out off the tightest stop this market normally gives and then held still",flat by the close,True,352.46,0.9531
sp500,SPY,2019,2019-11-11 14:59,long,premarket_ny,308.01,307.239199,793.713742,611.8,0.5,"his set size, worked out off the tightest stop this market normally gives and then held still",flat by the close,True,170.03,0.2779
sp500,QQQ,2019,2019-11-15 15:26,long,15m,202.51,201.979749,391.327488,207.5,0.5,"his set size, worked out off the tightest stop this market normally gives and then held still",flat by the close,True,28.53,0.1375
sp500,QQQ,2019,2019-11-26 15:12,long,15m,204.44,204.029556,775.489066,318.29,0.5,"his set size, worked out off the tightest stop this market normally gives and then held still",flat by the close,True,258.12,0.8109
sp500,SPY,2019,2019-11-26 15:21,long,15m,313.675,313.028633,783.725386,506.57,0.5,"his set size, worked out off the tightest stop this market normally gives and then held still",flat by the close,True,379.34,0.7488
sp500,SPY,2019,2019-12-10 15:21,long,premarket_ny,314.02,312.778598,1273.817839,1581.32,1.0,"his set size, worked out off the tightest stop this market normally gives and then held still",flat by the close,True,-784.66,-0.4962
sp500,QQQ,2019,2019-12-17 15:17,long,premarket_ny,209.38,209.019062,378.035422,136.45,0.5,"his set size, worked out off the tightest stop this market normally gives and then held still",flat by the close,True,-57.59,-0.422
sp500,SPY,2019,2019-12-19 14:50,long,london,320.0727,319.397993,1239.203769,836.1,1.0,"his set size, worked out off the tightest stop this market normally gives and then held still",flat by the close,True,825.43,0.9872
sp500,SPY,2019,2019-12-26 15:00,long,premarket_ny,322.055,321.607795,768.100444,343.5,0.5,"his set size, worked out off the tightest stop this market normally gives and then held still",flat by the close,True,367.71,1.0705
sp500,SPY,2020,2020-01-02 14:55,long,premarket_ny,323.7254,323.377627,1235.615123,429.71,1.0,"his set size, worked out off the tightest stop this market normally gives and then held still",stopped out,False,-443.71,-1.0326
sp500,SPY,2020,2020-01-08 15:12,long,premarket_ny,323.89,322.637611,1229.507388,1539.82,1.0,"his set size, worked out off the tightest stop this market normally gives and then held still",the 1-minute broke structure against the trade — the rest closed by hand,False,1467.62,0.9531
sp500,QQQ,2020,2020-01-13 15:16,long,london,219.64,218.958036,1467.76624,1000.96,1.0,"his set size, worked out off the tightest stop this market normally gives and then held still",flat by the close,True,1816.09,1.8143
sp500,QQQ,2020,2020-01-22 14:55,long,london,224.75,224.087525,730.090185,483.67,0.5,"his set size, worked out off the tightest stop this market normally gives and then held still",stopped out,False,-489.41,-1.0119
sp500,SPY,2020,2020-01-22 15:00,long,london,332.71,331.966729,764.737921,568.41,0.5,"his set size, worked out off the tightest stop this market normally gives and then held still",stopped out,False,-577.31,-1.0157
sp500,QQQ,2020,2020-02-11 15:29,long,premarket_ny,233.69,232.276631,347.43837,491.06,0.5,"his set size, worked out off the tightest stop this market normally gives and then held still",stopped out,False,-493.9,-1.0058
sp500,QQQ,2020,2020-02-18 15:20,long,premarket_ny,234.415,233.226559,1378.731701,1638.54,1.0,"his set size, worked out off the tightest stop this market normally gives and then held still",flat by the close,True,464.35,0.2834
sp500,QQQ,2020,2020-02-25 15:04,short,premarket_ny,222.36,224.010136,730.071042,1204.72,0.5,"his set size, worked out off the tightest stop this market normally gives and then held still",the 1-minute broke structure against the trade — the rest closed by hand,False,1407.01,1.1679
sp500,SPY,2020,2020-02-25 15:04,short,15m,322.9,324.64229,779.571607,1358.24,0.5,"his set size, worked out off the tightest stop this market normally gives and then held still",flat by the close,True,7872.66,5.7962
sp500,QQQ,2020,2020-03-13 14:09,short,london,184.06,188.008406,481.215075,1900.03,0.5,"his set size, worked out off the tightest stop this market normally gives and then held still",stopped out,False,-1903.13,-1.0016
sp500,SPY,2020,2020-03-13 14:10,short,premarket_ny,257.17,264.135717,205.387185,1430.67,0.5,"his set size, worked out off the tightest stop this market normally gives and then held still",stopped out,False,-1432.52,-1.0013
sp500,SPY,2020,2020-03-17 14:14,short,15m,241.56,247.474156,546.254105,3230.63,0.5,"his set size, worked out off the tightest stop this market normally gives and then held still",stopped out,False,-3235.25,-1.0014
sp500,QQQ,2020,2020-03-17 14:14,short,15m,172.81,177.167281,497.143252,2166.19,0.5,"his set size, worked out off the tightest stop this market normally gives and then held still",stopped out,False,-2169.2,-1.0014
sp500,QQQ,2020,2020-03-26 13:55,long,london,186.04,178.581396,411.403862,3068.5,1.0,"his set size, worked out off the tightest stop this market normally gives and then held still",flat by the close,True,2494.54,0.813
sp500,SPY,2020,2020-04-06 14:18,long,premarket_ny,260.2781,256.698972,878.240436,3143.33,1.0,"his set size, worked out off the tightest stop this market normally gives and then held still",the 1-minute broke structure against the trade — the rest closed by hand,False,2858.93,0.9095
sp500,QQQ,2020,2020-04-14 14:11,long,premarket_ny,209.59,206.399041,819.415568,2614.72,1.0,"his set size, worked out off the tightest stop this market normally gives and then held still",flat by the close,True,1796.7,0.6871
sp500,SPY,2020,2020-04-17 14:06,long,premarket_ny,285.35,284.031465,948.830616,1251.07,0.5,"his set size, worked out off the tightest stop this market normally gives and then held still",stopped out,False,-1260.54,-1.0076
sp500,QQQ,2020,2020-05-05 14:19,long,premarket_ny,218.47,217.093153,1580.050236,2175.49,1.0,"his set size, worked out off the tightest stop this market normally gives and then held still",stopped at break even,False,1228.26,0.5646
sp500,QQQ,2020,2020-05-29 14:05,long,premarket_ny,231.0,229.9169,1511.31213,1636.9,1.0,"his set size, worked out off the tightest stop this market normally gives and then held still",stopped out,False,-1649.12,-1.0075
sp500,SPY,2020,2020-06-01 14:01,long,1h,304.56,303.029544,875.32459,1339.65,0.5,"his set size, worked out off the tightest stop this market normally gives and then held still",flat by the close,True,1058.57,0.7902
sp500,QQQ,2020,2020-06-01 14:01,long,premarket_ny,233.41,231.976659,736.580579,1055.77,0.5,"his set size, worked out off the tightest stop this market normally gives and then held still",flat by the close,True,660.59,0.6257
sp500,SPY,2020,2020-06-04 14:15,long,london,312.38,309.758762,867.028001,2272.69,0.5,"his set size, worked out off the tightest stop this market normally gives and then held still",stopped out,False,-2282.17,-1.0042
sp500,QQQ,2020,2020-06-04 14:15,long,london,237.385,235.426261,516.377951,1011.45,0.5,"his set size, worked out off the tightest stop this market normally gives and then held still",stopped out,False,-1015.74,-1.0042
sp500,SPY,2020,2020-07-06 14:09,long,premarket_ny,316.255,315.838374,1342.882142,559.48,1.0,"his set size, worked out off the tightest stop this market normally gives and then held still",stopped out,False,-574.34,-1.0266
sp500,SPY,2020,2020-07-16 14:29,long,premarket_ny,320.24,319.067976,1318.997686,1545.9,1.0,"his set size, worked out off the tightest stop this market normally gives and then held still",flat by the close,True,671.09,0.4341
sp500,QQQ,2020,2020-07-28 14:12,short,premarket_ny,258.22,259.735822,1313.303743,1990.73,1.0,"his set size, worked out off the tightest stop this market normally gives and then held still",stopped out,False,-2002.6,-1.006
sp500,QQQ,2020,2020-07-30 14:12,short,premarket_ny,257.53,259.135653,1292.007641,2074.52,1.0,"his set size, worked out off the tightest stop this market normally gives and then held still",stopped out,False,-2086.16,-1.0056
sp500,QQQ,2020,2020-08-04 14:00,long,london,269.99,267.953001,1207.724434,2460.13,1.0,"his set size, worked out off the tightest stop this market normally gives and then held still",flat by the close,True,12.74,0.0052
sp500,SPY,2020,2020-08-05 14:09,long,premarket_ny,331.99,331.196801,761.582501,604.09,0.5,"his set size, worked out off the tightest stop this market normally gives and then held still",stopped out,False,-612.94,-1.0146
sp500,QQQ,2020,2020-08-05 14:28,long,asia,271.1668,269.932883,601.316572,741.97,0.5,"his set size, worked out off the tightest stop this market normally gives and then held still",flat by the close,True,-118.03,-0.1591
sp500,QQQ,2020,2020-08-27 14:15,long,15m,291.45,290.590855,555.466747,477.23,0.5,"his set size, worked out off the tightest stop this market normally gives and then held still",the 1-minute broke structure against the trade — the rest closed by hand,False,996.98,2.0891
sp500,SPY,2020,2020-08-27 14:18,long,1h,348.386,346.955161,720.549299,1030.99,0.5,"his set size, worked out off the tightest stop this market normally gives and then held still",stopped out,False,-1039.78,-1.0085
sp500,QQQ,2020,2020-09-01 14:12,long,london,298.42,295.760158,542.264253,1442.34,0.5,"his set size, worked out off the tightest stop this market normally gives and then held still",flat by the close,True,436.28,0.3025
sp500,QQQ,2020,2020-09-18 14:10,short,london,270.459,272.687046,600.899262,1338.83,0.5,"his set size, worked out off the tightest stop this market normally gives and then held still",the 1-minute broke structure against the trade — the rest closed by hand,False,1593.61,1.1903
sp500,SPY,2020,2020-09-18 14:11,short,london,334.175,336.183417,754.104308,1514.56,0.5,"his set size, worked out off the tightest stop this market normally gives and then held still",the 1-minute broke structure against the trade — the rest closed by hand,False,2920.88,1.9285
sp500,QQQ,2020,2020-09-29 14:03,long,4h,277.1297,276.352287,612.42716,476.11,0.5,"his set size, worked out off the tightest stop this market normally gives and then held still",stopped out,False,-482.05,-1.0125
sp500,SPY,2020,2020-09-29 14:03,long,premarket_ny,334.23,333.556577,787.398087,530.25,0.5,"his set size, worked out off the tightest stop this market normally gives and then held still",stopped out,False,-539.46,-1.0174
sp500,SPY,2020,2020-10-16 14:18,long,15m,349.91,348.235009,744.890813,1247.69,0.5,"his set size, worked out off the tightest stop this market normally gives and then held still",stopped out,False,-1256.81,-1.0073
sp500,QQQ,2020,2020-10-16 14:18,long,15m,292.75,290.920825,574.182297,1050.28,0.5,"his set size, worked out off the tightest stop this market normally gives and then held still",stopped out,False,-1056.16,-1.0056
sp500,QQQ,2020,2020-10-28 14:11,short,15m,274.99,278.667599,840.520183,3091.1,1.0,"his set size, worked out off the tightest stop this market normally gives and then held still",flat by the close,True,2589.12,0.8376
sp500,SPY,2020,2020-11-11 15:29,long,premarket_ny,355.85,355.704415,734.376724,106.91,0.5,"his set size, worked out off the tightest stop this market normally gives and then held still",stopped out,False,-116.06,-1.0855
sp500,QQQ,2020,2020-11-11 15:29,long,premarket_ny,288.43,285.501157,584.309804,1711.35,0.5,"his set size, worked out off the tightest stop this market normally gives and then held still",flat by the close,True,788.76,0.4609
sp500,SPY,2020,2020-12-01 15:01,long,premarket_ny,366.28,364.893372,718.008862,995.61,0.5,"his set size, worked out off the tightest stop this market normally gives and then held still",flat by the close,True,-45.11,-0.0453
sp500,QQQ,2020,2020-12-02 15:28,long,premarket_ny,303.0625,300.319694,1118.804521,3068.66,1.0,"his set size, worked out off the tightest stop this market normally gives and then held still",flat by the close,True,623.05,0.203
sp500,SPY,2020,2020-12-14 15:27,long,premarket_ny,369.65,368.333035,1156.513546,1523.09,1.0,"his set size, worked out off the tightest stop this market normally gives and then held still",stopped out,False,-1538.05,-1.0098
sp500,QQQ,2020,2020-12-24 15:10,long,premarket_ny,309.74,308.359026,1085.258039,1498.71,1.0,"his set size, worked out off the tightest stop this market normally gives and then held still",flat by the close,True,-402.46,-0.2685
sp500,QQQ,2021,2021-01-11 15:16,long,premarket_ny,316.309,314.213369,1008.864002,2114.21,1.0,"his set size, worked out off the tightest stop this market normally gives and then held still",stopped out,False,-2125.38,-1.0053
sp500,SPY,2021,2021-01-21 15:23,long,asia,384.76,383.211524,629.356385,974.54,0.5,"his set size, worked out off the tightest stop this market normally gives and then held still",flat by the close,True,-27.36,-0.0281
sp500,SPY,2021,2021-02-01 15:01,short,premarket_ny,371.99,374.427199,1052.14945,2564.3,1.0,"his set size, worked out off the tightest stop this market normally gives and then held still",stopped out,False,-2578.0,-1.0053
sp500,SPY,2021,2021-02-09 15:08,long,premarket_ny,390.175,389.130983,604.101423,630.69,1.0,"his set size, worked out off the tightest stop this market normally gives and then held still",flat by the close,True,-83.76,-0.1328
sp500,SPY,2021,2021-02-12 15:02,long,1h,390.4901,389.550951,603.083245,566.39,0.5,"his set size, worked out off the tightest stop this market normally gives and then held still",flat by the close,True,1152.63,2.0351
sp500,QQQ,2021,2021-02-12 15:02,long,15m,334.005,332.596599,454.707432,640.41,0.5,"his set size, worked out off the tightest stop this market normally gives and then held still",flat by the close,True,872.27,1.362
sp500,QQQ,2021,2021-02-25 15:25,short,premarket_ny,320.665,324.062066,483.699239,1643.16,0.5,"his set size, worked out off the tightest stop this market normally gives and then held still",the 1-minute broke structure against the trade — the rest closed by hand,False,2714.17,1.6518
sp500,QQQ,2021,2021-02-26 15:09,short,premarket_ny,312.43,317.781243,560.194608,2997.74,1.0,"his set size, worked out off the tightest stop this market normally gives and then held still",stopped out,False,-3003.86,-1.002
sp500,SPY,2021,2021-03-02 15:11,short,premarket_ny,389.29,390.108929,995.871656,815.55,1.0,"his set size, worked out off the tightest stop this market normally gives and then held still",the 1-minute broke structure against the trade — the rest closed by hand,False,1263.64,1.5494
sp500,QQQ,2021,2021-03-03 15:11,short,15m,313.91,318.271391,499.058346,2176.59,0.5,"his set size, worked out off the tightest stop this market normally gives and then held still",flat by the close,True,2100.54,0.9651
sp500,SPY,2021,2021-03-03 15:12,short,15m,383.78,386.868378,248.979267,768.94,0.5,"his set size, worked out off the tightest stop this market normally gives and then held still",flat by the close,True,438.59,0.5704
sp500,SPY,2021,2021-03-16 14:13,long,15m,397.38,396.680262,313.553192,219.41,0.5,"his set size, worked out off the tightest stop this market normally gives and then held still",stopped out,False,-223.77,-1.0199
sp500,QQQ,2021,2021-03-30 14:15,short,premarket_ny,312.87,314.261287,1025.050197,1426.14,1.0,"his set size, worked out off the tightest stop this market normally gives and then held still",stopped out,False,-1437.36,-1.0079
sp500,QQQ,2021,2021-04-06 14:26,long,premarket_ny,331.56,329.986844,476.717101,749.95,1.0,"his set size, worked out off the tightest stop this market normally gives and then held still",flat by the close,True,-601.43,-0.802
sp500,QQQ,2021,2021-05-04 14:12,short,premarket_ny,329.135,333.922913,616.934293,2953.83,1.0,"his set size, worked out off the tightest stop this market normally gives and then held still",flat by the close,True,-127.41,-0.0431
sp500,QQQ,2021,2021-05-05 14:22,short,london,330.03,333.173003,938.594636,2950.01,1.0,"his set size, worked out off the tightest stop this market normally gives and then held still",flat by the close,True,1059.16,0.359
sp500,QQQ,2021,2021-05-24 14:00,long,premarket_ny,331.34,328.966866,957.248544,2271.68,1.0,"his set size, worked out off the tightest stop this market normally gives and then held still",flat by the close,True,1300.33,0.5724
sp500,SPY,2021,2021-06-02 13:55,long,premarket_ny,420.62,419.507938,592.278349,658.65,0.5,"his set size, worked out off the tightest stop this market normally gives and then held still",stopped out,False,-667.37,-1.0132
sp500,QQQ,2021,2021-06-02 14:04,long,15m,333.47,332.826753,481.788841,309.91,0.5,"his set size, worked out off the tightest stop this market normally gives and then held still",stopped at break even,False,179.87,0.5804
sp500,SPY,2021,2021-07-09 14:20,long,premarket_ny,434.18,432.266582,923.170176,1766.41,1.0,"his set size, worked out off the tightest stop this market normally gives and then held still",flat by the close,True,1366.11,0.7734
sp500,QQQ,2021,2021-07-16 14:20,short,premarket_ny,360.16,362.446016,899.955562,2057.31,1.0,"his set size, worked out off the tightest stop this market normally gives and then held still",flat by the close,True,2224.69,1.0814
sp500,QQQ,2021,2021-07-19 14:09,short,premarket_ny,352.74,355.185274,939.012444,2296.14,1.0,"his set size, worked out off the tightest stop this market normally gives and then held still",flat by the close,True,-939.53,-0.4092
sp500,SPY,2021,2021-08-05 13:59,long,1h,440.795,439.685921,577.314816,640.29,0.5,"his set size, worked out off the tightest stop this market normally gives and then held still",flat by the close,True,389.44,0.6082
sp500,QQQ,2021,2021-08-05 13:59,long,london,368.74,367.413126,445.068483,590.55,0.5,"his set size, worked out off the tightest stop this market normally gives and then held still",flat by the close,True,392.59,0.6648
sp500,SPY,2021,2021-08-13 14:15,long,premarket_ny,445.48,445.095452,575.586577,221.34,1.0,"his set size, worked out off the tightest stop this market normally gives and then held still",flat by the close,True,-69.41,-0.3136
sp500,QQQ,2021,2021-08-27 14:09,long,premarket_ny,374.65,372.532535,882.165147,1867.95,1.0,"his set size, worked out off the tightest stop this market normally gives and then held still",flat by the close,True,1263.16,0.6762
sp500,SPY,2021,2021-09-13 14:01,short,premarket_ny,446.39,448.964639,939.380902,2418.57,1.0,"his set size, worked out off the tightest stop this market normally gives and then held still",flat by the close,True,130.93,0.0541
sp500,SPY,2021,2021-09-15 14:29,short,15m,444.41,445.574441,292.173541,340.22,0.5,"his set size, worked out off the tightest stop this market normally gives and then held still",stopped out,False,-344.76,-1.0134
sp500,QQQ,2021,2021-09-15 14:29,short,15m,373.85,376.437385,223.988155,579.54,0.5,"his set size, worked out off the tightest stop this market normally gives and then held still",stopped out,False,-582.47,-1.0051
sp500,QQQ,2021,2021-09-16 14:10,short,premarket_ny,375.6701,377.487567,441.867682,803.08,0.5,"his set size, worked out off the tightest stop this market normally gives and then held still",stopped out,False,-808.89,-1.0072
sp500,SPY,2021,2021-09-16 14:12,short,london,445.475,448.314548,577.800352,1640.69,0.5,"his set size, worked out off the tightest stop this market normally gives and then held still",stopped out,False,-1649.7,-1.0055
sp500,QQQ,2021,2021-09-21 14:23,short,premarket_ny,366.11,368.846611,442.6911,1211.47,0.5,"his set size, worked out off the tightest stop this market normally gives and then held still",flat by the close,True,-213.74,-0.1764
sp500,SPY,2021,2021-09-21 14:23,short,premarket_ny,434.585,437.953459,545.013826,1835.86,0.5,"his set size, worked out off the tightest stop this market normally gives and then held still",flat by the close,True,76.13,0.0415
sp500,SPY,2021,2021-09-27 13:50,short,15m,442.51,443.334251,567.156399,467.48,0.5,"his set size, worked out off the tightest stop this market normally gives and then held still",stopped out,False,-476.26,-1.0188
sp500,QQQ,2021,2021-09-27 13:50,short,premarket_ny,368.29,370.926829,439.474549,1158.82,0.5,"his set size, worked out off the tightest stop this market normally gives and then held still",stopped out,False,-1164.48,-1.0049
sp500,QQQ,2021,2021-10-18 14:13,long,15m,369.55,366.953045,861.784139,2238.01,1.0,"his set size, worked out off the tightest stop this market normally gives and then held still",flat by the close,True,2733.64,1.2215
sp500,QQQ,2021,2021-10-19 14:04,long,premarket_ny,373.84,373.012616,875.229269,724.15,1.0,"his set size, worked out off the tightest stop this market normally gives and then held still",flat by the close,True,1191.99,1.6461
sp500,SPY,2021,2021-10-22 14:24,long,premarket_ny,454.15,452.864585,565.067448,726.35,0.5,"his set size, worked out off the tightest stop this market normally gives and then held still",stopped out,False,-735.33,-1.0124
sp500,SPY,2021,2021-10-26 13:57,long,premarket_ny,457.65,456.734235,556.770698,509.87,0.5,"his set size, worked out off the tightest stop this market normally gives and then held still",stopped out,False,-518.79,-1.0175
sp500,QQQ,2021,2021-10-26 13:57,long,15m,381.37,379.752363,430.884668,697.01,0.5,"his set size, worked out off the tightest stop this market normally gives and then held still",stopped out,False,-702.77,-1.0083
sp500,SPY,2021,2021-10-27 13:59,long,15m,457.03,455.284297,890.69031,1554.88,1.0,"his set size, worked out off the tightest stop this market normally gives and then held still",stopped out,False,-1569.13,-1.0092
sp500,QQQ,2021,2021-10-28 14:18,long,premarket_ny,382.2596,381.116774,836.467004,955.94,1.0,"his set size, worked out off the tightest stop this market normally gives and then held still",flat by the close,True,1480.15,1.5484
sp500,SPY,2021,2021-10-29 14:06,long,london,457.32,455.404268,550.082466,1053.81,1.0,"his set size, worked out off the tightest stop this market normally gives and then held still",flat by the close,True,1140.87,1.0826
sp500,QQQ,2021,2021-11-02 14:15,long,premarket_ny,387.99,386.711201,845.670071,1081.44,1.0,"his set size, worked out off the tightest stop this market normally gives and then held still",flat by the close,True,715.79,0.6619
sp500,QQQ,2021,2021-11-04 14:02,long,premarket_ny,396.39,393.880361,833.511733,2091.81,1.0,"his set size, worked out off the tightest stop this market normally gives and then held still",flat by the close,True,1276.21,0.6101
sp500,QQQ,2021,2021-11-12 15:19,long,15m,391.72,390.090828,213.461318,347.77,0.5,"his set size, worked out off the tightest stop this market normally gives and then held still",the 1-minute broke structure against the trade — the rest closed by hand,False,560.08,1.6105
sp500,QQQ,2021,2021-11-19 15:23,long,premarket_ny,404.54,402.539546,831.204701,1662.79,1.0,"his set size, worked out off the tightest stop this market normally gives and then held still",flat by the close,True,-593.61,-0.357
sp500,SPY,2021,2021-12-06 14:54,short,premarket_ny,455.42,456.755542,920.279328,1229.07,1.0,"his set size, worked out off the tightest stop this market normally gives and then held still",stopped out,False,-1243.74,-1.0119
sp500,SPY,2021,2021-12-30 14:58,long,premarket_ny,478.17,477.642183,866.090823,457.14,1.0,"his set size, worked out off the tightest stop this market normally gives and then held still",the 1-minute broke structure against the trade — the rest closed by hand,False,513.82,1.124
sp500,QQQ,2022,2022-01-03 15:25,long,prev_day,399.832,396.840017,798.117119,2387.95,1.0,"his set size, worked out off the tightest stop this market normally gives and then held still",flat by the close,True,1176.43,0.4927
sp500,QQQ,2022,2022-01-24 14:51,short,premarket_ny,342.94,347.694294,638.431885,3035.29,1.0,"his set size, worked out off the tightest stop this market normally gives and then held still",stopped out,False,-3042.96,-1.0025
sp500,SPY,2022,2022-01-28 15:00,short,premarket_ny,428.23,433.192823,283.482684,1406.87,0.5,"his set size, worked out off the tightest stop this market normally gives and then held still",stopped out,False,-1411.12,-1.003
sp500,QQQ,2022,2022-02-23 15:24,short,premarket_ny,337.37,342.216737,598.685364,2901.67,1.0,"his set size, worked out off the tightest stop this market normally gives and then held still",the 1-minute broke structure against the trade — the rest closed by hand,False,3543.13,1.2211
sp500,QQQ,2022,2022-03-17 13:52,long,london,339.509,337.376049,942.419673,2010.13,1.0,"his set size, worked out off the tightest stop this market normally gives and then held still",the 1-minute broke structure against the trade — the rest closed by hand,False,2435.32,1.2115
sp500,SPY,2022,2022-03-28 14:08,long,premarket_ny,453.3,451.62467,906.250236,1518.27,1.0,"his set size, worked out off the tightest stop this market normally gives and then held still",stopped out,False,-1532.65,-1.0095
sp500,QQQ,2022,2022-04-21 14:13,short,london,344.375,347.904438,859.923104,3035.04,1.0,"his set size, worked out off the tightest stop this market normally gives and then held still",the 1-minute broke structure against the trade — the rest closed by hand,False,3388.48,1.1165
sp500,QQQ,2022,2022-04-25 13:58,short,premarket_ny,323.25,325.632325,1032.184356,2459.0,1.0,"his set size, worked out off the tightest stop this market normally gives and then held still",stopped out,False,-2470.68,-1.0047
sp500,SPY,2022,2022-04-27 14:29,short,premarket_ny,415.94,422.061594,500.2911,3062.58,0.5,"his set size, worked out off the tightest stop this market normally gives and then held still",stopped out,False,-3069.86,-1.0024
sp500,QQQ,2022,2022-05-09 14:22,short,premarket_ny,301.81,306.030181,523.463482,2209.11,0.5,"his set size, worked out off the tightest stop this market normally gives and then held still",flat by the close,True,2386.7,1.0804
sp500,QQQ,2022,2022-05-10 14:09,short,london,304.32,305.060432,531.65958,393.66,0.5,"his set size, worked out off the tightest stop this market normally gives and then held still",the 1-minute broke structure against the trade — the rest closed by hand,False,2214.02,5.6242
sp500,SPY,2022,2022-05-10 14:09,short,premarket_ny,404.09,404.810409,620.852317,447.27,0.5,"his set size, worked out off the tightest stop this market normally gives and then held still",the 1-minute broke structure against the trade — the rest closed by hand,False,1869.3,4.1794
sp500,QQQ,2022,2022-05-19 14:06,short,premarket_ny,291.21,292.089121,577.967208,508.1,0.5,"his set size, worked out off the tightest stop this market normally gives and then held still",stopped out,False,-513.99,-1.0116
sp500,SPY,2022,2022-05-19 14:06,short,premarket_ny,389.93,391.828993,669.306593,1271.01,0.5,"his set size, worked out off the tightest stop this market normally gives and then held still",stopped out,False,-1280.14,-1.0072
sp500,SPY,2022,2022-05-20 14:01,short,4h,392.235,397.069223,643.486877,3110.76,1.0,"his set size, worked out off the tightest stop this market normally gives and then held still",the 1-minute broke structure against the trade — the rest closed by hand,False,3919.59,1.26
sp500,SPY,2022,2022-05-23 14:25,short,premarket_ny,392.51,394.479251,1096.650465,2159.58,1.0,"his set size, worked out off the tightest stop this market normally gives and then held still",stopped out,False,-2174.65,-1.007
sp500,SPY,2022,2022-05-24 13:56,short,premarket_ny,391.17,393.639117,1078.169828,2662.13,1.0,"his set size, worked out off the tightest stop this market normally gives and then held still",stopped out,False,-2676.89,-1.0055
sp500,SPY,2022,2022-05-26 14:12,long,premarket_ny,403.08,398.409692,660.085165,3082.8,1.0,"his set size, worked out off the tightest stop this market normally gives and then held still",flat by the close,True,1515.48,0.4916
sp500,SPY,2022,2022-06-17 14:15,short,premarket_ny,366.1957,369.41662,971.233678,3128.27,1.0,"his set size, worked out off the tightest stop this market normally gives and then held still",flat by the close,True,-740.19,-0.2366
sp500,SPY,2022,2022-06-27 14:16,long,london,388.93,387.481107,658.617942,954.27,0.5,"his set size, worked out off the tightest stop this market normally gives and then held still",stopped out,False,-963.23,-1.0094
sp500,QQQ,2022,2022-07-06 14:18,long,premarket_ny,286.9616,285.601304,570.321325,775.81,1.0,"his set size, worked out off the tightest stop this market normally gives and then held still",stopped out,False,-781.53,-1.0074
sp500,QQQ,2022,2022-07-18 14:01,long,premarket_ny,296.07,293.820393,1097.127926,2468.11,1.0,"his set size, worked out off the tightest stop this market normally gives and then held still",stopped out,False,-2479.48,-1.0046
sp500,SPY,2022,2022-07-21 14:00,long,premarket_ny,395.7199,392.730428,620.906602,1856.18,0.5,"his set size, worked out off the tightest stop this market normally gives and then held still",stopped out,False,-1864.78,-1.0046
sp500,QQQ,2022,2022-07-29 14:00,long,premarket_ny,313.2675,309.899673,496.322764,1671.53,1.0,"his set size, worked out off the tightest stop this market normally gives and then held still",flat by the close,True,1137.34,0.6804
sp500,SPY,2022,2022-08-03 14:03,long,premarket_ny,411.83,409.958817,957.517828,1791.69,1.0,"his set size, worked out off the tightest stop this market normally gives and then held still",flat by the close,True,3035.89,1.6944
sp500,SPY,2022,2022-08-04 13:57,long,4h,414.66,413.388534,606.31946,770.91,0.5,"his set size, worked out off the tightest stop this market normally gives and then held still",stopped out,False,-779.71,-1.0114
sp500,QQQ,2022,2022-08-04 14:02,long,premarket_ny,324.24,322.177576,500.063078,1031.34,0.5,"his set size, worked out off the tightest stop this market normally gives and then held still",stopped out,False,-1037.02,-1.0055
sp500,QQQ,2022,2022-08-08 14:02,long,london,326.35,321.877365,669.422856,2994.08,1.0,"his set size, worked out off the tightest stop this market normally gives and then held still",stopped out,False,-3001.73,-1.0026
sp500,QQQ,2022,2022-08-12 13:58,long,premarket_ny,326.4605,325.067454,236.555861,329.53,0.5,"his set size, worked out off the tightest stop this market normally gives and then held still",flat by the close,True,886.04,2.6888
sp500,SPY,2022,2022-08-12 13:58,long,premarket_ny,422.455,421.416255,283.456337,294.44,0.5,"his set size, worked out off the tightest stop this market normally gives and then held still",stopped out,False,-298.63,-1.0142
sp500,QQQ,2022,2022-08-22 13:59,short,premarket_ny,317.23,318.771723,979.664819,1510.37,1.0,"his set size, worked out off the tightest stop this market normally gives and then held still",flat by the close,True,2879.13,1.9062
sp500,SPY,2022,2022-08-29 13:59,short,premarket_ny,402.814,403.840181,615.846637,631.97,0.5,"his set size, worked out off the tightest stop this market normally gives and then held still",stopped out,False,-640.65,-1.0137
sp500,QQQ,2022,2022-08-29 13:59,short,premarket_ny,305.345,307.170534,523.943006,956.48,0.5,"his set size, worked out off the tightest stop this market normally gives and then held still",stopped out,False,-962.08,-1.0059
sp500,QQQ,2022,2022-09-15 14:07,long,premarket_ny,295.82,293.500418,532.168622,1234.41,1.0,"his set size, worked out off the tightest stop this market normally gives and then held still",stopped out,False,-1239.92,-1.0045
sp500,SPY,2022,2022-09-27 14:27,short,15m,367.2793,370.436728,925.674022,2922.75,1.0,"his set size, worked out off the tightest stop this market normally gives and then held still",the 1-minute broke structure against the trade — the rest closed by hand,False,3988.7,1.3647
sp500,QQQ,2022,2022-09-28 14:02,short,london,273.87,275.077387,590.834998,713.37,0.5,"his set size, worked out off the tightest stop this market normally gives and then held still",stopped out,False,-719.03,-1.0079
sp500,SPY,2022,2022-09-28 14:08,short,4h,363.58,365.446358,690.10148,1287.98,0.5,"his set size, worked out off the tightest stop this market normally gives and then held still",stopped out,False,-1296.76,-1.0068
sp500,SPY,2022,2022-11-22 15:28,long,15m,397.1,395.11299,1001.237782,1989.47,1.0,"his set size, worked out off the tightest stop this market normally gives and then held still",flat by the close,True,2780.79,1.3978
sp500,QQQ,2022,2022-12-08 15:25,long,premarket_ny,283.78,279.761622,762.835179,3065.36,1.0,"his set size, worked out off the tightest stop this market normally gives and then held still",flat by the close,True,11.49,0.0037
sp500,SPY,2022,2022-12-16 15:21,short,premarket_ny,383.39,386.613339,659.454393,2125.65,0.5,"his set size, worked out off the tightest stop this market normally gives and then held still",flat by the close,True,-638.63,-0.3004
sp500,SPY,2022,2022-12-22 14:54,short,15m,381.17,383.418117,1065.68236,2395.78,1.0,"his set size, worked out off the tightest stop this market normally gives and then held still",the 1-minute broke structure against the trade — the rest closed by hand,False,3340.02,1.3941
sp500,SPY,2022,2022-12-23 15:03,short,london,378.565,382.997856,685.514289,3038.79,0.5,"his set size, worked out off the tightest stop this market normally gives and then held still",stopped out,False,-3047.87,-1.003
sp500,QQQ,2022,2022-12-23 15:03,short,london,263.72,269.026372,20.345381,107.96,0.5,"his set size, worked out off the tightest stop this market normally gives and then held still",flat by the close,True,-75.47,-0.699
sp500,QQQ,2022,2022-12-28 15:09,short,london,264.16,265.496416,1229.388919,1642.98,1.0,"his set size, worked out off the tightest stop this market normally gives and then held still",the 1-minute broke structure against the trade — the rest closed by hand,False,2902.29,1.7665
sp500,QQQ,2022,2022-12-30 15:05,short,premarket_ny,263.17,264.516317,1269.205988,1708.75,1.0,"his set size, worked out off the tightest stop this market normally gives and then held still",stopped out,False,-1720.44,-1.0068
sp500,QQQ,2023,2023-01-11 14:56,long,15m,274.41,273.092559,1162.90501,1532.06,1.0,"his set size, worked out off the tightest stop this market normally gives and then held still",flat by the close,True,3582.21,2.3382
sp500,QQQ,2023,2023-01-17 15:10,long,premarket_ny,282.73,279.552727,978.029343,3107.47,1.0,"his set size, worked out off the tightest stop this market normally gives and then held still",flat by the close,True,-1388.7,-0.4469
sp500,QQQ,2023,2023-01-20 15:05,long,premarket_ny,277.812,275.682219,1173.860481,2500.07,1.0,"his set size, worked out off the tightest stop this market normally gives and then held still",flat by the close,True,5889.58,2.3558
sp500,SPY,2023,2023-01-23 15:00,long,premarket_ny,398.43,395.680157,1085.089885,2983.83,1.0,"his set size, worked out off the tightest stop this market normally gives and then held still",flat by the close,True,2480.58,0.8313
sp500,SPY,2023,2023-01-24 15:11,long,premarket_ny,398.88,397.940112,685.782847,644.56,0.5,"his set size, worked out off the tightest stop this market normally gives and then held still",the 1-minute broke structure against the trade — the rest closed by hand,False,979.67,1.5199
sp500,QQQ,2023,2023-01-24 15:11,long,london,287.97,286.701203,612.603344,777.27,0.5,"his set size, worked out off the tightest stop this market normally gives and then held still",flat by the close,True,287.88,0.3704
sp500,QQQ,2023,2023-01-30 15:01,long,15m,294.0067,292.300599,1213.80792,2070.88,1.0,"his set size, worked out off the tightest stop this market normally gives and then held still",stopped out,False,-2083.37,-1.006
sp500,QQQ,2023,2023-02-13 14:57,long,premarket_ny,302.1,299.89979,579.641451,1275.33,0.5,"his set size, worked out off the tightest stop this market normally gives and then held still",flat by the close,True,1421.24,1.1144
sp500,SPY,2023,2023-02-13 15:07,long,premarket_ny,410.365,408.198963,661.671026,1433.2,0.5,"his set size, worked out off the tightest stop this market normally gives and then held still",flat by the close,True,1317.15,0.919
sp500,QQQ,2023,2023-02-15 15:28,long,premarket_ny,305.795,304.169421,1173.851442,1908.19,1.0,"his set size, worked out off the tightest stop this market normally gives and then held still",the 1-minute broke structure against the trade — the rest closed by hand,False,2035.81,1.0669
sp500,SPY,2023,2023-02-24 14:58,short,15m,394.345,396.509435,718.503946,1555.15,0.5,"his set size, worked out off the tightest stop this market normally gives and then held still",stopped out,False,-1565.07,-1.0064
sp500,QQQ,2023,2023-02-24 14:58,short,15m,291.13,292.999113,627.648168,1173.15,0.5,"his set size, worked out off the tightest stop this market normally gives and then held still",flat by the close,True,-320.22,-0.273
sp500,QQQ,2023,2023-03-01 15:28,short,premarket_ny,291.27,293.959127,617.018948,1659.24,0.5,"his set size, worked out off the tightest stop this market normally gives and then held still",flat by the close,True,222.01,0.1338
sp500,SPY,2023,2023-03-01 15:28,short,15m,394.57,396.729457,706.272774,1525.17,0.5,"his set size, worked out off the tightest stop this market normally gives and then held still",flat by the close,True,-16.82,-0.011
sp500,QQQ,2023,2023-04-03 14:00,long,london,319.56,318.048044,1126.840052,1703.73,1.0,"his set size, worked out off the tightest stop this market normally gives and then held still",stopped out,False,-1716.34,-1.0074
sp500,QQQ,2023,2023-04-06 14:25,long,london,314.63,312.788537,563.544418,1037.75,0.5,"his set size, worked out off the tightest stop this market normally gives and then held still",flat by the close,True,1943.66,1.873
sp500,SPY,2023,2023-04-06 14:26,long,premarket_ny,406.883,405.637312,675.711029,841.73,0.5,"his set size, worked out off the tightest stop this market normally gives and then held still",the 1-minute broke structure against the trade — the rest closed by hand,False,1140.44,1.3549
sp500,QQQ,2023,2023-04-25 14:03,short,premarket_ny,314.095,315.00141,1160.34226,1051.75,1.0,"his set size, worked out off the tightest stop this market normally gives and then held still",flat by the close,True,4460.36,4.2409
sp500,QQQ,2023,2023-05-23 14:01,long,prev_day,336.89,335.666311,1124.07994,1375.52,1.0,"his set size, worked out off the tightest stop this market normally gives and then held still",stopped out,False,-1388.78,-1.0096
sp500,QQQ,2023,2023-05-24 14:23,short,premarket_ny,330.55,332.223055,1132.232708,1894.29,1.0,"his set size, worked out off the tightest stop this market normally gives and then held still",stopped out,False,-1907.39,-1.0069
sp500,SPY,2023,2023-06-05 14:27,long,15m,428.0499,427.847195,1078.134951,218.54,1.0,"his set size, worked out off the tightest stop this market normally gives and then held still",stopped out,False,-234.7,-1.0739
sp500,QQQ,2023,2023-06-23 14:01,short,15m,361.21,363.336121,1017.202911,2162.7,1.0,"his set size, worked out off the tightest stop this market normally gives and then held still",stopped out,False,-2175.56,-1.0059
sp500,SPY,2023,2023-07-03 14:26,long,premarket_ny,443.55,442.585645,1018.722917,982.41,1.0,"his set size, worked out off the tightest stop this market normally gives and then held still",flat by the close,True,503.73,0.5128
sp500,QQQ,2023,2023-07-21 14:22,short,london,377.28,379.897728,959.735116,2512.33,1.0,"his set size, worked out off the tightest stop this market normally gives and then held still",flat by the close,True,1503.71,0.5985
sp500,QQQ,2023,2023-07-24 14:10,short,4h,374.725,377.617472,979.084368,2831.97,1.0,"his set size, worked out off the tightest stop this market normally gives and then held still",flat by the close,True,-1075.15,-0.3796
sp500,SPY,2023,2023-07-27 13:53,long,15m,459.2088,458.614079,992.105831,590.03,1.0,"his set size, worked out off the tightest stop this market normally gives and then held still",stopped out,False,-605.97,-1.027
sp500,SPY,2023,2023-07-28 14:01,long,15m,456.52,455.114348,613.971295,863.03,1.0,"his set size, worked out off the tightest stop this market normally gives and then held still",stopped out,False,-872.84,-1.0114
sp500,QQQ,2023,2023-08-07 13:56,short,london,373.525,374.887353,480.205314,654.21,0.5,"his set size, worked out off the tightest stop this market normally gives and then held still",the 1-minute broke structure against the trade — the rest closed by hand,False,738.04,1.1281
sp500,SPY,2023,2023-08-07 14:00,short,4h,448.255,449.694825,620.474251,893.37,0.5,"his set size, worked out off the tightest stop this market normally gives and then held still",stopped out,False,-903.11,-1.0109
sp500,SPY,2023,2023-08-08 13:58,short,premarket_ny,446.28,448.194628,1006.113216,1926.33,1.0,"his set size, worked out off the tightest stop this market normally gives and then held still",stopped out,False,-1942.05,-1.0082
sp500,QQQ,2023,2023-08-15 14:24,short,premarket_ny,366.83,370.205683,239.902204,809.83,0.5,"his set size, worked out off the tightest stop this market normally gives and then held still",flat by the close,True,59.32,0.0732
sp500,SPY,2023,2023-08-15 14:24,short,premarket_ny,443.82,446.684382,307.46415,880.69,0.5,"his set size, worked out off the tightest stop this market normally gives and then held still",flat by the close,True,172.02,0.1953
sp500,QQQ,2023,2023-08-17 13:51,short,london,362.48,364.556248,973.16133,2020.52,1.0,"his set size, worked out off the tightest stop this market normally gives and then held still",flat by the close,True,3004.45,1.487
sp500,QQQ,2023,2023-09-21 13:59,short,premarket_ny,359.5,361.63595,503.948699,1076.41,0.5,"his set size, worked out off the tightest stop this market normally gives and then held still",flat by the close,True,673.99,0.6261
sp500,QQQ,2023,2023-10-03 14:24,short,premarket_ny,356.24,361.045624,255.789567,1229.23,0.5,"his set size, worked out off the tightest stop this market normally gives and then held still",flat by the close,True,447.0,0.3636
sp500,SPY,2023,2023-10-03 14:29,short,premarket_ny,422.52,426.692252,334.410964,1395.25,0.5,"his set size, worked out off the tightest stop this market normally gives and then held still",flat by the close,True,463.23,0.332
sp500,SPY,2023,2023-10-20 14:20,short,premarket_ny,423.57,426.582357,1087.234809,3275.14,1.0,"his set size, worked out off the tightest stop this market normally gives and then held still",flat by the close,True,2120.3,0.6474
sp500,SPY,2023,2023-10-26 14:19,short,asia,414.665,417.271467,1131.036477,2948.01,1.0,"his set size, worked out off the tightest stop this market normally gives and then held still",flat by the close,True,2036.42,0.6908
sp500,SPY,2023,2023-11-07 15:19,long,15m,435.805,434.466419,677.199083,906.49,0.5,"his set size, worked out off the tightest stop this market normally gives and then held still",flat by the close,True,294.41,0.3248
sp500,QQQ,2023,2023-11-07 15:19,long,15m,371.04,369.007896,512.962442,1042.39,0.5,"his set size, worked out off the tightest stop this market normally gives and then held still",flat by the close,True,598.63,0.5743
sp500,SPY,2023,2023-11-13 15:28,long,15m,439.18,438.376082,677.025874,544.27,0.5,"his set size, worked out off the tightest stop this market normally gives and then held still",the 1-minute broke structure against the trade — the rest closed by hand,False,903.58,1.6602
sp500,SPY,2023,2023-11-22 15:29,long,15m,454.96,453.844004,658.457363,734.84,0.5,"his set size, worked out off the tightest stop this market normally gives and then held still",flat by the close,True,147.54,0.2008
sp500,QQQ,2023,2023-11-28 15:21,long,premarket_ny,388.845,388.011116,994.903509,829.63,1.0,"his set size, worked out off the tightest stop this market normally gives and then held still",stopped at break even,False,718.76,0.8664
sp500,SPY,2023,2023-12-19 15:04,long,premarket_ny,473.34,472.402666,1030.545925,965.97,1.0,"his set size, worked out off the tightest stop this market normally gives and then held still",flat by the close,True,1240.19,1.2839
sp500,SPY,2023,2023-12-20 15:00,long,london,474.8,473.60252,641.919618,768.69,0.5,"his set size, worked out off the tightest stop this market normally gives and then held still",stopped out,False,-779.35,-1.0139
sp500,QQQ,2024,2024-01-16 15:04,short,premarket_ny,407.83,409.060783,391.232577,481.52,0.5,"his set size, worked out off the tightest stop this market normally gives and then held still",stopped out,False,-487.11,-1.0116
sp500,QQQ,2024,2024-01-17 14:56,short,15m,403.45,406.650345,393.55353,1259.51,1.0,"his set size, worked out off the tightest stop this market normally gives and then held still",stopped out,False,-1265.06,-1.0044
sp500,QQQ,2024,2024-02-09 15:08,long,premarket_ny,434.75,433.096625,360.576609,596.17,0.5,"his set size, worked out off the tightest stop this market normally gives and then held still",flat by the close,True,899.56,1.5089
sp500,SPY,2024,2024-02-09 15:29,long,premarket_ny,499.6488,498.440035,486.490722,588.05,0.5,"his set size, worked out off the tightest stop this market normally gives and then held still",the 1-minute broke structure against the trade — the rest closed by hand,False,768.03,1.3061
sp500,QQQ,2024,2024-02-22 14:59,long,premarket_ny,435.11,433.666489,366.393387,528.89,0.5,"his set size, worked out off the tightest stop this market normally gives and then held still",the 1-minute broke structure against the trade — the rest closed by hand,False,1085.72,2.0528
sp500,SPY,2024,2024-02-22 15:13,long,premarket_ny,504.94,502.969506,489.563674,964.68,0.5,"his set size, worked out off the tightest stop this market normally gives and then held still",flat by the close,True,1450.25,1.5033
sp500,QQQ,2024,2024-03-26 14:18,long,premarket_ny,447.07,445.805293,731.284718,924.86,1.0,"his set size, worked out off the tightest stop this market normally gives and then held still",stopped out,False,-936.3,-1.0124
sp500,SPY,2024,2024-04-01 13:55,long,premarket_ny,524.12,523.397588,774.746893,559.69,1.0,"his set size, worked out off the tightest stop this market normally gives and then held still",stopped out,False,-573.9,-1.0254
sp500,QQQ,2024,2024-04-01 14:17,short,premarket_ny,446.545,447.574654,315.330454,324.68,0.435,"his set size, worked out off the tightest stop this market normally gives and then held still",the 1-minute broke structure against the trade — the rest closed by hand,False,731.37,2.2526
sp500,QQQ,2024,2024-05-16 14:12,long,asia,453.235,452.484676,357.927014,268.56,1.0,"his set size, worked out off the tightest stop this market normally gives and then held still",the 1-minute broke structure against the trade — the rest closed by hand,False,334.35,1.245
sp500,SPY,2024,2024-05-20 14:08,long,1h,531.0399,529.416896,475.246448,771.33,0.5,"his set size, worked out off the tightest stop this market normally gives and then held still",stopped out,False,-780.16,-1.0115
sp500,QQQ,2024,2024-05-20 14:16,long,premarket_ny,454.5199,451.739548,358.088901,995.61,0.5,"his set size, worked out off the tightest stop this market normally gives and then held still",flat by the close,True,-73.7,-0.074
sp500,SPY,2024,2024-05-24 14:13,short,premarket_ny,527.77,528.147777,766.644942,289.62,1.0,"his set size, worked out off the tightest stop this market normally gives and then held still",stopped out,False,-303.78,-1.0489
sp500,SPY,2024,2024-06-28 13:50,long,premarket_ny,548.16,546.615184,735.911179,1136.85,1.0,"his set size, worked out off the tightest stop this market normally gives and then held still",stopped at break even,False,707.07,0.622
sp500,QQQ,2024,2024-07-24 14:12,short,premarket_ny,469.93,474.236993,344.816515,1485.12,0.5,"his set size, worked out off the tightest stop this market normally gives and then held still",flat by the close,True,2390.8,1.6098
sp500,SPY,2024,2024-07-24 14:26,short,premarket_ny,545.63,549.224563,434.424976,1561.57,0.5,"his set size, worked out off the tightest stop this market normally gives and then held still",flat by the close,True,2168.17,1.3885
sp500,SPY,2024,2024-07-30 14:18,short,premarket_ny,545.162,547.394516,240.790284,537.57,0.5,"his set size, worked out off the tightest stop this market normally gives and then held still",the 1-minute broke structure against the trade — the rest closed by hand,False,681.54,1.2678
sp500,QQQ,2024,2024-07-30 14:22,short,premarket_ny,463.3,466.60733,182.725839,604.33,0.5,"his set size, worked out off the tightest stop this market normally gives and then held still",the 1-minute broke structure against the trade — the rest closed by hand,False,702.82,1.163
sp500,SPY,2024,2024-08-16 13:50,long,london,552.44,550.074756,481.435898,1138.71,0.5,"his set size, worked out off the tightest stop this market normally gives and then held still",flat by the close,True,816.35,0.7169
sp500,QQQ,2024,2024-08-16 14:00,long,london,473.18,471.302682,362.489087,680.51,0.5,"his set size, worked out off the tightest stop this market normally gives and then held still",the 1-minute broke structure against the trade — the rest closed by hand,False,803.25,1.1804
sp500,SPY,2024,2024-08-21 13:55,long,premarket_ny,560.15,559.293985,481.962886,412.57,0.5,"his set size, worked out off the tightest stop this market normally gives and then held still",stopped out,False,-422.02,-1.0229
sp500,QQQ,2024,2024-08-26 14:28,short,15m,476.03,480.427603,728.66592,3204.38,1.0,"his set size, worked out off the tightest stop this market normally gives and then held still",flat by the close,True,789.39,0.2463
sp500,QQQ,2024,2024-08-28 14:05,short,15m,474.1101,477.067411,736.929859,2179.33,1.0,"his set size, worked out off the tightest stop this market normally gives and then held still",flat by the close,True,1653.31,0.7586
sp500,SPY,2024,2024-09-13 14:04,long,premarket_ny,561.03,559.393897,490.117947,801.88,1.0,"his set size, worked out off the tightest stop this market normally gives and then held still",flat by the close,True,551.56,0.6878
sp500,QQQ,2024,2024-10-18 14:29,long,premarket_ny,494.89,493.250511,720.204295,1180.77,1.0,"his set size, worked out off the tightest stop this market normally gives and then held still",flat by the close,True,-336.57,-0.285
sp500,SPY,2024,2024-10-22 13:54,long,london,581.33,579.991867,473.918064,634.17,0.5,"his set size, worked out off the tightest stop this market normally gives and then held still",the 1-minute broke structure against the trade — the rest closed by hand,False,929.91,1.4664
sp500,QQQ,2024,2024-10-22 14:05,long,london,494.3534,491.690565,359.406728,957.04,0.5,"his set size, worked out off the tightest stop this market normally gives and then held still",flat by the close,True,837.17,0.8747
sp500,SPY,2024,2024-10-28 13:56,short,premarket_ny,581.4,582.76814,778.273358,1064.79,1.0,"his set size, worked out off the tightest stop this market normally gives and then held still",flat by the close,True,591.22,0.5552
sp500,QQQ,2024,2024-11-29 14:52,long,london,507.26,505.429274,715.359955,1309.63,1.0,"his set size, worked out off the tightest stop this market normally gives and then held still",the 1-minute broke structure against the trade — the rest closed by hand,False,1541.42,1.177
sp500,SPY,2024,2024-12-13 15:14,short,london,605.48,607.220548,470.9504,819.71,1.0,"his set size, worked out off the tightest stop this market normally gives and then held still",flat by the close,True,548.1,0.6686
sp500,QQQ,2024,2024-12-23 15:26,short,premarket_ny,517.39,520.881739,357.12074,1246.97,0.5,"his set size, worked out off the tightest stop this market normally gives and then held still",stopped out,False,-1253.44,-1.0052
sp500,QQQ,2024,2024-12-26 15:08,short,premarket_ny,528.23,529.592823,346.006015,471.54,0.5,"his set size, worked out off the tightest stop this market normally gives and then held still",stopped out,False,-477.94,-1.0136
sp500,SPY,2024,2024-12-26 15:09,short,premarket_ny,599.5299,600.329953,472.71364,378.2,0.5,"his set size, worked out off the tightest stop this market normally gives and then held still",stopped out,False,-388.12,-1.0262
sp500,SPY,2024,2024-12-31 15:06,short,premarket_ny,589.44,590.638944,771.466253,924.94,1.0,"his set size, worked out off the tightest stop this market normally gives and then held still",the 1-minute broke structure against the trade — the rest closed by hand,False,1650.45,1.7844
sp500,QQQ,2025,2025-01-23 15:12,long,premarket_ny,529.235,528.397077,602.969879,505.24,1.0,"his set size, worked out off the tightest stop this market normally gives and then held still",flat by the close,True,1703.38,3.3714
sp500,QQQ,2025,2025-03-04 15:16,short,premarket_ny,489.58,496.368958,449.421145,3051.1,1.0,"his set size, worked out off the tightest stop this market normally gives and then held still",stopped out,False,-3058.8,-1.0025
sp500,SPY,2025,2025-03-05 15:15,short,premarket_ny,577.6301,579.177763,683.098569,1057.21,1.0,"his set size, worked out off the tightest stop this market normally gives and then held still",the 1-minute broke structure against the trade — the rest closed by hand,False,1861.36,1.7606
sp500,SPY,2025,2025-03-10 14:17,short,premarket_ny,566.08,569.596608,710.188929,2497.46,1.0,"his set size, worked out off the tightest stop this market normally gives and then held still",flat by the close,True,3607.89,1.4446
sp500,QQQ,2025,2025-03-11 14:14,short,premarket_ny,472.91,477.127291,351.272462,1481.42,1.0,"his set size, worked out off the tightest stop this market normally gives and then held still",the 1-minute broke structure against the trade — the rest closed by hand,False,1815.53,1.2255
sp500,QQQ,2025,2025-03-31 13:58,short,4h,460.071,469.337007,342.961199,3177.88,1.0,"his set size, worked out off the tightest stop this market normally gives and then held still",stopped out,False,-3183.4,-1.0017
sp500,SPY,2025,2025-04-14 14:19,long,premarket_ny,540.95,539.155905,469.920162,843.08,0.5,"his set size, worked out off the tightest stop this market normally gives and then held still",stopped out,False,-851.98,-1.0106
sp500,QQQ,2025,2025-04-14 14:24,long,premarket_ny,461.42,458.585658,355.28962,1007.01,0.5,"his set size, worked out off the tightest stop this market normally gives and then held still",stopped out,False,-1012.75,-1.0057
sp500,QQQ,2025,2025-04-22 13:58,long,15m,440.93,437.575907,730.104293,2448.84,1.0,"his set size, worked out off the tightest stop this market normally gives and then held still",the 1-minute broke structure against the trade — the rest closed by hand,False,3927.65,1.6039
sp500,QQQ,2025,2025-04-25 13:58,long,london,466.51,464.923349,716.937479,1137.53,1.0,"his set size, worked out off the tightest stop this market normally gives and then held still",stopped at break even,False,690.89,0.6074
sp500,QQQ,2025,2025-06-10 14:10,long,premarket_ny,531.93,530.696807,632.908898,780.5,1.0,"his set size, worked out off the tightest stop this market normally gives and then held still",stopped out,False,-792.28,-1.0151
sp500,QQQ,2025,2025-06-26 14:12,long,premarket_ny,543.5,541.46565,614.783729,1250.69,1.0,"his set size, worked out off the tightest stop this market normally gives and then held still",flat by the close,True,1635.93,1.308
sp500,SPY,2025,2025-06-27 14:12,long,premarket_ny,615.42,612.638458,427.519018,1189.16,0.5,"his set size, worked out off the tightest stop this market normally gives and then held still",stopped out,False,-1198.37,-1.0077
sp500,SPY,2025,2025-07-21 14:20,long,london,630.93,628.106907,666.603536,1881.88,1.0,"his set size, worked out off the tightest stop this market normally gives and then held still",flat by the close,True,-1541.24,-0.819
sp500,QQQ,2025,2025-07-28 14:14,long,premarket_ny,568.7653,567.483123,290.640928,372.65,0.5,"his set size, worked out off the tightest stop this market normally gives and then held still",stopped out,False,-378.44,-1.0155
sp500,QQQ,2025,2025-08-18 14:08,short,15m,576.42,577.657642,571.467512,707.27,1.0,"his set size, worked out off the tightest stop this market normally gives and then held still",stopped out,False,-718.8,-1.0163
sp500,SPY,2025,2025-08-25 14:27,long,london,644.209,643.075579,636.480147,721.4,1.0,"his set size, worked out off the tightest stop this market normally gives and then held still",flat by the close,True,-503.8,-0.6984
sp500,QQQ,2025,2025-08-26 14:11,short,london,570.35,571.037035,570.708885,392.1,1.0,"his set size, worked out off the tightest stop this market normally gives and then held still",stopped out,False,-403.49,-1.0291
sp500,SPY,2025,2025-09-29 14:23,long,premarket_ny,664.87,663.658513,611.242896,740.51,1.0,"his set size, worked out off the tightest stop this market normally gives and then held still",stopped out,False,-754.74,-1.0192
sp500,QQQ,2025,2025-10-03 13:52,long,london,607.16,605.769284,265.010676,368.55,0.5,"his set size, worked out off the tightest stop this market normally gives and then held still",stopped out,False,-374.19,-1.0153
sp500,QQQ,2025,2025-10-27 13:55,long,premarket_ny,625.32,623.967468,256.359695,346.73,0.5,"his set size, worked out off the tightest stop this market normally gives and then held still",flat by the close,True,745.52,2.1501
sp500,SPY,2025,2025-10-27 14:28,long,4h,682.995,682.046701,363.945883,345.13,0.5,"his set size, worked out off the tightest stop this market normally gives and then held still",flat by the close,True,864.77,2.5056
sp500,SPY,2025,2025-11-05 15:05,long,premarket_ny,677.625,674.102238,602.578927,2122.74,1.0,"his set size, worked out off the tightest stop this market normally gives and then held still",flat by the close,True,509.95,0.2402
sp500,QQQ,2025,2025-11-11 15:28,short,premarket_ny,619.145,621.631914,528.760893,1314.98,1.0,"his set size, worked out off the tightest stop this market normally gives and then held still",stopped out,False,-1326.44,-1.0087
sp500,QQQ,2025,2025-12-01 15:13,long,premarket_ny,616.6899,612.458331,524.002127,2217.35,1.0,"his set size, worked out off the tightest stop this market normally gives and then held still",flat by the close,True,77.82,0.0351
sp500,QQQ,2025,2025-12-02 14:51,long,premarket_ny,622.28,618.917772,259.846983,873.66,0.5,"his set size, worked out off the tightest stop this market normally gives and then held still",stopped out,False,-879.32,-1.0065
sp500,QQQ,2025,2025-12-05 15:02,long,london,627.5695,621.917243,510.842425,2887.41,1.0,"his set size, worked out off the tightest stop this market normally gives and then held still",flat by the close,True,-1275.3,-0.4417
sp500,QQQ,2025,2025-12-09 14:59,long,prev_day,623.31,621.557669,253.902135,444.92,1.0,"his set size, worked out off the tightest stop this market normally gives and then held still",the 1-minute broke structure against the trade — the rest closed by hand,False,525.74,1.1817
sp500,QQQ,2025,2025-12-15 15:09,short,premarket_ny,613.11,618.481311,518.988759,2787.65,1.0,"his set size, worked out off the tightest stop this market normally gives and then held still",flat by the close,True,1250.01,0.4484
sp500,QQQ,2026,2026-01-27 15:09,long,premarket_ny,630.89,627.276911,252.906817,913.77,0.5,"his set size, worked out off the tightest stop this market normally gives and then held still",flat by the close,True,62.7,0.0686
sp500,SPY,2026,2026-01-27 15:20,long,premarket_ny,695.37,693.500463,355.79554,665.17,0.5,"his set size, worked out off the tightest stop this market normally gives and then held still",flat by the close,True,122.99,0.1849
sp500,SPY,2026,2026-02-17 15:11,short,4h,676.75,682.867675,491.292944,3005.57,1.0,"his set size, worked out off the tightest stop this market normally gives and then held still",stopped out,False,-3017.21,-1.0039
sp500,QQQ,2026,2026-02-23 15:04,short,london,603.84,608.070384,256.754285,1086.17,0.5,"his set size, worked out off the tightest stop this market normally gives and then held still",flat by the close,True,1031.54,0.9497
sp500,SPY,2026,2026-02-23 15:28,short,4h,684.34,690.068434,319.264413,1828.89,0.5,"his set size, worked out off the tightest stop this market normally gives and then held still",flat by the close,True,982.04,0.537
sp500,SPY,2026,2026-03-09 13:53,short,premarket_ny,662.7951,667.69628,370.228868,1814.56,0.5,"his set size, worked out off the tightest stop this market normally gives and then held still",stopped out,False,-1823.15,-1.0047
sp500,QQQ,2026,2026-03-09 14:11,short,london,591.72,596.529172,241.393658,1160.9,0.5,"his set size, worked out off the tightest stop this market normally gives and then held still",stopped out,False,-1165.9,-1.0043
sp500,SPY,2026,2026-03-24 14:05,short,15m,651.75,653.105175,590.367528,800.05,1.0,"his set size, worked out off the tightest stop this market normally gives and then held still",stopped out,False,-813.52,-1.0168
sp500,QQQ,2026,2026-03-30 14:27,short,premarket_ny,563.08,568.106308,270.270769,1358.46,0.5,"his set size, worked out off the tightest stop this market normally gives and then held still",flat by the close,True,1182.51,0.8705
sp500,SPY,2026,2026-03-30 14:28,short,premarket_ny,635.67,640.433567,315.503192,1502.92,0.5,"his set size, worked out off the tightest stop this market normally gives and then held still",flat by the close,True,1037.3,0.6902
sp500,QQQ,2026,2026-04-07 13:59,short,premarket_ny,582.71,587.118271,534.488554,2356.17,1.0,"his set size, worked out off the tightest stop this market normally gives and then held still",stopped out,False,-2367.07,-1.0046
sp500,QQQ,2026,2026-04-09 13:57,long,15m,604.82,604.409518,502.460565,206.25,1.0,"his set size, worked out off the tightest stop this market normally gives and then held still",stopped out,False,-216.89,-1.0516
sp500,SPY,2026,2026-04-15 14:21,long,15m,696.3,694.13037,337.608824,732.49,1.0,"his set size, worked out off the tightest stop this market normally gives and then held still",flat by the close,True,1305.07,1.7817
sp500,QQQ,2026,2026-05-06 13:54,long,premarket_ny,690.28,686.410972,222.642066,861.41,0.5,"his set size, worked out off the tightest stop this market normally gives and then held still",flat by the close,True,1140.11,1.3235
sp500,SPY,2026,2026-05-07 14:20,long,premarket_ny,734.79,733.476521,530.549011,696.86,1.0,"his set size, worked out off the tightest stop this market normally gives and then held still",the 1-minute broke structure against the trade — the rest closed by hand,False,522.21,0.7494
sp500,SPY,2026,2026-05-14 14:04,long,premarket_ny,745.3,743.48547,162.631587,295.1,0.5,"his set size, worked out off the tightest stop this market normally gives and then held still",flat by the close,True,438.12,1.4846
sp500,QQQ,2026,2026-05-14 14:15,long,london,717.82,713.818218,108.897572,435.78,0.5,"his set size, worked out off the tightest stop this market normally gives and then held still",flat by the close,True,231.39,0.531
sp500,SPY,2026,2026-05-26 14:18,long,1h,751.535,749.055846,324.768738,805.15,0.5,"his set size, worked out off the tightest stop this market normally gives and then held still",stopped out,False,-813.69,-1.0106
sp500,QQQ,2026,2026-05-28 14:29,long,15m,731.9299,726.336807,426.564495,2385.81,1.0,"his set size, worked out off the tightest stop this market normally gives and then held still",flat by the close,True,1443.7,0.6051
sp500,QQQ,2026,2026-06-08 13:57,short,london,714.19,719.791419,443.610719,2484.85,1.0,"his set size, worked out off the tightest stop this market normally gives and then held still",stopped out,False,-2495.94,-1.0045
sp500,QQQ,2026,2026-06-09 14:29,short,premarket_ny,715.95,725.731595,296.842122,2903.59,1.0,"his set size, worked out off the tightest stop this market normally gives and then held still",the 1-minute broke structure against the trade — the rest closed by hand,False,4321.26,1.4882
sp500,SPY,2026,2026-06-18 13:54,short,premarket_ny,744.65,748.274465,543.114622,1968.5,1.0,"his set size, worked out off the tightest stop this market normally gives and then held still",flat by the close,True,-1681.52,-0.8542
sp500,QQQ,2026,2026-06-22 13:57,long,15m,744.14,740.355586,426.373054,1613.57,1.0,"his set size, worked out off the tightest stop this market normally gives and then held still",stopped out,False,-1624.68,-1.0069
sp500,QQQ,2026,2026-07-07 14:03,short,15m,710.48,716.421048,439.275832,2609.76,1.0,"his set size, worked out off the tightest stop this market normally gives and then held still",flat by the close,True,568.92,0.218
sp500,QQQ,2026,2026-07-16 14:18,short,premarket_ny,711.787,713.670179,441.019844,830.52,1.0,"his set size, worked out off the tightest stop this market normally gives and then held still",flat by the close,True,2413.3,2.9058
sp500,QQQ,2026,2026-07-20 14:10,short,london,700.27,705.870027,229.635239,1285.96,0.5,"his set size, worked out off the tightest stop this market normally gives and then held still",flat by the close,True,1036.92,0.8063
sp500,SPY,2026,2026-07-20 14:17,short,london,744.83,748.804483,334.772029,1330.55,0.5,"his set size, worked out off the tightest stop this market normally gives and then held still",flat by the close,True,968.81,0.7281
sp500,SPY,2026,2026-07-21 14:09,short,4h,745.195,746.76452,341.267185,535.63,0.5,"his set size, worked out off the tightest stop this market normally gives and then held still",stopped out,False,-544.53,-1.0166
